,precision,recall,f1-score,support
CO2_post,0.5436893203883495,0.7567567567567568,0.632768361581921,74.0
N2_post,0.6410256410256411,0.847457627118644,0.7299270072992701,59.0
O3_post,0.7368421052631579,0.56,0.6363636363636364,25.0
prestimulus,0.7327586206896551,0.5379746835443038,0.6204379562043796,158.0
accuracy,0.6487341772151899,0.6487341772151899,0.6487341772151899,0.6487341772151899
macro avg,0.663578921841701,0.6755472668549263,0.6548742403623017,316.0
weighted avg,0.6716785988284656,0.6487341772151899,0.6450279752439937,316.0
test_accuracy,0.5932835820895522,0.5932835820895522,0.5932835820895522,268.0
train_accuracy,1.0,1.0,1.0,1324.0
