,precision,recall,f1-score,support
O3_post,1.0,0.8571428571428571,0.9230769230769231,14.0
prestimulus,0.875,1.0,0.9333333333333333,14.0
accuracy,0.9285714285714286,0.9285714285714286,0.9285714285714286,0.9285714285714286
macro avg,0.9375,0.9285714285714286,0.9282051282051282,28.0
weighted avg,0.9375,0.9285714285714286,0.9282051282051282,28.0
test_accuracy,0.9285714285714286,0.9285714285714286,0.9285714285714286,28.0
train_accuracy,0.9940476190476191,0.9940476190476191,0.9940476190476191,168.0
