fold,accuracy
0,0.6402439024390244
1,0.625
2,0.5625
3,0.6503496503496503
4,0.6341463414634146
5,0.6174242424242424
