,precision,recall,f1-score,support
CO2_post,0.6746987951807228,0.8235294117647058,0.7417218543046358,68.0
prestimulus,0.7735849056603774,0.6029411764705882,0.6776859504132231,68.0
accuracy,0.7132352941176471,0.7132352941176471,0.7132352941176471,0.7132352941176471
macro avg,0.7241418504205501,0.713235294117647,0.7097039023589294,136.0
weighted avg,0.7241418504205502,0.7132352941176471,0.7097039023589294,136.0
test_accuracy,0.7132352941176471,0.7132352941176471,0.7132352941176471,136.0
train_accuracy,0.9543209876543209,0.9543209876543209,0.9543209876543209,810.0
