,precision,recall,f1-score,support
N2_post,0.7777777777777778,0.9545454545454546,0.8571428571428571,22.0
prestimulus,0.9411764705882353,0.7272727272727273,0.8205128205128205,22.0
accuracy,0.8409090909090909,0.8409090909090909,0.8409090909090909,0.8409090909090909
macro avg,0.8594771241830066,0.8409090909090909,0.8388278388278387,44.0
weighted avg,0.8594771241830066,0.8409090909090909,0.8388278388278387,44.0
test_accuracy,0.8409090909090909,0.8409090909090909,0.8409090909090909,44.0
train_accuracy,1.0,1.0,1.0,568.0
