fold,accuracy
0,0.7291666666666666
1,0.8269230769230769
2,0.7604166666666666
3,0.85
4,0.7916666666666666
5,0.5955882352941176
