fold,accuracy
0,0.9285714285714286
1,0.6944444444444444
2,0.6666666666666666
3,0.9285714285714286
4,0.6944444444444444
5,0.71875
