fold,accuracy
0,0.8214285714285714
1,0.7638888888888888
2,0.7083333333333334
3,0.8571428571428571
4,0.6944444444444444
5,0.7083333333333334
