fold,accuracy
0,0.5744047619047619
1,0.4793814432989691
2,0.5130208333333334
3,0.49101796407185627
4,0.5
5,0.49798387096774194
