fold,accuracy
0,0.8928571428571429
1,0.7638888888888888
2,0.71875
3,0.8928571428571429
4,0.7222222222222222
5,0.6666666666666666
