source,approach,n_features,split,accuracy,f1_score,fold
aggregated_ranked_features_gas-N2_keep-N2_post-prestimulus,mean,1,train,0.8231132075471698,0.8229940719712783,0
aggregated_ranked_features_gas-N2_keep-N2_post-prestimulus,mean,1,val,0.5833333333333334,0.5521459672403068,0
aggregated_ranked_features_gas-N2_keep-N2_post-prestimulus,mean,1,test,0.7045454545454546,0.6968733439321675,0
aggregated_ranked_features_gas-N2_keep-N2_post-prestimulus,mean,2,train,0.9952830188679245,0.9952830188679245,0
aggregated_ranked_features_gas-N2_keep-N2_post-prestimulus,mean,2,val,0.5833333333333334,0.5826086956521739,0
aggregated_ranked_features_gas-N2_keep-N2_post-prestimulus,mean,2,test,0.6818181818181818,0.670940170940171,0
aggregated_ranked_features_gas-N2_keep-N2_post-prestimulus,mean,3,train,0.9952830188679245,0.9952830188679245,0
aggregated_ranked_features_gas-N2_keep-N2_post-prestimulus,mean,3,val,0.5347222222222222,0.534160590990295,0
aggregated_ranked_features_gas-N2_keep-N2_post-prestimulus,mean,3,test,0.7045454545454546,0.6848484848484848,0
aggregated_ranked_features_gas-N2_keep-N2_post-prestimulus,mean,5,train,0.9976415094339622,0.997641496314838,0
aggregated_ranked_features_gas-N2_keep-N2_post-prestimulus,mean,5,val,0.5694444444444444,0.5251063829787235,0
aggregated_ranked_features_gas-N2_keep-N2_post-prestimulus,mean,5,test,0.8409090909090909,0.8367779544250133,0
aggregated_ranked_features_gas-N2_keep-N2_post-prestimulus,mean,10,train,1.0,1.0,0
aggregated_ranked_features_gas-N2_keep-N2_post-prestimulus,mean,10,val,0.6319444444444444,0.6028103044496487,0
aggregated_ranked_features_gas-N2_keep-N2_post-prestimulus,mean,10,test,0.7272727272727273,0.7272727272727273,0
aggregated_ranked_features_gas-N2_keep-N2_post-prestimulus,mean,15,train,1.0,1.0,0
aggregated_ranked_features_gas-N2_keep-N2_post-prestimulus,mean,15,val,0.5833333333333334,0.5484949832775919,0
aggregated_ranked_features_gas-N2_keep-N2_post-prestimulus,mean,15,test,0.7045454545454546,0.7031655422937209,0
aggregated_ranked_features_gas-N2_keep-N2_post-prestimulus,mean,20,train,1.0,1.0,0
aggregated_ranked_features_gas-N2_keep-N2_post-prestimulus,mean,20,val,0.6666666666666666,0.6444444444444444,0
aggregated_ranked_features_gas-N2_keep-N2_post-prestimulus,mean,20,test,0.7954545454545454,0.7953488372093023,0
aggregated_ranked_features_gas-N2_keep-N2_post-prestimulus,mean,30,train,1.0,1.0,0
aggregated_ranked_features_gas-N2_keep-N2_post-prestimulus,mean,30,val,0.7013888888888888,0.6905083220872694,0
aggregated_ranked_features_gas-N2_keep-N2_post-prestimulus,mean,30,test,0.75,0.7498708010335917,0
aggregated_ranked_features_gas-N2_keep-N2_post-prestimulus,mean,40,train,1.0,1.0,0
aggregated_ranked_features_gas-N2_keep-N2_post-prestimulus,mean,40,val,0.7013888888888888,0.69490022172949,0
aggregated_ranked_features_gas-N2_keep-N2_post-prestimulus,mean,40,test,0.6590909090909091,0.6589147286821706,0
aggregated_ranked_features_gas-N2_keep-N2_post-prestimulus,mean,50,train,1.0,1.0,0
aggregated_ranked_features_gas-N2_keep-N2_post-prestimulus,mean,50,val,0.7013888888888888,0.6971682887465154,0
aggregated_ranked_features_gas-N2_keep-N2_post-prestimulus,mean,50,test,0.6363636363636364,0.6363636363636364,0
aggregated_ranked_features_gas-N2_keep-N2_post-prestimulus,mean,60,train,1.0,1.0,0
aggregated_ranked_features_gas-N2_keep-N2_post-prestimulus,mean,60,val,0.7083333333333334,0.7046875,0
aggregated_ranked_features_gas-N2_keep-N2_post-prestimulus,mean,60,test,0.75,0.7467294610151753,0
aggregated_ranked_features_gas-N2_keep-N2_post-prestimulus,mean,75,train,1.0,1.0,0
aggregated_ranked_features_gas-N2_keep-N2_post-prestimulus,mean,75,val,0.75,0.7476144109055501,0
aggregated_ranked_features_gas-N2_keep-N2_post-prestimulus,mean,75,test,0.7272727272727273,0.7267080745341614,0
aggregated_ranked_features_gas-N2_keep-N2_post-prestimulus,mean,100,train,1.0,1.0,0
aggregated_ranked_features_gas-N2_keep-N2_post-prestimulus,mean,100,val,0.6805555555555556,0.6714285714285715,0
aggregated_ranked_features_gas-N2_keep-N2_post-prestimulus,mean,100,test,0.7954545454545454,0.792778649921507,0
aggregated_ranked_features_gas-N2_keep-N2_post-prestimulus,mean,150,train,1.0,1.0,0
aggregated_ranked_features_gas-N2_keep-N2_post-prestimulus,mean,150,val,0.7013888888888888,0.6960981595092024,0
aggregated_ranked_features_gas-N2_keep-N2_post-prestimulus,mean,150,test,0.7954545454545454,0.792778649921507,0
aggregated_ranked_features_gas-N2_keep-N2_post-prestimulus,mean,200,train,1.0,1.0,0
aggregated_ranked_features_gas-N2_keep-N2_post-prestimulus,mean,200,val,0.7083333333333334,0.7037037037037037,0
aggregated_ranked_features_gas-N2_keep-N2_post-prestimulus,mean,200,test,0.8409090909090909,0.8401660612350804,0
aggregated_ranked_features_gas-N2_keep-N2_post-prestimulus,mean,300,train,1.0,1.0,0
aggregated_ranked_features_gas-N2_keep-N2_post-prestimulus,mean,300,val,0.7222222222222222,0.7155836460596484,0
aggregated_ranked_features_gas-N2_keep-N2_post-prestimulus,mean,300,test,0.7954545454545454,0.792778649921507,0
aggregated_ranked_features_gas-N2_keep-N2_post-prestimulus,mean,500,train,1.0,1.0,0
aggregated_ranked_features_gas-N2_keep-N2_post-prestimulus,mean,500,val,0.6875,0.6761133603238867,0
aggregated_ranked_features_gas-N2_keep-N2_post-prestimulus,mean,500,test,0.8863636363636364,0.8863049095607235,0
aggregated_ranked_features_gas-N2_keep-N2_post-prestimulus,mean,782,train,1.0,1.0,0
aggregated_ranked_features_gas-N2_keep-N2_post-prestimulus,mean,782,val,0.7013888888888888,0.6921087961811944,0
aggregated_ranked_features_gas-N2_keep-N2_post-prestimulus,mean,782,test,0.8863636363636364,0.8863049095607235,0
aggregated_ranked_features_gas-N2_keep-N2_post-prestimulus,median,1,train,0.839622641509434,0.8393330807123911,0
aggregated_ranked_features_gas-N2_keep-N2_post-prestimulus,median,1,val,0.7291666666666666,0.7243680981595092,0
aggregated_ranked_features_gas-N2_keep-N2_post-prestimulus,median,1,test,0.7727272727272727,0.7649572649572649,0
aggregated_ranked_features_gas-N2_keep-N2_post-prestimulus,median,2,train,0.9976415094339622,0.997641496314838,0
aggregated_ranked_features_gas-N2_keep-N2_post-prestimulus,median,2,val,0.6180555555555556,0.6126571135129848,0
aggregated_ranked_features_gas-N2_keep-N2_post-prestimulus,median,2,test,0.6136363636363636,0.611831862999481,0
aggregated_ranked_features_gas-N2_keep-N2_post-prestimulus,median,3,train,1.0,1.0,0
aggregated_ranked_features_gas-N2_keep-N2_post-prestimulus,median,3,val,0.6319444444444444,0.6205061906419372,0
aggregated_ranked_features_gas-N2_keep-N2_post-prestimulus,median,3,test,0.7045454545454546,0.7006802721088435,0
aggregated_ranked_features_gas-N2_keep-N2_post-prestimulus,median,5,train,1.0,1.0,0
aggregated_ranked_features_gas-N2_keep-N2_post-prestimulus,median,5,val,0.6666666666666666,0.6587003752715781,0
aggregated_ranked_features_gas-N2_keep-N2_post-prestimulus,median,5,test,0.6818181818181818,0.670940170940171,0
aggregated_ranked_features_gas-N2_keep-N2_post-prestimulus,median,10,train,1.0,1.0,0
aggregated_ranked_features_gas-N2_keep-N2_post-prestimulus,median,10,val,0.6736111111111112,0.6678282208588957,0
aggregated_ranked_features_gas-N2_keep-N2_post-prestimulus,median,10,test,0.8409090909090909,0.8367779544250133,0
aggregated_ranked_features_gas-N2_keep-N2_post-prestimulus,median,15,train,1.0,1.0,0
aggregated_ranked_features_gas-N2_keep-N2_post-prestimulus,median,15,val,0.6736111111111112,0.6650665610926907,0
aggregated_ranked_features_gas-N2_keep-N2_post-prestimulus,median,15,test,0.9090909090909091,0.9083333333333333,0
aggregated_ranked_features_gas-N2_keep-N2_post-prestimulus,median,20,train,1.0,1.0,0
aggregated_ranked_features_gas-N2_keep-N2_post-prestimulus,median,20,val,0.6875,0.6761133603238867,0
aggregated_ranked_features_gas-N2_keep-N2_post-prestimulus,median,20,test,0.8181818181818182,0.8178053830227743,0
aggregated_ranked_features_gas-N2_keep-N2_post-prestimulus,median,30,train,1.0,1.0,0
aggregated_ranked_features_gas-N2_keep-N2_post-prestimulus,median,30,val,0.7777777777777778,0.7724669168477187,0
aggregated_ranked_features_gas-N2_keep-N2_post-prestimulus,median,30,test,0.7727272727272727,0.7684210526315789,0
aggregated_ranked_features_gas-N2_keep-N2_post-prestimulus,median,40,train,1.0,1.0,0
aggregated_ranked_features_gas-N2_keep-N2_post-prestimulus,median,40,val,0.7291666666666666,0.7232815964523283,0
aggregated_ranked_features_gas-N2_keep-N2_post-prestimulus,median,40,test,0.6818181818181818,0.6818181818181818,0
aggregated_ranked_features_gas-N2_keep-N2_post-prestimulus,median,50,train,1.0,1.0,0
aggregated_ranked_features_gas-N2_keep-N2_post-prestimulus,median,50,val,0.7361111111111112,0.7309205350118018,0
aggregated_ranked_features_gas-N2_keep-N2_post-prestimulus,median,50,test,0.6136363636363636,0.6036036036036037,0
aggregated_ranked_features_gas-N2_keep-N2_post-prestimulus,median,60,train,1.0,1.0,0
aggregated_ranked_features_gas-N2_keep-N2_post-prestimulus,median,60,val,0.7777777777777778,0.7734067663257278,0
aggregated_ranked_features_gas-N2_keep-N2_post-prestimulus,median,60,test,0.6590909090909091,0.6442048517520216,0
aggregated_ranked_features_gas-N2_keep-N2_post-prestimulus,median,75,train,1.0,1.0,0
aggregated_ranked_features_gas-N2_keep-N2_post-prestimulus,median,75,val,0.7291666666666666,0.7232815964523283,0
aggregated_ranked_features_gas-N2_keep-N2_post-prestimulus,median,75,test,0.6363636363636364,0.6294736842105264,0
aggregated_ranked_features_gas-N2_keep-N2_post-prestimulus,median,100,train,1.0,1.0,0
aggregated_ranked_features_gas-N2_keep-N2_post-prestimulus,median,100,val,0.6736111111111112,0.6700307152259763,0
aggregated_ranked_features_gas-N2_keep-N2_post-prestimulus,median,100,test,0.7045454545454546,0.6848484848484848,0
aggregated_ranked_features_gas-N2_keep-N2_post-prestimulus,median,150,train,1.0,1.0,0
aggregated_ranked_features_gas-N2_keep-N2_post-prestimulus,median,150,val,0.7152777777777778,0.7112534846187705,0
aggregated_ranked_features_gas-N2_keep-N2_post-prestimulus,median,150,test,0.75,0.7435082140964494,0
aggregated_ranked_features_gas-N2_keep-N2_post-prestimulus,median,200,train,1.0,1.0,0
aggregated_ranked_features_gas-N2_keep-N2_post-prestimulus,median,200,val,0.6805555555555556,0.6714285714285715,0
aggregated_ranked_features_gas-N2_keep-N2_post-prestimulus,median,200,test,0.8181818181818182,0.8147368421052632,0
aggregated_ranked_features_gas-N2_keep-N2_post-prestimulus,median,300,train,1.0,1.0,0
aggregated_ranked_features_gas-N2_keep-N2_post-prestimulus,median,300,val,0.6944444444444444,0.6824378508420208,0
aggregated_ranked_features_gas-N2_keep-N2_post-prestimulus,median,300,test,0.8409090909090909,0.8401660612350804,0
aggregated_ranked_features_gas-N2_keep-N2_post-prestimulus,median,500,train,1.0,1.0,0
aggregated_ranked_features_gas-N2_keep-N2_post-prestimulus,median,500,val,0.7291666666666666,0.7220765081407433,0
aggregated_ranked_features_gas-N2_keep-N2_post-prestimulus,median,500,test,0.8409090909090909,0.8401660612350804,0
aggregated_ranked_features_gas-N2_keep-N2_post-prestimulus,median,782,train,1.0,1.0,0
aggregated_ranked_features_gas-N2_keep-N2_post-prestimulus,median,782,val,0.6944444444444444,0.6857142857142857,0
aggregated_ranked_features_gas-N2_keep-N2_post-prestimulus,median,782,test,0.8636363636363636,0.8633540372670807,0
aggregated_ranked_features_gas-N2_keep-N2_post-prestimulus,product,1,train,0.839622641509434,0.8393330807123911,0
aggregated_ranked_features_gas-N2_keep-N2_post-prestimulus,product,1,val,0.7291666666666666,0.7243680981595092,0
aggregated_ranked_features_gas-N2_keep-N2_post-prestimulus,product,1,test,0.7727272727272727,0.7649572649572649,0
aggregated_ranked_features_gas-N2_keep-N2_post-prestimulus,product,2,train,1.0,1.0,0
aggregated_ranked_features_gas-N2_keep-N2_post-prestimulus,product,2,val,0.6180555555555556,0.608056614044638,0
aggregated_ranked_features_gas-N2_keep-N2_post-prestimulus,product,2,test,0.7954545454545454,0.7901430842607313,0
aggregated_ranked_features_gas-N2_keep-N2_post-prestimulus,product,3,train,1.0,1.0,0
aggregated_ranked_features_gas-N2_keep-N2_post-prestimulus,product,3,val,0.6458333333333334,0.6429231292847766,0
aggregated_ranked_features_gas-N2_keep-N2_post-prestimulus,product,3,test,0.75,0.7390835579514825,0
aggregated_ranked_features_gas-N2_keep-N2_post-prestimulus,product,5,train,1.0,1.0,0
aggregated_ranked_features_gas-N2_keep-N2_post-prestimulus,product,5,val,0.6666666666666666,0.6587003752715781,0
aggregated_ranked_features_gas-N2_keep-N2_post-prestimulus,product,5,test,0.6818181818181818,0.670940170940171,0
aggregated_ranked_features_gas-N2_keep-N2_post-prestimulus,product,10,train,1.0,1.0,0
aggregated_ranked_features_gas-N2_keep-N2_post-prestimulus,product,10,val,0.6319444444444444,0.6185335132703553,0
aggregated_ranked_features_gas-N2_keep-N2_post-prestimulus,product,10,test,0.8863636363636364,0.8858329008822003,0
aggregated_ranked_features_gas-N2_keep-N2_post-prestimulus,product,15,train,1.0,1.0,0
aggregated_ranked_features_gas-N2_keep-N2_post-prestimulus,product,15,val,0.6666666666666666,0.6625,0
aggregated_ranked_features_gas-N2_keep-N2_post-prestimulus,product,15,test,0.8181818181818182,0.8178053830227743,0
aggregated_ranked_features_gas-N2_keep-N2_post-prestimulus,product,20,train,1.0,1.0,0
aggregated_ranked_features_gas-N2_keep-N2_post-prestimulus,product,20,val,0.6458333333333334,0.6381374722838138,0
aggregated_ranked_features_gas-N2_keep-N2_post-prestimulus,product,20,test,0.8636363636363636,0.8633540372670807,0
aggregated_ranked_features_gas-N2_keep-N2_post-prestimulus,product,30,train,1.0,1.0,0
aggregated_ranked_features_gas-N2_keep-N2_post-prestimulus,product,30,val,0.75,0.7440252814536836,0
aggregated_ranked_features_gas-N2_keep-N2_post-prestimulus,product,30,test,0.7045454545454546,0.7031655422937209,0
aggregated_ranked_features_gas-N2_keep-N2_post-prestimulus,product,40,train,1.0,1.0,0
aggregated_ranked_features_gas-N2_keep-N2_post-prestimulus,product,40,val,0.7430555555555556,0.7363289949027565,0
aggregated_ranked_features_gas-N2_keep-N2_post-prestimulus,product,40,test,0.6590909090909091,0.6574987026466009,0
aggregated_ranked_features_gas-N2_keep-N2_post-prestimulus,product,50,train,1.0,1.0,0
aggregated_ranked_features_gas-N2_keep-N2_post-prestimulus,product,50,val,0.7361111111111112,0.7257417802726545,0
aggregated_ranked_features_gas-N2_keep-N2_post-prestimulus,product,50,test,0.6818181818181818,0.681159420289855,0
aggregated_ranked_features_gas-N2_keep-N2_post-prestimulus,product,60,train,1.0,1.0,0
aggregated_ranked_features_gas-N2_keep-N2_post-prestimulus,product,60,val,0.7361111111111112,0.7257417802726545,0
aggregated_ranked_features_gas-N2_keep-N2_post-prestimulus,product,60,test,0.6818181818181818,0.681159420289855,0
aggregated_ranked_features_gas-N2_keep-N2_post-prestimulus,product,75,train,1.0,1.0,0
aggregated_ranked_features_gas-N2_keep-N2_post-prestimulus,product,75,val,0.7430555555555556,0.7363289949027565,0
aggregated_ranked_features_gas-N2_keep-N2_post-prestimulus,product,75,test,0.7045454545454546,0.7031655422937209,0
aggregated_ranked_features_gas-N2_keep-N2_post-prestimulus,product,100,train,1.0,1.0,0
aggregated_ranked_features_gas-N2_keep-N2_post-prestimulus,product,100,val,0.7569444444444444,0.7535090722355358,0
aggregated_ranked_features_gas-N2_keep-N2_post-prestimulus,product,100,test,0.6818181818181818,0.6791666666666667,0
aggregated_ranked_features_gas-N2_keep-N2_post-prestimulus,product,150,train,1.0,1.0,0
aggregated_ranked_features_gas-N2_keep-N2_post-prestimulus,product,150,val,0.7222222222222222,0.7202797202797203,0
aggregated_ranked_features_gas-N2_keep-N2_post-prestimulus,product,150,test,0.7045454545454546,0.7006802721088435,0
aggregated_ranked_features_gas-N2_keep-N2_post-prestimulus,product,200,train,1.0,1.0,0
aggregated_ranked_features_gas-N2_keep-N2_post-prestimulus,product,200,val,0.7152777777777778,0.712938201974036,0
aggregated_ranked_features_gas-N2_keep-N2_post-prestimulus,product,200,test,0.8636363636363636,0.8610526315789473,0
aggregated_ranked_features_gas-N2_keep-N2_post-prestimulus,product,300,train,1.0,1.0,0
aggregated_ranked_features_gas-N2_keep-N2_post-prestimulus,product,300,val,0.7222222222222222,0.7128614157527418,0
aggregated_ranked_features_gas-N2_keep-N2_post-prestimulus,product,300,test,0.8636363636363636,0.8633540372670807,0
aggregated_ranked_features_gas-N2_keep-N2_post-prestimulus,product,500,train,1.0,1.0,0
aggregated_ranked_features_gas-N2_keep-N2_post-prestimulus,product,500,val,0.7222222222222222,0.7128614157527418,0
aggregated_ranked_features_gas-N2_keep-N2_post-prestimulus,product,500,test,0.8636363636363636,0.8633540372670807,0
aggregated_ranked_features_gas-N2_keep-N2_post-prestimulus,product,782,train,1.0,1.0,0
aggregated_ranked_features_gas-N2_keep-N2_post-prestimulus,product,782,val,0.7083333333333334,0.6985044865403789,0
aggregated_ranked_features_gas-N2_keep-N2_post-prestimulus,product,782,test,0.8863636363636364,0.8863049095607235,0
aggregated_ranked_features_gas-N2_keep-N2_post-prestimulus,all_features,782,train,1.0,1.0,0
aggregated_ranked_features_gas-N2_keep-N2_post-prestimulus,all_features,782,val,0.7083333333333334,0.7013628283626308,0
aggregated_ranked_features_gas-N2_keep-N2_post-prestimulus,all_features,782,test,0.8409090909090909,0.8401660612350804,0
aggregated_ranked_features_gas-N2_keep-N2_post-prestimulus,mean,1,train,0.812015503875969,0.812014797844172,1
aggregated_ranked_features_gas-N2_keep-N2_post-prestimulus,mean,1,val,0.5961538461538461,0.5887005649717514,1
aggregated_ranked_features_gas-N2_keep-N2_post-prestimulus,mean,1,test,0.6818181818181818,0.670940170940171,1
aggregated_ranked_features_gas-N2_keep-N2_post-prestimulus,mean,2,train,0.998062015503876,0.9980620082251976,1
aggregated_ranked_features_gas-N2_keep-N2_post-prestimulus,mean,2,val,0.6346153846153846,0.6278719397363465,1
aggregated_ranked_features_gas-N2_keep-N2_post-prestimulus,mean,2,test,0.7272727272727273,0.717948717948718,1
aggregated_ranked_features_gas-N2_keep-N2_post-prestimulus,mean,3,train,0.998062015503876,0.9980620082251976,1
aggregated_ranked_features_gas-N2_keep-N2_post-prestimulus,mean,3,val,0.6346153846153846,0.6233320625238277,1
aggregated_ranked_features_gas-N2_keep-N2_post-prestimulus,mean,3,test,0.7272727272727273,0.717948717948718,1
aggregated_ranked_features_gas-N2_keep-N2_post-prestimulus,mean,5,train,1.0,1.0,1
aggregated_ranked_features_gas-N2_keep-N2_post-prestimulus,mean,5,val,0.7115384615384616,0.7088465845464725,1
aggregated_ranked_features_gas-N2_keep-N2_post-prestimulus,mean,5,test,0.8181818181818182,0.8147368421052632,1
aggregated_ranked_features_gas-N2_keep-N2_post-prestimulus,mean,10,train,1.0,1.0,1
aggregated_ranked_features_gas-N2_keep-N2_post-prestimulus,mean,10,val,0.6923076923076923,0.6904761904761905,1
aggregated_ranked_features_gas-N2_keep-N2_post-prestimulus,mean,10,test,0.8181818181818182,0.811965811965812,1
aggregated_ranked_features_gas-N2_keep-N2_post-prestimulus,mean,15,train,1.0,1.0,1
aggregated_ranked_features_gas-N2_keep-N2_post-prestimulus,mean,15,val,0.8076923076923077,0.8050974512743628,1
aggregated_ranked_features_gas-N2_keep-N2_post-prestimulus,mean,15,test,0.75,0.7390835579514825,1
aggregated_ranked_features_gas-N2_keep-N2_post-prestimulus,mean,20,train,1.0,1.0,1
aggregated_ranked_features_gas-N2_keep-N2_post-prestimulus,mean,20,val,0.7115384615384616,0.7088465845464725,1
aggregated_ranked_features_gas-N2_keep-N2_post-prestimulus,mean,20,test,0.75,0.7390835579514825,1
aggregated_ranked_features_gas-N2_keep-N2_post-prestimulus,mean,30,train,1.0,1.0,1
aggregated_ranked_features_gas-N2_keep-N2_post-prestimulus,mean,30,val,0.75,0.7499075101738809,1
aggregated_ranked_features_gas-N2_keep-N2_post-prestimulus,mean,30,test,0.7045454545454546,0.7006802721088435,1
aggregated_ranked_features_gas-N2_keep-N2_post-prestimulus,mean,40,train,1.0,1.0,1
aggregated_ranked_features_gas-N2_keep-N2_post-prestimulus,mean,40,val,0.7884615384615384,0.7864874953340799,1
aggregated_ranked_features_gas-N2_keep-N2_post-prestimulus,mean,40,test,0.7045454545454546,0.7043927648578812,1
aggregated_ranked_features_gas-N2_keep-N2_post-prestimulus,mean,50,train,1.0,1.0,1
aggregated_ranked_features_gas-N2_keep-N2_post-prestimulus,mean,50,val,0.7307692307692307,0.7242424242424242,1
aggregated_ranked_features_gas-N2_keep-N2_post-prestimulus,mean,50,test,0.7272727272727273,0.725,1
aggregated_ranked_features_gas-N2_keep-N2_post-prestimulus,mean,60,train,1.0,1.0,1
aggregated_ranked_features_gas-N2_keep-N2_post-prestimulus,mean,60,val,0.75,0.7453860640301319,1
aggregated_ranked_features_gas-N2_keep-N2_post-prestimulus,mean,60,test,0.8409090909090909,0.8388278388278387,1
aggregated_ranked_features_gas-N2_keep-N2_post-prestimulus,mean,75,train,1.0,1.0,1
aggregated_ranked_features_gas-N2_keep-N2_post-prestimulus,mean,75,val,0.7692307692307693,0.7636363636363637,1
aggregated_ranked_features_gas-N2_keep-N2_post-prestimulus,mean,75,test,0.8181818181818182,0.8147368421052632,1
aggregated_ranked_features_gas-N2_keep-N2_post-prestimulus,mean,100,train,1.0,1.0,1
aggregated_ranked_features_gas-N2_keep-N2_post-prestimulus,mean,100,val,0.7115384615384616,0.7026305756767061,1
aggregated_ranked_features_gas-N2_keep-N2_post-prestimulus,mean,100,test,0.8409090909090909,0.8388278388278387,1
aggregated_ranked_features_gas-N2_keep-N2_post-prestimulus,mean,150,train,1.0,1.0,1
aggregated_ranked_features_gas-N2_keep-N2_post-prestimulus,mean,150,val,0.7692307692307693,0.7661169415292354,1
aggregated_ranked_features_gas-N2_keep-N2_post-prestimulus,mean,150,test,0.7272727272727273,0.7124183006535948,1
aggregated_ranked_features_gas-N2_keep-N2_post-prestimulus,mean,200,train,1.0,1.0,1
aggregated_ranked_features_gas-N2_keep-N2_post-prestimulus,mean,200,val,0.7307692307692307,0.7271364317841079,1
aggregated_ranked_features_gas-N2_keep-N2_post-prestimulus,mean,200,test,0.8409090909090909,0.8388278388278387,1
aggregated_ranked_features_gas-N2_keep-N2_post-prestimulus,mean,300,train,1.0,1.0,1
aggregated_ranked_features_gas-N2_keep-N2_post-prestimulus,mean,300,val,0.75,0.7453860640301319,1
aggregated_ranked_features_gas-N2_keep-N2_post-prestimulus,mean,300,test,0.75,0.7390835579514825,1
aggregated_ranked_features_gas-N2_keep-N2_post-prestimulus,mean,500,train,1.0,1.0,1
aggregated_ranked_features_gas-N2_keep-N2_post-prestimulus,mean,500,val,0.7884615384615384,0.784557438794727,1
aggregated_ranked_features_gas-N2_keep-N2_post-prestimulus,mean,500,test,0.8181818181818182,0.8147368421052632,1
aggregated_ranked_features_gas-N2_keep-N2_post-prestimulus,mean,782,train,1.0,1.0,1
aggregated_ranked_features_gas-N2_keep-N2_post-prestimulus,mean,782,val,0.75,0.7453860640301319,1
aggregated_ranked_features_gas-N2_keep-N2_post-prestimulus,mean,782,test,0.7954545454545454,0.7901430842607313,1
aggregated_ranked_features_gas-N2_keep-N2_post-prestimulus,median,1,train,0.7965116279069767,0.7961740308109023,1
aggregated_ranked_features_gas-N2_keep-N2_post-prestimulus,median,1,val,0.8461538461538461,0.8461538461538461,1
aggregated_ranked_features_gas-N2_keep-N2_post-prestimulus,median,1,test,0.7272727272727273,0.717948717948718,1
aggregated_ranked_features_gas-N2_keep-N2_post-prestimulus,median,2,train,0.9961240310077519,0.9961240310077519,1
aggregated_ranked_features_gas-N2_keep-N2_post-prestimulus,median,2,val,0.6923076923076923,0.6848484848484848,1
aggregated_ranked_features_gas-N2_keep-N2_post-prestimulus,median,2,test,0.6136363636363636,0.60858189429618,1
aggregated_ranked_features_gas-N2_keep-N2_post-prestimulus,median,3,train,1.0,1.0,1
aggregated_ranked_features_gas-N2_keep-N2_post-prestimulus,median,3,val,0.6923076923076923,0.6848484848484848,1
aggregated_ranked_features_gas-N2_keep-N2_post-prestimulus,median,3,test,0.7272727272727273,0.717948717948718,1
aggregated_ranked_features_gas-N2_keep-N2_post-prestimulus,median,5,train,1.0,1.0,1
aggregated_ranked_features_gas-N2_keep-N2_post-prestimulus,median,5,val,0.6923076923076923,0.6918518518518519,1
aggregated_ranked_features_gas-N2_keep-N2_post-prestimulus,median,5,test,0.75,0.7435082140964494,1
aggregated_ranked_features_gas-N2_keep-N2_post-prestimulus,median,10,train,1.0,1.0,1
aggregated_ranked_features_gas-N2_keep-N2_post-prestimulus,median,10,val,0.6730769230769231,0.6719851576994433,1
aggregated_ranked_features_gas-N2_keep-N2_post-prestimulus,median,10,test,0.8636363636363636,0.8625,1
aggregated_ranked_features_gas-N2_keep-N2_post-prestimulus,median,15,train,1.0,1.0,1
aggregated_ranked_features_gas-N2_keep-N2_post-prestimulus,median,15,val,0.7115384615384616,0.7088465845464725,1
aggregated_ranked_features_gas-N2_keep-N2_post-prestimulus,median,15,test,0.7954545454545454,0.7901430842607313,1
aggregated_ranked_features_gas-N2_keep-N2_post-prestimulus,median,20,train,1.0,1.0,1
aggregated_ranked_features_gas-N2_keep-N2_post-prestimulus,median,20,val,0.75,0.7422798322531452,1
aggregated_ranked_features_gas-N2_keep-N2_post-prestimulus,median,20,test,0.8636363636363636,0.8625,1
aggregated_ranked_features_gas-N2_keep-N2_post-prestimulus,median,30,train,1.0,1.0,1
aggregated_ranked_features_gas-N2_keep-N2_post-prestimulus,median,30,val,0.75,0.7453860640301319,1
aggregated_ranked_features_gas-N2_keep-N2_post-prestimulus,median,30,test,0.7727272727272727,0.7684210526315789,1
aggregated_ranked_features_gas-N2_keep-N2_post-prestimulus,median,40,train,1.0,1.0,1
aggregated_ranked_features_gas-N2_keep-N2_post-prestimulus,median,40,val,0.7692307692307693,0.7636363636363637,1
aggregated_ranked_features_gas-N2_keep-N2_post-prestimulus,median,40,test,0.7045454545454546,0.6968733439321675,1
aggregated_ranked_features_gas-N2_keep-N2_post-prestimulus,median,50,train,1.0,1.0,1
aggregated_ranked_features_gas-N2_keep-N2_post-prestimulus,median,50,val,0.7307692307692307,0.7242424242424242,1
aggregated_ranked_features_gas-N2_keep-N2_post-prestimulus,median,50,test,0.75,0.7390835579514825,1
aggregated_ranked_features_gas-N2_keep-N2_post-prestimulus,median,60,train,1.0,1.0,1
aggregated_ranked_features_gas-N2_keep-N2_post-prestimulus,median,60,val,0.75,0.7453860640301319,1
aggregated_ranked_features_gas-N2_keep-N2_post-prestimulus,median,60,test,0.75,0.7435082140964494,1
aggregated_ranked_features_gas-N2_keep-N2_post-prestimulus,median,75,train,1.0,1.0,1
aggregated_ranked_features_gas-N2_keep-N2_post-prestimulus,median,75,val,0.75,0.7453860640301319,1
aggregated_ranked_features_gas-N2_keep-N2_post-prestimulus,median,75,test,0.75,0.7390835579514825,1
aggregated_ranked_features_gas-N2_keep-N2_post-prestimulus,median,100,train,1.0,1.0,1
aggregated_ranked_features_gas-N2_keep-N2_post-prestimulus,median,100,val,0.75,0.7422798322531452,1
aggregated_ranked_features_gas-N2_keep-N2_post-prestimulus,median,100,test,0.7272727272727273,0.7124183006535948,1
aggregated_ranked_features_gas-N2_keep-N2_post-prestimulus,median,150,train,1.0,1.0,1
aggregated_ranked_features_gas-N2_keep-N2_post-prestimulus,median,150,val,0.7884615384615384,0.7864874953340799,1
aggregated_ranked_features_gas-N2_keep-N2_post-prestimulus,median,150,test,0.7954545454545454,0.7901430842607313,1
aggregated_ranked_features_gas-N2_keep-N2_post-prestimulus,median,200,train,1.0,1.0,1
aggregated_ranked_features_gas-N2_keep-N2_post-prestimulus,median,200,val,0.7307692307692307,0.7242424242424242,1
aggregated_ranked_features_gas-N2_keep-N2_post-prestimulus,median,200,test,0.75,0.7467294610151753,1
aggregated_ranked_features_gas-N2_keep-N2_post-prestimulus,median,300,train,1.0,1.0,1
aggregated_ranked_features_gas-N2_keep-N2_post-prestimulus,median,300,val,0.7692307692307693,0.7661169415292354,1
aggregated_ranked_features_gas-N2_keep-N2_post-prestimulus,median,300,test,0.7727272727272727,0.7649572649572649,1
aggregated_ranked_features_gas-N2_keep-N2_post-prestimulus,median,500,train,1.0,1.0,1
aggregated_ranked_features_gas-N2_keep-N2_post-prestimulus,median,500,val,0.7884615384615384,0.7819290888295845,1
aggregated_ranked_features_gas-N2_keep-N2_post-prestimulus,median,500,test,0.8181818181818182,0.8166666666666667,1
aggregated_ranked_features_gas-N2_keep-N2_post-prestimulus,median,782,train,1.0,1.0,1
aggregated_ranked_features_gas-N2_keep-N2_post-prestimulus,median,782,val,0.7884615384615384,0.784557438794727,1
aggregated_ranked_features_gas-N2_keep-N2_post-prestimulus,median,782,test,0.7954545454545454,0.7901430842607313,1
aggregated_ranked_features_gas-N2_keep-N2_post-prestimulus,product,1,train,0.7965116279069767,0.7961740308109023,1
aggregated_ranked_features_gas-N2_keep-N2_post-prestimulus,product,1,val,0.8461538461538461,0.8461538461538461,1
aggregated_ranked_features_gas-N2_keep-N2_post-prestimulus,product,1,test,0.7272727272727273,0.717948717948718,1
aggregated_ranked_features_gas-N2_keep-N2_post-prestimulus,product,2,train,1.0,1.0,1
aggregated_ranked_features_gas-N2_keep-N2_post-prestimulus,product,2,val,0.6730769230769231,0.6700261291526689,1
aggregated_ranked_features_gas-N2_keep-N2_post-prestimulus,product,2,test,0.7727272727272727,0.7684210526315789,1
aggregated_ranked_features_gas-N2_keep-N2_post-prestimulus,product,3,train,1.0,1.0,1
aggregated_ranked_features_gas-N2_keep-N2_post-prestimulus,product,3,val,0.5961538461538461,0.5923852183650615,1
aggregated_ranked_features_gas-N2_keep-N2_post-prestimulus,product,3,test,0.7727272727272727,0.7649572649572649,1
aggregated_ranked_features_gas-N2_keep-N2_post-prestimulus,product,5,train,1.0,1.0,1
aggregated_ranked_features_gas-N2_keep-N2_post-prestimulus,product,5,val,0.6538461538461539,0.6533333333333333,1
aggregated_ranked_features_gas-N2_keep-N2_post-prestimulus,product,5,test,0.7954545454545454,0.792778649921507,1
aggregated_ranked_features_gas-N2_keep-N2_post-prestimulus,product,10,train,1.0,1.0,1
aggregated_ranked_features_gas-N2_keep-N2_post-prestimulus,product,10,val,0.7115384615384616,0.7088465845464725,1
aggregated_ranked_features_gas-N2_keep-N2_post-prestimulus,product,10,test,0.7954545454545454,0.7901430842607313,1
aggregated_ranked_features_gas-N2_keep-N2_post-prestimulus,product,15,train,1.0,1.0,1
aggregated_ranked_features_gas-N2_keep-N2_post-prestimulus,product,15,val,0.6538461538461539,0.6491754122938531,1
aggregated_ranked_features_gas-N2_keep-N2_post-prestimulus,product,15,test,0.7954545454545454,0.7944992215879605,1
aggregated_ranked_features_gas-N2_keep-N2_post-prestimulus,product,20,train,1.0,1.0,1
aggregated_ranked_features_gas-N2_keep-N2_post-prestimulus,product,20,val,0.7307692307692307,0.7291666666666667,1
aggregated_ranked_features_gas-N2_keep-N2_post-prestimulus,product,20,test,0.7954545454545454,0.792778649921507,1
aggregated_ranked_features_gas-N2_keep-N2_post-prestimulus,product,30,train,1.0,1.0,1
aggregated_ranked_features_gas-N2_keep-N2_post-prestimulus,product,30,val,0.7307692307692307,0.7242424242424242,1
aggregated_ranked_features_gas-N2_keep-N2_post-prestimulus,product,30,test,0.5681818181818182,0.5679586563307493,1
aggregated_ranked_features_gas-N2_keep-N2_post-prestimulus,product,40,train,1.0,1.0,1
aggregated_ranked_features_gas-N2_keep-N2_post-prestimulus,product,40,val,0.75,0.7453860640301319,1
aggregated_ranked_features_gas-N2_keep-N2_post-prestimulus,product,40,test,0.6818181818181818,0.6791666666666667,1
aggregated_ranked_features_gas-N2_keep-N2_post-prestimulus,product,50,train,1.0,1.0,1
aggregated_ranked_features_gas-N2_keep-N2_post-prestimulus,product,50,val,0.8076923076923077,0.8050974512743628,1
aggregated_ranked_features_gas-N2_keep-N2_post-prestimulus,product,50,test,0.6136363636363636,0.6134366925064599,1
aggregated_ranked_features_gas-N2_keep-N2_post-prestimulus,product,60,train,1.0,1.0,1
aggregated_ranked_features_gas-N2_keep-N2_post-prestimulus,product,60,val,0.8076923076923077,0.8050974512743628,1
aggregated_ranked_features_gas-N2_keep-N2_post-prestimulus,product,60,test,0.6136363636363636,0.6134366925064599,1
aggregated_ranked_features_gas-N2_keep-N2_post-prestimulus,product,75,train,1.0,1.0,1
aggregated_ranked_features_gas-N2_keep-N2_post-prestimulus,product,75,val,0.75,0.7453860640301319,1
aggregated_ranked_features_gas-N2_keep-N2_post-prestimulus,product,75,test,0.7045454545454546,0.7006802721088435,1
aggregated_ranked_features_gas-N2_keep-N2_post-prestimulus,product,100,train,1.0,1.0,1
aggregated_ranked_features_gas-N2_keep-N2_post-prestimulus,product,100,val,0.7307692307692307,0.7242424242424242,1
aggregated_ranked_features_gas-N2_keep-N2_post-prestimulus,product,100,test,0.7727272727272727,0.7684210526315789,1
aggregated_ranked_features_gas-N2_keep-N2_post-prestimulus,product,150,train,1.0,1.0,1
aggregated_ranked_features_gas-N2_keep-N2_post-prestimulus,product,150,val,0.7692307692307693,0.7636363636363637,1
aggregated_ranked_features_gas-N2_keep-N2_post-prestimulus,product,150,test,0.75,0.7435082140964494,1
aggregated_ranked_features_gas-N2_keep-N2_post-prestimulus,product,200,train,1.0,1.0,1
aggregated_ranked_features_gas-N2_keep-N2_post-prestimulus,product,200,val,0.75,0.7453860640301319,1
aggregated_ranked_features_gas-N2_keep-N2_post-prestimulus,product,200,test,0.7727272727272727,0.7603485838779956,1
aggregated_ranked_features_gas-N2_keep-N2_post-prestimulus,product,300,train,1.0,1.0,1
aggregated_ranked_features_gas-N2_keep-N2_post-prestimulus,product,300,val,0.75,0.7453860640301319,1
aggregated_ranked_features_gas-N2_keep-N2_post-prestimulus,product,300,test,0.75,0.7435082140964494,1
aggregated_ranked_features_gas-N2_keep-N2_post-prestimulus,product,500,train,1.0,1.0,1
aggregated_ranked_features_gas-N2_keep-N2_post-prestimulus,product,500,val,0.7884615384615384,0.7819290888295845,1
aggregated_ranked_features_gas-N2_keep-N2_post-prestimulus,product,500,test,0.7954545454545454,0.792778649921507,1
aggregated_ranked_features_gas-N2_keep-N2_post-prestimulus,product,782,train,1.0,1.0,1
aggregated_ranked_features_gas-N2_keep-N2_post-prestimulus,product,782,val,0.7692307692307693,0.7636363636363637,1
aggregated_ranked_features_gas-N2_keep-N2_post-prestimulus,product,782,test,0.8181818181818182,0.8147368421052632,1
aggregated_ranked_features_gas-N2_keep-N2_post-prestimulus,all_features,782,train,1.0,1.0,1
aggregated_ranked_features_gas-N2_keep-N2_post-prestimulus,all_features,782,val,0.7692307692307693,0.7636363636363637,1
aggregated_ranked_features_gas-N2_keep-N2_post-prestimulus,all_features,782,test,0.7954545454545454,0.7901430842607313,1
aggregated_ranked_features_gas-N2_keep-N2_post-prestimulus,mean,1,train,0.8590425531914894,0.8590415561450044,2
aggregated_ranked_features_gas-N2_keep-N2_post-prestimulus,mean,1,val,0.6927083333333334,0.6912930917018667,2
aggregated_ranked_features_gas-N2_keep-N2_post-prestimulus,mean,1,test,0.7727272727272727,0.7649572649572649,2
aggregated_ranked_features_gas-N2_keep-N2_post-prestimulus,mean,2,train,0.9946808510638298,0.9946807005630535,2
aggregated_ranked_features_gas-N2_keep-N2_post-prestimulus,mean,2,val,0.734375,0.7340214586445742,2
aggregated_ranked_features_gas-N2_keep-N2_post-prestimulus,mean,2,test,0.7272727272727273,0.717948717948718,2
aggregated_ranked_features_gas-N2_keep-N2_post-prestimulus,mean,3,train,0.9946808510638298,0.9946807005630535,2
aggregated_ranked_features_gas-N2_keep-N2_post-prestimulus,mean,3,val,0.71875,0.718627876682588,2
aggregated_ranked_features_gas-N2_keep-N2_post-prestimulus,mean,3,test,0.6818181818181818,0.6644880174291938,2
aggregated_ranked_features_gas-N2_keep-N2_post-prestimulus,mean,5,train,0.9973404255319149,0.997340406719717,2
aggregated_ranked_features_gas-N2_keep-N2_post-prestimulus,mean,5,val,0.65625,0.6559139784946236,2
aggregated_ranked_features_gas-N2_keep-N2_post-prestimulus,mean,5,test,0.6818181818181818,0.681159420289855,2
aggregated_ranked_features_gas-N2_keep-N2_post-prestimulus,mean,10,train,1.0,1.0,2
aggregated_ranked_features_gas-N2_keep-N2_post-prestimulus,mean,10,val,0.75,0.7498914459400781,2
aggregated_ranked_features_gas-N2_keep-N2_post-prestimulus,mean,10,test,0.7272727272727273,0.7124183006535948,2
aggregated_ranked_features_gas-N2_keep-N2_post-prestimulus,mean,15,train,1.0,1.0,2
aggregated_ranked_features_gas-N2_keep-N2_post-prestimulus,mean,15,val,0.7239583333333334,0.7235909276110282,2
aggregated_ranked_features_gas-N2_keep-N2_post-prestimulus,mean,15,test,0.7272727272727273,0.7124183006535948,2
aggregated_ranked_features_gas-N2_keep-N2_post-prestimulus,mean,20,train,1.0,1.0,2
aggregated_ranked_features_gas-N2_keep-N2_post-prestimulus,mean,20,val,0.7760416666666666,0.776035591243252,2
aggregated_ranked_features_gas-N2_keep-N2_post-prestimulus,mean,20,test,0.6818181818181818,0.670940170940171,2
aggregated_ranked_features_gas-N2_keep-N2_post-prestimulus,mean,30,train,1.0,1.0,2
aggregated_ranked_features_gas-N2_keep-N2_post-prestimulus,mean,30,val,0.765625,0.7656186419987521,2
aggregated_ranked_features_gas-N2_keep-N2_post-prestimulus,mean,30,test,0.75,0.7435082140964494,2
aggregated_ranked_features_gas-N2_keep-N2_post-prestimulus,mean,40,train,1.0,1.0,2
aggregated_ranked_features_gas-N2_keep-N2_post-prestimulus,mean,40,val,0.7395833333333334,0.7394702561875814,2
aggregated_ranked_features_gas-N2_keep-N2_post-prestimulus,mean,40,test,0.5681818181818182,0.5661650233523612,2
aggregated_ranked_features_gas-N2_keep-N2_post-prestimulus,mean,50,train,1.0,1.0,2
aggregated_ranked_features_gas-N2_keep-N2_post-prestimulus,mean,50,val,0.7552083333333334,0.7552016927542522,2
aggregated_ranked_features_gas-N2_keep-N2_post-prestimulus,mean,50,test,0.7272727272727273,0.7221052631578948,2
aggregated_ranked_features_gas-N2_keep-N2_post-prestimulus,mean,60,train,1.0,1.0,2
aggregated_ranked_features_gas-N2_keep-N2_post-prestimulus,mean,60,val,0.7604166666666666,0.7603906673901248,2
aggregated_ranked_features_gas-N2_keep-N2_post-prestimulus,mean,60,test,0.8409090909090909,0.8388278388278387,2
aggregated_ranked_features_gas-N2_keep-N2_post-prestimulus,mean,75,train,1.0,1.0,2
aggregated_ranked_features_gas-N2_keep-N2_post-prestimulus,mean,75,val,0.7447916666666666,0.7447847435097523,2
aggregated_ranked_features_gas-N2_keep-N2_post-prestimulus,mean,75,test,0.7954545454545454,0.7901430842607313,2
aggregated_ranked_features_gas-N2_keep-N2_post-prestimulus,mean,100,train,1.0,1.0,2
aggregated_ranked_features_gas-N2_keep-N2_post-prestimulus,mean,100,val,0.765625,0.7653130517452126,2
aggregated_ranked_features_gas-N2_keep-N2_post-prestimulus,mean,100,test,0.7727272727272727,0.7684210526315789,2
aggregated_ranked_features_gas-N2_keep-N2_post-prestimulus,mean,150,train,1.0,1.0,2
aggregated_ranked_features_gas-N2_keep-N2_post-prestimulus,mean,150,val,0.7864583333333334,0.7859880923252589,2
aggregated_ranked_features_gas-N2_keep-N2_post-prestimulus,mean,150,test,0.75,0.7390835579514825,2
aggregated_ranked_features_gas-N2_keep-N2_post-prestimulus,mean,200,train,1.0,1.0,2
aggregated_ranked_features_gas-N2_keep-N2_post-prestimulus,mean,200,val,0.7916666666666666,0.7915762049500652,2
aggregated_ranked_features_gas-N2_keep-N2_post-prestimulus,mean,200,test,0.7045454545454546,0.6848484848484848,2
aggregated_ranked_features_gas-N2_keep-N2_post-prestimulus,mean,300,train,1.0,1.0,2
aggregated_ranked_features_gas-N2_keep-N2_post-prestimulus,mean,300,val,0.796875,0.7966046448458509,2
aggregated_ranked_features_gas-N2_keep-N2_post-prestimulus,mean,300,test,0.75,0.7435082140964494,2
aggregated_ranked_features_gas-N2_keep-N2_post-prestimulus,mean,500,train,1.0,1.0,2
aggregated_ranked_features_gas-N2_keep-N2_post-prestimulus,mean,500,val,0.796875,0.7967371535600858,2
aggregated_ranked_features_gas-N2_keep-N2_post-prestimulus,mean,500,test,0.75,0.7390835579514825,2
aggregated_ranked_features_gas-N2_keep-N2_post-prestimulus,mean,782,train,1.0,1.0,2
aggregated_ranked_features_gas-N2_keep-N2_post-prestimulus,mean,782,val,0.78125,0.78125,2
aggregated_ranked_features_gas-N2_keep-N2_post-prestimulus,mean,782,test,0.8409090909090909,0.8367779544250133,2
aggregated_ranked_features_gas-N2_keep-N2_post-prestimulus,median,1,train,0.8829787234042553,0.8829754123871771,2
aggregated_ranked_features_gas-N2_keep-N2_post-prestimulus,median,1,val,0.5729166666666666,0.5728703201302224,2
aggregated_ranked_features_gas-N2_keep-N2_post-prestimulus,median,1,test,0.6590909090909091,0.6574987026466009,2
aggregated_ranked_features_gas-N2_keep-N2_post-prestimulus,median,2,train,0.9946808510638298,0.9946807005630535,2
aggregated_ranked_features_gas-N2_keep-N2_post-prestimulus,median,2,val,0.703125,0.7031169465317526,2
aggregated_ranked_features_gas-N2_keep-N2_post-prestimulus,median,2,test,0.7045454545454546,0.691644204851752,2
aggregated_ranked_features_gas-N2_keep-N2_post-prestimulus,median,3,train,0.9973404255319149,0.997340406719717,2
aggregated_ranked_features_gas-N2_keep-N2_post-prestimulus,median,3,val,0.6979166666666666,0.6973913043478261,2
aggregated_ranked_features_gas-N2_keep-N2_post-prestimulus,median,3,test,0.6363636363636364,0.6239316239316239,2
aggregated_ranked_features_gas-N2_keep-N2_post-prestimulus,median,5,train,1.0,1.0,2
aggregated_ranked_features_gas-N2_keep-N2_post-prestimulus,median,5,val,0.75,0.7497556207233627,2
aggregated_ranked_features_gas-N2_keep-N2_post-prestimulus,median,5,test,0.8181818181818182,0.8178053830227743,2
aggregated_ranked_features_gas-N2_keep-N2_post-prestimulus,median,10,train,1.0,1.0,2
aggregated_ranked_features_gas-N2_keep-N2_post-prestimulus,median,10,val,0.7395833333333334,0.7391304347826086,2
aggregated_ranked_features_gas-N2_keep-N2_post-prestimulus,median,10,test,0.8409090909090909,0.8388278388278387,2
aggregated_ranked_features_gas-N2_keep-N2_post-prestimulus,median,15,train,1.0,1.0,2
aggregated_ranked_features_gas-N2_keep-N2_post-prestimulus,median,15,val,0.765625,0.7656186419987521,2
aggregated_ranked_features_gas-N2_keep-N2_post-prestimulus,median,15,test,0.7727272727272727,0.7708333333333333,2
aggregated_ranked_features_gas-N2_keep-N2_post-prestimulus,median,20,train,1.0,1.0,2
aggregated_ranked_features_gas-N2_keep-N2_post-prestimulus,median,20,val,0.7916666666666666,0.7902097902097902,2
aggregated_ranked_features_gas-N2_keep-N2_post-prestimulus,median,20,test,0.75,0.7488323819408407,2
aggregated_ranked_features_gas-N2_keep-N2_post-prestimulus,median,30,train,1.0,1.0,2
aggregated_ranked_features_gas-N2_keep-N2_post-prestimulus,median,30,val,0.7760416666666666,0.7757435827787587,2
aggregated_ranked_features_gas-N2_keep-N2_post-prestimulus,median,30,test,0.7045454545454546,0.7006802721088435,2
aggregated_ranked_features_gas-N2_keep-N2_post-prestimulus,median,40,train,1.0,1.0,2
aggregated_ranked_features_gas-N2_keep-N2_post-prestimulus,median,40,val,0.7760416666666666,0.776035591243252,2
aggregated_ranked_features_gas-N2_keep-N2_post-prestimulus,median,40,test,0.5227272727272727,0.5204981837052414,2
aggregated_ranked_features_gas-N2_keep-N2_post-prestimulus,median,50,train,1.0,1.0,2
aggregated_ranked_features_gas-N2_keep-N2_post-prestimulus,median,50,val,0.7604166666666666,0.7603126356925749,2
aggregated_ranked_features_gas-N2_keep-N2_post-prestimulus,median,50,test,0.5227272727272727,0.5204981837052414,2
aggregated_ranked_features_gas-N2_keep-N2_post-prestimulus,median,60,train,1.0,1.0,2
aggregated_ranked_features_gas-N2_keep-N2_post-prestimulus,median,60,val,0.7864583333333334,0.7863134178452185,2
aggregated_ranked_features_gas-N2_keep-N2_post-prestimulus,median,60,test,0.6590909090909091,0.6502384737678856,2
aggregated_ranked_features_gas-N2_keep-N2_post-prestimulus,median,75,train,1.0,1.0,2
aggregated_ranked_features_gas-N2_keep-N2_post-prestimulus,median,75,val,0.796875,0.7967371535600858,2
aggregated_ranked_features_gas-N2_keep-N2_post-prestimulus,median,75,test,0.6136363636363636,0.6036036036036037,2
aggregated_ranked_features_gas-N2_keep-N2_post-prestimulus,median,100,train,1.0,1.0,2
aggregated_ranked_features_gas-N2_keep-N2_post-prestimulus,median,100,val,0.765625,0.7653130517452126,2
aggregated_ranked_features_gas-N2_keep-N2_post-prestimulus,median,100,test,0.7045454545454546,0.6762874929258631,2
aggregated_ranked_features_gas-N2_keep-N2_post-prestimulus,median,150,train,1.0,1.0,2
aggregated_ranked_features_gas-N2_keep-N2_post-prestimulus,median,150,val,0.796875,0.7959395012944543,2
aggregated_ranked_features_gas-N2_keep-N2_post-prestimulus,median,150,test,0.75,0.7390835579514825,2
aggregated_ranked_features_gas-N2_keep-N2_post-prestimulus,median,200,train,1.0,1.0,2
aggregated_ranked_features_gas-N2_keep-N2_post-prestimulus,median,200,val,0.8020833333333334,0.8017391304347826,2
aggregated_ranked_features_gas-N2_keep-N2_post-prestimulus,median,200,test,0.8409090909090909,0.8367779544250133,2
aggregated_ranked_features_gas-N2_keep-N2_post-prestimulus,median,300,train,1.0,1.0,2
aggregated_ranked_features_gas-N2_keep-N2_post-prestimulus,median,300,val,0.7760416666666666,0.7758896821303509,2
aggregated_ranked_features_gas-N2_keep-N2_post-prestimulus,median,300,test,0.7954545454545454,0.786522911051213,2
aggregated_ranked_features_gas-N2_keep-N2_post-prestimulus,median,500,train,1.0,1.0,2
aggregated_ranked_features_gas-N2_keep-N2_post-prestimulus,median,500,val,0.78125,0.7808695652173914,2
aggregated_ranked_features_gas-N2_keep-N2_post-prestimulus,median,500,test,0.8181818181818182,0.811965811965812,2
aggregated_ranked_features_gas-N2_keep-N2_post-prestimulus,median,782,train,1.0,1.0,2
aggregated_ranked_features_gas-N2_keep-N2_post-prestimulus,median,782,val,0.78125,0.78125,2
aggregated_ranked_features_gas-N2_keep-N2_post-prestimulus,median,782,test,0.8409090909090909,0.8367779544250133,2
aggregated_ranked_features_gas-N2_keep-N2_post-prestimulus,product,1,train,0.8829787234042553,0.8829754123871771,2
aggregated_ranked_features_gas-N2_keep-N2_post-prestimulus,product,1,val,0.5729166666666666,0.5728703201302224,2
aggregated_ranked_features_gas-N2_keep-N2_post-prestimulus,product,1,test,0.6590909090909091,0.6574987026466009,2
aggregated_ranked_features_gas-N2_keep-N2_post-prestimulus,product,2,train,0.9973404255319149,0.997340406719717,2
aggregated_ranked_features_gas-N2_keep-N2_post-prestimulus,product,2,val,0.65625,0.6562126966901791,2
aggregated_ranked_features_gas-N2_keep-N2_post-prestimulus,product,2,test,0.7272727272727273,0.725,2
aggregated_ranked_features_gas-N2_keep-N2_post-prestimulus,product,3,train,1.0,1.0,2
aggregated_ranked_features_gas-N2_keep-N2_post-prestimulus,product,3,val,0.71875,0.7187194791101466,2
aggregated_ranked_features_gas-N2_keep-N2_post-prestimulus,product,3,test,0.75,0.7435082140964494,2
aggregated_ranked_features_gas-N2_keep-N2_post-prestimulus,product,5,train,1.0,1.0,2
aggregated_ranked_features_gas-N2_keep-N2_post-prestimulus,product,5,val,0.75,0.7497556207233627,2
aggregated_ranked_features_gas-N2_keep-N2_post-prestimulus,product,5,test,0.8181818181818182,0.8178053830227743,2
aggregated_ranked_features_gas-N2_keep-N2_post-prestimulus,product,10,train,1.0,1.0,2
aggregated_ranked_features_gas-N2_keep-N2_post-prestimulus,product,10,val,0.7395833333333334,0.7395550732501357,2
aggregated_ranked_features_gas-N2_keep-N2_post-prestimulus,product,10,test,0.8409090909090909,0.8367779544250133,2
aggregated_ranked_features_gas-N2_keep-N2_post-prestimulus,product,15,train,1.0,1.0,2
aggregated_ranked_features_gas-N2_keep-N2_post-prestimulus,product,15,val,0.765625,0.7656186419987521,2
aggregated_ranked_features_gas-N2_keep-N2_post-prestimulus,product,15,test,0.75,0.7467294610151753,2
aggregated_ranked_features_gas-N2_keep-N2_post-prestimulus,product,20,train,1.0,1.0,2
aggregated_ranked_features_gas-N2_keep-N2_post-prestimulus,product,20,val,0.7916666666666666,0.7916440586001086,2
aggregated_ranked_features_gas-N2_keep-N2_post-prestimulus,product,20,test,0.7272727272727273,0.7267080745341614,2
aggregated_ranked_features_gas-N2_keep-N2_post-prestimulus,product,30,train,1.0,1.0,2
aggregated_ranked_features_gas-N2_keep-N2_post-prestimulus,product,30,val,0.7708333333333334,0.7706093189964158,2
aggregated_ranked_features_gas-N2_keep-N2_post-prestimulus,product,30,test,0.6590909090909091,0.6574987026466009,2
aggregated_ranked_features_gas-N2_keep-N2_post-prestimulus,product,40,train,1.0,1.0,2
aggregated_ranked_features_gas-N2_keep-N2_post-prestimulus,product,40,val,0.765625,0.7655677655677655,2
aggregated_ranked_features_gas-N2_keep-N2_post-prestimulus,product,40,test,0.5909090909090909,0.5909090909090909,2
aggregated_ranked_features_gas-N2_keep-N2_post-prestimulus,product,50,train,1.0,1.0,2
aggregated_ranked_features_gas-N2_keep-N2_post-prestimulus,product,50,val,0.7708333333333334,0.7706093189964158,2
aggregated_ranked_features_gas-N2_keep-N2_post-prestimulus,product,50,test,0.5909090909090909,0.5909090909090909,2
aggregated_ranked_features_gas-N2_keep-N2_post-prestimulus,product,60,train,1.0,1.0,2
aggregated_ranked_features_gas-N2_keep-N2_post-prestimulus,product,60,val,0.7708333333333334,0.7706093189964158,2
aggregated_ranked_features_gas-N2_keep-N2_post-prestimulus,product,60,test,0.5909090909090909,0.5909090909090909,2
aggregated_ranked_features_gas-N2_keep-N2_post-prestimulus,product,75,train,1.0,1.0,2
aggregated_ranked_features_gas-N2_keep-N2_post-prestimulus,product,75,val,0.7864583333333334,0.7864061864061864,2
aggregated_ranked_features_gas-N2_keep-N2_post-prestimulus,product,75,test,0.5681818181818182,0.5679586563307493,2
aggregated_ranked_features_gas-N2_keep-N2_post-prestimulus,product,100,train,1.0,1.0,2
aggregated_ranked_features_gas-N2_keep-N2_post-prestimulus,product,100,val,0.7916666666666666,0.7914630172694689,2
aggregated_ranked_features_gas-N2_keep-N2_post-prestimulus,product,100,test,0.6818181818181818,0.6757894736842105,2
aggregated_ranked_features_gas-N2_keep-N2_post-prestimulus,product,150,train,1.0,1.0,2
aggregated_ranked_features_gas-N2_keep-N2_post-prestimulus,product,150,val,0.78125,0.7808695652173914,2
aggregated_ranked_features_gas-N2_keep-N2_post-prestimulus,product,150,test,0.6818181818181818,0.670940170940171,2
aggregated_ranked_features_gas-N2_keep-N2_post-prestimulus,product,200,train,1.0,1.0,2
aggregated_ranked_features_gas-N2_keep-N2_post-prestimulus,product,200,val,0.7864583333333334,0.7863134178452185,2
aggregated_ranked_features_gas-N2_keep-N2_post-prestimulus,product,200,test,0.75,0.7390835579514825,2
aggregated_ranked_features_gas-N2_keep-N2_post-prestimulus,product,300,train,1.0,1.0,2
aggregated_ranked_features_gas-N2_keep-N2_post-prestimulus,product,300,val,0.8020833333333334,0.8013071895424837,2
aggregated_ranked_features_gas-N2_keep-N2_post-prestimulus,product,300,test,0.8181818181818182,0.811965811965812,2
aggregated_ranked_features_gas-N2_keep-N2_post-prestimulus,product,500,train,1.0,1.0,2
aggregated_ranked_features_gas-N2_keep-N2_post-prestimulus,product,500,val,0.8020833333333334,0.8017391304347826,2
aggregated_ranked_features_gas-N2_keep-N2_post-prestimulus,product,500,test,0.7954545454545454,0.792778649921507,2
aggregated_ranked_features_gas-N2_keep-N2_post-prestimulus,product,782,train,1.0,1.0,2
aggregated_ranked_features_gas-N2_keep-N2_post-prestimulus,product,782,val,0.78125,0.78125,2
aggregated_ranked_features_gas-N2_keep-N2_post-prestimulus,product,782,test,0.8409090909090909,0.8367779544250133,2
aggregated_ranked_features_gas-N2_keep-N2_post-prestimulus,all_features,782,train,1.0,1.0,2
aggregated_ranked_features_gas-N2_keep-N2_post-prestimulus,all_features,782,val,0.78125,0.7811550151975684,2
aggregated_ranked_features_gas-N2_keep-N2_post-prestimulus,all_features,782,test,0.8181818181818182,0.811965811965812,2
aggregated_ranked_features_gas-N2_keep-N2_post-prestimulus,mean,1,train,0.801094890510949,0.8010412260219903,3
aggregated_ranked_features_gas-N2_keep-N2_post-prestimulus,mean,1,val,0.65,0.6266666666666667,3
aggregated_ranked_features_gas-N2_keep-N2_post-prestimulus,mean,1,test,0.75,0.7435082140964494,3
aggregated_ranked_features_gas-N2_keep-N2_post-prestimulus,mean,2,train,0.9963503649635036,0.9963503649635036,3
aggregated_ranked_features_gas-N2_keep-N2_post-prestimulus,mean,2,val,0.6,0.5604395604395604,3
aggregated_ranked_features_gas-N2_keep-N2_post-prestimulus,mean,2,test,0.6818181818181818,0.6757894736842105,3
aggregated_ranked_features_gas-N2_keep-N2_post-prestimulus,mean,3,train,0.9963503649635036,0.9963503649635036,3
aggregated_ranked_features_gas-N2_keep-N2_post-prestimulus,mean,3,val,0.65,0.6266666666666667,3
aggregated_ranked_features_gas-N2_keep-N2_post-prestimulus,mean,3,test,0.7045454545454546,0.691644204851752,3
aggregated_ranked_features_gas-N2_keep-N2_post-prestimulus,mean,5,train,0.9981751824817519,0.9981751764051641,3
aggregated_ranked_features_gas-N2_keep-N2_post-prestimulus,mean,5,val,0.7,0.6875,3
aggregated_ranked_features_gas-N2_keep-N2_post-prestimulus,mean,5,test,0.7954545454545454,0.7944992215879605,3
aggregated_ranked_features_gas-N2_keep-N2_post-prestimulus,mean,10,train,1.0,1.0,3
aggregated_ranked_features_gas-N2_keep-N2_post-prestimulus,mean,10,val,0.6,0.5833333333333333,3
aggregated_ranked_features_gas-N2_keep-N2_post-prestimulus,mean,10,test,0.7272727272727273,0.7221052631578948,3
aggregated_ranked_features_gas-N2_keep-N2_post-prestimulus,mean,15,train,1.0,1.0,3
aggregated_ranked_features_gas-N2_keep-N2_post-prestimulus,mean,15,val,0.65,0.6266666666666667,3
aggregated_ranked_features_gas-N2_keep-N2_post-prestimulus,mean,15,test,0.75,0.7467294610151753,3
aggregated_ranked_features_gas-N2_keep-N2_post-prestimulus,mean,20,train,1.0,1.0,3
aggregated_ranked_features_gas-N2_keep-N2_post-prestimulus,mean,20,val,0.65,0.6266666666666667,3
aggregated_ranked_features_gas-N2_keep-N2_post-prestimulus,mean,20,test,0.6818181818181818,0.681159420289855,3
aggregated_ranked_features_gas-N2_keep-N2_post-prestimulus,mean,30,train,1.0,1.0,3
aggregated_ranked_features_gas-N2_keep-N2_post-prestimulus,mean,30,val,0.7,0.6703296703296704,3
aggregated_ranked_features_gas-N2_keep-N2_post-prestimulus,mean,30,test,0.5454545454545454,0.5454545454545454,3
aggregated_ranked_features_gas-N2_keep-N2_post-prestimulus,mean,40,train,1.0,1.0,3
aggregated_ranked_features_gas-N2_keep-N2_post-prestimulus,mean,40,val,0.6,0.5604395604395604,3
aggregated_ranked_features_gas-N2_keep-N2_post-prestimulus,mean,40,test,0.5454545454545454,0.5454545454545454,3
aggregated_ranked_features_gas-N2_keep-N2_post-prestimulus,mean,50,train,1.0,1.0,3
aggregated_ranked_features_gas-N2_keep-N2_post-prestimulus,mean,50,val,0.7,0.6875,3
aggregated_ranked_features_gas-N2_keep-N2_post-prestimulus,mean,50,test,0.6136363636363636,0.6134366925064599,3
aggregated_ranked_features_gas-N2_keep-N2_post-prestimulus,mean,60,train,1.0,1.0,3
aggregated_ranked_features_gas-N2_keep-N2_post-prestimulus,mean,60,val,0.75,0.7333333333333334,3
aggregated_ranked_features_gas-N2_keep-N2_post-prestimulus,mean,60,test,0.7045454545454546,0.7043927648578812,3
aggregated_ranked_features_gas-N2_keep-N2_post-prestimulus,mean,75,train,1.0,1.0,3
aggregated_ranked_features_gas-N2_keep-N2_post-prestimulus,mean,75,val,0.65,0.6266666666666667,3
aggregated_ranked_features_gas-N2_keep-N2_post-prestimulus,mean,75,test,0.6363636363636364,0.6356107660455487,3
aggregated_ranked_features_gas-N2_keep-N2_post-prestimulus,mean,100,train,1.0,1.0,3
aggregated_ranked_features_gas-N2_keep-N2_post-prestimulus,mean,100,val,0.75,0.7333333333333334,3
aggregated_ranked_features_gas-N2_keep-N2_post-prestimulus,mean,100,test,0.6590909090909091,0.6574987026466009,3
aggregated_ranked_features_gas-N2_keep-N2_post-prestimulus,mean,150,train,1.0,1.0,3
aggregated_ranked_features_gas-N2_keep-N2_post-prestimulus,mean,150,val,0.7,0.6703296703296704,3
aggregated_ranked_features_gas-N2_keep-N2_post-prestimulus,mean,150,test,0.5909090909090909,0.5900621118012422,3
aggregated_ranked_features_gas-N2_keep-N2_post-prestimulus,mean,200,train,1.0,1.0,3
aggregated_ranked_features_gas-N2_keep-N2_post-prestimulus,mean,200,val,0.7,0.6875,3
aggregated_ranked_features_gas-N2_keep-N2_post-prestimulus,mean,200,test,0.7272727272727273,0.7221052631578948,3
aggregated_ranked_features_gas-N2_keep-N2_post-prestimulus,mean,300,train,1.0,1.0,3
aggregated_ranked_features_gas-N2_keep-N2_post-prestimulus,mean,300,val,0.8,0.7916666666666667,3
aggregated_ranked_features_gas-N2_keep-N2_post-prestimulus,mean,300,test,0.75,0.7467294610151753,3
aggregated_ranked_features_gas-N2_keep-N2_post-prestimulus,mean,500,train,1.0,1.0,3
aggregated_ranked_features_gas-N2_keep-N2_post-prestimulus,mean,500,val,0.65,0.6266666666666667,3
aggregated_ranked_features_gas-N2_keep-N2_post-prestimulus,mean,500,test,0.7727272727272727,0.7708333333333333,3
aggregated_ranked_features_gas-N2_keep-N2_post-prestimulus,mean,782,train,1.0,1.0,3
aggregated_ranked_features_gas-N2_keep-N2_post-prestimulus,mean,782,val,0.75,0.7442455242966752,3
aggregated_ranked_features_gas-N2_keep-N2_post-prestimulus,mean,782,test,0.8181818181818182,0.8166666666666667,3
aggregated_ranked_features_gas-N2_keep-N2_post-prestimulus,median,1,train,0.8175182481751825,0.8171675652591683,3
aggregated_ranked_features_gas-N2_keep-N2_post-prestimulus,median,1,val,0.7,0.696969696969697,3
aggregated_ranked_features_gas-N2_keep-N2_post-prestimulus,median,1,test,0.7272727272727273,0.7124183006535948,3
aggregated_ranked_features_gas-N2_keep-N2_post-prestimulus,median,2,train,1.0,1.0,3
aggregated_ranked_features_gas-N2_keep-N2_post-prestimulus,median,2,val,0.55,0.5488721804511278,3
aggregated_ranked_features_gas-N2_keep-N2_post-prestimulus,median,2,test,0.6363636363636364,0.6294736842105264,3
aggregated_ranked_features_gas-N2_keep-N2_post-prestimulus,median,3,train,1.0,1.0,3
aggregated_ranked_features_gas-N2_keep-N2_post-prestimulus,median,3,val,0.45,0.44862155388471175,3
aggregated_ranked_features_gas-N2_keep-N2_post-prestimulus,median,3,test,0.7045454545454546,0.7006802721088435,3
aggregated_ranked_features_gas-N2_keep-N2_post-prestimulus,median,5,train,1.0,1.0,3
aggregated_ranked_features_gas-N2_keep-N2_post-prestimulus,median,5,val,0.8,0.797979797979798,3
aggregated_ranked_features_gas-N2_keep-N2_post-prestimulus,median,5,test,0.7954545454545454,0.792778649921507,3
aggregated_ranked_features_gas-N2_keep-N2_post-prestimulus,median,10,train,1.0,1.0,3
aggregated_ranked_features_gas-N2_keep-N2_post-prestimulus,median,10,val,0.7,0.696969696969697,3
aggregated_ranked_features_gas-N2_keep-N2_post-prestimulus,median,10,test,0.8181818181818182,0.8166666666666667,3
aggregated_ranked_features_gas-N2_keep-N2_post-prestimulus,median,15,train,1.0,1.0,3
aggregated_ranked_features_gas-N2_keep-N2_post-prestimulus,median,15,val,0.7,0.696969696969697,3
aggregated_ranked_features_gas-N2_keep-N2_post-prestimulus,median,15,test,0.8181818181818182,0.8147368421052632,3
aggregated_ranked_features_gas-N2_keep-N2_post-prestimulus,median,20,train,1.0,1.0,3
aggregated_ranked_features_gas-N2_keep-N2_post-prestimulus,median,20,val,0.7,0.6875,3
aggregated_ranked_features_gas-N2_keep-N2_post-prestimulus,median,20,test,0.7727272727272727,0.7722567287784678,3
aggregated_ranked_features_gas-N2_keep-N2_post-prestimulus,median,30,train,1.0,1.0,3
aggregated_ranked_features_gas-N2_keep-N2_post-prestimulus,median,30,val,0.55,0.52,3
aggregated_ranked_features_gas-N2_keep-N2_post-prestimulus,median,30,test,0.6590909090909091,0.6574987026466009,3
aggregated_ranked_features_gas-N2_keep-N2_post-prestimulus,median,40,train,1.0,1.0,3
aggregated_ranked_features_gas-N2_keep-N2_post-prestimulus,median,40,val,0.65,0.6266666666666667,3
aggregated_ranked_features_gas-N2_keep-N2_post-prestimulus,median,40,test,0.6363636363636364,0.6333333333333333,3
aggregated_ranked_features_gas-N2_keep-N2_post-prestimulus,median,50,train,1.0,1.0,3
aggregated_ranked_features_gas-N2_keep-N2_post-prestimulus,median,50,val,0.65,0.6266666666666667,3
aggregated_ranked_features_gas-N2_keep-N2_post-prestimulus,median,50,test,0.6136363636363636,0.6134366925064599,3
aggregated_ranked_features_gas-N2_keep-N2_post-prestimulus,median,60,train,1.0,1.0,3
aggregated_ranked_features_gas-N2_keep-N2_post-prestimulus,median,60,val,0.7,0.6703296703296704,3
aggregated_ranked_features_gas-N2_keep-N2_post-prestimulus,median,60,test,0.6363636363636364,0.6363636363636364,3
aggregated_ranked_features_gas-N2_keep-N2_post-prestimulus,median,75,train,1.0,1.0,3
aggregated_ranked_features_gas-N2_keep-N2_post-prestimulus,median,75,val,0.6,0.5604395604395604,3
aggregated_ranked_features_gas-N2_keep-N2_post-prestimulus,median,75,test,0.5909090909090909,0.5875,3
aggregated_ranked_features_gas-N2_keep-N2_post-prestimulus,median,100,train,1.0,1.0,3
aggregated_ranked_features_gas-N2_keep-N2_post-prestimulus,median,100,val,0.65,0.6419437340153453,3
aggregated_ranked_features_gas-N2_keep-N2_post-prestimulus,median,100,test,0.6590909090909091,0.6546310832025117,3
aggregated_ranked_features_gas-N2_keep-N2_post-prestimulus,median,150,train,1.0,1.0,3
aggregated_ranked_features_gas-N2_keep-N2_post-prestimulus,median,150,val,0.7,0.6875,3
aggregated_ranked_features_gas-N2_keep-N2_post-prestimulus,median,150,test,0.6818181818181818,0.681159420289855,3
aggregated_ranked_features_gas-N2_keep-N2_post-prestimulus,median,200,train,1.0,1.0,3
aggregated_ranked_features_gas-N2_keep-N2_post-prestimulus,median,200,val,0.8,0.797979797979798,3
aggregated_ranked_features_gas-N2_keep-N2_post-prestimulus,median,200,test,0.7272727272727273,0.725,3
aggregated_ranked_features_gas-N2_keep-N2_post-prestimulus,median,300,train,1.0,1.0,3
aggregated_ranked_features_gas-N2_keep-N2_post-prestimulus,median,300,val,0.65,0.6011396011396011,3
aggregated_ranked_features_gas-N2_keep-N2_post-prestimulus,median,300,test,0.6590909090909091,0.6589147286821706,3
aggregated_ranked_features_gas-N2_keep-N2_post-prestimulus,median,500,train,1.0,1.0,3
aggregated_ranked_features_gas-N2_keep-N2_post-prestimulus,median,500,val,0.75,0.7442455242966752,3
aggregated_ranked_features_gas-N2_keep-N2_post-prestimulus,median,500,test,0.7954545454545454,0.792778649921507,3
aggregated_ranked_features_gas-N2_keep-N2_post-prestimulus,median,782,train,1.0,1.0,3
aggregated_ranked_features_gas-N2_keep-N2_post-prestimulus,median,782,val,0.75,0.7442455242966752,3
aggregated_ranked_features_gas-N2_keep-N2_post-prestimulus,median,782,test,0.8181818181818182,0.8166666666666667,3
aggregated_ranked_features_gas-N2_keep-N2_post-prestimulus,product,1,train,0.8175182481751825,0.8171675652591683,3
aggregated_ranked_features_gas-N2_keep-N2_post-prestimulus,product,1,val,0.7,0.696969696969697,3
aggregated_ranked_features_gas-N2_keep-N2_post-prestimulus,product,1,test,0.7272727272727273,0.7124183006535948,3
aggregated_ranked_features_gas-N2_keep-N2_post-prestimulus,product,2,train,1.0,1.0,3
aggregated_ranked_features_gas-N2_keep-N2_post-prestimulus,product,2,val,0.9,0.898989898989899,3
aggregated_ranked_features_gas-N2_keep-N2_post-prestimulus,product,2,test,0.7727272727272727,0.7649572649572649,3
aggregated_ranked_features_gas-N2_keep-N2_post-prestimulus,product,3,train,1.0,1.0,3
aggregated_ranked_features_gas-N2_keep-N2_post-prestimulus,product,3,val,0.75,0.7442455242966752,3
aggregated_ranked_features_gas-N2_keep-N2_post-prestimulus,product,3,test,0.7954545454545454,0.7901430842607313,3
aggregated_ranked_features_gas-N2_keep-N2_post-prestimulus,product,5,train,1.0,1.0,3
aggregated_ranked_features_gas-N2_keep-N2_post-prestimulus,product,5,val,0.75,0.7442455242966752,3
aggregated_ranked_features_gas-N2_keep-N2_post-prestimulus,product,5,test,0.7954545454545454,0.792778649921507,3
aggregated_ranked_features_gas-N2_keep-N2_post-prestimulus,product,10,train,1.0,1.0,3
aggregated_ranked_features_gas-N2_keep-N2_post-prestimulus,product,10,val,0.75,0.7442455242966752,3
aggregated_ranked_features_gas-N2_keep-N2_post-prestimulus,product,10,test,0.8863636363636364,0.8848770277341707,3
aggregated_ranked_features_gas-N2_keep-N2_post-prestimulus,product,15,train,1.0,1.0,3
aggregated_ranked_features_gas-N2_keep-N2_post-prestimulus,product,15,val,0.7,0.6875,3
aggregated_ranked_features_gas-N2_keep-N2_post-prestimulus,product,15,test,0.7727272727272727,0.7722567287784678,3
aggregated_ranked_features_gas-N2_keep-N2_post-prestimulus,product,20,train,1.0,1.0,3
aggregated_ranked_features_gas-N2_keep-N2_post-prestimulus,product,20,val,0.7,0.6875,3
aggregated_ranked_features_gas-N2_keep-N2_post-prestimulus,product,20,test,0.7727272727272727,0.7722567287784678,3
aggregated_ranked_features_gas-N2_keep-N2_post-prestimulus,product,30,train,1.0,1.0,3
aggregated_ranked_features_gas-N2_keep-N2_post-prestimulus,product,30,val,0.65,0.6266666666666667,3
aggregated_ranked_features_gas-N2_keep-N2_post-prestimulus,product,30,test,0.5909090909090909,0.5900621118012422,3
aggregated_ranked_features_gas-N2_keep-N2_post-prestimulus,product,40,train,1.0,1.0,3
aggregated_ranked_features_gas-N2_keep-N2_post-prestimulus,product,40,val,0.6,0.5604395604395604,3
aggregated_ranked_features_gas-N2_keep-N2_post-prestimulus,product,40,test,0.5681818181818182,0.5661650233523612,3
aggregated_ranked_features_gas-N2_keep-N2_post-prestimulus,product,50,train,1.0,1.0,3
aggregated_ranked_features_gas-N2_keep-N2_post-prestimulus,product,50,val,0.65,0.6266666666666667,3
aggregated_ranked_features_gas-N2_keep-N2_post-prestimulus,product,50,test,0.5454545454545454,0.5445134575569358,3
aggregated_ranked_features_gas-N2_keep-N2_post-prestimulus,product,60,train,1.0,1.0,3
aggregated_ranked_features_gas-N2_keep-N2_post-prestimulus,product,60,val,0.65,0.6266666666666667,3
aggregated_ranked_features_gas-N2_keep-N2_post-prestimulus,product,60,test,0.5454545454545454,0.5445134575569358,3
aggregated_ranked_features_gas-N2_keep-N2_post-prestimulus,product,75,train,1.0,1.0,3
aggregated_ranked_features_gas-N2_keep-N2_post-prestimulus,product,75,val,0.7,0.6703296703296704,3
aggregated_ranked_features_gas-N2_keep-N2_post-prestimulus,product,75,test,0.6136363636363636,0.6134366925064599,3
aggregated_ranked_features_gas-N2_keep-N2_post-prestimulus,product,100,train,1.0,1.0,3
aggregated_ranked_features_gas-N2_keep-N2_post-prestimulus,product,100,val,0.65,0.6011396011396011,3
aggregated_ranked_features_gas-N2_keep-N2_post-prestimulus,product,100,test,0.6363636363636364,0.6363636363636364,3
aggregated_ranked_features_gas-N2_keep-N2_post-prestimulus,product,150,train,1.0,1.0,3
aggregated_ranked_features_gas-N2_keep-N2_post-prestimulus,product,150,val,0.65,0.6266666666666667,3
aggregated_ranked_features_gas-N2_keep-N2_post-prestimulus,product,150,test,0.6136363636363636,0.60858189429618,3
aggregated_ranked_features_gas-N2_keep-N2_post-prestimulus,product,200,train,1.0,1.0,3
aggregated_ranked_features_gas-N2_keep-N2_post-prestimulus,product,200,val,0.6,0.5238095238095238,3
aggregated_ranked_features_gas-N2_keep-N2_post-prestimulus,product,200,test,0.6363636363636364,0.6356107660455487,3
aggregated_ranked_features_gas-N2_keep-N2_post-prestimulus,product,300,train,1.0,1.0,3
aggregated_ranked_features_gas-N2_keep-N2_post-prestimulus,product,300,val,0.75,0.7333333333333334,3
aggregated_ranked_features_gas-N2_keep-N2_post-prestimulus,product,300,test,0.6818181818181818,0.6757894736842105,3
aggregated_ranked_features_gas-N2_keep-N2_post-prestimulus,product,500,train,1.0,1.0,3
aggregated_ranked_features_gas-N2_keep-N2_post-prestimulus,product,500,val,0.7,0.6875,3
aggregated_ranked_features_gas-N2_keep-N2_post-prestimulus,product,500,test,0.7727272727272727,0.7708333333333333,3
aggregated_ranked_features_gas-N2_keep-N2_post-prestimulus,product,782,train,1.0,1.0,3
aggregated_ranked_features_gas-N2_keep-N2_post-prestimulus,product,782,val,0.75,0.7442455242966752,3
aggregated_ranked_features_gas-N2_keep-N2_post-prestimulus,product,782,test,0.8181818181818182,0.8166666666666667,3
aggregated_ranked_features_gas-N2_keep-N2_post-prestimulus,all_features,782,train,1.0,1.0,3
aggregated_ranked_features_gas-N2_keep-N2_post-prestimulus,all_features,782,val,0.7,0.6875,3
aggregated_ranked_features_gas-N2_keep-N2_post-prestimulus,all_features,782,test,0.7954545454545454,0.792778649921507,3
aggregated_ranked_features_gas-N2_keep-N2_post-prestimulus,mean,1,train,0.8014705882352942,0.8014598540145985,4
aggregated_ranked_features_gas-N2_keep-N2_post-prestimulus,mean,1,val,0.7083333333333334,0.7037037037037037,4
aggregated_ranked_features_gas-N2_keep-N2_post-prestimulus,mean,1,test,0.7954545454545454,0.7901430842607313,4
aggregated_ranked_features_gas-N2_keep-N2_post-prestimulus,mean,2,train,0.9963235294117647,0.9963235294117647,4
aggregated_ranked_features_gas-N2_keep-N2_post-prestimulus,mean,2,val,0.7083333333333334,0.6950998185117967,4
aggregated_ranked_features_gas-N2_keep-N2_post-prestimulus,mean,2,test,0.75,0.7390835579514825,4
aggregated_ranked_features_gas-N2_keep-N2_post-prestimulus,mean,3,train,0.9963235294117647,0.9963235294117647,4
aggregated_ranked_features_gas-N2_keep-N2_post-prestimulus,mean,3,val,0.625,0.6079854809437386,4
aggregated_ranked_features_gas-N2_keep-N2_post-prestimulus,mean,3,test,0.7272727272727273,0.7124183006535948,4
aggregated_ranked_features_gas-N2_keep-N2_post-prestimulus,mean,5,train,0.9981617647058824,0.9981617584942639,4
aggregated_ranked_features_gas-N2_keep-N2_post-prestimulus,mean,5,val,0.7916666666666666,0.7822141560798548,4
aggregated_ranked_features_gas-N2_keep-N2_post-prestimulus,mean,5,test,0.8181818181818182,0.811965811965812,4
aggregated_ranked_features_gas-N2_keep-N2_post-prestimulus,mean,10,train,1.0,1.0,4
aggregated_ranked_features_gas-N2_keep-N2_post-prestimulus,mean,10,val,0.75,0.7333333333333334,4
aggregated_ranked_features_gas-N2_keep-N2_post-prestimulus,mean,10,test,0.6818181818181818,0.681159420289855,4
aggregated_ranked_features_gas-N2_keep-N2_post-prestimulus,mean,15,train,1.0,1.0,4
aggregated_ranked_features_gas-N2_keep-N2_post-prestimulus,mean,15,val,0.75,0.7428571428571429,4
aggregated_ranked_features_gas-N2_keep-N2_post-prestimulus,mean,15,test,0.7045454545454546,0.7031655422937209,4
aggregated_ranked_features_gas-N2_keep-N2_post-prestimulus,mean,20,train,1.0,1.0,4
aggregated_ranked_features_gas-N2_keep-N2_post-prestimulus,mean,20,val,0.6666666666666666,0.6571428571428571,4
aggregated_ranked_features_gas-N2_keep-N2_post-prestimulus,mean,20,test,0.7045454545454546,0.7031655422937209,4
aggregated_ranked_features_gas-N2_keep-N2_post-prestimulus,mean,30,train,1.0,1.0,4
aggregated_ranked_features_gas-N2_keep-N2_post-prestimulus,mean,30,val,0.625,0.6079854809437386,4
aggregated_ranked_features_gas-N2_keep-N2_post-prestimulus,mean,30,test,0.7045454545454546,0.7031655422937209,4
aggregated_ranked_features_gas-N2_keep-N2_post-prestimulus,mean,40,train,1.0,1.0,4
aggregated_ranked_features_gas-N2_keep-N2_post-prestimulus,mean,40,val,0.5416666666666666,0.5408695652173914,4
aggregated_ranked_features_gas-N2_keep-N2_post-prestimulus,mean,40,test,0.7045454545454546,0.7031655422937209,4
aggregated_ranked_features_gas-N2_keep-N2_post-prestimulus,mean,50,train,1.0,1.0,4
aggregated_ranked_features_gas-N2_keep-N2_post-prestimulus,mean,50,val,0.625,0.6243478260869566,4
aggregated_ranked_features_gas-N2_keep-N2_post-prestimulus,mean,50,test,0.8863636363636364,0.8858329008822003,4
aggregated_ranked_features_gas-N2_keep-N2_post-prestimulus,mean,60,train,1.0,1.0,4
aggregated_ranked_features_gas-N2_keep-N2_post-prestimulus,mean,60,val,0.7083333333333334,0.7078260869565217,4
aggregated_ranked_features_gas-N2_keep-N2_post-prestimulus,mean,60,test,0.8181818181818182,0.8166666666666667,4
aggregated_ranked_features_gas-N2_keep-N2_post-prestimulus,mean,75,train,1.0,1.0,4
aggregated_ranked_features_gas-N2_keep-N2_post-prestimulus,mean,75,val,0.7083333333333334,0.7078260869565217,4
aggregated_ranked_features_gas-N2_keep-N2_post-prestimulus,mean,75,test,0.8181818181818182,0.8178053830227743,4
aggregated_ranked_features_gas-N2_keep-N2_post-prestimulus,mean,100,train,1.0,1.0,4
aggregated_ranked_features_gas-N2_keep-N2_post-prestimulus,mean,100,val,0.6666666666666666,0.6571428571428571,4
aggregated_ranked_features_gas-N2_keep-N2_post-prestimulus,mean,100,test,0.8181818181818182,0.8166666666666667,4
aggregated_ranked_features_gas-N2_keep-N2_post-prestimulus,mean,150,train,1.0,1.0,4
aggregated_ranked_features_gas-N2_keep-N2_post-prestimulus,mean,150,val,0.75,0.7333333333333334,4
aggregated_ranked_features_gas-N2_keep-N2_post-prestimulus,mean,150,test,0.7727272727272727,0.7649572649572649,4
aggregated_ranked_features_gas-N2_keep-N2_post-prestimulus,mean,200,train,1.0,1.0,4
aggregated_ranked_features_gas-N2_keep-N2_post-prestimulus,mean,200,val,0.7083333333333334,0.6950998185117967,4
aggregated_ranked_features_gas-N2_keep-N2_post-prestimulus,mean,200,test,0.8181818181818182,0.8166666666666667,4
aggregated_ranked_features_gas-N2_keep-N2_post-prestimulus,mean,300,train,1.0,1.0,4
aggregated_ranked_features_gas-N2_keep-N2_post-prestimulus,mean,300,val,0.7916666666666666,0.7822141560798548,4
aggregated_ranked_features_gas-N2_keep-N2_post-prestimulus,mean,300,test,0.7954545454545454,0.7901430842607313,4
aggregated_ranked_features_gas-N2_keep-N2_post-prestimulus,mean,500,train,1.0,1.0,4
aggregated_ranked_features_gas-N2_keep-N2_post-prestimulus,mean,500,val,0.7916666666666666,0.7822141560798548,4
aggregated_ranked_features_gas-N2_keep-N2_post-prestimulus,mean,500,test,0.8181818181818182,0.8147368421052632,4
aggregated_ranked_features_gas-N2_keep-N2_post-prestimulus,mean,782,train,1.0,1.0,4
aggregated_ranked_features_gas-N2_keep-N2_post-prestimulus,mean,782,val,0.7916666666666666,0.7822141560798548,4
aggregated_ranked_features_gas-N2_keep-N2_post-prestimulus,mean,782,test,0.8409090909090909,0.8388278388278387,4
aggregated_ranked_features_gas-N2_keep-N2_post-prestimulus,median,1,train,0.8180147058823529,0.8179107202629097,4
aggregated_ranked_features_gas-N2_keep-N2_post-prestimulus,median,1,val,0.6666666666666666,0.6444444444444444,4
aggregated_ranked_features_gas-N2_keep-N2_post-prestimulus,median,1,test,0.75,0.7390835579514825,4
aggregated_ranked_features_gas-N2_keep-N2_post-prestimulus,median,2,train,0.9981617647058824,0.9981617584942639,4
aggregated_ranked_features_gas-N2_keep-N2_post-prestimulus,median,2,val,0.75,0.7482517482517483,4
aggregated_ranked_features_gas-N2_keep-N2_post-prestimulus,median,2,test,0.6363636363636364,0.6333333333333333,4
aggregated_ranked_features_gas-N2_keep-N2_post-prestimulus,median,3,train,1.0,1.0,4
aggregated_ranked_features_gas-N2_keep-N2_post-prestimulus,median,3,val,0.8333333333333334,0.8321678321678322,4
aggregated_ranked_features_gas-N2_keep-N2_post-prestimulus,median,3,test,0.6590909090909091,0.6502384737678856,4
aggregated_ranked_features_gas-N2_keep-N2_post-prestimulus,median,5,train,1.0,1.0,4
aggregated_ranked_features_gas-N2_keep-N2_post-prestimulus,median,5,val,0.8333333333333334,0.8321678321678322,4
aggregated_ranked_features_gas-N2_keep-N2_post-prestimulus,median,5,test,0.8409090909090909,0.8388278388278387,4
aggregated_ranked_features_gas-N2_keep-N2_post-prestimulus,median,10,train,1.0,1.0,4
aggregated_ranked_features_gas-N2_keep-N2_post-prestimulus,median,10,val,0.625,0.6190476190476191,4
aggregated_ranked_features_gas-N2_keep-N2_post-prestimulus,median,10,test,0.8409090909090909,0.8367779544250133,4
aggregated_ranked_features_gas-N2_keep-N2_post-prestimulus,median,15,train,1.0,1.0,4
aggregated_ranked_features_gas-N2_keep-N2_post-prestimulus,median,15,val,0.6666666666666666,0.6571428571428571,4
aggregated_ranked_features_gas-N2_keep-N2_post-prestimulus,median,15,test,0.8409090909090909,0.8388278388278387,4
aggregated_ranked_features_gas-N2_keep-N2_post-prestimulus,median,20,train,1.0,1.0,4
aggregated_ranked_features_gas-N2_keep-N2_post-prestimulus,median,20,val,0.625,0.6190476190476191,4
aggregated_ranked_features_gas-N2_keep-N2_post-prestimulus,median,20,test,0.7954545454545454,0.7944992215879605,4
aggregated_ranked_features_gas-N2_keep-N2_post-prestimulus,median,30,train,1.0,1.0,4
aggregated_ranked_features_gas-N2_keep-N2_post-prestimulus,median,30,val,0.7083333333333334,0.7078260869565217,4
aggregated_ranked_features_gas-N2_keep-N2_post-prestimulus,median,30,test,0.7727272727272727,0.7649572649572649,4
aggregated_ranked_features_gas-N2_keep-N2_post-prestimulus,median,40,train,1.0,1.0,4
aggregated_ranked_features_gas-N2_keep-N2_post-prestimulus,median,40,val,0.75,0.7428571428571429,4
aggregated_ranked_features_gas-N2_keep-N2_post-prestimulus,median,40,test,0.7272727272727273,0.717948717948718,4
aggregated_ranked_features_gas-N2_keep-N2_post-prestimulus,median,50,train,1.0,1.0,4
aggregated_ranked_features_gas-N2_keep-N2_post-prestimulus,median,50,val,0.7083333333333334,0.6950998185117967,4
aggregated_ranked_features_gas-N2_keep-N2_post-prestimulus,median,50,test,0.7272727272727273,0.717948717948718,4
aggregated_ranked_features_gas-N2_keep-N2_post-prestimulus,median,60,train,1.0,1.0,4
aggregated_ranked_features_gas-N2_keep-N2_post-prestimulus,median,60,val,0.6666666666666666,0.6571428571428571,4
aggregated_ranked_features_gas-N2_keep-N2_post-prestimulus,median,60,test,0.6818181818181818,0.6757894736842105,4
aggregated_ranked_features_gas-N2_keep-N2_post-prestimulus,median,75,train,1.0,1.0,4
aggregated_ranked_features_gas-N2_keep-N2_post-prestimulus,median,75,val,0.7083333333333334,0.6950998185117967,4
aggregated_ranked_features_gas-N2_keep-N2_post-prestimulus,median,75,test,0.7045454545454546,0.6968733439321675,4
aggregated_ranked_features_gas-N2_keep-N2_post-prestimulus,median,100,train,1.0,1.0,4
aggregated_ranked_features_gas-N2_keep-N2_post-prestimulus,median,100,val,0.7916666666666666,0.7822141560798548,4
aggregated_ranked_features_gas-N2_keep-N2_post-prestimulus,median,100,test,0.7727272727272727,0.7649572649572649,4
aggregated_ranked_features_gas-N2_keep-N2_post-prestimulus,median,150,train,1.0,1.0,4
aggregated_ranked_features_gas-N2_keep-N2_post-prestimulus,median,150,val,0.7916666666666666,0.7822141560798548,4
aggregated_ranked_features_gas-N2_keep-N2_post-prestimulus,median,150,test,0.7954545454545454,0.792778649921507,4
aggregated_ranked_features_gas-N2_keep-N2_post-prestimulus,median,200,train,1.0,1.0,4
aggregated_ranked_features_gas-N2_keep-N2_post-prestimulus,median,200,val,0.75,0.7428571428571429,4
aggregated_ranked_features_gas-N2_keep-N2_post-prestimulus,median,200,test,0.8181818181818182,0.8166666666666667,4
aggregated_ranked_features_gas-N2_keep-N2_post-prestimulus,median,300,train,1.0,1.0,4
aggregated_ranked_features_gas-N2_keep-N2_post-prestimulus,median,300,val,0.7083333333333334,0.6812144212523719,4
aggregated_ranked_features_gas-N2_keep-N2_post-prestimulus,median,300,test,0.7954545454545454,0.792778649921507,4
aggregated_ranked_features_gas-N2_keep-N2_post-prestimulus,median,500,train,1.0,1.0,4
aggregated_ranked_features_gas-N2_keep-N2_post-prestimulus,median,500,val,0.75,0.7333333333333334,4
aggregated_ranked_features_gas-N2_keep-N2_post-prestimulus,median,500,test,0.8409090909090909,0.8388278388278387,4
aggregated_ranked_features_gas-N2_keep-N2_post-prestimulus,median,782,train,1.0,1.0,4
aggregated_ranked_features_gas-N2_keep-N2_post-prestimulus,median,782,val,0.7916666666666666,0.7822141560798548,4
aggregated_ranked_features_gas-N2_keep-N2_post-prestimulus,median,782,test,0.8409090909090909,0.8388278388278387,4
aggregated_ranked_features_gas-N2_keep-N2_post-prestimulus,product,1,train,0.8180147058823529,0.8179107202629097,4
aggregated_ranked_features_gas-N2_keep-N2_post-prestimulus,product,1,val,0.6666666666666666,0.6444444444444444,4
aggregated_ranked_features_gas-N2_keep-N2_post-prestimulus,product,1,test,0.75,0.7390835579514825,4
aggregated_ranked_features_gas-N2_keep-N2_post-prestimulus,product,2,train,0.9981617647058824,0.9981617584942639,4
aggregated_ranked_features_gas-N2_keep-N2_post-prestimulus,product,2,val,0.7916666666666666,0.791304347826087,4
aggregated_ranked_features_gas-N2_keep-N2_post-prestimulus,product,2,test,0.7727272727272727,0.7649572649572649,4
aggregated_ranked_features_gas-N2_keep-N2_post-prestimulus,product,3,train,1.0,1.0,4
aggregated_ranked_features_gas-N2_keep-N2_post-prestimulus,product,3,val,0.6666666666666666,0.6643356643356644,4
aggregated_ranked_features_gas-N2_keep-N2_post-prestimulus,product,3,test,0.7727272727272727,0.7603485838779956,4
aggregated_ranked_features_gas-N2_keep-N2_post-prestimulus,product,5,train,1.0,1.0,4
aggregated_ranked_features_gas-N2_keep-N2_post-prestimulus,product,5,val,0.8333333333333334,0.8321678321678322,4
aggregated_ranked_features_gas-N2_keep-N2_post-prestimulus,product,5,test,0.7954545454545454,0.7901430842607313,4
aggregated_ranked_features_gas-N2_keep-N2_post-prestimulus,product,10,train,1.0,1.0,4
aggregated_ranked_features_gas-N2_keep-N2_post-prestimulus,product,10,val,0.75,0.7482517482517483,4
aggregated_ranked_features_gas-N2_keep-N2_post-prestimulus,product,10,test,0.8863636363636364,0.8848770277341707,4
aggregated_ranked_features_gas-N2_keep-N2_post-prestimulus,product,15,train,1.0,1.0,4
aggregated_ranked_features_gas-N2_keep-N2_post-prestimulus,product,15,val,0.6666666666666666,0.6571428571428571,4
aggregated_ranked_features_gas-N2_keep-N2_post-prestimulus,product,15,test,0.8636363636363636,0.8625,4
aggregated_ranked_features_gas-N2_keep-N2_post-prestimulus,product,20,train,1.0,1.0,4
aggregated_ranked_features_gas-N2_keep-N2_post-prestimulus,product,20,val,0.6666666666666666,0.6643356643356644,4
aggregated_ranked_features_gas-N2_keep-N2_post-prestimulus,product,20,test,0.8409090909090909,0.8401660612350804,4
aggregated_ranked_features_gas-N2_keep-N2_post-prestimulus,product,30,train,1.0,1.0,4
aggregated_ranked_features_gas-N2_keep-N2_post-prestimulus,product,30,val,0.75,0.7428571428571429,4
aggregated_ranked_features_gas-N2_keep-N2_post-prestimulus,product,30,test,0.5681818181818182,0.5679586563307493,4
aggregated_ranked_features_gas-N2_keep-N2_post-prestimulus,product,40,train,1.0,1.0,4
aggregated_ranked_features_gas-N2_keep-N2_post-prestimulus,product,40,val,0.6666666666666666,0.6643356643356644,4
aggregated_ranked_features_gas-N2_keep-N2_post-prestimulus,product,40,test,0.7272727272727273,0.7221052631578948,4
aggregated_ranked_features_gas-N2_keep-N2_post-prestimulus,product,50,train,1.0,1.0,4
aggregated_ranked_features_gas-N2_keep-N2_post-prestimulus,product,50,val,0.75,0.7428571428571429,4
aggregated_ranked_features_gas-N2_keep-N2_post-prestimulus,product,50,test,0.75,0.7467294610151753,4
aggregated_ranked_features_gas-N2_keep-N2_post-prestimulus,product,60,train,1.0,1.0,4
aggregated_ranked_features_gas-N2_keep-N2_post-prestimulus,product,60,val,0.75,0.7428571428571429,4
aggregated_ranked_features_gas-N2_keep-N2_post-prestimulus,product,60,test,0.75,0.7467294610151753,4
aggregated_ranked_features_gas-N2_keep-N2_post-prestimulus,product,75,train,1.0,1.0,4
aggregated_ranked_features_gas-N2_keep-N2_post-prestimulus,product,75,val,0.7083333333333334,0.7037037037037037,4
aggregated_ranked_features_gas-N2_keep-N2_post-prestimulus,product,75,test,0.7727272727272727,0.7684210526315789,4
aggregated_ranked_features_gas-N2_keep-N2_post-prestimulus,product,100,train,1.0,1.0,4
aggregated_ranked_features_gas-N2_keep-N2_post-prestimulus,product,100,val,0.7083333333333334,0.7037037037037037,4
aggregated_ranked_features_gas-N2_keep-N2_post-prestimulus,product,100,test,0.7727272727272727,0.7684210526315789,4
aggregated_ranked_features_gas-N2_keep-N2_post-prestimulus,product,150,train,1.0,1.0,4
aggregated_ranked_features_gas-N2_keep-N2_post-prestimulus,product,150,val,0.7083333333333334,0.7037037037037037,4
aggregated_ranked_features_gas-N2_keep-N2_post-prestimulus,product,150,test,0.7954545454545454,0.792778649921507,4
aggregated_ranked_features_gas-N2_keep-N2_post-prestimulus,product,200,train,1.0,1.0,4
aggregated_ranked_features_gas-N2_keep-N2_post-prestimulus,product,200,val,0.75,0.7333333333333334,4
aggregated_ranked_features_gas-N2_keep-N2_post-prestimulus,product,200,test,0.8409090909090909,0.8367779544250133,4
aggregated_ranked_features_gas-N2_keep-N2_post-prestimulus,product,300,train,1.0,1.0,4
aggregated_ranked_features_gas-N2_keep-N2_post-prestimulus,product,300,val,0.75,0.7333333333333334,4
aggregated_ranked_features_gas-N2_keep-N2_post-prestimulus,product,300,test,0.8181818181818182,0.8147368421052632,4
aggregated_ranked_features_gas-N2_keep-N2_post-prestimulus,product,500,train,1.0,1.0,4
aggregated_ranked_features_gas-N2_keep-N2_post-prestimulus,product,500,val,0.75,0.7333333333333334,4
aggregated_ranked_features_gas-N2_keep-N2_post-prestimulus,product,500,test,0.8181818181818182,0.8147368421052632,4
aggregated_ranked_features_gas-N2_keep-N2_post-prestimulus,product,782,train,1.0,1.0,4
aggregated_ranked_features_gas-N2_keep-N2_post-prestimulus,product,782,val,0.7916666666666666,0.7822141560798548,4
aggregated_ranked_features_gas-N2_keep-N2_post-prestimulus,product,782,test,0.8181818181818182,0.8147368421052632,4
aggregated_ranked_features_gas-N2_keep-N2_post-prestimulus,all_features,782,train,1.0,1.0,4
aggregated_ranked_features_gas-N2_keep-N2_post-prestimulus,all_features,782,val,0.7916666666666666,0.7822141560798548,4
aggregated_ranked_features_gas-N2_keep-N2_post-prestimulus,all_features,782,test,0.8181818181818182,0.8147368421052632,4
aggregated_ranked_features_gas-N2_keep-N2_post-prestimulus,mean,1,train,0.8495370370370371,0.8494975211041136,5
aggregated_ranked_features_gas-N2_keep-N2_post-prestimulus,mean,1,val,0.5441176470588235,0.537719298245614,5
aggregated_ranked_features_gas-N2_keep-N2_post-prestimulus,mean,1,test,0.7272727272727273,0.7124183006535948,5
aggregated_ranked_features_gas-N2_keep-N2_post-prestimulus,mean,2,train,0.9976851851851852,0.9976851727814899,5
aggregated_ranked_features_gas-N2_keep-N2_post-prestimulus,mean,2,val,0.5808823529411765,0.580315088517135,5
aggregated_ranked_features_gas-N2_keep-N2_post-prestimulus,mean,2,test,0.7727272727272727,0.7649572649572649,5
aggregated_ranked_features_gas-N2_keep-N2_post-prestimulus,mean,3,train,0.9976851851851852,0.9976851727814899,5
aggregated_ranked_features_gas-N2_keep-N2_post-prestimulus,mean,3,val,0.5955882352941176,0.5953913560880619,5
aggregated_ranked_features_gas-N2_keep-N2_post-prestimulus,mean,3,test,0.75,0.7435082140964494,5
aggregated_ranked_features_gas-N2_keep-N2_post-prestimulus,mean,5,train,0.9976851851851852,0.9976851727814899,5
aggregated_ranked_features_gas-N2_keep-N2_post-prestimulus,mean,5,val,0.5220588235294118,0.5218261481040731,5
aggregated_ranked_features_gas-N2_keep-N2_post-prestimulus,mean,5,test,0.8409090909090909,0.8401660612350804,5
aggregated_ranked_features_gas-N2_keep-N2_post-prestimulus,mean,10,train,1.0,1.0,5
aggregated_ranked_features_gas-N2_keep-N2_post-prestimulus,mean,10,val,0.5514705882352942,0.5508635157814954,5
aggregated_ranked_features_gas-N2_keep-N2_post-prestimulus,mean,10,test,0.6136363636363636,0.6134366925064599,5
aggregated_ranked_features_gas-N2_keep-N2_post-prestimulus,mean,15,train,1.0,1.0,5
aggregated_ranked_features_gas-N2_keep-N2_post-prestimulus,mean,15,val,0.5294117647058824,0.5294117647058824,5
aggregated_ranked_features_gas-N2_keep-N2_post-prestimulus,mean,15,test,0.6818181818181818,0.6791666666666667,5
aggregated_ranked_features_gas-N2_keep-N2_post-prestimulus,mean,20,train,1.0,1.0,5
aggregated_ranked_features_gas-N2_keep-N2_post-prestimulus,mean,20,val,0.5514705882352942,0.5512522312976686,5
aggregated_ranked_features_gas-N2_keep-N2_post-prestimulus,mean,20,test,0.6818181818181818,0.681159420289855,5
aggregated_ranked_features_gas-N2_keep-N2_post-prestimulus,mean,30,train,1.0,1.0,5
aggregated_ranked_features_gas-N2_keep-N2_post-prestimulus,mean,30,val,0.5588235294117647,0.5540983606557377,5
aggregated_ranked_features_gas-N2_keep-N2_post-prestimulus,mean,30,test,0.8409090909090909,0.8401660612350804,5
aggregated_ranked_features_gas-N2_keep-N2_post-prestimulus,mean,40,train,1.0,1.0,5
aggregated_ranked_features_gas-N2_keep-N2_post-prestimulus,mean,40,val,0.5882352941176471,0.579133510167993,5
aggregated_ranked_features_gas-N2_keep-N2_post-prestimulus,mean,40,test,0.8409090909090909,0.8401660612350804,5
aggregated_ranked_features_gas-N2_keep-N2_post-prestimulus,mean,50,train,1.0,1.0,5
aggregated_ranked_features_gas-N2_keep-N2_post-prestimulus,mean,50,val,0.625,0.6190476190476191,5
aggregated_ranked_features_gas-N2_keep-N2_post-prestimulus,mean,50,test,0.8409090909090909,0.8401660612350804,5
aggregated_ranked_features_gas-N2_keep-N2_post-prestimulus,mean,60,train,1.0,1.0,5
aggregated_ranked_features_gas-N2_keep-N2_post-prestimulus,mean,60,val,0.5955882352941176,0.5875379101185553,5
aggregated_ranked_features_gas-N2_keep-N2_post-prestimulus,mean,60,test,0.8636363636363636,0.8633540372670807,5
aggregated_ranked_features_gas-N2_keep-N2_post-prestimulus,mean,75,train,1.0,1.0,5
aggregated_ranked_features_gas-N2_keep-N2_post-prestimulus,mean,75,val,0.6029411764705882,0.5958617653532907,5
aggregated_ranked_features_gas-N2_keep-N2_post-prestimulus,mean,75,test,0.8409090909090909,0.8388278388278387,5
aggregated_ranked_features_gas-N2_keep-N2_post-prestimulus,mean,100,train,1.0,1.0,5
aggregated_ranked_features_gas-N2_keep-N2_post-prestimulus,mean,100,val,0.5955882352941176,0.5918590058383806,5
aggregated_ranked_features_gas-N2_keep-N2_post-prestimulus,mean,100,test,0.8636363636363636,0.8625,5
aggregated_ranked_features_gas-N2_keep-N2_post-prestimulus,mean,150,train,1.0,1.0,5
aggregated_ranked_features_gas-N2_keep-N2_post-prestimulus,mean,150,val,0.5808823529411765,0.5742296918767507,5
aggregated_ranked_features_gas-N2_keep-N2_post-prestimulus,mean,150,test,0.8181818181818182,0.8147368421052632,5
aggregated_ranked_features_gas-N2_keep-N2_post-prestimulus,mean,200,train,1.0,1.0,5
aggregated_ranked_features_gas-N2_keep-N2_post-prestimulus,mean,200,val,0.6397058823529411,0.6373333333333333,5
aggregated_ranked_features_gas-N2_keep-N2_post-prestimulus,mean,200,test,0.8636363636363636,0.8625,5
aggregated_ranked_features_gas-N2_keep-N2_post-prestimulus,mean,300,train,1.0,1.0,5
aggregated_ranked_features_gas-N2_keep-N2_post-prestimulus,mean,300,val,0.6102941176470589,0.6085799619875102,5
aggregated_ranked_features_gas-N2_keep-N2_post-prestimulus,mean,300,test,0.8409090909090909,0.8388278388278387,5
aggregated_ranked_features_gas-N2_keep-N2_post-prestimulus,mean,500,train,1.0,1.0,5
aggregated_ranked_features_gas-N2_keep-N2_post-prestimulus,mean,500,val,0.5661764705882353,0.5655893021493151,5
aggregated_ranked_features_gas-N2_keep-N2_post-prestimulus,mean,500,test,0.8409090909090909,0.8388278388278387,5
aggregated_ranked_features_gas-N2_keep-N2_post-prestimulus,mean,782,train,1.0,1.0,5
aggregated_ranked_features_gas-N2_keep-N2_post-prestimulus,mean,782,val,0.6029411764705882,0.6015625,5
aggregated_ranked_features_gas-N2_keep-N2_post-prestimulus,mean,782,test,0.8636363636363636,0.8625,5
aggregated_ranked_features_gas-N2_keep-N2_post-prestimulus,median,1,train,0.8680555555555556,0.8680548485449275,5
aggregated_ranked_features_gas-N2_keep-N2_post-prestimulus,median,1,val,0.5661764705882353,0.560834108696842,5
aggregated_ranked_features_gas-N2_keep-N2_post-prestimulus,median,1,test,0.7954545454545454,0.7901430842607313,5
aggregated_ranked_features_gas-N2_keep-N2_post-prestimulus,median,2,train,1.0,1.0,5
aggregated_ranked_features_gas-N2_keep-N2_post-prestimulus,median,2,val,0.5735294117647058,0.5726977248104008,5
aggregated_ranked_features_gas-N2_keep-N2_post-prestimulus,median,2,test,0.7272727272727273,0.7221052631578948,5
aggregated_ranked_features_gas-N2_keep-N2_post-prestimulus,median,3,train,1.0,1.0,5
aggregated_ranked_features_gas-N2_keep-N2_post-prestimulus,median,3,val,0.6029411764705882,0.6021668472372698,5
aggregated_ranked_features_gas-N2_keep-N2_post-prestimulus,median,3,test,0.7727272727272727,0.7649572649572649,5
aggregated_ranked_features_gas-N2_keep-N2_post-prestimulus,median,5,train,1.0,1.0,5
aggregated_ranked_features_gas-N2_keep-N2_post-prestimulus,median,5,val,0.5882352941176471,0.5824561403508772,5
aggregated_ranked_features_gas-N2_keep-N2_post-prestimulus,median,5,test,0.8636363636363636,0.8625,5
aggregated_ranked_features_gas-N2_keep-N2_post-prestimulus,median,10,train,1.0,1.0,5
aggregated_ranked_features_gas-N2_keep-N2_post-prestimulus,median,10,val,0.5588235294117647,0.5572916666666667,5
aggregated_ranked_features_gas-N2_keep-N2_post-prestimulus,median,10,test,0.8863636363636364,0.8848770277341707,5
aggregated_ranked_features_gas-N2_keep-N2_post-prestimulus,median,15,train,1.0,1.0,5
aggregated_ranked_features_gas-N2_keep-N2_post-prestimulus,median,15,val,0.5735294117647058,0.5712111328549685,5
aggregated_ranked_features_gas-N2_keep-N2_post-prestimulus,median,15,test,0.8636363636363636,0.8633540372670807,5
aggregated_ranked_features_gas-N2_keep-N2_post-prestimulus,median,20,train,1.0,1.0,5
aggregated_ranked_features_gas-N2_keep-N2_post-prestimulus,median,20,val,0.5588235294117647,0.5553618134263296,5
aggregated_ranked_features_gas-N2_keep-N2_post-prestimulus,median,20,test,0.8863636363636364,0.8858329008822003,5
aggregated_ranked_features_gas-N2_keep-N2_post-prestimulus,median,30,train,1.0,1.0,5
aggregated_ranked_features_gas-N2_keep-N2_post-prestimulus,median,30,val,0.6176470588235294,0.612280701754386,5
aggregated_ranked_features_gas-N2_keep-N2_post-prestimulus,median,30,test,0.8409090909090909,0.8401660612350804,5
aggregated_ranked_features_gas-N2_keep-N2_post-prestimulus,median,40,train,1.0,1.0,5
aggregated_ranked_features_gas-N2_keep-N2_post-prestimulus,median,40,val,0.6176470588235294,0.613551912568306,5
aggregated_ranked_features_gas-N2_keep-N2_post-prestimulus,median,40,test,0.8181818181818182,0.8166666666666667,5
aggregated_ranked_features_gas-N2_keep-N2_post-prestimulus,median,50,train,1.0,1.0,5
aggregated_ranked_features_gas-N2_keep-N2_post-prestimulus,median,50,val,0.6102941176470589,0.604108309990663,5
aggregated_ranked_features_gas-N2_keep-N2_post-prestimulus,median,50,test,0.8636363636363636,0.8625,5
aggregated_ranked_features_gas-N2_keep-N2_post-prestimulus,median,60,train,1.0,1.0,5
aggregated_ranked_features_gas-N2_keep-N2_post-prestimulus,median,60,val,0.6102941176470589,0.6054950467954683,5
aggregated_ranked_features_gas-N2_keep-N2_post-prestimulus,median,60,test,0.8409090909090909,0.8388278388278387,5
aggregated_ranked_features_gas-N2_keep-N2_post-prestimulus,median,75,train,1.0,1.0,5
aggregated_ranked_features_gas-N2_keep-N2_post-prestimulus,median,75,val,0.5955882352941176,0.5918590058383806,5
aggregated_ranked_features_gas-N2_keep-N2_post-prestimulus,median,75,test,0.8181818181818182,0.8147368421052632,5
aggregated_ranked_features_gas-N2_keep-N2_post-prestimulus,median,100,train,1.0,1.0,5
aggregated_ranked_features_gas-N2_keep-N2_post-prestimulus,median,100,val,0.6102941176470589,0.6067004965351667,5
aggregated_ranked_features_gas-N2_keep-N2_post-prestimulus,median,100,test,0.8636363636363636,0.8610526315789473,5
aggregated_ranked_features_gas-N2_keep-N2_post-prestimulus,median,150,train,1.0,1.0,5
aggregated_ranked_features_gas-N2_keep-N2_post-prestimulus,median,150,val,0.5955882352941176,0.5929251700680273,5
aggregated_ranked_features_gas-N2_keep-N2_post-prestimulus,median,150,test,0.8636363636363636,0.8625,5
aggregated_ranked_features_gas-N2_keep-N2_post-prestimulus,median,200,train,1.0,1.0,5
aggregated_ranked_features_gas-N2_keep-N2_post-prestimulus,median,200,val,0.6102941176470589,0.6077278911564625,5
aggregated_ranked_features_gas-N2_keep-N2_post-prestimulus,median,200,test,0.8636363636363636,0.8625,5
aggregated_ranked_features_gas-N2_keep-N2_post-prestimulus,median,300,train,1.0,1.0,5
aggregated_ranked_features_gas-N2_keep-N2_post-prestimulus,median,300,val,0.5661764705882353,0.5642682595710019,5
aggregated_ranked_features_gas-N2_keep-N2_post-prestimulus,median,300,test,0.9090909090909091,0.9089026915113871,5
aggregated_ranked_features_gas-N2_keep-N2_post-prestimulus,median,500,train,1.0,1.0,5
aggregated_ranked_features_gas-N2_keep-N2_post-prestimulus,median,500,val,0.5955882352941176,0.5938093945153408,5
aggregated_ranked_features_gas-N2_keep-N2_post-prestimulus,median,500,test,0.8636363636363636,0.8625,5
aggregated_ranked_features_gas-N2_keep-N2_post-prestimulus,median,782,train,1.0,1.0,5
aggregated_ranked_features_gas-N2_keep-N2_post-prestimulus,median,782,val,0.5955882352941176,0.5938093945153408,5
aggregated_ranked_features_gas-N2_keep-N2_post-prestimulus,median,782,test,0.8409090909090909,0.8388278388278387,5
aggregated_ranked_features_gas-N2_keep-N2_post-prestimulus,product,1,train,0.8680555555555556,0.8680548485449275,5
aggregated_ranked_features_gas-N2_keep-N2_post-prestimulus,product,1,val,0.5661764705882353,0.560834108696842,5
aggregated_ranked_features_gas-N2_keep-N2_post-prestimulus,product,1,test,0.7954545454545454,0.7901430842607313,5
aggregated_ranked_features_gas-N2_keep-N2_post-prestimulus,product,2,train,1.0,1.0,5
aggregated_ranked_features_gas-N2_keep-N2_post-prestimulus,product,2,val,0.5588235294117647,0.5526315789473684,5
aggregated_ranked_features_gas-N2_keep-N2_post-prestimulus,product,2,test,0.8181818181818182,0.811965811965812,5
aggregated_ranked_features_gas-N2_keep-N2_post-prestimulus,product,3,train,1.0,1.0,5
aggregated_ranked_features_gas-N2_keep-N2_post-prestimulus,product,3,val,0.5882352941176471,0.5868055555555556,5
aggregated_ranked_features_gas-N2_keep-N2_post-prestimulus,product,3,test,0.8409090909090909,0.8367779544250133,5
aggregated_ranked_features_gas-N2_keep-N2_post-prestimulus,product,5,train,1.0,1.0,5
aggregated_ranked_features_gas-N2_keep-N2_post-prestimulus,product,5,val,0.5882352941176471,0.5824561403508772,5
aggregated_ranked_features_gas-N2_keep-N2_post-prestimulus,product,5,test,0.8636363636363636,0.8625,5
aggregated_ranked_features_gas-N2_keep-N2_post-prestimulus,product,10,train,1.0,1.0,5
aggregated_ranked_features_gas-N2_keep-N2_post-prestimulus,product,10,val,0.5735294117647058,0.5712111328549685,5
aggregated_ranked_features_gas-N2_keep-N2_post-prestimulus,product,10,test,0.8636363636363636,0.8625,5
aggregated_ranked_features_gas-N2_keep-N2_post-prestimulus,product,15,train,1.0,1.0,5
aggregated_ranked_features_gas-N2_keep-N2_post-prestimulus,product,15,val,0.5441176470588235,0.537719298245614,5
aggregated_ranked_features_gas-N2_keep-N2_post-prestimulus,product,15,test,0.8409090909090909,0.8388278388278387,5
aggregated_ranked_features_gas-N2_keep-N2_post-prestimulus,product,20,train,1.0,1.0,5
aggregated_ranked_features_gas-N2_keep-N2_post-prestimulus,product,20,val,0.5514705882352942,0.5494976920988325,5
aggregated_ranked_features_gas-N2_keep-N2_post-prestimulus,product,20,test,0.8409090909090909,0.8388278388278387,5
aggregated_ranked_features_gas-N2_keep-N2_post-prestimulus,product,30,train,1.0,1.0,5
aggregated_ranked_features_gas-N2_keep-N2_post-prestimulus,product,30,val,0.6176470588235294,0.6091954022988506,5
aggregated_ranked_features_gas-N2_keep-N2_post-prestimulus,product,30,test,0.8409090909090909,0.8401660612350804,5
aggregated_ranked_features_gas-N2_keep-N2_post-prestimulus,product,40,train,1.0,1.0,5
aggregated_ranked_features_gas-N2_keep-N2_post-prestimulus,product,40,val,0.6176470588235294,0.612280701754386,5
aggregated_ranked_features_gas-N2_keep-N2_post-prestimulus,product,40,test,0.8636363636363636,0.8633540372670807,5
aggregated_ranked_features_gas-N2_keep-N2_post-prestimulus,product,50,train,1.0,1.0,5
aggregated_ranked_features_gas-N2_keep-N2_post-prestimulus,product,50,val,0.6397058823529411,0.6352690055278858,5
aggregated_ranked_features_gas-N2_keep-N2_post-prestimulus,product,50,test,0.8409090909090909,0.8401660612350804,5
aggregated_ranked_features_gas-N2_keep-N2_post-prestimulus,product,60,train,1.0,1.0,5
aggregated_ranked_features_gas-N2_keep-N2_post-prestimulus,product,60,val,0.6397058823529411,0.6352690055278858,5
aggregated_ranked_features_gas-N2_keep-N2_post-prestimulus,product,60,test,0.8409090909090909,0.8401660612350804,5
aggregated_ranked_features_gas-N2_keep-N2_post-prestimulus,product,75,train,1.0,1.0,5
aggregated_ranked_features_gas-N2_keep-N2_post-prestimulus,product,75,val,0.5882352941176471,0.5824561403508772,5
aggregated_ranked_features_gas-N2_keep-N2_post-prestimulus,product,75,test,0.8409090909090909,0.8401660612350804,5
aggregated_ranked_features_gas-N2_keep-N2_post-prestimulus,product,100,train,1.0,1.0,5
aggregated_ranked_features_gas-N2_keep-N2_post-prestimulus,product,100,val,0.5955882352941176,0.5891690009337067,5
aggregated_ranked_features_gas-N2_keep-N2_post-prestimulus,product,100,test,0.8181818181818182,0.8166666666666667,5
aggregated_ranked_features_gas-N2_keep-N2_post-prestimulus,product,150,train,1.0,1.0,5
aggregated_ranked_features_gas-N2_keep-N2_post-prestimulus,product,150,val,0.6029411764705882,0.5973684210526315,5
aggregated_ranked_features_gas-N2_keep-N2_post-prestimulus,product,150,test,0.8409090909090909,0.8388278388278387,5
aggregated_ranked_features_gas-N2_keep-N2_post-prestimulus,product,200,train,1.0,1.0,5
aggregated_ranked_features_gas-N2_keep-N2_post-prestimulus,product,200,val,0.6102941176470589,0.604108309990663,5
aggregated_ranked_features_gas-N2_keep-N2_post-prestimulus,product,200,test,0.8409090909090909,0.8388278388278387,5
aggregated_ranked_features_gas-N2_keep-N2_post-prestimulus,product,300,train,1.0,1.0,5
aggregated_ranked_features_gas-N2_keep-N2_post-prestimulus,product,300,val,0.5808823529411765,0.5781224489795919,5
aggregated_ranked_features_gas-N2_keep-N2_post-prestimulus,product,300,test,0.8636363636363636,0.8625,5
aggregated_ranked_features_gas-N2_keep-N2_post-prestimulus,product,500,train,1.0,1.0,5
aggregated_ranked_features_gas-N2_keep-N2_post-prestimulus,product,500,val,0.5808823529411765,0.580315088517135,5
aggregated_ranked_features_gas-N2_keep-N2_post-prestimulus,product,500,test,0.8636363636363636,0.8625,5
aggregated_ranked_features_gas-N2_keep-N2_post-prestimulus,product,782,train,1.0,1.0,5
aggregated_ranked_features_gas-N2_keep-N2_post-prestimulus,product,782,val,0.5955882352941176,0.5938093945153408,5
aggregated_ranked_features_gas-N2_keep-N2_post-prestimulus,product,782,test,0.8409090909090909,0.8388278388278387,5
aggregated_ranked_features_gas-N2_keep-N2_post-prestimulus,all_features,782,train,1.0,1.0,5
aggregated_ranked_features_gas-N2_keep-N2_post-prestimulus,all_features,782,val,0.5661764705882353,0.565024123163658,5
aggregated_ranked_features_gas-N2_keep-N2_post-prestimulus,all_features,782,test,0.8863636363636364,0.8858329008822003,5
