fold,accuracy
0,0.5892857142857143
1,0.5128865979381443
2,0.4635416666666667
3,0.5179640718562875
4,0.4807692307692308
5,0.49193548387096775
