source,approach,n_features,split,accuracy,f1_score
aggregated_ranked_features_gas-CO2_keep-CO2_post-prestimulus,mean,1,train,0.6858006042296072,0.6857891325976433
aggregated_ranked_features_gas-CO2_keep-CO2_post-prestimulus,mean,1,val,0.5472972972972973,0.5471112126056177
aggregated_ranked_features_gas-CO2_keep-CO2_post-prestimulus,mean,1,test,0.5441176470588235,0.5405405405405406
aggregated_ranked_features_gas-CO2_keep-CO2_post-prestimulus,mean,2,train,0.7552870090634441,0.7549089512944274
aggregated_ranked_features_gas-CO2_keep-CO2_post-prestimulus,mean,2,val,0.5405405405405406,0.5375
aggregated_ranked_features_gas-CO2_keep-CO2_post-prestimulus,mean,2,test,0.5441176470588235,0.5392349726775956
aggregated_ranked_features_gas-CO2_keep-CO2_post-prestimulus,mean,3,train,0.8126888217522659,0.8126460706982179
aggregated_ranked_features_gas-CO2_keep-CO2_post-prestimulus,mean,3,val,0.5337837837837838,0.5335921443251884
aggregated_ranked_features_gas-CO2_keep-CO2_post-prestimulus,mean,3,test,0.5882352941176471,0.5878787878787879
aggregated_ranked_features_gas-CO2_keep-CO2_post-prestimulus,mean,4,train,0.8202416918429003,0.8202380001597316
aggregated_ranked_features_gas-CO2_keep-CO2_post-prestimulus,mean,4,val,0.5608108108108109,0.5591806809329607
aggregated_ranked_features_gas-CO2_keep-CO2_post-prestimulus,mean,4,test,0.6691176470588235,0.6689565640720506
aggregated_ranked_features_gas-CO2_keep-CO2_post-prestimulus,mean,5,train,0.8202416918429003,0.8202412816633694
aggregated_ranked_features_gas-CO2_keep-CO2_post-prestimulus,mean,5,val,0.5945945945945946,0.5934065934065934
aggregated_ranked_features_gas-CO2_keep-CO2_post-prestimulus,mean,5,test,0.6691176470588235,0.6689565640720506
aggregated_ranked_features_gas-CO2_keep-CO2_post-prestimulus,mean,6,train,0.8353474320241692,0.8353440505664769
aggregated_ranked_features_gas-CO2_keep-CO2_post-prestimulus,mean,6,val,0.6081081081081081,0.6074629595756356
aggregated_ranked_features_gas-CO2_keep-CO2_post-prestimulus,mean,6,test,0.7058823529411765,0.7056277056277056
aggregated_ranked_features_gas-CO2_keep-CO2_post-prestimulus,mean,7,train,0.8383685800604229,0.8383682112435338
aggregated_ranked_features_gas-CO2_keep-CO2_post-prestimulus,mean,7,val,0.6148648648648649,0.6140013726835964
aggregated_ranked_features_gas-CO2_keep-CO2_post-prestimulus,mean,7,test,0.6691176470588235,0.668669806724054
aggregated_ranked_features_gas-CO2_keep-CO2_post-prestimulus,mean,8,train,0.8549848942598187,0.8549835706462212
aggregated_ranked_features_gas-CO2_keep-CO2_post-prestimulus,mean,8,val,0.5945945945945946,0.5934065934065934
aggregated_ranked_features_gas-CO2_keep-CO2_post-prestimulus,mean,8,test,0.6617647058823529,0.6614718614718614
aggregated_ranked_features_gas-CO2_keep-CO2_post-prestimulus,mean,9,train,0.8595166163141994,0.8595137312172694
aggregated_ranked_features_gas-CO2_keep-CO2_post-prestimulus,mean,9,val,0.6283783783783784,0.6275451841683826
aggregated_ranked_features_gas-CO2_keep-CO2_post-prestimulus,mean,9,test,0.6323529411764706,0.6310763888888888
aggregated_ranked_features_gas-CO2_keep-CO2_post-prestimulus,mean,10,train,0.8595166163141994,0.8595137312172694
aggregated_ranked_features_gas-CO2_keep-CO2_post-prestimulus,mean,10,val,0.6216216216216216,0.6205128205128205
aggregated_ranked_features_gas-CO2_keep-CO2_post-prestimulus,mean,10,test,0.6397058823529411,0.638121096931849
aggregated_ranked_features_gas-CO2_keep-CO2_post-prestimulus,mean,11,train,0.8595166163141994,0.8595162957537257
aggregated_ranked_features_gas-CO2_keep-CO2_post-prestimulus,mean,11,val,0.6418918918918919,0.6410889956531687
aggregated_ranked_features_gas-CO2_keep-CO2_post-prestimulus,mean,11,test,0.6764705882352942,0.6761904761904762
aggregated_ranked_features_gas-CO2_keep-CO2_post-prestimulus,mean,12,train,0.8625377643504532,0.8625299222534851
aggregated_ranked_features_gas-CO2_keep-CO2_post-prestimulus,mean,12,val,0.6486486486486487,0.6470372408732343
aggregated_ranked_features_gas-CO2_keep-CO2_post-prestimulus,mean,12,test,0.7132352941176471,0.7132197891321979
aggregated_ranked_features_gas-CO2_keep-CO2_post-prestimulus,mean,13,train,0.8761329305135952,0.8761284080433016
aggregated_ranked_features_gas-CO2_keep-CO2_post-prestimulus,mean,13,val,0.6418918918918919,0.6410889956531687
aggregated_ranked_features_gas-CO2_keep-CO2_post-prestimulus,mean,13,test,0.6985294117647058,0.6985131116517977
aggregated_ranked_features_gas-CO2_keep-CO2_post-prestimulus,mean,14,train,0.8836858006042296,0.8836855351939449
aggregated_ranked_features_gas-CO2_keep-CO2_post-prestimulus,mean,14,val,0.6554054054054054,0.6534912546481201
aggregated_ranked_features_gas-CO2_keep-CO2_post-prestimulus,mean,14,test,0.6911764705882353,0.6909090909090909
aggregated_ranked_features_gas-CO2_keep-CO2_post-prestimulus,mean,15,train,0.8851963746223565,0.8851953267615918
aggregated_ranked_features_gas-CO2_keep-CO2_post-prestimulus,mean,15,val,0.6486486486486487,0.6476190476190475
aggregated_ranked_features_gas-CO2_keep-CO2_post-prestimulus,mean,15,test,0.7132352941176471,0.7130956888624438
aggregated_ranked_features_gas-CO2_keep-CO2_post-prestimulus,mean,16,train,0.8851963746223565,0.8851953267615918
aggregated_ranked_features_gas-CO2_keep-CO2_post-prestimulus,mean,16,val,0.6418918918918919,0.6405627090684141
aggregated_ranked_features_gas-CO2_keep-CO2_post-prestimulus,mean,16,test,0.7132352941176471,0.7128471658275134
aggregated_ranked_features_gas-CO2_keep-CO2_post-prestimulus,mean,17,train,0.8821752265861027,0.8821752265861027
aggregated_ranked_features_gas-CO2_keep-CO2_post-prestimulus,mean,17,val,0.6486486486486487,0.6483918128654971
aggregated_ranked_features_gas-CO2_keep-CO2_post-prestimulus,mean,17,test,0.7132352941176471,0.7128471658275134
aggregated_ranked_features_gas-CO2_keep-CO2_post-prestimulus,mean,18,train,0.8897280966767371,0.8897258320307597
aggregated_ranked_features_gas-CO2_keep-CO2_post-prestimulus,mean,18,val,0.6486486486486487,0.6480702396195355
aggregated_ranked_features_gas-CO2_keep-CO2_post-prestimulus,mean,18,test,0.7279411764705882,0.7275729521953331
aggregated_ranked_features_gas-CO2_keep-CO2_post-prestimulus,mean,19,train,0.8897280966767371,0.8897278450539997
aggregated_ranked_features_gas-CO2_keep-CO2_post-prestimulus,mean,19,val,0.6351351351351351,0.6345344796049022
aggregated_ranked_features_gas-CO2_keep-CO2_post-prestimulus,mean,19,test,0.7205882352941176,0.7205277958035907
aggregated_ranked_features_gas-CO2_keep-CO2_post-prestimulus,mean,20,train,0.8867069486404834,0.8867066901239723
aggregated_ranked_features_gas-CO2_keep-CO2_post-prestimulus,mean,20,val,0.6486486486486487,0.6483918128654971
aggregated_ranked_features_gas-CO2_keep-CO2_post-prestimulus,mean,20,test,0.7279411764705882,0.7278087304592415
aggregated_ranked_features_gas-CO2_keep-CO2_post-prestimulus,mean,21,train,0.8882175226586103,0.8882175226586103
aggregated_ranked_features_gas-CO2_keep-CO2_post-prestimulus,mean,21,val,0.6418918918918919,0.6414827003062298
aggregated_ranked_features_gas-CO2_keep-CO2_post-prestimulus,mean,21,test,0.7205882352941176,0.7203463203463203
aggregated_ranked_features_gas-CO2_keep-CO2_post-prestimulus,mean,22,train,0.8851963746223565,0.8851953267615918
aggregated_ranked_features_gas-CO2_keep-CO2_post-prestimulus,mean,22,val,0.6351351351351351,0.6348684210526316
aggregated_ranked_features_gas-CO2_keep-CO2_post-prestimulus,mean,22,test,0.7058823529411765,0.7056277056277056
aggregated_ranked_features_gas-CO2_keep-CO2_post-prestimulus,mean,23,train,0.8942598187311178,0.894258853596203
aggregated_ranked_features_gas-CO2_keep-CO2_post-prestimulus,mean,23,val,0.6216216216216216,0.6209987195902689
aggregated_ranked_features_gas-CO2_keep-CO2_post-prestimulus,mean,23,test,0.7132352941176471,0.7124735729386893
aggregated_ranked_features_gas-CO2_keep-CO2_post-prestimulus,mean,24,train,0.8972809667673716,0.8972800292077401
aggregated_ranked_features_gas-CO2_keep-CO2_post-prestimulus,mean,24,val,0.6351351351351351,0.6348684210526316
aggregated_ranked_features_gas-CO2_keep-CO2_post-prestimulus,mean,24,test,0.7132352941176471,0.7124735729386893
aggregated_ranked_features_gas-CO2_keep-CO2_post-prestimulus,mean,25,train,0.9033232628398792,0.9033232628398792
aggregated_ranked_features_gas-CO2_keep-CO2_post-prestimulus,mean,25,val,0.6283783783783784,0.6279537456008044
aggregated_ranked_features_gas-CO2_keep-CO2_post-prestimulus,mean,25,test,0.6838235294117647,0.6833955930918738
aggregated_ranked_features_gas-CO2_keep-CO2_post-prestimulus,mean,26,train,0.9078549848942599,0.907853092518854
aggregated_ranked_features_gas-CO2_keep-CO2_post-prestimulus,mean,26,val,0.6216216216216216,0.6209987195902689
aggregated_ranked_features_gas-CO2_keep-CO2_post-prestimulus,mean,26,test,0.6764705882352942,0.675839653304442
aggregated_ranked_features_gas-CO2_keep-CO2_post-prestimulus,mean,27,train,0.904833836858006,0.9048336197041367
aggregated_ranked_features_gas-CO2_keep-CO2_post-prestimulus,mean,27,val,0.6216216216216216,0.6209987195902689
aggregated_ranked_features_gas-CO2_keep-CO2_post-prestimulus,mean,27,test,0.6764705882352942,0.675839653304442
aggregated_ranked_features_gas-CO2_keep-CO2_post-prestimulus,mean,28,train,0.9123867069486404,0.9123867069486404
aggregated_ranked_features_gas-CO2_keep-CO2_post-prestimulus,mean,28,val,0.6216216216216216,0.6213450292397661
aggregated_ranked_features_gas-CO2_keep-CO2_post-prestimulus,mean,28,test,0.6985294117647058,0.6972033668205267
aggregated_ranked_features_gas-CO2_keep-CO2_post-prestimulus,mean,29,train,0.918429003021148,0.9184282584884995
aggregated_ranked_features_gas-CO2_keep-CO2_post-prestimulus,mean,29,val,0.6148648648648649,0.614424790895379
aggregated_ranked_features_gas-CO2_keep-CO2_post-prestimulus,mean,29,test,0.6691176470588235,0.6669387755102041
aggregated_ranked_features_gas-CO2_keep-CO2_post-prestimulus,mean,30,train,0.918429003021148,0.9184282584884995
aggregated_ranked_features_gas-CO2_keep-CO2_post-prestimulus,mean,30,val,0.6216216216216216,0.6209987195902689
aggregated_ranked_features_gas-CO2_keep-CO2_post-prestimulus,mean,30,test,0.6838235294117647,0.6824327993483573
aggregated_ranked_features_gas-CO2_keep-CO2_post-prestimulus,mean,31,train,0.9199395770392749,0.9199393943542737
aggregated_ranked_features_gas-CO2_keep-CO2_post-prestimulus,mean,31,val,0.6148648648648649,0.614424790895379
aggregated_ranked_features_gas-CO2_keep-CO2_post-prestimulus,mean,31,test,0.6985294117647058,0.6977286279611861
aggregated_ranked_features_gas-CO2_keep-CO2_post-prestimulus,mean,32,train,0.9229607250755287,0.9229591429255992
aggregated_ranked_features_gas-CO2_keep-CO2_post-prestimulus,mean,32,val,0.6216216216216216,0.6209987195902689
aggregated_ranked_features_gas-CO2_keep-CO2_post-prestimulus,mean,32,test,0.6985294117647058,0.6977286279611861
aggregated_ranked_features_gas-CO2_keep-CO2_post-prestimulus,mean,33,train,0.918429003021148,0.9184260248090035
aggregated_ranked_features_gas-CO2_keep-CO2_post-prestimulus,mean,33,val,0.6148648648648649,0.6140013726835964
aggregated_ranked_features_gas-CO2_keep-CO2_post-prestimulus,mean,33,test,0.6838235294117647,0.682983682983683
aggregated_ranked_features_gas-CO2_keep-CO2_post-prestimulus,mean,34,train,0.9154078549848943,0.9154070828769624
aggregated_ranked_features_gas-CO2_keep-CO2_post-prestimulus,mean,34,val,0.6148648648648649,0.6134353663565962
aggregated_ranked_features_gas-CO2_keep-CO2_post-prestimulus,mean,34,test,0.6691176470588235,0.6682387380061798
aggregated_ranked_features_gas-CO2_keep-CO2_post-prestimulus,mean,35,train,0.9138972809667674,0.9138955126815521
aggregated_ranked_features_gas-CO2_keep-CO2_post-prestimulus,mean,35,val,0.6148648648648649,0.6140013726835964
aggregated_ranked_features_gas-CO2_keep-CO2_post-prestimulus,mean,35,test,0.6838235294117647,0.682983682983683
aggregated_ranked_features_gas-CO2_keep-CO2_post-prestimulus,mean,36,train,0.9169184290030211,0.9169182394242463
aggregated_ranked_features_gas-CO2_keep-CO2_post-prestimulus,mean,36,val,0.6148648648648649,0.6140013726835964
aggregated_ranked_features_gas-CO2_keep-CO2_post-prestimulus,mean,36,test,0.6838235294117647,0.6824327993483573
aggregated_ranked_features_gas-CO2_keep-CO2_post-prestimulus,mean,37,train,0.9199395770392749,0.9199393943542737
aggregated_ranked_features_gas-CO2_keep-CO2_post-prestimulus,mean,37,val,0.6283783783783784,0.6282256222881937
aggregated_ranked_features_gas-CO2_keep-CO2_post-prestimulus,mean,37,test,0.6617647058823529,0.659926070884975
aggregated_ranked_features_gas-CO2_keep-CO2_post-prestimulus,mean,38,train,0.9229607250755287,0.9229591429255992
aggregated_ranked_features_gas-CO2_keep-CO2_post-prestimulus,mean,38,val,0.6216216216216216,0.6209987195902689
aggregated_ranked_features_gas-CO2_keep-CO2_post-prestimulus,mean,38,test,0.6764705882352942,0.6753472222222222
aggregated_ranked_features_gas-CO2_keep-CO2_post-prestimulus,mean,39,train,0.9305135951661632,0.9305129609346476
aggregated_ranked_features_gas-CO2_keep-CO2_post-prestimulus,mean,39,val,0.6486486486486487,0.6483918128654971
aggregated_ranked_features_gas-CO2_keep-CO2_post-prestimulus,mean,39,test,0.6764705882352942,0.6753472222222222
aggregated_ranked_features_gas-CO2_keep-CO2_post-prestimulus,mean,40,train,0.93202416918429,0.9320240140743834
aggregated_ranked_features_gas-CO2_keep-CO2_post-prestimulus,mean,40,val,0.6418918918918919,0.641744690568623
aggregated_ranked_features_gas-CO2_keep-CO2_post-prestimulus,mean,40,test,0.6911764705882353,0.6901041666666667
aggregated_ranked_features_gas-CO2_keep-CO2_post-prestimulus,mean,41,train,0.93202416918429,0.9320240140743834
aggregated_ranked_features_gas-CO2_keep-CO2_post-prestimulus,mean,41,val,0.6486486486486487,0.6483918128654971
aggregated_ranked_features_gas-CO2_keep-CO2_post-prestimulus,mean,41,test,0.6911764705882353,0.6901041666666667
aggregated_ranked_features_gas-CO2_keep-CO2_post-prestimulus,mean,42,train,0.93202416918429,0.9320240140743834
aggregated_ranked_features_gas-CO2_keep-CO2_post-prestimulus,mean,42,val,0.6418918918918919,0.641744690568623
aggregated_ranked_features_gas-CO2_keep-CO2_post-prestimulus,mean,42,test,0.6691176470588235,0.6669387755102041
aggregated_ranked_features_gas-CO2_keep-CO2_post-prestimulus,mean,43,train,0.93202416918429,0.9320240140743834
aggregated_ranked_features_gas-CO2_keep-CO2_post-prestimulus,mean,43,val,0.6418918918918919,0.6410889956531687
aggregated_ranked_features_gas-CO2_keep-CO2_post-prestimulus,mean,43,test,0.6691176470588235,0.6669387755102041
aggregated_ranked_features_gas-CO2_keep-CO2_post-prestimulus,mean,44,train,0.9290030211480362,0.9290015630882973
aggregated_ranked_features_gas-CO2_keep-CO2_post-prestimulus,mean,44,val,0.6418918918918919,0.6414827003062298
aggregated_ranked_features_gas-CO2_keep-CO2_post-prestimulus,mean,44,test,0.6617647058823529,0.659926070884975
aggregated_ranked_features_gas-CO2_keep-CO2_post-prestimulus,mean,45,train,0.9214501510574018,0.9214472831494108
aggregated_ranked_features_gas-CO2_keep-CO2_post-prestimulus,mean,45,val,0.6486486486486487,0.6480702396195355
aggregated_ranked_features_gas-CO2_keep-CO2_post-prestimulus,mean,45,test,0.6691176470588235,0.6676622318761879
aggregated_ranked_features_gas-CO2_keep-CO2_post-prestimulus,mean,46,train,0.9259818731117825,0.9259776504441843
aggregated_ranked_features_gas-CO2_keep-CO2_post-prestimulus,mean,46,val,0.6554054054054054,0.6552637588490523
aggregated_ranked_features_gas-CO2_keep-CO2_post-prestimulus,mean,46,test,0.6764705882352942,0.6747118938899761
aggregated_ranked_features_gas-CO2_keep-CO2_post-prestimulus,mean,47,train,0.9305135951661632,0.9305110581706326
aggregated_ranked_features_gas-CO2_keep-CO2_post-prestimulus,mean,47,val,0.6554054054054054,0.6552637588490523
aggregated_ranked_features_gas-CO2_keep-CO2_post-prestimulus,mean,47,test,0.6764705882352942,0.6753472222222222
aggregated_ranked_features_gas-CO2_keep-CO2_post-prestimulus,mean,48,train,0.9305135951661632,0.9305078866656931
aggregated_ranked_features_gas-CO2_keep-CO2_post-prestimulus,mean,48,val,0.6554054054054054,0.6552637588490523
aggregated_ranked_features_gas-CO2_keep-CO2_post-prestimulus,mean,48,test,0.6764705882352942,0.6747118938899761
aggregated_ranked_features_gas-CO2_keep-CO2_post-prestimulus,mean,49,train,0.9305135951661632,0.9305110581706326
aggregated_ranked_features_gas-CO2_keep-CO2_post-prestimulus,mean,49,val,0.6418918918918919,0.641744690568623
aggregated_ranked_features_gas-CO2_keep-CO2_post-prestimulus,mean,49,test,0.6838235294117647,0.6817414965986395
aggregated_ranked_features_gas-CO2_keep-CO2_post-prestimulus,mean,50,train,0.93202416918429,0.9320227731696464
aggregated_ranked_features_gas-CO2_keep-CO2_post-prestimulus,mean,50,val,0.6486486486486487,0.6483918128654971
aggregated_ranked_features_gas-CO2_keep-CO2_post-prestimulus,mean,50,test,0.6838235294117647,0.6817414965986395
aggregated_ranked_features_gas-CO2_keep-CO2_post-prestimulus,mean,51,train,0.9335347432024169,0.9335292828976194
aggregated_ranked_features_gas-CO2_keep-CO2_post-prestimulus,mean,51,val,0.6418918918918919,0.641744690568623
aggregated_ranked_features_gas-CO2_keep-CO2_post-prestimulus,mean,51,test,0.6764705882352942,0.6739319965126417
aggregated_ranked_features_gas-CO2_keep-CO2_post-prestimulus,mean,52,train,0.9335347432024169,0.93353231651104
aggregated_ranked_features_gas-CO2_keep-CO2_post-prestimulus,mean,52,val,0.6418918918918919,0.641744690568623
aggregated_ranked_features_gas-CO2_keep-CO2_post-prestimulus,mean,52,test,0.6691176470588235,0.6669387755102041
aggregated_ranked_features_gas-CO2_keep-CO2_post-prestimulus,mean,53,train,0.9350453172205438,0.9350439832509955
aggregated_ranked_features_gas-CO2_keep-CO2_post-prestimulus,mean,53,val,0.6418918918918919,0.641744690568623
aggregated_ranked_features_gas-CO2_keep-CO2_post-prestimulus,mean,53,test,0.6764705882352942,0.6739319965126417
aggregated_ranked_features_gas-CO2_keep-CO2_post-prestimulus,mean,54,train,0.9410876132930514,0.9410874788644656
aggregated_ranked_features_gas-CO2_keep-CO2_post-prestimulus,mean,54,val,0.6486486486486487,0.6485844748858447
aggregated_ranked_features_gas-CO2_keep-CO2_post-prestimulus,mean,54,test,0.6617647058823529,0.659926070884975
aggregated_ranked_features_gas-CO2_keep-CO2_post-prestimulus,mean,55,train,0.9425981873111783,0.9425976633807959
aggregated_ranked_features_gas-CO2_keep-CO2_post-prestimulus,mean,55,val,0.6351351351351351,0.6350684931506849
aggregated_ranked_features_gas-CO2_keep-CO2_post-prestimulus,mean,55,test,0.6764705882352942,0.6747118938899761
aggregated_ranked_features_gas-CO2_keep-CO2_post-prestimulus,mean,56,train,0.9425981873111783,0.9425976633807959
aggregated_ranked_features_gas-CO2_keep-CO2_post-prestimulus,mean,56,val,0.6418918918918919,0.641875542163174
aggregated_ranked_features_gas-CO2_keep-CO2_post-prestimulus,mean,56,test,0.6691176470588235,0.6676622318761879
aggregated_ranked_features_gas-CO2_keep-CO2_post-prestimulus,mean,57,train,0.9410876132930514,0.9410874788644656
aggregated_ranked_features_gas-CO2_keep-CO2_post-prestimulus,mean,57,val,0.6486486486486487,0.6485844748858447
aggregated_ranked_features_gas-CO2_keep-CO2_post-prestimulus,mean,57,test,0.6691176470588235,0.6682387380061798
aggregated_ranked_features_gas-CO2_keep-CO2_post-prestimulus,mean,58,train,0.9395770392749244,0.9395770392749244
aggregated_ranked_features_gas-CO2_keep-CO2_post-prestimulus,mean,58,val,0.6351351351351351,0.6350684931506849
aggregated_ranked_features_gas-CO2_keep-CO2_post-prestimulus,mean,58,test,0.7058823529411765,0.7042835398999783
aggregated_ranked_features_gas-CO2_keep-CO2_post-prestimulus,mean,59,train,0.9395770392749244,0.9395770392749244
aggregated_ranked_features_gas-CO2_keep-CO2_post-prestimulus,mean,59,val,0.6486486486486487,0.6485844748858447
aggregated_ranked_features_gas-CO2_keep-CO2_post-prestimulus,mean,59,test,0.6838235294117647,0.6824327993483573
aggregated_ranked_features_gas-CO2_keep-CO2_post-prestimulus,mean,60,train,0.9441087613293051,0.9441086337944931
aggregated_ranked_features_gas-CO2_keep-CO2_post-prestimulus,mean,60,val,0.6486486486486487,0.6485844748858447
aggregated_ranked_features_gas-CO2_keep-CO2_post-prestimulus,mean,60,test,0.6691176470588235,0.6660664593223113
aggregated_ranked_features_gas-CO2_keep-CO2_post-prestimulus,mean,61,train,0.9365558912386707,0.9365553121577218
aggregated_ranked_features_gas-CO2_keep-CO2_post-prestimulus,mean,61,val,0.6418918918918919,0.641744690568623
aggregated_ranked_features_gas-CO2_keep-CO2_post-prestimulus,mean,61,test,0.6764705882352942,0.6739319965126417
aggregated_ranked_features_gas-CO2_keep-CO2_post-prestimulus,mean,62,train,0.9410876132930514,0.9410874788644656
aggregated_ranked_features_gas-CO2_keep-CO2_post-prestimulus,mean,62,val,0.6621621621621622,0.6621004566210045
aggregated_ranked_features_gas-CO2_keep-CO2_post-prestimulus,mean,62,test,0.6691176470588235,0.6669387755102041
aggregated_ranked_features_gas-CO2_keep-CO2_post-prestimulus,mean,63,train,0.9395770392749244,0.9395770392749244
aggregated_ranked_features_gas-CO2_keep-CO2_post-prestimulus,mean,63,val,0.6621621621621622,0.6621004566210045
aggregated_ranked_features_gas-CO2_keep-CO2_post-prestimulus,mean,63,test,0.6617647058823529,0.6591107236268526
aggregated_ranked_features_gas-CO2_keep-CO2_post-prestimulus,mean,64,train,0.9395770392749244,0.9395770392749244
aggregated_ranked_features_gas-CO2_keep-CO2_post-prestimulus,mean,64,val,0.6756756756756757,0.6754385964912281
aggregated_ranked_features_gas-CO2_keep-CO2_post-prestimulus,mean,64,test,0.6617647058823529,0.6591107236268526
aggregated_ranked_features_gas-CO2_keep-CO2_post-prestimulus,mean,65,train,0.9380664652567976,0.9380663239344382
aggregated_ranked_features_gas-CO2_keep-CO2_post-prestimulus,mean,65,val,0.668918918918919,0.6687828271294816
aggregated_ranked_features_gas-CO2_keep-CO2_post-prestimulus,mean,65,test,0.6617647058823529,0.6591107236268526
aggregated_ranked_features_gas-CO2_keep-CO2_post-prestimulus,mean,66,train,0.9395770392749244,0.9395770392749244
aggregated_ranked_features_gas-CO2_keep-CO2_post-prestimulus,mean,66,val,0.6621621621621622,0.6619152046783625
aggregated_ranked_features_gas-CO2_keep-CO2_post-prestimulus,mean,66,test,0.6544117647058824,0.6512249686255251
aggregated_ranked_features_gas-CO2_keep-CO2_post-prestimulus,mean,67,train,0.9425981873111783,0.9425981873111783
aggregated_ranked_features_gas-CO2_keep-CO2_post-prestimulus,mean,67,val,0.6621621621621622,0.6621004566210045
aggregated_ranked_features_gas-CO2_keep-CO2_post-prestimulus,mean,67,test,0.6544117647058824,0.6512249686255251
aggregated_ranked_features_gas-CO2_keep-CO2_post-prestimulus,mean,68,train,0.9425981873111783,0.9425981873111783
aggregated_ranked_features_gas-CO2_keep-CO2_post-prestimulus,mean,68,val,0.6621621621621622,0.6619152046783625
aggregated_ranked_features_gas-CO2_keep-CO2_post-prestimulus,mean,68,test,0.6764705882352942,0.6730054644808743
aggregated_ranked_features_gas-CO2_keep-CO2_post-prestimulus,mean,69,train,0.9410876132930514,0.9410864034136935
aggregated_ranked_features_gas-CO2_keep-CO2_post-prestimulus,mean,69,val,0.668918918918919,0.6687828271294816
aggregated_ranked_features_gas-CO2_keep-CO2_post-prestimulus,mean,69,test,0.6764705882352942,0.6730054644808743
aggregated_ranked_features_gas-CO2_keep-CO2_post-prestimulus,mean,70,train,0.9380664652567976,0.9380651933323445
aggregated_ranked_features_gas-CO2_keep-CO2_post-prestimulus,mean,70,val,0.668918918918919,0.6687828271294816
aggregated_ranked_features_gas-CO2_keep-CO2_post-prestimulus,mean,70,test,0.6764705882352942,0.6730054644808743
aggregated_ranked_features_gas-CO2_keep-CO2_post-prestimulus,mean,71,train,0.9365558912386707,0.9365553121577218
aggregated_ranked_features_gas-CO2_keep-CO2_post-prestimulus,mean,71,val,0.668918918918919,0.6685406097170803
aggregated_ranked_features_gas-CO2_keep-CO2_post-prestimulus,mean,71,test,0.6764705882352942,0.6730054644808743
aggregated_ranked_features_gas-CO2_keep-CO2_post-prestimulus,mean,72,train,0.9380664652567976,0.9380663239344382
aggregated_ranked_features_gas-CO2_keep-CO2_post-prestimulus,mean,72,val,0.668918918918919,0.6687828271294816
aggregated_ranked_features_gas-CO2_keep-CO2_post-prestimulus,mean,72,test,0.6691176470588235,0.6650429642603033
aggregated_ranked_features_gas-CO2_keep-CO2_post-prestimulus,mean,73,train,0.9410876132930514,0.9410864034136935
aggregated_ranked_features_gas-CO2_keep-CO2_post-prestimulus,mean,73,val,0.668918918918919,0.6685406097170803
aggregated_ranked_features_gas-CO2_keep-CO2_post-prestimulus,mean,73,test,0.6691176470588235,0.6650429642603033
aggregated_ranked_features_gas-CO2_keep-CO2_post-prestimulus,mean,74,train,0.9365558912386707,0.9365558912386707
aggregated_ranked_features_gas-CO2_keep-CO2_post-prestimulus,mean,74,val,0.6351351351351351,0.6350684931506849
aggregated_ranked_features_gas-CO2_keep-CO2_post-prestimulus,mean,74,test,0.6544117647058824,0.6489262371615312
aggregated_ranked_features_gas-CO2_keep-CO2_post-prestimulus,mean,75,train,0.9365558912386707,0.9365558912386707
aggregated_ranked_features_gas-CO2_keep-CO2_post-prestimulus,mean,75,val,0.6351351351351351,0.6350684931506849
aggregated_ranked_features_gas-CO2_keep-CO2_post-prestimulus,mean,75,test,0.6838235294117647,0.6809079500190975
aggregated_ranked_features_gas-CO2_keep-CO2_post-prestimulus,mean,76,train,0.9395770392749244,0.939576487769259
aggregated_ranked_features_gas-CO2_keep-CO2_post-prestimulus,mean,76,val,0.6351351351351351,0.6350684931506849
aggregated_ranked_features_gas-CO2_keep-CO2_post-prestimulus,mean,76,test,0.6617647058823529,0.6581420765027323
aggregated_ranked_features_gas-CO2_keep-CO2_post-prestimulus,mean,77,train,0.9365558912386707,0.9365535748514472
aggregated_ranked_features_gas-CO2_keep-CO2_post-prestimulus,mean,77,val,0.6418918918918919,0.641744690568623
aggregated_ranked_features_gas-CO2_keep-CO2_post-prestimulus,mean,77,test,0.6691176470588235,0.6660664593223113
aggregated_ranked_features_gas-CO2_keep-CO2_post-prestimulus,mean,78,train,0.9395770392749244,0.939576487769259
aggregated_ranked_features_gas-CO2_keep-CO2_post-prestimulus,mean,78,val,0.6418918918918919,0.641744690568623
aggregated_ranked_features_gas-CO2_keep-CO2_post-prestimulus,mean,78,test,0.6617647058823529,0.6581420765027323
aggregated_ranked_features_gas-CO2_keep-CO2_post-prestimulus,mean,79,train,0.9380664652567976,0.9380663239344382
aggregated_ranked_features_gas-CO2_keep-CO2_post-prestimulus,mean,79,val,0.6418918918918919,0.641744690568623
aggregated_ranked_features_gas-CO2_keep-CO2_post-prestimulus,mean,79,test,0.6764705882352942,0.6719298245614035
aggregated_ranked_features_gas-CO2_keep-CO2_post-prestimulus,mean,80,train,0.9335347432024169,0.9335341365461847
aggregated_ranked_features_gas-CO2_keep-CO2_post-prestimulus,mean,80,val,0.6418918918918919,0.641744690568623
aggregated_ranked_features_gas-CO2_keep-CO2_post-prestimulus,mean,80,test,0.6544117647058824,0.6501559848940944
aggregated_ranked_features_gas-CO2_keep-CO2_post-prestimulus,mean,81,train,0.9380664652567976,0.9380651933323445
aggregated_ranked_features_gas-CO2_keep-CO2_post-prestimulus,mean,81,val,0.6554054054054054,0.6550116550116549
aggregated_ranked_features_gas-CO2_keep-CO2_post-prestimulus,mean,81,test,0.6617647058823529,0.6570175438596491
aggregated_ranked_features_gas-CO2_keep-CO2_post-prestimulus,mean,82,train,0.9380664652567976,0.9380651933323445
aggregated_ranked_features_gas-CO2_keep-CO2_post-prestimulus,mean,82,val,0.6554054054054054,0.6550116550116549
aggregated_ranked_features_gas-CO2_keep-CO2_post-prestimulus,mean,82,test,0.6617647058823529,0.6581420765027323
aggregated_ranked_features_gas-CO2_keep-CO2_post-prestimulus,mean,83,train,0.9365558912386707,0.9365553121577218
aggregated_ranked_features_gas-CO2_keep-CO2_post-prestimulus,mean,83,val,0.6486486486486487,0.6483918128654971
aggregated_ranked_features_gas-CO2_keep-CO2_post-prestimulus,mean,83,test,0.6617647058823529,0.6581420765027323
aggregated_ranked_features_gas-CO2_keep-CO2_post-prestimulus,mean,84,train,0.9395770392749244,0.9395770392749244
aggregated_ranked_features_gas-CO2_keep-CO2_post-prestimulus,mean,84,val,0.6621621621621622,0.6621004566210045
aggregated_ranked_features_gas-CO2_keep-CO2_post-prestimulus,mean,84,test,0.6544117647058824,0.6475323959194927
aggregated_ranked_features_gas-CO2_keep-CO2_post-prestimulus,mean,85,train,0.9395770392749244,0.9395770392749244
aggregated_ranked_features_gas-CO2_keep-CO2_post-prestimulus,mean,85,val,0.6486486486486487,0.6485844748858447
aggregated_ranked_features_gas-CO2_keep-CO2_post-prestimulus,mean,85,test,0.6544117647058824,0.6475323959194927
aggregated_ranked_features_gas-CO2_keep-CO2_post-prestimulus,mean,86,train,0.9380664652567976,0.9380663239344382
aggregated_ranked_features_gas-CO2_keep-CO2_post-prestimulus,mean,86,val,0.6486486486486487,0.6485844748858447
aggregated_ranked_features_gas-CO2_keep-CO2_post-prestimulus,mean,86,test,0.6617647058823529,0.6542882404951371
aggregated_ranked_features_gas-CO2_keep-CO2_post-prestimulus,mean,87,train,0.9365558912386707,0.9365558912386707
aggregated_ranked_features_gas-CO2_keep-CO2_post-prestimulus,mean,87,val,0.6418918918918919,0.641744690568623
aggregated_ranked_features_gas-CO2_keep-CO2_post-prestimulus,mean,87,test,0.6691176470588235,0.6625310173697271
aggregated_ranked_features_gas-CO2_keep-CO2_post-prestimulus,mean,88,train,0.9365558912386707,0.9365558912386707
aggregated_ranked_features_gas-CO2_keep-CO2_post-prestimulus,mean,88,val,0.6486486486486487,0.6485844748858447
aggregated_ranked_features_gas-CO2_keep-CO2_post-prestimulus,mean,88,test,0.6691176470588235,0.6625310173697271
aggregated_ranked_features_gas-CO2_keep-CO2_post-prestimulus,mean,89,train,0.9380664652567976,0.9380663239344382
aggregated_ranked_features_gas-CO2_keep-CO2_post-prestimulus,mean,89,val,0.6418918918918919,0.641744690568623
aggregated_ranked_features_gas-CO2_keep-CO2_post-prestimulus,mean,89,test,0.6691176470588235,0.6638655462184875
aggregated_ranked_features_gas-CO2_keep-CO2_post-prestimulus,mean,90,train,0.9380664652567976,0.9380663239344382
aggregated_ranked_features_gas-CO2_keep-CO2_post-prestimulus,mean,90,val,0.6351351351351351,0.6350684931506849
aggregated_ranked_features_gas-CO2_keep-CO2_post-prestimulus,mean,90,test,0.6617647058823529,0.6570175438596491
aggregated_ranked_features_gas-CO2_keep-CO2_post-prestimulus,mean,91,train,0.9380664652567976,0.9380663239344382
aggregated_ranked_features_gas-CO2_keep-CO2_post-prestimulus,mean,91,val,0.6351351351351351,0.6350684931506849
aggregated_ranked_features_gas-CO2_keep-CO2_post-prestimulus,mean,91,test,0.6691176470588235,0.6638655462184875
aggregated_ranked_features_gas-CO2_keep-CO2_post-prestimulus,mean,92,train,0.9365558912386707,0.9365558912386707
aggregated_ranked_features_gas-CO2_keep-CO2_post-prestimulus,mean,92,val,0.6351351351351351,0.6350684931506849
aggregated_ranked_features_gas-CO2_keep-CO2_post-prestimulus,mean,92,test,0.6617647058823529,0.6570175438596491
aggregated_ranked_features_gas-CO2_keep-CO2_post-prestimulus,mean,93,train,0.9365558912386707,0.9365558912386707
aggregated_ranked_features_gas-CO2_keep-CO2_post-prestimulus,mean,93,val,0.6486486486486487,0.6485844748858447
aggregated_ranked_features_gas-CO2_keep-CO2_post-prestimulus,mean,93,test,0.6764705882352942,0.6719298245614035
aggregated_ranked_features_gas-CO2_keep-CO2_post-prestimulus,mean,94,train,0.9365558912386707,0.9365558912386707
aggregated_ranked_features_gas-CO2_keep-CO2_post-prestimulus,mean,94,val,0.6418918918918919,0.641875542163174
aggregated_ranked_features_gas-CO2_keep-CO2_post-prestimulus,mean,94,test,0.6764705882352942,0.6719298245614035
aggregated_ranked_features_gas-CO2_keep-CO2_post-prestimulus,mean,95,train,0.9380664652567976,0.9380663239344382
aggregated_ranked_features_gas-CO2_keep-CO2_post-prestimulus,mean,95,val,0.6418918918918919,0.641875542163174
aggregated_ranked_features_gas-CO2_keep-CO2_post-prestimulus,mean,95,test,0.6691176470588235,0.6650429642603033
aggregated_ranked_features_gas-CO2_keep-CO2_post-prestimulus,mean,96,train,0.9395770392749244,0.9395770392749244
aggregated_ranked_features_gas-CO2_keep-CO2_post-prestimulus,mean,96,val,0.6486486486486487,0.6485844748858447
aggregated_ranked_features_gas-CO2_keep-CO2_post-prestimulus,mean,96,test,0.6764705882352942,0.6719298245614035
aggregated_ranked_features_gas-CO2_keep-CO2_post-prestimulus,mean,97,train,0.9395770392749244,0.9395770392749244
aggregated_ranked_features_gas-CO2_keep-CO2_post-prestimulus,mean,97,val,0.6486486486486487,0.6485844748858447
aggregated_ranked_features_gas-CO2_keep-CO2_post-prestimulus,mean,97,test,0.6764705882352942,0.6719298245614035
aggregated_ranked_features_gas-CO2_keep-CO2_post-prestimulus,mean,98,train,0.9380664652567976,0.9380663239344382
aggregated_ranked_features_gas-CO2_keep-CO2_post-prestimulus,mean,98,val,0.6486486486486487,0.6485844748858447
aggregated_ranked_features_gas-CO2_keep-CO2_post-prestimulus,mean,98,test,0.6764705882352942,0.6719298245614035
aggregated_ranked_features_gas-CO2_keep-CO2_post-prestimulus,mean,99,train,0.9410876132930514,0.9410874788644656
aggregated_ranked_features_gas-CO2_keep-CO2_post-prestimulus,mean,99,val,0.6486486486486487,0.6485844748858447
aggregated_ranked_features_gas-CO2_keep-CO2_post-prestimulus,mean,99,test,0.6911764705882353,0.6878688524590164
aggregated_ranked_features_gas-CO2_keep-CO2_post-prestimulus,mean,100,train,0.9425981873111783,0.9425976633807959
aggregated_ranked_features_gas-CO2_keep-CO2_post-prestimulus,mean,100,val,0.6418918918918919,0.641875542163174
aggregated_ranked_features_gas-CO2_keep-CO2_post-prestimulus,mean,100,test,0.6838235294117647,0.6799299436265119
aggregated_ranked_features_gas-CO2_keep-CO2_post-prestimulus,mean,101,train,0.9395770392749244,0.939576487769259
aggregated_ranked_features_gas-CO2_keep-CO2_post-prestimulus,mean,101,val,0.6418918918918919,0.641875542163174
aggregated_ranked_features_gas-CO2_keep-CO2_post-prestimulus,mean,101,test,0.6838235294117647,0.6799299436265119
aggregated_ranked_features_gas-CO2_keep-CO2_post-prestimulus,mean,102,train,0.9410876132930514,0.9410864034136935
aggregated_ranked_features_gas-CO2_keep-CO2_post-prestimulus,mean,102,val,0.6418918918918919,0.641875542163174
aggregated_ranked_features_gas-CO2_keep-CO2_post-prestimulus,mean,102,test,0.6985294117647058,0.6937441643323996
aggregated_ranked_features_gas-CO2_keep-CO2_post-prestimulus,mean,103,train,0.9395770392749244,0.939576487769259
aggregated_ranked_features_gas-CO2_keep-CO2_post-prestimulus,mean,103,val,0.6418918918918919,0.641875542163174
aggregated_ranked_features_gas-CO2_keep-CO2_post-prestimulus,mean,103,test,0.6985294117647058,0.6948169229927207
aggregated_ranked_features_gas-CO2_keep-CO2_post-prestimulus,mean,104,train,0.9441087613293051,0.9441076134950426
aggregated_ranked_features_gas-CO2_keep-CO2_post-prestimulus,mean,104,val,0.6283783783783784,0.6283614116787655
aggregated_ranked_features_gas-CO2_keep-CO2_post-prestimulus,mean,104,test,0.6764705882352942,0.6719298245614035
aggregated_ranked_features_gas-CO2_keep-CO2_post-prestimulus,mean,105,train,0.9441087613293051,0.9441076134950426
aggregated_ranked_features_gas-CO2_keep-CO2_post-prestimulus,mean,105,val,0.6351351351351351,0.6351351351351351
aggregated_ranked_features_gas-CO2_keep-CO2_post-prestimulus,mean,105,test,0.6617647058823529,0.6570175438596491
aggregated_ranked_features_gas-CO2_keep-CO2_post-prestimulus,mean,106,train,0.9501510574018127,0.9501509436545478
aggregated_ranked_features_gas-CO2_keep-CO2_post-prestimulus,mean,106,val,0.6283783783783784,0.6282256222881937
aggregated_ranked_features_gas-CO2_keep-CO2_post-prestimulus,mean,106,test,0.7058823529411765,0.6993810786914235
aggregated_ranked_features_gas-CO2_keep-CO2_post-prestimulus,mean,107,train,0.9501510574018127,0.9501509436545478
aggregated_ranked_features_gas-CO2_keep-CO2_post-prestimulus,mean,107,val,0.6351351351351351,0.6348684210526316
aggregated_ranked_features_gas-CO2_keep-CO2_post-prestimulus,mean,107,test,0.7058823529411765,0.6993810786914235
aggregated_ranked_features_gas-CO2_keep-CO2_post-prestimulus,mean,108,train,0.9486404833836858,0.94864001460387
aggregated_ranked_features_gas-CO2_keep-CO2_post-prestimulus,mean,108,val,0.6418918918918919,0.6414827003062298
aggregated_ranked_features_gas-CO2_keep-CO2_post-prestimulus,mean,108,test,0.7132352941176471,0.7062309609526447
aggregated_ranked_features_gas-CO2_keep-CO2_post-prestimulus,mean,109,train,0.9501510574018127,0.9501509436545478
aggregated_ranked_features_gas-CO2_keep-CO2_post-prestimulus,mean,109,val,0.6283783783783784,0.6282256222881937
aggregated_ranked_features_gas-CO2_keep-CO2_post-prestimulus,mean,109,test,0.7058823529411765,0.7006383447061413
aggregated_ranked_features_gas-CO2_keep-CO2_post-prestimulus,mean,110,train,0.945619335347432,0.945619335347432
aggregated_ranked_features_gas-CO2_keep-CO2_post-prestimulus,mean,110,val,0.6351351351351351,0.6348684210526316
aggregated_ranked_features_gas-CO2_keep-CO2_post-prestimulus,mean,110,test,0.7058823529411765,0.6979791250277593
aggregated_ranked_features_gas-CO2_keep-CO2_post-prestimulus,mean,111,train,0.945619335347432,0.945619335347432
aggregated_ranked_features_gas-CO2_keep-CO2_post-prestimulus,mean,111,val,0.6351351351351351,0.6348684210526316
aggregated_ranked_features_gas-CO2_keep-CO2_post-prestimulus,mean,111,test,0.7058823529411765,0.6993810786914235
aggregated_ranked_features_gas-CO2_keep-CO2_post-prestimulus,mean,112,train,0.945619335347432,0.945619335347432
aggregated_ranked_features_gas-CO2_keep-CO2_post-prestimulus,mean,112,val,0.6283783783783784,0.6282256222881937
aggregated_ranked_features_gas-CO2_keep-CO2_post-prestimulus,mean,112,test,0.7058823529411765,0.6993810786914235
aggregated_ranked_features_gas-CO2_keep-CO2_post-prestimulus,mean,113,train,0.9425981873111783,0.9425976633807959
aggregated_ranked_features_gas-CO2_keep-CO2_post-prestimulus,mean,113,val,0.6216216216216216,0.6213450292397661
aggregated_ranked_features_gas-CO2_keep-CO2_post-prestimulus,mean,113,test,0.7058823529411765,0.6979791250277593
aggregated_ranked_features_gas-CO2_keep-CO2_post-prestimulus,mean,114,train,0.945619335347432,0.945619335347432
aggregated_ranked_features_gas-CO2_keep-CO2_post-prestimulus,mean,114,val,0.6216216216216216,0.6215525114155251
aggregated_ranked_features_gas-CO2_keep-CO2_post-prestimulus,mean,114,test,0.6838235294117647,0.6761008031016339
aggregated_ranked_features_gas-CO2_keep-CO2_post-prestimulus,mean,115,train,0.9441087613293051,0.9441086337944931
aggregated_ranked_features_gas-CO2_keep-CO2_post-prestimulus,mean,115,val,0.6216216216216216,0.6215525114155251
aggregated_ranked_features_gas-CO2_keep-CO2_post-prestimulus,mean,115,test,0.6838235294117647,0.6761008031016339
aggregated_ranked_features_gas-CO2_keep-CO2_post-prestimulus,mean,116,train,0.947129909365559,0.9471297887245205
aggregated_ranked_features_gas-CO2_keep-CO2_post-prestimulus,mean,116,val,0.6418918918918919,0.641744690568623
aggregated_ranked_features_gas-CO2_keep-CO2_post-prestimulus,mean,116,test,0.7058823529411765,0.6979791250277593
aggregated_ranked_features_gas-CO2_keep-CO2_post-prestimulus,mean,117,train,0.9486404833836858,0.9486404833836858
aggregated_ranked_features_gas-CO2_keep-CO2_post-prestimulus,mean,117,val,0.6351351351351351,0.6348684210526316
aggregated_ranked_features_gas-CO2_keep-CO2_post-prestimulus,mean,117,test,0.6985294117647058,0.6911658820271392
aggregated_ranked_features_gas-CO2_keep-CO2_post-prestimulus,mean,118,train,0.9486404833836858,0.9486404833836858
aggregated_ranked_features_gas-CO2_keep-CO2_post-prestimulus,mean,118,val,0.6418918918918919,0.641744690568623
aggregated_ranked_features_gas-CO2_keep-CO2_post-prestimulus,mean,118,test,0.6985294117647058,0.6925282602701958
aggregated_ranked_features_gas-CO2_keep-CO2_post-prestimulus,mean,119,train,0.9486404833836858,0.94864001460387
aggregated_ranked_features_gas-CO2_keep-CO2_post-prestimulus,mean,119,val,0.6351351351351351,0.6350684931506849
aggregated_ranked_features_gas-CO2_keep-CO2_post-prestimulus,mean,119,test,0.6985294117647058,0.6911658820271392
aggregated_ranked_features_gas-CO2_keep-CO2_post-prestimulus,mean,120,train,0.947129909365559,0.9471297887245205
aggregated_ranked_features_gas-CO2_keep-CO2_post-prestimulus,mean,120,val,0.6351351351351351,0.6351351351351351
aggregated_ranked_features_gas-CO2_keep-CO2_post-prestimulus,mean,120,test,0.6911764705882353,0.6843501326259946
aggregated_ranked_features_gas-CO2_keep-CO2_post-prestimulus,mean,121,train,0.945619335347432,0.945618838992333
aggregated_ranked_features_gas-CO2_keep-CO2_post-prestimulus,mean,121,val,0.6351351351351351,0.6350684931506849
aggregated_ranked_features_gas-CO2_keep-CO2_post-prestimulus,mean,121,test,0.6911764705882353,0.6843501326259946
aggregated_ranked_features_gas-CO2_keep-CO2_post-prestimulus,mean,122,train,0.945619335347432,0.945618838992333
aggregated_ranked_features_gas-CO2_keep-CO2_post-prestimulus,mean,122,val,0.6283783783783784,0.6282256222881937
aggregated_ranked_features_gas-CO2_keep-CO2_post-prestimulus,mean,122,test,0.6838235294117647,0.6761008031016339
aggregated_ranked_features_gas-CO2_keep-CO2_post-prestimulus,mean,123,train,0.9441087613293051,0.9441076134950426
aggregated_ranked_features_gas-CO2_keep-CO2_post-prestimulus,mean,123,val,0.6283783783783784,0.6283614116787655
aggregated_ranked_features_gas-CO2_keep-CO2_post-prestimulus,mean,123,test,0.6764705882352942,0.6707021791767555
aggregated_ranked_features_gas-CO2_keep-CO2_post-prestimulus,mean,124,train,0.945619335347432,0.945618838992333
aggregated_ranked_features_gas-CO2_keep-CO2_post-prestimulus,mean,124,val,0.6216216216216216,0.6215525114155251
aggregated_ranked_features_gas-CO2_keep-CO2_post-prestimulus,mean,124,test,0.6691176470588235,0.6610357241761284
aggregated_ranked_features_gas-CO2_keep-CO2_post-prestimulus,mean,125,train,0.947129909365559,0.9471297887245205
aggregated_ranked_features_gas-CO2_keep-CO2_post-prestimulus,mean,125,val,0.6081081081081081,0.6081081081081081
aggregated_ranked_features_gas-CO2_keep-CO2_post-prestimulus,mean,125,test,0.6764705882352942,0.6693191865605659
aggregated_ranked_features_gas-CO2_keep-CO2_post-prestimulus,mean,126,train,0.947129909365559,0.9471297887245205
aggregated_ranked_features_gas-CO2_keep-CO2_post-prestimulus,mean,126,val,0.6351351351351351,0.6350684931506849
aggregated_ranked_features_gas-CO2_keep-CO2_post-prestimulus,mean,126,test,0.6764705882352942,0.6693191865605659
aggregated_ranked_features_gas-CO2_keep-CO2_post-prestimulus,mean,127,train,0.9486404833836858,0.9486404833836858
aggregated_ranked_features_gas-CO2_keep-CO2_post-prestimulus,mean,127,val,0.6283783783783784,0.6283614116787655
aggregated_ranked_features_gas-CO2_keep-CO2_post-prestimulus,mean,127,test,0.6764705882352942,0.6693191865605659
aggregated_ranked_features_gas-CO2_keep-CO2_post-prestimulus,mean,128,train,0.9501510574018127,0.9501509436545478
aggregated_ranked_features_gas-CO2_keep-CO2_post-prestimulus,mean,128,val,0.6216216216216216,0.6216216216216216
aggregated_ranked_features_gas-CO2_keep-CO2_post-prestimulus,mean,128,test,0.6838235294117647,0.6761008031016339
aggregated_ranked_features_gas-CO2_keep-CO2_post-prestimulus,mean,129,train,0.9486404833836858,0.9486404833836858
aggregated_ranked_features_gas-CO2_keep-CO2_post-prestimulus,mean,129,val,0.6283783783783784,0.6282256222881937
aggregated_ranked_features_gas-CO2_keep-CO2_post-prestimulus,mean,129,test,0.6838235294117647,0.6761008031016339
aggregated_ranked_features_gas-CO2_keep-CO2_post-prestimulus,mean,130,train,0.9531722054380665,0.9531712437390898
aggregated_ranked_features_gas-CO2_keep-CO2_post-prestimulus,mean,130,val,0.6216216216216216,0.6215525114155251
aggregated_ranked_features_gas-CO2_keep-CO2_post-prestimulus,mean,130,test,0.7058823529411765,0.6993810786914235
aggregated_ranked_features_gas-CO2_keep-CO2_post-prestimulus,mean,131,train,0.9501510574018127,0.9501509436545478
aggregated_ranked_features_gas-CO2_keep-CO2_post-prestimulus,mean,131,val,0.6216216216216216,0.6215525114155251
aggregated_ranked_features_gas-CO2_keep-CO2_post-prestimulus,mean,131,test,0.6911764705882353,0.6843501326259946
aggregated_ranked_features_gas-CO2_keep-CO2_post-prestimulus,mean,132,train,0.9531722054380665,0.9531712437390898
aggregated_ranked_features_gas-CO2_keep-CO2_post-prestimulus,mean,132,val,0.6283783783783784,0.6282256222881937
aggregated_ranked_features_gas-CO2_keep-CO2_post-prestimulus,mean,132,test,0.6911764705882353,0.6828780812791473
aggregated_ranked_features_gas-CO2_keep-CO2_post-prestimulus,mean,133,train,0.9531722054380665,0.9531712437390898
aggregated_ranked_features_gas-CO2_keep-CO2_post-prestimulus,mean,133,val,0.6216216216216216,0.6215525114155251
aggregated_ranked_features_gas-CO2_keep-CO2_post-prestimulus,mean,133,test,0.7058823529411765,0.6993810786914235
aggregated_ranked_features_gas-CO2_keep-CO2_post-prestimulus,mean,134,train,0.9531722054380665,0.9531712437390898
aggregated_ranked_features_gas-CO2_keep-CO2_post-prestimulus,mean,134,val,0.6081081081081081,0.6080365296803653
aggregated_ranked_features_gas-CO2_keep-CO2_post-prestimulus,mean,134,test,0.6985294117647058,0.6911658820271392
aggregated_ranked_features_gas-CO2_keep-CO2_post-prestimulus,mean,135,train,0.9516616314199395,0.9516611902154071
aggregated_ranked_features_gas-CO2_keep-CO2_post-prestimulus,mean,135,val,0.6216216216216216,0.6213450292397661
aggregated_ranked_features_gas-CO2_keep-CO2_post-prestimulus,mean,135,test,0.6985294117647058,0.6911658820271392
aggregated_ranked_features_gas-CO2_keep-CO2_post-prestimulus,mean,136,train,0.9531722054380665,0.9531712437390898
aggregated_ranked_features_gas-CO2_keep-CO2_post-prestimulus,mean,136,val,0.6283783783783784,0.6282256222881937
aggregated_ranked_features_gas-CO2_keep-CO2_post-prestimulus,mean,136,test,0.6911764705882353,0.6843501326259946
aggregated_ranked_features_gas-CO2_keep-CO2_post-prestimulus,mean,137,train,0.9531722054380665,0.9531712437390898
aggregated_ranked_features_gas-CO2_keep-CO2_post-prestimulus,mean,137,val,0.6418918918918919,0.641875542163174
aggregated_ranked_features_gas-CO2_keep-CO2_post-prestimulus,mean,137,test,0.6838235294117647,0.6775296388199614
aggregated_ranked_features_gas-CO2_keep-CO2_post-prestimulus,mean,138,train,0.9531722054380665,0.9531720985845753
aggregated_ranked_features_gas-CO2_keep-CO2_post-prestimulus,mean,138,val,0.6351351351351351,0.6350684931506849
aggregated_ranked_features_gas-CO2_keep-CO2_post-prestimulus,mean,138,test,0.6985294117647058,0.6911658820271392
aggregated_ranked_features_gas-CO2_keep-CO2_post-prestimulus,mean,139,train,0.9516616314199395,0.9516611902154071
aggregated_ranked_features_gas-CO2_keep-CO2_post-prestimulus,mean,139,val,0.6418918918918919,0.641875542163174
aggregated_ranked_features_gas-CO2_keep-CO2_post-prestimulus,mean,139,test,0.6911764705882353,0.6843501326259946
aggregated_ranked_features_gas-CO2_keep-CO2_post-prestimulus,mean,140,train,0.9561933534743202,0.9561932535146027
aggregated_ranked_features_gas-CO2_keep-CO2_post-prestimulus,mean,140,val,0.6148648648648649,0.6148472811943569
aggregated_ranked_features_gas-CO2_keep-CO2_post-prestimulus,mean,140,test,0.6838235294117647,0.6775296388199614
aggregated_ranked_features_gas-CO2_keep-CO2_post-prestimulus,mean,141,train,0.9546827794561934,0.9546827794561934
aggregated_ranked_features_gas-CO2_keep-CO2_post-prestimulus,mean,141,val,0.6216216216216216,0.6215525114155251
aggregated_ranked_features_gas-CO2_keep-CO2_post-prestimulus,mean,141,test,0.6985294117647058,0.6925282602701958
aggregated_ranked_features_gas-CO2_keep-CO2_post-prestimulus,mean,142,train,0.9577039274924471,0.9577035414384811
aggregated_ranked_features_gas-CO2_keep-CO2_post-prestimulus,mean,142,val,0.6216216216216216,0.6213450292397661
aggregated_ranked_features_gas-CO2_keep-CO2_post-prestimulus,mean,142,test,0.6911764705882353,0.6856702619414483
aggregated_ranked_features_gas-CO2_keep-CO2_post-prestimulus,mean,143,train,0.9561933534743202,0.9561924538204388
aggregated_ranked_features_gas-CO2_keep-CO2_post-prestimulus,mean,143,val,0.6283783783783784,0.6282256222881937
aggregated_ranked_features_gas-CO2_keep-CO2_post-prestimulus,mean,143,test,0.6911764705882353,0.6843501326259946
aggregated_ranked_features_gas-CO2_keep-CO2_post-prestimulus,mean,144,train,0.9546827794561934,0.9546811248938909
aggregated_ranked_features_gas-CO2_keep-CO2_post-prestimulus,mean,144,val,0.6216216216216216,0.6213450292397661
aggregated_ranked_features_gas-CO2_keep-CO2_post-prestimulus,mean,144,test,0.6985294117647058,0.6925282602701958
aggregated_ranked_features_gas-CO2_keep-CO2_post-prestimulus,mean,145,train,0.9577039274924471,0.9577035414384811
aggregated_ranked_features_gas-CO2_keep-CO2_post-prestimulus,mean,145,val,0.6081081081081081,0.6080365296803653
aggregated_ranked_features_gas-CO2_keep-CO2_post-prestimulus,mean,145,test,0.6911764705882353,0.6856702619414483
aggregated_ranked_features_gas-CO2_keep-CO2_post-prestimulus,mean,146,train,0.9561933534743202,0.9561924538204388
aggregated_ranked_features_gas-CO2_keep-CO2_post-prestimulus,mean,146,val,0.6216216216216216,0.6213450292397661
aggregated_ranked_features_gas-CO2_keep-CO2_post-prestimulus,mean,146,test,0.6911764705882353,0.6856702619414483
aggregated_ranked_features_gas-CO2_keep-CO2_post-prestimulus,mean,147,train,0.959214501510574,0.9592136639017879
aggregated_ranked_features_gas-CO2_keep-CO2_post-prestimulus,mean,147,val,0.6216216216216216,0.6213450292397661
aggregated_ranked_features_gas-CO2_keep-CO2_post-prestimulus,mean,147,test,0.6911764705882353,0.6856702619414483
aggregated_ranked_features_gas-CO2_keep-CO2_post-prestimulus,mean,148,train,0.959214501510574,0.9592136639017879
aggregated_ranked_features_gas-CO2_keep-CO2_post-prestimulus,mean,148,val,0.6216216216216216,0.6213450292397661
aggregated_ranked_features_gas-CO2_keep-CO2_post-prestimulus,mean,148,test,0.6985294117647058,0.6948169229927207
aggregated_ranked_features_gas-CO2_keep-CO2_post-prestimulus,mean,149,train,0.9577039274924471,0.9577035414384811
aggregated_ranked_features_gas-CO2_keep-CO2_post-prestimulus,mean,149,val,0.6216216216216216,0.6213450292397661
aggregated_ranked_features_gas-CO2_keep-CO2_post-prestimulus,mean,149,test,0.7058823529411765,0.7017543859649122
aggregated_ranked_features_gas-CO2_keep-CO2_post-prestimulus,mean,150,train,0.9577039274924471,0.9577035414384811
aggregated_ranked_features_gas-CO2_keep-CO2_post-prestimulus,mean,150,val,0.6351351351351351,0.6350684931506849
aggregated_ranked_features_gas-CO2_keep-CO2_post-prestimulus,mean,150,test,0.7205882352941176,0.7166666666666667
aggregated_ranked_features_gas-CO2_keep-CO2_post-prestimulus,mean,151,train,0.959214501510574,0.9592144084446301
aggregated_ranked_features_gas-CO2_keep-CO2_post-prestimulus,mean,151,val,0.6283783783783784,0.6279537456008044
aggregated_ranked_features_gas-CO2_keep-CO2_post-prestimulus,mean,151,test,0.7205882352941176,0.7175956284153006
aggregated_ranked_features_gas-CO2_keep-CO2_post-prestimulus,mean,152,train,0.9577039274924471,0.9577035414384811
aggregated_ranked_features_gas-CO2_keep-CO2_post-prestimulus,mean,152,val,0.6216216216216216,0.6215525114155251
aggregated_ranked_features_gas-CO2_keep-CO2_post-prestimulus,mean,152,test,0.7132352941176471,0.7097039023589294
aggregated_ranked_features_gas-CO2_keep-CO2_post-prestimulus,mean,153,train,0.959214501510574,0.9592144084446301
aggregated_ranked_features_gas-CO2_keep-CO2_post-prestimulus,mean,153,val,0.6216216216216216,0.6213450292397661
aggregated_ranked_features_gas-CO2_keep-CO2_post-prestimulus,mean,153,test,0.7205882352941176,0.7166666666666667
aggregated_ranked_features_gas-CO2_keep-CO2_post-prestimulus,mean,154,train,0.9577039274924471,0.9577035414384811
aggregated_ranked_features_gas-CO2_keep-CO2_post-prestimulus,mean,154,val,0.6081081081081081,0.6080365296803653
aggregated_ranked_features_gas-CO2_keep-CO2_post-prestimulus,mean,154,test,0.7058823529411765,0.7017543859649122
aggregated_ranked_features_gas-CO2_keep-CO2_post-prestimulus,mean,155,train,0.9607250755287009,0.9607247170500182
aggregated_ranked_features_gas-CO2_keep-CO2_post-prestimulus,mean,155,val,0.6081081081081081,0.6080365296803653
aggregated_ranked_features_gas-CO2_keep-CO2_post-prestimulus,mean,155,test,0.7058823529411765,0.7017543859649122
aggregated_ranked_features_gas-CO2_keep-CO2_post-prestimulus,mean,156,train,0.9577039274924471,0.9577035414384811
aggregated_ranked_features_gas-CO2_keep-CO2_post-prestimulus,mean,156,val,0.6351351351351351,0.6348684210526316
aggregated_ranked_features_gas-CO2_keep-CO2_post-prestimulus,mean,156,test,0.7132352941176471,0.7086834733893558
aggregated_ranked_features_gas-CO2_keep-CO2_post-prestimulus,mean,157,train,0.9561933534743202,0.9561924538204388
aggregated_ranked_features_gas-CO2_keep-CO2_post-prestimulus,mean,157,val,0.6283783783783784,0.6282256222881937
aggregated_ranked_features_gas-CO2_keep-CO2_post-prestimulus,mean,157,test,0.6985294117647058,0.6957494407158836
aggregated_ranked_features_gas-CO2_keep-CO2_post-prestimulus,mean,158,train,0.9622356495468278,0.9622355633746574
aggregated_ranked_features_gas-CO2_keep-CO2_post-prestimulus,mean,158,val,0.6148648648648649,0.6147065540077643
aggregated_ranked_features_gas-CO2_keep-CO2_post-prestimulus,mean,158,test,0.6911764705882353,0.6868421052631579
aggregated_ranked_features_gas-CO2_keep-CO2_post-prestimulus,mean,159,train,0.959214501510574,0.9592144084446301
aggregated_ranked_features_gas-CO2_keep-CO2_post-prestimulus,mean,159,val,0.6216216216216216,0.6213450292397661
aggregated_ranked_features_gas-CO2_keep-CO2_post-prestimulus,mean,159,test,0.6911764705882353,0.6856702619414483
aggregated_ranked_features_gas-CO2_keep-CO2_post-prestimulus,mean,160,train,0.9607250755287009,0.9607247170500182
aggregated_ranked_features_gas-CO2_keep-CO2_post-prestimulus,mean,160,val,0.6351351351351351,0.6348684210526316
aggregated_ranked_features_gas-CO2_keep-CO2_post-prestimulus,mean,160,test,0.6764705882352942,0.6719298245614035
aggregated_ranked_features_gas-CO2_keep-CO2_post-prestimulus,mean,161,train,0.959214501510574,0.9592144084446301
aggregated_ranked_features_gas-CO2_keep-CO2_post-prestimulus,mean,161,val,0.6216216216216216,0.6213450292397661
aggregated_ranked_features_gas-CO2_keep-CO2_post-prestimulus,mean,161,test,0.6911764705882353,0.6868421052631579
aggregated_ranked_features_gas-CO2_keep-CO2_post-prestimulus,mean,162,train,0.959214501510574,0.9592144084446301
aggregated_ranked_features_gas-CO2_keep-CO2_post-prestimulus,mean,162,val,0.6283783783783784,0.6279537456008044
aggregated_ranked_features_gas-CO2_keep-CO2_post-prestimulus,mean,162,test,0.6985294117647058,0.6948169229927207
aggregated_ranked_features_gas-CO2_keep-CO2_post-prestimulus,mean,163,train,0.9577039274924471,0.9577039274924471
aggregated_ranked_features_gas-CO2_keep-CO2_post-prestimulus,mean,163,val,0.6351351351351351,0.6345344796049022
aggregated_ranked_features_gas-CO2_keep-CO2_post-prestimulus,mean,163,test,0.6691176470588235,0.6638655462184875
aggregated_ranked_features_gas-CO2_keep-CO2_post-prestimulus,mean,164,train,0.959214501510574,0.9592144084446301
aggregated_ranked_features_gas-CO2_keep-CO2_post-prestimulus,mean,164,val,0.6216216216216216,0.6213450292397661
aggregated_ranked_features_gas-CO2_keep-CO2_post-prestimulus,mean,164,test,0.6838235294117647,0.6775296388199614
aggregated_ranked_features_gas-CO2_keep-CO2_post-prestimulus,mean,165,train,0.959214501510574,0.9592144084446301
aggregated_ranked_features_gas-CO2_keep-CO2_post-prestimulus,mean,165,val,0.6351351351351351,0.6345344796049022
aggregated_ranked_features_gas-CO2_keep-CO2_post-prestimulus,mean,165,test,0.6911764705882353,0.6856702619414483
aggregated_ranked_features_gas-CO2_keep-CO2_post-prestimulus,mean,166,train,0.959214501510574,0.9592144084446301
aggregated_ranked_features_gas-CO2_keep-CO2_post-prestimulus,mean,166,val,0.6283783783783784,0.6279537456008044
aggregated_ranked_features_gas-CO2_keep-CO2_post-prestimulus,mean,166,test,0.6911764705882353,0.6843501326259946
aggregated_ranked_features_gas-CO2_keep-CO2_post-prestimulus,mean,167,train,0.9607250755287009,0.9607250755287009
aggregated_ranked_features_gas-CO2_keep-CO2_post-prestimulus,mean,167,val,0.6283783783783784,0.6279537456008044
aggregated_ranked_features_gas-CO2_keep-CO2_post-prestimulus,mean,167,test,0.6764705882352942,0.6707021791767555
aggregated_ranked_features_gas-CO2_keep-CO2_post-prestimulus,mean,168,train,0.9607250755287009,0.9607250755287009
aggregated_ranked_features_gas-CO2_keep-CO2_post-prestimulus,mean,168,val,0.6351351351351351,0.6348684210526316
aggregated_ranked_features_gas-CO2_keep-CO2_post-prestimulus,mean,168,test,0.6764705882352942,0.6707021791767555
aggregated_ranked_features_gas-CO2_keep-CO2_post-prestimulus,mean,169,train,0.9607250755287009,0.9607250755287009
aggregated_ranked_features_gas-CO2_keep-CO2_post-prestimulus,mean,169,val,0.6351351351351351,0.6350684931506849
aggregated_ranked_features_gas-CO2_keep-CO2_post-prestimulus,mean,169,test,0.6764705882352942,0.6707021791767555
aggregated_ranked_features_gas-CO2_keep-CO2_post-prestimulus,mean,170,train,0.9607250755287009,0.9607250755287009
aggregated_ranked_features_gas-CO2_keep-CO2_post-prestimulus,mean,170,val,0.6148648648648649,0.6148472811943569
aggregated_ranked_features_gas-CO2_keep-CO2_post-prestimulus,mean,170,test,0.7058823529411765,0.7006383447061413
aggregated_ranked_features_gas-CO2_keep-CO2_post-prestimulus,mean,171,train,0.9622356495468278,0.9622355633746574
aggregated_ranked_features_gas-CO2_keep-CO2_post-prestimulus,mean,171,val,0.6216216216216216,0.6216216216216216
aggregated_ranked_features_gas-CO2_keep-CO2_post-prestimulus,mean,171,test,0.7058823529411765,0.7006383447061413
aggregated_ranked_features_gas-CO2_keep-CO2_post-prestimulus,mean,172,train,0.9607250755287009,0.9607250755287009
aggregated_ranked_features_gas-CO2_keep-CO2_post-prestimulus,mean,172,val,0.6351351351351351,0.6350684931506849
aggregated_ranked_features_gas-CO2_keep-CO2_post-prestimulus,mean,172,test,0.6691176470588235,0.6650429642603033
aggregated_ranked_features_gas-CO2_keep-CO2_post-prestimulus,mean,173,train,0.9622356495468278,0.9622355633746574
aggregated_ranked_features_gas-CO2_keep-CO2_post-prestimulus,mean,173,val,0.6351351351351351,0.6350684931506849
aggregated_ranked_features_gas-CO2_keep-CO2_post-prestimulus,mean,173,test,0.6764705882352942,0.6693191865605659
aggregated_ranked_features_gas-CO2_keep-CO2_post-prestimulus,mean,174,train,0.9622356495468278,0.9622355633746574
aggregated_ranked_features_gas-CO2_keep-CO2_post-prestimulus,mean,174,val,0.6216216216216216,0.6215525114155251
aggregated_ranked_features_gas-CO2_keep-CO2_post-prestimulus,mean,174,test,0.6911764705882353,0.6828780812791473
aggregated_ranked_features_gas-CO2_keep-CO2_post-prestimulus,mean,175,train,0.959214501510574,0.9592144084446301
aggregated_ranked_features_gas-CO2_keep-CO2_post-prestimulus,mean,175,val,0.6351351351351351,0.6350684931506849
aggregated_ranked_features_gas-CO2_keep-CO2_post-prestimulus,mean,175,test,0.6764705882352942,0.6693191865605659
aggregated_ranked_features_gas-CO2_keep-CO2_post-prestimulus,mean,176,train,0.9622356495468278,0.9622355633746574
aggregated_ranked_features_gas-CO2_keep-CO2_post-prestimulus,mean,176,val,0.6283783783783784,0.6283614116787655
aggregated_ranked_features_gas-CO2_keep-CO2_post-prestimulus,mean,176,test,0.6691176470588235,0.6625310173697271
aggregated_ranked_features_gas-CO2_keep-CO2_post-prestimulus,mean,177,train,0.959214501510574,0.9592144084446301
aggregated_ranked_features_gas-CO2_keep-CO2_post-prestimulus,mean,177,val,0.6283783783783784,0.6282256222881937
aggregated_ranked_features_gas-CO2_keep-CO2_post-prestimulus,mean,177,test,0.6764705882352942,0.6693191865605659
aggregated_ranked_features_gas-CO2_keep-CO2_post-prestimulus,mean,178,train,0.9622356495468278,0.9622355633746574
aggregated_ranked_features_gas-CO2_keep-CO2_post-prestimulus,mean,178,val,0.6283783783783784,0.6283614116787655
aggregated_ranked_features_gas-CO2_keep-CO2_post-prestimulus,mean,178,test,0.6838235294117647,0.6761008031016339
aggregated_ranked_features_gas-CO2_keep-CO2_post-prestimulus,mean,179,train,0.9637462235649547,0.9637462235649547
aggregated_ranked_features_gas-CO2_keep-CO2_post-prestimulus,mean,179,val,0.6216216216216216,0.6216216216216216
aggregated_ranked_features_gas-CO2_keep-CO2_post-prestimulus,mean,179,test,0.6838235294117647,0.6775296388199614
aggregated_ranked_features_gas-CO2_keep-CO2_post-prestimulus,mean,180,train,0.9622356495468278,0.9622355633746574
aggregated_ranked_features_gas-CO2_keep-CO2_post-prestimulus,mean,180,val,0.6216216216216216,0.6216216216216216
aggregated_ranked_features_gas-CO2_keep-CO2_post-prestimulus,mean,180,test,0.6764705882352942,0.6693191865605659
aggregated_ranked_features_gas-CO2_keep-CO2_post-prestimulus,mean,181,train,0.9607250755287009,0.9607250755287009
aggregated_ranked_features_gas-CO2_keep-CO2_post-prestimulus,mean,181,val,0.6216216216216216,0.6216216216216216
aggregated_ranked_features_gas-CO2_keep-CO2_post-prestimulus,mean,181,test,0.6985294117647058,0.6896532531863973
aggregated_ranked_features_gas-CO2_keep-CO2_post-prestimulus,mean,182,train,0.9607250755287009,0.9607250755287009
aggregated_ranked_features_gas-CO2_keep-CO2_post-prestimulus,mean,182,val,0.6216216216216216,0.6216216216216216
aggregated_ranked_features_gas-CO2_keep-CO2_post-prestimulus,mean,182,test,0.6985294117647058,0.6896532531863973
aggregated_ranked_features_gas-CO2_keep-CO2_post-prestimulus,mean,183,train,0.9607250755287009,0.9607250755287009
aggregated_ranked_features_gas-CO2_keep-CO2_post-prestimulus,mean,183,val,0.6283783783783784,0.6283614116787655
aggregated_ranked_features_gas-CO2_keep-CO2_post-prestimulus,mean,183,test,0.7058823529411765,0.6979791250277593
aggregated_ranked_features_gas-CO2_keep-CO2_post-prestimulus,mean,184,train,0.9622356495468278,0.9622355633746574
aggregated_ranked_features_gas-CO2_keep-CO2_post-prestimulus,mean,184,val,0.6216216216216216,0.6216216216216216
aggregated_ranked_features_gas-CO2_keep-CO2_post-prestimulus,mean,184,test,0.6911764705882353,0.6828780812791473
aggregated_ranked_features_gas-CO2_keep-CO2_post-prestimulus,mean,185,train,0.9622356495468278,0.9622355633746574
aggregated_ranked_features_gas-CO2_keep-CO2_post-prestimulus,mean,185,val,0.6148648648648649,0.6148472811943569
aggregated_ranked_features_gas-CO2_keep-CO2_post-prestimulus,mean,185,test,0.6911764705882353,0.6828780812791473
aggregated_ranked_features_gas-CO2_keep-CO2_post-prestimulus,mean,186,train,0.9637462235649547,0.9637462235649547
aggregated_ranked_features_gas-CO2_keep-CO2_post-prestimulus,mean,186,val,0.6283783783783784,0.6283614116787655
aggregated_ranked_features_gas-CO2_keep-CO2_post-prestimulus,mean,186,test,0.6911764705882353,0.6843501326259946
aggregated_ranked_features_gas-CO2_keep-CO2_post-prestimulus,mean,187,train,0.9652567975830816,0.9652567183046848
aggregated_ranked_features_gas-CO2_keep-CO2_post-prestimulus,mean,187,val,0.6283783783783784,0.6283614116787655
aggregated_ranked_features_gas-CO2_keep-CO2_post-prestimulus,mean,187,test,0.6838235294117647,0.6761008031016339
aggregated_ranked_features_gas-CO2_keep-CO2_post-prestimulus,mean,188,train,0.9637462235649547,0.9637462235649547
aggregated_ranked_features_gas-CO2_keep-CO2_post-prestimulus,mean,188,val,0.6283783783783784,0.6283614116787655
aggregated_ranked_features_gas-CO2_keep-CO2_post-prestimulus,mean,188,test,0.6838235294117647,0.6775296388199614
aggregated_ranked_features_gas-CO2_keep-CO2_post-prestimulus,mean,189,train,0.9652567975830816,0.9652567183046848
aggregated_ranked_features_gas-CO2_keep-CO2_post-prestimulus,mean,189,val,0.6283783783783784,0.6283614116787655
aggregated_ranked_features_gas-CO2_keep-CO2_post-prestimulus,mean,189,test,0.6838235294117647,0.6761008031016339
aggregated_ranked_features_gas-CO2_keep-CO2_post-prestimulus,mean,190,train,0.9622356495468278,0.9622355633746574
aggregated_ranked_features_gas-CO2_keep-CO2_post-prestimulus,mean,190,val,0.6216216216216216,0.6215525114155251
aggregated_ranked_features_gas-CO2_keep-CO2_post-prestimulus,mean,190,test,0.6911764705882353,0.6843501326259946
aggregated_ranked_features_gas-CO2_keep-CO2_post-prestimulus,mean,191,train,0.9622356495468278,0.9622355633746574
aggregated_ranked_features_gas-CO2_keep-CO2_post-prestimulus,mean,191,val,0.6283783783783784,0.6283614116787655
aggregated_ranked_features_gas-CO2_keep-CO2_post-prestimulus,mean,191,test,0.6691176470588235,0.6625310173697271
aggregated_ranked_features_gas-CO2_keep-CO2_post-prestimulus,mean,192,train,0.9622356495468278,0.9622355633746574
aggregated_ranked_features_gas-CO2_keep-CO2_post-prestimulus,mean,192,val,0.6283783783783784,0.6283614116787655
aggregated_ranked_features_gas-CO2_keep-CO2_post-prestimulus,mean,192,test,0.6764705882352942,0.6707021791767555
aggregated_ranked_features_gas-CO2_keep-CO2_post-prestimulus,mean,193,train,0.9622356495468278,0.9622355633746574
aggregated_ranked_features_gas-CO2_keep-CO2_post-prestimulus,mean,193,val,0.6216216216216216,0.6216216216216216
aggregated_ranked_features_gas-CO2_keep-CO2_post-prestimulus,mean,193,test,0.6764705882352942,0.6707021791767555
aggregated_ranked_features_gas-CO2_keep-CO2_post-prestimulus,mean,194,train,0.9637462235649547,0.9637458926615553
aggregated_ranked_features_gas-CO2_keep-CO2_post-prestimulus,mean,194,val,0.6148648648648649,0.6148472811943569
aggregated_ranked_features_gas-CO2_keep-CO2_post-prestimulus,mean,194,test,0.6764705882352942,0.6693191865605659
aggregated_ranked_features_gas-CO2_keep-CO2_post-prestimulus,mean,195,train,0.9607250755287009,0.9607247170500182
aggregated_ranked_features_gas-CO2_keep-CO2_post-prestimulus,mean,195,val,0.6148648648648649,0.6148472811943569
aggregated_ranked_features_gas-CO2_keep-CO2_post-prestimulus,mean,195,test,0.6764705882352942,0.6693191865605659
aggregated_ranked_features_gas-CO2_keep-CO2_post-prestimulus,mean,196,train,0.9622356495468278,0.9622355633746574
aggregated_ranked_features_gas-CO2_keep-CO2_post-prestimulus,mean,196,val,0.6148648648648649,0.6148472811943569
aggregated_ranked_features_gas-CO2_keep-CO2_post-prestimulus,mean,196,test,0.6838235294117647,0.6761008031016339
aggregated_ranked_features_gas-CO2_keep-CO2_post-prestimulus,mean,197,train,0.9637462235649547,0.9637458926615553
aggregated_ranked_features_gas-CO2_keep-CO2_post-prestimulus,mean,197,val,0.6148648648648649,0.6148472811943569
aggregated_ranked_features_gas-CO2_keep-CO2_post-prestimulus,mean,197,test,0.6764705882352942,0.6677770375305352
aggregated_ranked_features_gas-CO2_keep-CO2_post-prestimulus,mean,198,train,0.9637462235649547,0.9637458926615553
aggregated_ranked_features_gas-CO2_keep-CO2_post-prestimulus,mean,198,val,0.6081081081081081,0.6080365296803653
aggregated_ranked_features_gas-CO2_keep-CO2_post-prestimulus,mean,198,test,0.6838235294117647,0.6761008031016339
aggregated_ranked_features_gas-CO2_keep-CO2_post-prestimulus,mean,199,train,0.9637462235649547,0.9637448999151127
aggregated_ranked_features_gas-CO2_keep-CO2_post-prestimulus,mean,199,val,0.6148648648648649,0.6148472811943569
aggregated_ranked_features_gas-CO2_keep-CO2_post-prestimulus,mean,199,test,0.6838235294117647,0.6761008031016339
aggregated_ranked_features_gas-CO2_keep-CO2_post-prestimulus,mean,200,train,0.9637462235649547,0.9637462235649547
aggregated_ranked_features_gas-CO2_keep-CO2_post-prestimulus,mean,200,val,0.6216216216216216,0.6216216216216216
aggregated_ranked_features_gas-CO2_keep-CO2_post-prestimulus,mean,200,test,0.6911764705882353,0.6843501326259946
aggregated_ranked_features_gas-CO2_keep-CO2_post-prestimulus,mean,201,train,0.9637462235649547,0.9637458926615553
aggregated_ranked_features_gas-CO2_keep-CO2_post-prestimulus,mean,201,val,0.6148648648648649,0.6148472811943569
aggregated_ranked_features_gas-CO2_keep-CO2_post-prestimulus,mean,201,test,0.6764705882352942,0.6693191865605659
aggregated_ranked_features_gas-CO2_keep-CO2_post-prestimulus,mean,202,train,0.9622356495468278,0.9622348739831369
aggregated_ranked_features_gas-CO2_keep-CO2_post-prestimulus,mean,202,val,0.6081081081081081,0.6080365296803653
aggregated_ranked_features_gas-CO2_keep-CO2_post-prestimulus,mean,202,test,0.6985294117647058,0.6911658820271392
aggregated_ranked_features_gas-CO2_keep-CO2_post-prestimulus,mean,203,train,0.9637462235649547,0.9637458926615553
aggregated_ranked_features_gas-CO2_keep-CO2_post-prestimulus,mean,203,val,0.6216216216216216,0.6216216216216216
aggregated_ranked_features_gas-CO2_keep-CO2_post-prestimulus,mean,203,test,0.6838235294117647,0.6761008031016339
aggregated_ranked_features_gas-CO2_keep-CO2_post-prestimulus,mean,204,train,0.9622356495468278,0.9622355633746574
aggregated_ranked_features_gas-CO2_keep-CO2_post-prestimulus,mean,204,val,0.6081081081081081,0.6080365296803653
aggregated_ranked_features_gas-CO2_keep-CO2_post-prestimulus,mean,204,test,0.7058823529411765,0.6993810786914235
aggregated_ranked_features_gas-CO2_keep-CO2_post-prestimulus,mean,205,train,0.9622356495468278,0.9622348739831369
aggregated_ranked_features_gas-CO2_keep-CO2_post-prestimulus,mean,205,val,0.6283783783783784,0.6283614116787655
aggregated_ranked_features_gas-CO2_keep-CO2_post-prestimulus,mean,205,test,0.6838235294117647,0.6761008031016339
aggregated_ranked_features_gas-CO2_keep-CO2_post-prestimulus,mean,206,train,0.9622356495468278,0.9622348739831369
aggregated_ranked_features_gas-CO2_keep-CO2_post-prestimulus,mean,206,val,0.6148648648648649,0.6148472811943569
aggregated_ranked_features_gas-CO2_keep-CO2_post-prestimulus,mean,206,test,0.6911764705882353,0.6843501326259946
aggregated_ranked_features_gas-CO2_keep-CO2_post-prestimulus,mean,207,train,0.9622356495468278,0.9622355633746574
aggregated_ranked_features_gas-CO2_keep-CO2_post-prestimulus,mean,207,val,0.6148648648648649,0.6148472811943569
aggregated_ranked_features_gas-CO2_keep-CO2_post-prestimulus,mean,207,test,0.6764705882352942,0.6693191865605659
aggregated_ranked_features_gas-CO2_keep-CO2_post-prestimulus,mean,208,train,0.9607250755287009,0.9607250755287009
aggregated_ranked_features_gas-CO2_keep-CO2_post-prestimulus,mean,208,val,0.6216216216216216,0.6216216216216216
aggregated_ranked_features_gas-CO2_keep-CO2_post-prestimulus,mean,208,test,0.6764705882352942,0.6677770375305352
aggregated_ranked_features_gas-CO2_keep-CO2_post-prestimulus,mean,209,train,0.9637462235649547,0.9637462235649547
aggregated_ranked_features_gas-CO2_keep-CO2_post-prestimulus,mean,209,val,0.6081081081081081,0.6081081081081081
aggregated_ranked_features_gas-CO2_keep-CO2_post-prestimulus,mean,209,test,0.6838235294117647,0.6745143874881727
aggregated_ranked_features_gas-CO2_keep-CO2_post-prestimulus,mean,210,train,0.9637462235649547,0.9637462235649547
aggregated_ranked_features_gas-CO2_keep-CO2_post-prestimulus,mean,210,val,0.6148648648648649,0.6148472811943569
aggregated_ranked_features_gas-CO2_keep-CO2_post-prestimulus,mean,210,test,0.6764705882352942,0.6677770375305352
aggregated_ranked_features_gas-CO2_keep-CO2_post-prestimulus,mean,211,train,0.959214501510574,0.9592144084446301
aggregated_ranked_features_gas-CO2_keep-CO2_post-prestimulus,mean,211,val,0.6081081081081081,0.6080365296803653
aggregated_ranked_features_gas-CO2_keep-CO2_post-prestimulus,mean,211,test,0.6838235294117647,0.6745143874881727
aggregated_ranked_features_gas-CO2_keep-CO2_post-prestimulus,mean,212,train,0.9637462235649547,0.9637462235649547
aggregated_ranked_features_gas-CO2_keep-CO2_post-prestimulus,mean,212,val,0.6081081081081081,0.6081081081081081
aggregated_ranked_features_gas-CO2_keep-CO2_post-prestimulus,mean,212,test,0.6838235294117647,0.6745143874881727
aggregated_ranked_features_gas-CO2_keep-CO2_post-prestimulus,mean,213,train,0.9607250755287009,0.9607247170500182
aggregated_ranked_features_gas-CO2_keep-CO2_post-prestimulus,mean,213,val,0.6081081081081081,0.6081081081081081
aggregated_ranked_features_gas-CO2_keep-CO2_post-prestimulus,mean,213,test,0.6911764705882353,0.6843501326259946
aggregated_ranked_features_gas-CO2_keep-CO2_post-prestimulus,mean,214,train,0.9607250755287009,0.9607247170500182
aggregated_ranked_features_gas-CO2_keep-CO2_post-prestimulus,mean,214,val,0.6148648648648649,0.6148472811943569
aggregated_ranked_features_gas-CO2_keep-CO2_post-prestimulus,mean,214,test,0.6985294117647058,0.6925282602701958
aggregated_ranked_features_gas-CO2_keep-CO2_post-prestimulus,mean,215,train,0.9622356495468278,0.9622355633746574
aggregated_ranked_features_gas-CO2_keep-CO2_post-prestimulus,mean,215,val,0.6148648648648649,0.6148472811943569
aggregated_ranked_features_gas-CO2_keep-CO2_post-prestimulus,mean,215,test,0.6838235294117647,0.6761008031016339
aggregated_ranked_features_gas-CO2_keep-CO2_post-prestimulus,mean,216,train,0.959214501510574,0.9592136639017879
aggregated_ranked_features_gas-CO2_keep-CO2_post-prestimulus,mean,216,val,0.6081081081081081,0.6081081081081081
aggregated_ranked_features_gas-CO2_keep-CO2_post-prestimulus,mean,216,test,0.7132352941176471,0.7075268817204301
aggregated_ranked_features_gas-CO2_keep-CO2_post-prestimulus,mean,217,train,0.9607250755287009,0.9607247170500182
aggregated_ranked_features_gas-CO2_keep-CO2_post-prestimulus,mean,217,val,0.6013513513513513,0.6013331507099484
aggregated_ranked_features_gas-CO2_keep-CO2_post-prestimulus,mean,217,test,0.7058823529411765,0.6993810786914235
aggregated_ranked_features_gas-CO2_keep-CO2_post-prestimulus,mean,218,train,0.9607250755287009,0.9607247170500182
aggregated_ranked_features_gas-CO2_keep-CO2_post-prestimulus,mean,218,val,0.6013513513513513,0.6013331507099484
aggregated_ranked_features_gas-CO2_keep-CO2_post-prestimulus,mean,218,test,0.6838235294117647,0.6745143874881727
aggregated_ranked_features_gas-CO2_keep-CO2_post-prestimulus,mean,219,train,0.9607250755287009,0.9607247170500182
aggregated_ranked_features_gas-CO2_keep-CO2_post-prestimulus,mean,219,val,0.6081081081081081,0.6081081081081081
aggregated_ranked_features_gas-CO2_keep-CO2_post-prestimulus,mean,219,test,0.6985294117647058,0.6911658820271392
aggregated_ranked_features_gas-CO2_keep-CO2_post-prestimulus,mean,220,train,0.9622356495468278,0.9622355633746574
aggregated_ranked_features_gas-CO2_keep-CO2_post-prestimulus,mean,220,val,0.6148648648648649,0.6148472811943569
aggregated_ranked_features_gas-CO2_keep-CO2_post-prestimulus,mean,220,test,0.6911764705882353,0.6843501326259946
aggregated_ranked_features_gas-CO2_keep-CO2_post-prestimulus,mean,221,train,0.9607250755287009,0.9607247170500182
aggregated_ranked_features_gas-CO2_keep-CO2_post-prestimulus,mean,221,val,0.6013513513513513,0.6013331507099484
aggregated_ranked_features_gas-CO2_keep-CO2_post-prestimulus,mean,221,test,0.6911764705882353,0.6843501326259946
aggregated_ranked_features_gas-CO2_keep-CO2_post-prestimulus,mean,222,train,0.9607250755287009,0.9607247170500182
aggregated_ranked_features_gas-CO2_keep-CO2_post-prestimulus,mean,222,val,0.5945945945945946,0.5945205479452055
aggregated_ranked_features_gas-CO2_keep-CO2_post-prestimulus,mean,222,test,0.7058823529411765,0.6993810786914235
aggregated_ranked_features_gas-CO2_keep-CO2_post-prestimulus,mean,223,train,0.959214501510574,0.9592144084446301
aggregated_ranked_features_gas-CO2_keep-CO2_post-prestimulus,mean,223,val,0.6081081081081081,0.6080365296803653
aggregated_ranked_features_gas-CO2_keep-CO2_post-prestimulus,mean,223,test,0.6985294117647058,0.6925282602701958
aggregated_ranked_features_gas-CO2_keep-CO2_post-prestimulus,mean,224,train,0.9622356495468278,0.9622348739831369
aggregated_ranked_features_gas-CO2_keep-CO2_post-prestimulus,mean,224,val,0.6081081081081081,0.6080365296803653
aggregated_ranked_features_gas-CO2_keep-CO2_post-prestimulus,mean,224,test,0.6764705882352942,0.6693191865605659
aggregated_ranked_features_gas-CO2_keep-CO2_post-prestimulus,mean,225,train,0.9607250755287009,0.9607247170500182
aggregated_ranked_features_gas-CO2_keep-CO2_post-prestimulus,mean,225,val,0.6081081081081081,0.6080365296803653
aggregated_ranked_features_gas-CO2_keep-CO2_post-prestimulus,mean,225,test,0.7058823529411765,0.6993810786914235
aggregated_ranked_features_gas-CO2_keep-CO2_post-prestimulus,mean,226,train,0.959214501510574,0.9592144084446301
aggregated_ranked_features_gas-CO2_keep-CO2_post-prestimulus,mean,226,val,0.6081081081081081,0.6080365296803653
aggregated_ranked_features_gas-CO2_keep-CO2_post-prestimulus,mean,226,test,0.7058823529411765,0.6993810786914235
aggregated_ranked_features_gas-CO2_keep-CO2_post-prestimulus,mean,227,train,0.959214501510574,0.9592144084446301
aggregated_ranked_features_gas-CO2_keep-CO2_post-prestimulus,mean,227,val,0.6013513513513513,0.6011874857273349
aggregated_ranked_features_gas-CO2_keep-CO2_post-prestimulus,mean,227,test,0.7058823529411765,0.6993810786914235
aggregated_ranked_features_gas-CO2_keep-CO2_post-prestimulus,mean,228,train,0.9637462235649547,0.9637448999151127
aggregated_ranked_features_gas-CO2_keep-CO2_post-prestimulus,mean,228,val,0.6216216216216216,0.6215525114155251
aggregated_ranked_features_gas-CO2_keep-CO2_post-prestimulus,mean,228,test,0.6985294117647058,0.6911658820271392
aggregated_ranked_features_gas-CO2_keep-CO2_post-prestimulus,mean,229,train,0.9622356495468278,0.9622348739831369
aggregated_ranked_features_gas-CO2_keep-CO2_post-prestimulus,mean,229,val,0.6148648648648649,0.6147065540077643
aggregated_ranked_features_gas-CO2_keep-CO2_post-prestimulus,mean,229,test,0.6911764705882353,0.6828780812791473
aggregated_ranked_features_gas-CO2_keep-CO2_post-prestimulus,mean,230,train,0.9637462235649547,0.9637448999151127
aggregated_ranked_features_gas-CO2_keep-CO2_post-prestimulus,mean,230,val,0.6148648648648649,0.6147065540077643
aggregated_ranked_features_gas-CO2_keep-CO2_post-prestimulus,mean,230,test,0.7058823529411765,0.6993810786914235
aggregated_ranked_features_gas-CO2_keep-CO2_post-prestimulus,mean,231,train,0.9652567975830816,0.9652548155146171
aggregated_ranked_features_gas-CO2_keep-CO2_post-prestimulus,mean,231,val,0.6148648648648649,0.6147065540077643
aggregated_ranked_features_gas-CO2_keep-CO2_post-prestimulus,mean,231,test,0.6985294117647058,0.6911658820271392
aggregated_ranked_features_gas-CO2_keep-CO2_post-prestimulus,mean,232,train,0.9637462235649547,0.9637448999151127
aggregated_ranked_features_gas-CO2_keep-CO2_post-prestimulus,mean,232,val,0.6148648648648649,0.6147065540077643
aggregated_ranked_features_gas-CO2_keep-CO2_post-prestimulus,mean,232,test,0.7058823529411765,0.6979791250277593
aggregated_ranked_features_gas-CO2_keep-CO2_post-prestimulus,mean,233,train,0.9577039274924471,0.9577035414384811
aggregated_ranked_features_gas-CO2_keep-CO2_post-prestimulus,mean,233,val,0.6081081081081081,0.6080365296803653
aggregated_ranked_features_gas-CO2_keep-CO2_post-prestimulus,mean,233,test,0.6764705882352942,0.6707021791767555
aggregated_ranked_features_gas-CO2_keep-CO2_post-prestimulus,mean,234,train,0.9577039274924471,0.9577035414384811
aggregated_ranked_features_gas-CO2_keep-CO2_post-prestimulus,mean,234,val,0.6148648648648649,0.6148472811943569
aggregated_ranked_features_gas-CO2_keep-CO2_post-prestimulus,mean,234,test,0.6838235294117647,0.6761008031016339
aggregated_ranked_features_gas-CO2_keep-CO2_post-prestimulus,mean,235,train,0.959214501510574,0.9592144084446301
aggregated_ranked_features_gas-CO2_keep-CO2_post-prestimulus,mean,235,val,0.6148648648648649,0.6147065540077643
aggregated_ranked_features_gas-CO2_keep-CO2_post-prestimulus,mean,235,test,0.6985294117647058,0.6911658820271392
aggregated_ranked_features_gas-CO2_keep-CO2_post-prestimulus,mean,236,train,0.959214501510574,0.9592144084446301
aggregated_ranked_features_gas-CO2_keep-CO2_post-prestimulus,mean,236,val,0.6216216216216216,0.6216216216216216
aggregated_ranked_features_gas-CO2_keep-CO2_post-prestimulus,mean,236,test,0.6838235294117647,0.6775296388199614
aggregated_ranked_features_gas-CO2_keep-CO2_post-prestimulus,mean,237,train,0.959214501510574,0.9592144084446301
aggregated_ranked_features_gas-CO2_keep-CO2_post-prestimulus,mean,237,val,0.6148648648648649,0.6147065540077643
aggregated_ranked_features_gas-CO2_keep-CO2_post-prestimulus,mean,237,test,0.6911764705882353,0.6843501326259946
aggregated_ranked_features_gas-CO2_keep-CO2_post-prestimulus,mean,238,train,0.9607250755287009,0.9607247170500182
aggregated_ranked_features_gas-CO2_keep-CO2_post-prestimulus,mean,238,val,0.6148648648648649,0.6147065540077643
aggregated_ranked_features_gas-CO2_keep-CO2_post-prestimulus,mean,238,test,0.6764705882352942,0.6693191865605659
aggregated_ranked_features_gas-CO2_keep-CO2_post-prestimulus,mean,239,train,0.9577039274924471,0.9577035414384811
aggregated_ranked_features_gas-CO2_keep-CO2_post-prestimulus,mean,239,val,0.6216216216216216,0.6215525114155251
aggregated_ranked_features_gas-CO2_keep-CO2_post-prestimulus,mean,239,test,0.6911764705882353,0.6843501326259946
aggregated_ranked_features_gas-CO2_keep-CO2_post-prestimulus,mean,240,train,0.9622356495468278,0.9622355633746574
aggregated_ranked_features_gas-CO2_keep-CO2_post-prestimulus,mean,240,val,0.6216216216216216,0.6215525114155251
aggregated_ranked_features_gas-CO2_keep-CO2_post-prestimulus,mean,240,test,0.6838235294117647,0.6775296388199614
aggregated_ranked_features_gas-CO2_keep-CO2_post-prestimulus,mean,241,train,0.9622356495468278,0.9622355633746574
aggregated_ranked_features_gas-CO2_keep-CO2_post-prestimulus,mean,241,val,0.6283783783783784,0.6283614116787655
aggregated_ranked_features_gas-CO2_keep-CO2_post-prestimulus,mean,241,test,0.6764705882352942,0.6693191865605659
aggregated_ranked_features_gas-CO2_keep-CO2_post-prestimulus,mean,242,train,0.9607250755287009,0.9607247170500182
aggregated_ranked_features_gas-CO2_keep-CO2_post-prestimulus,mean,242,val,0.6216216216216216,0.6215525114155251
aggregated_ranked_features_gas-CO2_keep-CO2_post-prestimulus,mean,242,test,0.6838235294117647,0.6761008031016339
aggregated_ranked_features_gas-CO2_keep-CO2_post-prestimulus,mean,243,train,0.9637462235649547,0.9637458926615553
aggregated_ranked_features_gas-CO2_keep-CO2_post-prestimulus,mean,243,val,0.6148648648648649,0.6147065540077643
aggregated_ranked_features_gas-CO2_keep-CO2_post-prestimulus,mean,243,test,0.6838235294117647,0.6761008031016339
aggregated_ranked_features_gas-CO2_keep-CO2_post-prestimulus,mean,244,train,0.9607250755287009,0.9607250755287009
aggregated_ranked_features_gas-CO2_keep-CO2_post-prestimulus,mean,244,val,0.6216216216216216,0.6215525114155251
aggregated_ranked_features_gas-CO2_keep-CO2_post-prestimulus,mean,244,test,0.6838235294117647,0.6761008031016339
aggregated_ranked_features_gas-CO2_keep-CO2_post-prestimulus,mean,245,train,0.959214501510574,0.9592144084446301
aggregated_ranked_features_gas-CO2_keep-CO2_post-prestimulus,mean,245,val,0.6216216216216216,0.6216216216216216
aggregated_ranked_features_gas-CO2_keep-CO2_post-prestimulus,mean,245,test,0.6985294117647058,0.6911658820271392
aggregated_ranked_features_gas-CO2_keep-CO2_post-prestimulus,mean,246,train,0.9607250755287009,0.9607250755287009
aggregated_ranked_features_gas-CO2_keep-CO2_post-prestimulus,mean,246,val,0.6216216216216216,0.6215525114155251
aggregated_ranked_features_gas-CO2_keep-CO2_post-prestimulus,mean,246,test,0.6985294117647058,0.6911658820271392
aggregated_ranked_features_gas-CO2_keep-CO2_post-prestimulus,mean,247,train,0.9577039274924471,0.9577039274924471
aggregated_ranked_features_gas-CO2_keep-CO2_post-prestimulus,mean,247,val,0.6216216216216216,0.6216216216216216
aggregated_ranked_features_gas-CO2_keep-CO2_post-prestimulus,mean,247,test,0.6911764705882353,0.6843501326259946
aggregated_ranked_features_gas-CO2_keep-CO2_post-prestimulus,mean,248,train,0.9607250755287009,0.9607247170500182
aggregated_ranked_features_gas-CO2_keep-CO2_post-prestimulus,mean,248,val,0.6216216216216216,0.6215525114155251
aggregated_ranked_features_gas-CO2_keep-CO2_post-prestimulus,mean,248,test,0.6764705882352942,0.6693191865605659
aggregated_ranked_features_gas-CO2_keep-CO2_post-prestimulus,mean,249,train,0.9561933534743202,0.9561932535146027
aggregated_ranked_features_gas-CO2_keep-CO2_post-prestimulus,mean,249,val,0.6216216216216216,0.6216216216216216
aggregated_ranked_features_gas-CO2_keep-CO2_post-prestimulus,mean,249,test,0.6838235294117647,0.6775296388199614
aggregated_ranked_features_gas-CO2_keep-CO2_post-prestimulus,mean,250,train,0.9607250755287009,0.9607250755287009
aggregated_ranked_features_gas-CO2_keep-CO2_post-prestimulus,mean,250,val,0.6081081081081081,0.6078216374269005
aggregated_ranked_features_gas-CO2_keep-CO2_post-prestimulus,mean,250,test,0.6838235294117647,0.6761008031016339
aggregated_ranked_features_gas-CO2_keep-CO2_post-prestimulus,mean,251,train,0.9577039274924471,0.9577039274924471
aggregated_ranked_features_gas-CO2_keep-CO2_post-prestimulus,mean,251,val,0.6148648648648649,0.6148472811943569
aggregated_ranked_features_gas-CO2_keep-CO2_post-prestimulus,mean,251,test,0.6911764705882353,0.6843501326259946
aggregated_ranked_features_gas-CO2_keep-CO2_post-prestimulus,mean,252,train,0.959214501510574,0.9592144084446301
aggregated_ranked_features_gas-CO2_keep-CO2_post-prestimulus,mean,252,val,0.6148648648648649,0.6147065540077643
aggregated_ranked_features_gas-CO2_keep-CO2_post-prestimulus,mean,252,test,0.6838235294117647,0.6745143874881727
aggregated_ranked_features_gas-CO2_keep-CO2_post-prestimulus,mean,253,train,0.9652567975830816,0.9652560840644859
aggregated_ranked_features_gas-CO2_keep-CO2_post-prestimulus,mean,253,val,0.6148648648648649,0.6148472811943569
aggregated_ranked_features_gas-CO2_keep-CO2_post-prestimulus,mean,253,test,0.6911764705882353,0.6828780812791473
aggregated_ranked_features_gas-CO2_keep-CO2_post-prestimulus,mean,254,train,0.9622356495468278,0.9622348739831369
aggregated_ranked_features_gas-CO2_keep-CO2_post-prestimulus,mean,254,val,0.5945945945945946,0.5942982456140351
aggregated_ranked_features_gas-CO2_keep-CO2_post-prestimulus,mean,254,test,0.6911764705882353,0.6843501326259946
aggregated_ranked_features_gas-CO2_keep-CO2_post-prestimulus,mean,255,train,0.9607250755287009,0.9607247170500182
aggregated_ranked_features_gas-CO2_keep-CO2_post-prestimulus,mean,255,val,0.6148648648648649,0.614424790895379
aggregated_ranked_features_gas-CO2_keep-CO2_post-prestimulus,mean,255,test,0.6985294117647058,0.6911658820271392
aggregated_ranked_features_gas-CO2_keep-CO2_post-prestimulus,mean,256,train,0.9577039274924471,0.9577039274924471
aggregated_ranked_features_gas-CO2_keep-CO2_post-prestimulus,mean,256,val,0.6216216216216216,0.6213450292397661
aggregated_ranked_features_gas-CO2_keep-CO2_post-prestimulus,mean,256,test,0.6838235294117647,0.6761008031016339
aggregated_ranked_features_gas-CO2_keep-CO2_post-prestimulus,mean,257,train,0.959214501510574,0.9592144084446301
aggregated_ranked_features_gas-CO2_keep-CO2_post-prestimulus,mean,257,val,0.6283783783783784,0.6282256222881937
aggregated_ranked_features_gas-CO2_keep-CO2_post-prestimulus,mean,257,test,0.6838235294117647,0.6745143874881727
aggregated_ranked_features_gas-CO2_keep-CO2_post-prestimulus,mean,258,train,0.959214501510574,0.9592144084446301
aggregated_ranked_features_gas-CO2_keep-CO2_post-prestimulus,mean,258,val,0.6013513513513513,0.6011874857273349
aggregated_ranked_features_gas-CO2_keep-CO2_post-prestimulus,mean,258,test,0.6911764705882353,0.6828780812791473
aggregated_ranked_features_gas-CO2_keep-CO2_post-prestimulus,mean,259,train,0.9637462235649547,0.9637458926615553
aggregated_ranked_features_gas-CO2_keep-CO2_post-prestimulus,mean,259,val,0.6081081081081081,0.6081081081081081
aggregated_ranked_features_gas-CO2_keep-CO2_post-prestimulus,mean,259,test,0.7058823529411765,0.6979791250277593
aggregated_ranked_features_gas-CO2_keep-CO2_post-prestimulus,mean,260,train,0.9652567975830816,0.9652560840644859
aggregated_ranked_features_gas-CO2_keep-CO2_post-prestimulus,mean,260,val,0.6216216216216216,0.6213450292397661
aggregated_ranked_features_gas-CO2_keep-CO2_post-prestimulus,mean,260,test,0.6911764705882353,0.6828780812791473
aggregated_ranked_features_gas-CO2_keep-CO2_post-prestimulus,mean,261,train,0.9607250755287009,0.9607247170500182
aggregated_ranked_features_gas-CO2_keep-CO2_post-prestimulus,mean,261,val,0.6081081081081081,0.6080365296803653
aggregated_ranked_features_gas-CO2_keep-CO2_post-prestimulus,mean,261,test,0.6911764705882353,0.68125
aggregated_ranked_features_gas-CO2_keep-CO2_post-prestimulus,mean,262,train,0.959214501510574,0.9592144084446301
aggregated_ranked_features_gas-CO2_keep-CO2_post-prestimulus,mean,262,val,0.6216216216216216,0.6216216216216216
aggregated_ranked_features_gas-CO2_keep-CO2_post-prestimulus,mean,262,test,0.6985294117647058,0.6925282602701958
aggregated_ranked_features_gas-CO2_keep-CO2_post-prestimulus,mean,263,train,0.959214501510574,0.9592144084446301
aggregated_ranked_features_gas-CO2_keep-CO2_post-prestimulus,mean,263,val,0.5878378378378378,0.5873668814845285
aggregated_ranked_features_gas-CO2_keep-CO2_post-prestimulus,mean,263,test,0.6985294117647058,0.6879861227687314
aggregated_ranked_features_gas-CO2_keep-CO2_post-prestimulus,mean,264,train,0.959214501510574,0.9592144084446301
aggregated_ranked_features_gas-CO2_keep-CO2_post-prestimulus,mean,264,val,0.6148648648648649,0.6147065540077643
aggregated_ranked_features_gas-CO2_keep-CO2_post-prestimulus,mean,264,test,0.7058823529411765,0.6979791250277593
aggregated_ranked_features_gas-CO2_keep-CO2_post-prestimulus,mean,265,train,0.9622356495468278,0.9622348739831369
aggregated_ranked_features_gas-CO2_keep-CO2_post-prestimulus,mean,265,val,0.6148648648648649,0.6147065540077643
aggregated_ranked_features_gas-CO2_keep-CO2_post-prestimulus,mean,265,test,0.6838235294117647,0.6745143874881727
aggregated_ranked_features_gas-CO2_keep-CO2_post-prestimulus,mean,266,train,0.9622356495468278,0.9622348739831369
aggregated_ranked_features_gas-CO2_keep-CO2_post-prestimulus,mean,266,val,0.6351351351351351,0.6348684210526316
aggregated_ranked_features_gas-CO2_keep-CO2_post-prestimulus,mean,266,test,0.6838235294117647,0.6775296388199614
aggregated_ranked_features_gas-CO2_keep-CO2_post-prestimulus,mean,267,train,0.9622356495468278,0.9622348739831369
aggregated_ranked_features_gas-CO2_keep-CO2_post-prestimulus,mean,267,val,0.6148648648648649,0.6148472811943569
aggregated_ranked_features_gas-CO2_keep-CO2_post-prestimulus,mean,267,test,0.6985294117647058,0.6896532531863973
aggregated_ranked_features_gas-CO2_keep-CO2_post-prestimulus,mean,268,train,0.9622356495468278,0.9622355633746574
aggregated_ranked_features_gas-CO2_keep-CO2_post-prestimulus,mean,268,val,0.6081081081081081,0.6080365296803653
aggregated_ranked_features_gas-CO2_keep-CO2_post-prestimulus,mean,268,test,0.6764705882352942,0.6677770375305352
aggregated_ranked_features_gas-CO2_keep-CO2_post-prestimulus,mean,269,train,0.9667673716012085,0.9667670682730924
aggregated_ranked_features_gas-CO2_keep-CO2_post-prestimulus,mean,269,val,0.6013513513513513,0.6008958361899539
aggregated_ranked_features_gas-CO2_keep-CO2_post-prestimulus,mean,269,test,0.6985294117647058,0.6911658820271392
aggregated_ranked_features_gas-CO2_keep-CO2_post-prestimulus,mean,270,train,0.9637462235649547,0.9637462235649547
aggregated_ranked_features_gas-CO2_keep-CO2_post-prestimulus,mean,270,val,0.6148648648648649,0.6147065540077643
aggregated_ranked_features_gas-CO2_keep-CO2_post-prestimulus,mean,270,test,0.6838235294117647,0.6727659336354989
aggregated_ranked_features_gas-CO2_keep-CO2_post-prestimulus,mean,271,train,0.9652567975830816,0.9652567183046848
aggregated_ranked_features_gas-CO2_keep-CO2_post-prestimulus,mean,271,val,0.6148648648648649,0.6147065540077643
aggregated_ranked_features_gas-CO2_keep-CO2_post-prestimulus,mean,271,test,0.6911764705882353,0.6828780812791473
aggregated_ranked_features_gas-CO2_keep-CO2_post-prestimulus,mean,272,train,0.9607250755287009,0.9607247170500182
aggregated_ranked_features_gas-CO2_keep-CO2_post-prestimulus,mean,272,val,0.6081081081081081,0.6078216374269005
aggregated_ranked_features_gas-CO2_keep-CO2_post-prestimulus,mean,272,test,0.6911764705882353,0.6828780812791473
aggregated_ranked_features_gas-CO2_keep-CO2_post-prestimulus,mean,273,train,0.9607250755287009,0.9607247170500182
aggregated_ranked_features_gas-CO2_keep-CO2_post-prestimulus,mean,273,val,0.6148648648648649,0.6148472811943569
aggregated_ranked_features_gas-CO2_keep-CO2_post-prestimulus,mean,273,test,0.6985294117647058,0.6896532531863973
aggregated_ranked_features_gas-CO2_keep-CO2_post-prestimulus,mean,274,train,0.9622356495468278,0.9622355633746574
aggregated_ranked_features_gas-CO2_keep-CO2_post-prestimulus,mean,274,val,0.6283783783783784,0.6282256222881937
aggregated_ranked_features_gas-CO2_keep-CO2_post-prestimulus,mean,274,test,0.6911764705882353,0.6828780812791473
aggregated_ranked_features_gas-CO2_keep-CO2_post-prestimulus,mean,275,train,0.9622356495468278,0.9622355633746574
aggregated_ranked_features_gas-CO2_keep-CO2_post-prestimulus,mean,275,val,0.6216216216216216,0.6213450292397661
aggregated_ranked_features_gas-CO2_keep-CO2_post-prestimulus,mean,275,test,0.7058823529411765,0.6964285714285714
aggregated_ranked_features_gas-CO2_keep-CO2_post-prestimulus,mean,276,train,0.9652567975830816,0.9652548155146171
aggregated_ranked_features_gas-CO2_keep-CO2_post-prestimulus,mean,276,val,0.6148648648648649,0.614424790895379
aggregated_ranked_features_gas-CO2_keep-CO2_post-prestimulus,mean,276,test,0.6764705882352942,0.6677770375305352
aggregated_ranked_features_gas-CO2_keep-CO2_post-prestimulus,mean,277,train,0.9652567975830816,0.9652560840644859
aggregated_ranked_features_gas-CO2_keep-CO2_post-prestimulus,mean,277,val,0.6013513513513513,0.6011874857273349
aggregated_ranked_features_gas-CO2_keep-CO2_post-prestimulus,mean,277,test,0.6544117647058824,0.6442366560917236
aggregated_ranked_features_gas-CO2_keep-CO2_post-prestimulus,mean,278,train,0.9652567975830816,0.9652560840644859
aggregated_ranked_features_gas-CO2_keep-CO2_post-prestimulus,mean,278,val,0.6081081081081081,0.6080365296803653
aggregated_ranked_features_gas-CO2_keep-CO2_post-prestimulus,mean,278,test,0.6691176470588235,0.6593755217899482
aggregated_ranked_features_gas-CO2_keep-CO2_post-prestimulus,mean,279,train,0.9607250755287009,0.9607247170500182
aggregated_ranked_features_gas-CO2_keep-CO2_post-prestimulus,mean,279,val,0.6081081081081081,0.6078216374269005
aggregated_ranked_features_gas-CO2_keep-CO2_post-prestimulus,mean,279,test,0.7205882352941176,0.7144120247568524
aggregated_ranked_features_gas-CO2_keep-CO2_post-prestimulus,mean,280,train,0.9622356495468278,0.9622348739831369
aggregated_ranked_features_gas-CO2_keep-CO2_post-prestimulus,mean,280,val,0.6148648648648649,0.6147065540077643
aggregated_ranked_features_gas-CO2_keep-CO2_post-prestimulus,mean,280,test,0.6911764705882353,0.6843501326259946
aggregated_ranked_features_gas-CO2_keep-CO2_post-prestimulus,mean,281,train,0.959214501510574,0.9592144084446301
aggregated_ranked_features_gas-CO2_keep-CO2_post-prestimulus,mean,281,val,0.6081081081081081,0.6078216374269005
aggregated_ranked_features_gas-CO2_keep-CO2_post-prestimulus,mean,281,test,0.7058823529411765,0.6964285714285714
aggregated_ranked_features_gas-CO2_keep-CO2_post-prestimulus,mean,282,train,0.9607250755287009,0.9607247170500182
aggregated_ranked_features_gas-CO2_keep-CO2_post-prestimulus,mean,282,val,0.6216216216216216,0.6215525114155251
aggregated_ranked_features_gas-CO2_keep-CO2_post-prestimulus,mean,282,test,0.7132352941176471,0.703206311901964
aggregated_ranked_features_gas-CO2_keep-CO2_post-prestimulus,mean,283,train,0.9577039274924471,0.9577035414384811
aggregated_ranked_features_gas-CO2_keep-CO2_post-prestimulus,mean,283,val,0.6148648648648649,0.614424790895379
aggregated_ranked_features_gas-CO2_keep-CO2_post-prestimulus,mean,283,test,0.6985294117647058,0.6925282602701958
aggregated_ranked_features_gas-CO2_keep-CO2_post-prestimulus,mean,284,train,0.9607250755287009,0.9607250755287009
aggregated_ranked_features_gas-CO2_keep-CO2_post-prestimulus,mean,284,val,0.6216216216216216,0.6215525114155251
aggregated_ranked_features_gas-CO2_keep-CO2_post-prestimulus,mean,284,test,0.6838235294117647,0.6775296388199614
aggregated_ranked_features_gas-CO2_keep-CO2_post-prestimulus,mean,285,train,0.9697885196374623,0.9697874165959273
aggregated_ranked_features_gas-CO2_keep-CO2_post-prestimulus,mean,285,val,0.6283783783783784,0.6283614116787655
aggregated_ranked_features_gas-CO2_keep-CO2_post-prestimulus,mean,285,test,0.6838235294117647,0.6745143874881727
aggregated_ranked_features_gas-CO2_keep-CO2_post-prestimulus,mean,286,train,0.9637462235649547,0.9637448999151127
aggregated_ranked_features_gas-CO2_keep-CO2_post-prestimulus,mean,286,val,0.6148648648648649,0.6147065540077643
aggregated_ranked_features_gas-CO2_keep-CO2_post-prestimulus,mean,286,test,0.6911764705882353,0.6828780812791473
aggregated_ranked_features_gas-CO2_keep-CO2_post-prestimulus,mean,287,train,0.959214501510574,0.9592144084446301
aggregated_ranked_features_gas-CO2_keep-CO2_post-prestimulus,mean,287,val,0.6351351351351351,0.6350684931506849
aggregated_ranked_features_gas-CO2_keep-CO2_post-prestimulus,mean,287,test,0.7132352941176471,0.703206311901964
aggregated_ranked_features_gas-CO2_keep-CO2_post-prestimulus,mean,288,train,0.9622356495468278,0.9622348739831369
aggregated_ranked_features_gas-CO2_keep-CO2_post-prestimulus,mean,288,val,0.6081081081081081,0.6080365296803653
aggregated_ranked_features_gas-CO2_keep-CO2_post-prestimulus,mean,288,test,0.6985294117647058,0.6925282602701958
aggregated_ranked_features_gas-CO2_keep-CO2_post-prestimulus,mean,289,train,0.9577039274924471,0.9577035414384811
aggregated_ranked_features_gas-CO2_keep-CO2_post-prestimulus,mean,289,val,0.6081081081081081,0.6080365296803653
aggregated_ranked_features_gas-CO2_keep-CO2_post-prestimulus,mean,289,test,0.6764705882352942,0.6660714285714285
aggregated_ranked_features_gas-CO2_keep-CO2_post-prestimulus,mean,290,train,0.9637462235649547,0.9637458926615553
aggregated_ranked_features_gas-CO2_keep-CO2_post-prestimulus,mean,290,val,0.6081081081081081,0.6080365296803653
aggregated_ranked_features_gas-CO2_keep-CO2_post-prestimulus,mean,290,test,0.6838235294117647,0.6745143874881727
aggregated_ranked_features_gas-CO2_keep-CO2_post-prestimulus,mean,291,train,0.9622356495468278,0.9622334951245838
aggregated_ranked_features_gas-CO2_keep-CO2_post-prestimulus,mean,291,val,0.6148648648648649,0.6148472811943569
aggregated_ranked_features_gas-CO2_keep-CO2_post-prestimulus,mean,291,test,0.6911764705882353,0.6843501326259946
aggregated_ranked_features_gas-CO2_keep-CO2_post-prestimulus,mean,292,train,0.9622356495468278,0.9622348739831369
aggregated_ranked_features_gas-CO2_keep-CO2_post-prestimulus,mean,292,val,0.6081081081081081,0.6078216374269005
aggregated_ranked_features_gas-CO2_keep-CO2_post-prestimulus,mean,292,test,0.6838235294117647,0.6745143874881727
aggregated_ranked_features_gas-CO2_keep-CO2_post-prestimulus,mean,293,train,0.9697885196374623,0.9697874165959273
aggregated_ranked_features_gas-CO2_keep-CO2_post-prestimulus,mean,293,val,0.6216216216216216,0.6216216216216216
aggregated_ranked_features_gas-CO2_keep-CO2_post-prestimulus,mean,293,test,0.6985294117647058,0.6911658820271392
aggregated_ranked_features_gas-CO2_keep-CO2_post-prestimulus,mean,294,train,0.9652567975830816,0.9652548155146171
aggregated_ranked_features_gas-CO2_keep-CO2_post-prestimulus,mean,294,val,0.6351351351351351,0.6350684931506849
aggregated_ranked_features_gas-CO2_keep-CO2_post-prestimulus,mean,294,test,0.6838235294117647,0.6761008031016339
aggregated_ranked_features_gas-CO2_keep-CO2_post-prestimulus,mean,295,train,0.9667673716012085,0.9667646414488097
aggregated_ranked_features_gas-CO2_keep-CO2_post-prestimulus,mean,295,val,0.6283783783783784,0.6283614116787655
aggregated_ranked_features_gas-CO2_keep-CO2_post-prestimulus,mean,295,test,0.6985294117647058,0.6911658820271392
aggregated_ranked_features_gas-CO2_keep-CO2_post-prestimulus,mean,296,train,0.9637462235649547,0.9637448999151127
aggregated_ranked_features_gas-CO2_keep-CO2_post-prestimulus,mean,296,val,0.6148648648648649,0.6147065540077643
aggregated_ranked_features_gas-CO2_keep-CO2_post-prestimulus,mean,296,test,0.6985294117647058,0.6896532531863973
aggregated_ranked_features_gas-CO2_keep-CO2_post-prestimulus,mean,297,train,0.9622356495468278,0.9622355633746574
aggregated_ranked_features_gas-CO2_keep-CO2_post-prestimulus,mean,297,val,0.6216216216216216,0.6215525114155251
aggregated_ranked_features_gas-CO2_keep-CO2_post-prestimulus,mean,297,test,0.6911764705882353,0.6856702619414483
aggregated_ranked_features_gas-CO2_keep-CO2_post-prestimulus,mean,298,train,0.9652567975830816,0.9652560840644859
aggregated_ranked_features_gas-CO2_keep-CO2_post-prestimulus,mean,298,val,0.6283783783783784,0.6282256222881937
aggregated_ranked_features_gas-CO2_keep-CO2_post-prestimulus,mean,298,test,0.6838235294117647,0.6761008031016339
aggregated_ranked_features_gas-CO2_keep-CO2_post-prestimulus,mean,299,train,0.9652567975830816,0.9652567183046848
aggregated_ranked_features_gas-CO2_keep-CO2_post-prestimulus,mean,299,val,0.6283783783783784,0.6282256222881937
aggregated_ranked_features_gas-CO2_keep-CO2_post-prestimulus,mean,299,test,0.6911764705882353,0.6856702619414483
aggregated_ranked_features_gas-CO2_keep-CO2_post-prestimulus,mean,300,train,0.959214501510574,0.9592144084446301
aggregated_ranked_features_gas-CO2_keep-CO2_post-prestimulus,mean,300,val,0.6283783783783784,0.6279537456008044
aggregated_ranked_features_gas-CO2_keep-CO2_post-prestimulus,mean,300,test,0.6838235294117647,0.6727659336354989
aggregated_ranked_features_gas-CO2_keep-CO2_post-prestimulus,mean,301,train,0.9697885196374623,0.9697882438846295
aggregated_ranked_features_gas-CO2_keep-CO2_post-prestimulus,mean,301,val,0.6216216216216216,0.6215525114155251
aggregated_ranked_features_gas-CO2_keep-CO2_post-prestimulus,mean,301,test,0.6911764705882353,0.6843501326259946
aggregated_ranked_features_gas-CO2_keep-CO2_post-prestimulus,mean,302,train,0.9637462235649547,0.9637462235649547
aggregated_ranked_features_gas-CO2_keep-CO2_post-prestimulus,mean,302,val,0.6148648648648649,0.6147065540077643
aggregated_ranked_features_gas-CO2_keep-CO2_post-prestimulus,mean,302,test,0.6985294117647058,0.6911658820271392
aggregated_ranked_features_gas-CO2_keep-CO2_post-prestimulus,mean,303,train,0.9697885196374623,0.9697874165959273
aggregated_ranked_features_gas-CO2_keep-CO2_post-prestimulus,mean,303,val,0.6148648648648649,0.6148472811943569
aggregated_ranked_features_gas-CO2_keep-CO2_post-prestimulus,mean,303,test,0.7279411764705882,0.72129603987815
aggregated_ranked_features_gas-CO2_keep-CO2_post-prestimulus,mean,304,train,0.9682779456193353,0.9682772941458351
aggregated_ranked_features_gas-CO2_keep-CO2_post-prestimulus,mean,304,val,0.6283783783783784,0.6282256222881937
aggregated_ranked_features_gas-CO2_keep-CO2_post-prestimulus,mean,304,test,0.6911764705882353,0.6828780812791473
aggregated_ranked_features_gas-CO2_keep-CO2_post-prestimulus,mean,305,train,0.9637462235649547,0.9637432452168833
aggregated_ranked_features_gas-CO2_keep-CO2_post-prestimulus,mean,305,val,0.6283783783783784,0.6283614116787655
aggregated_ranked_features_gas-CO2_keep-CO2_post-prestimulus,mean,305,test,0.6911764705882353,0.6828780812791473
aggregated_ranked_features_gas-CO2_keep-CO2_post-prestimulus,mean,306,train,0.9652567975830816,0.9652548155146171
aggregated_ranked_features_gas-CO2_keep-CO2_post-prestimulus,mean,306,val,0.6216216216216216,0.6215525114155251
aggregated_ranked_features_gas-CO2_keep-CO2_post-prestimulus,mean,306,test,0.6911764705882353,0.6856702619414483
aggregated_ranked_features_gas-CO2_keep-CO2_post-prestimulus,mean,307,train,0.9667673716012085,0.9667646414488097
aggregated_ranked_features_gas-CO2_keep-CO2_post-prestimulus,mean,307,val,0.6283783783783784,0.6282256222881937
aggregated_ranked_features_gas-CO2_keep-CO2_post-prestimulus,mean,307,test,0.7132352941176471,0.7062309609526447
aggregated_ranked_features_gas-CO2_keep-CO2_post-prestimulus,mean,308,train,0.9667673716012085,0.9667670682730924
aggregated_ranked_features_gas-CO2_keep-CO2_post-prestimulus,mean,308,val,0.6283783783783784,0.6279537456008044
aggregated_ranked_features_gas-CO2_keep-CO2_post-prestimulus,mean,308,test,0.7205882352941176,0.7144120247568524
aggregated_ranked_features_gas-CO2_keep-CO2_post-prestimulus,mean,309,train,0.9667673716012085,0.9667670682730924
aggregated_ranked_features_gas-CO2_keep-CO2_post-prestimulus,mean,309,val,0.6283783783783784,0.6279537456008044
aggregated_ranked_features_gas-CO2_keep-CO2_post-prestimulus,mean,309,test,0.7132352941176471,0.7047921188846218
aggregated_ranked_features_gas-CO2_keep-CO2_post-prestimulus,mean,310,train,0.9652567975830816,0.9652548155146171
aggregated_ranked_features_gas-CO2_keep-CO2_post-prestimulus,mean,310,val,0.6351351351351351,0.6348684210526316
aggregated_ranked_features_gas-CO2_keep-CO2_post-prestimulus,mean,310,test,0.6617647058823529,0.6557340964120626
aggregated_ranked_features_gas-CO2_keep-CO2_post-prestimulus,mean,311,train,0.9682779456193353,0.9682772941458351
aggregated_ranked_features_gas-CO2_keep-CO2_post-prestimulus,mean,311,val,0.6418918918918919,0.6414827003062298
aggregated_ranked_features_gas-CO2_keep-CO2_post-prestimulus,mean,311,test,0.6838235294117647,0.6799299436265119
aggregated_ranked_features_gas-CO2_keep-CO2_post-prestimulus,mean,312,train,0.9652567975830816,0.9652567183046848
aggregated_ranked_features_gas-CO2_keep-CO2_post-prestimulus,mean,312,val,0.6351351351351351,0.6350684931506849
aggregated_ranked_features_gas-CO2_keep-CO2_post-prestimulus,mean,312,test,0.6911764705882353,0.6843501326259946
aggregated_ranked_features_gas-CO2_keep-CO2_post-prestimulus,mean,313,train,0.9637462235649547,0.9637458926615553
aggregated_ranked_features_gas-CO2_keep-CO2_post-prestimulus,mean,313,val,0.6013513513513513,0.6008958361899539
aggregated_ranked_features_gas-CO2_keep-CO2_post-prestimulus,mean,313,test,0.6691176470588235,0.6625310173697271
aggregated_ranked_features_gas-CO2_keep-CO2_post-prestimulus,mean,314,train,0.9667673716012085,0.9667661582555199
aggregated_ranked_features_gas-CO2_keep-CO2_post-prestimulus,mean,314,val,0.6418918918918919,0.6414827003062298
aggregated_ranked_features_gas-CO2_keep-CO2_post-prestimulus,mean,314,test,0.6911764705882353,0.6828780812791473
aggregated_ranked_features_gas-CO2_keep-CO2_post-prestimulus,mean,315,train,0.9652567975830816,0.9652560840644859
aggregated_ranked_features_gas-CO2_keep-CO2_post-prestimulus,mean,315,val,0.6351351351351351,0.6345344796049022
aggregated_ranked_features_gas-CO2_keep-CO2_post-prestimulus,mean,315,test,0.6470588235294118,0.6407660136473696
aggregated_ranked_features_gas-CO2_keep-CO2_post-prestimulus,mean,316,train,0.9667673716012085,0.9667661582555199
aggregated_ranked_features_gas-CO2_keep-CO2_post-prestimulus,mean,316,val,0.6148648648648649,0.614424790895379
aggregated_ranked_features_gas-CO2_keep-CO2_post-prestimulus,mean,316,test,0.6985294117647058,0.6925282602701958
aggregated_ranked_features_gas-CO2_keep-CO2_post-prestimulus,mean,317,train,0.9682779456193353,0.9682761359046503
aggregated_ranked_features_gas-CO2_keep-CO2_post-prestimulus,mean,317,val,0.6283783783783784,0.6283614116787655
aggregated_ranked_features_gas-CO2_keep-CO2_post-prestimulus,mean,317,test,0.6985294117647058,0.6937441643323996
aggregated_ranked_features_gas-CO2_keep-CO2_post-prestimulus,mean,318,train,0.9652567975830816,0.9652560840644859
aggregated_ranked_features_gas-CO2_keep-CO2_post-prestimulus,mean,318,val,0.6216216216216216,0.6213450292397661
aggregated_ranked_features_gas-CO2_keep-CO2_post-prestimulus,mean,318,test,0.6838235294117647,0.6761008031016339
aggregated_ranked_features_gas-CO2_keep-CO2_post-prestimulus,mean,319,train,0.9667673716012085,0.9667661582555199
aggregated_ranked_features_gas-CO2_keep-CO2_post-prestimulus,mean,319,val,0.6283783783783784,0.6282256222881937
aggregated_ranked_features_gas-CO2_keep-CO2_post-prestimulus,mean,319,test,0.6764705882352942,0.6693191865605659
aggregated_ranked_features_gas-CO2_keep-CO2_post-prestimulus,mean,320,train,0.9652567975830816,0.9652548155146171
aggregated_ranked_features_gas-CO2_keep-CO2_post-prestimulus,mean,320,val,0.6013513513513513,0.6008958361899539
aggregated_ranked_features_gas-CO2_keep-CO2_post-prestimulus,mean,320,test,0.6691176470588235,0.6650429642603033
aggregated_ranked_features_gas-CO2_keep-CO2_post-prestimulus,mean,321,train,0.9652567975830816,0.9652548155146171
aggregated_ranked_features_gas-CO2_keep-CO2_post-prestimulus,mean,321,val,0.6216216216216216,0.6215525114155251
aggregated_ranked_features_gas-CO2_keep-CO2_post-prestimulus,mean,321,test,0.7058823529411765,0.6993810786914235
aggregated_ranked_features_gas-CO2_keep-CO2_post-prestimulus,mean,322,train,0.9712990936555891,0.971298504227184
aggregated_ranked_features_gas-CO2_keep-CO2_post-prestimulus,mean,322,val,0.6418918918918919,0.641744690568623
aggregated_ranked_features_gas-CO2_keep-CO2_post-prestimulus,mean,322,test,0.6691176470588235,0.6650429642603033
aggregated_ranked_features_gas-CO2_keep-CO2_post-prestimulus,mean,323,train,0.9652567975830816,0.9652560840644859
aggregated_ranked_features_gas-CO2_keep-CO2_post-prestimulus,mean,323,val,0.6283783783783784,0.6282256222881937
aggregated_ranked_features_gas-CO2_keep-CO2_post-prestimulus,mean,323,test,0.6911764705882353,0.6843501326259946
aggregated_ranked_features_gas-CO2_keep-CO2_post-prestimulus,mean,324,train,0.9652567975830816,0.9652560840644859
aggregated_ranked_features_gas-CO2_keep-CO2_post-prestimulus,mean,324,val,0.6351351351351351,0.6350684931506849
aggregated_ranked_features_gas-CO2_keep-CO2_post-prestimulus,mean,324,test,0.7058823529411765,0.6993810786914235
aggregated_ranked_features_gas-CO2_keep-CO2_post-prestimulus,mean,325,train,0.9652567975830816,0.9652560840644859
aggregated_ranked_features_gas-CO2_keep-CO2_post-prestimulus,mean,325,val,0.6351351351351351,0.6348684210526316
aggregated_ranked_features_gas-CO2_keep-CO2_post-prestimulus,mean,325,test,0.6764705882352942,0.6693191865605659
aggregated_ranked_features_gas-CO2_keep-CO2_post-prestimulus,mean,326,train,0.9667673716012085,0.9667670682730924
aggregated_ranked_features_gas-CO2_keep-CO2_post-prestimulus,mean,326,val,0.6486486486486487,0.6485844748858447
aggregated_ranked_features_gas-CO2_keep-CO2_post-prestimulus,mean,326,test,0.6764705882352942,0.6693191865605659
aggregated_ranked_features_gas-CO2_keep-CO2_post-prestimulus,mean,327,train,0.9667673716012085,0.9667670682730924
aggregated_ranked_features_gas-CO2_keep-CO2_post-prestimulus,mean,327,val,0.6283783783783784,0.6283614116787655
aggregated_ranked_features_gas-CO2_keep-CO2_post-prestimulus,mean,327,test,0.6764705882352942,0.6660714285714285
aggregated_ranked_features_gas-CO2_keep-CO2_post-prestimulus,mean,328,train,0.9622356495468278,0.9622348739831369
aggregated_ranked_features_gas-CO2_keep-CO2_post-prestimulus,mean,328,val,0.6216216216216216,0.6209987195902689
aggregated_ranked_features_gas-CO2_keep-CO2_post-prestimulus,mean,328,test,0.6764705882352942,0.6719298245614035
aggregated_ranked_features_gas-CO2_keep-CO2_post-prestimulus,mean,329,train,0.9667673716012085,0.9667661582555199
aggregated_ranked_features_gas-CO2_keep-CO2_post-prestimulus,mean,329,val,0.6351351351351351,0.6348684210526316
aggregated_ranked_features_gas-CO2_keep-CO2_post-prestimulus,mean,329,test,0.6985294117647058,0.6925282602701958
aggregated_ranked_features_gas-CO2_keep-CO2_post-prestimulus,mean,330,train,0.9682779456193353,0.9682778732347123
aggregated_ranked_features_gas-CO2_keep-CO2_post-prestimulus,mean,330,val,0.6418918918918919,0.6414827003062298
aggregated_ranked_features_gas-CO2_keep-CO2_post-prestimulus,mean,330,test,0.7058823529411765,0.6979791250277593
aggregated_ranked_features_gas-CO2_keep-CO2_post-prestimulus,mean,331,train,0.9712990936555891,0.9712974562946837
aggregated_ranked_features_gas-CO2_keep-CO2_post-prestimulus,mean,331,val,0.6081081081081081,0.6081081081081081
aggregated_ranked_features_gas-CO2_keep-CO2_post-prestimulus,mean,331,test,0.6911764705882353,0.6856702619414483
aggregated_ranked_features_gas-CO2_keep-CO2_post-prestimulus,mean,332,train,0.9652567975830816,0.9652560840644859
aggregated_ranked_features_gas-CO2_keep-CO2_post-prestimulus,mean,332,val,0.6351351351351351,0.6348684210526316
aggregated_ranked_features_gas-CO2_keep-CO2_post-prestimulus,mean,332,test,0.6764705882352942,0.6677770375305352
aggregated_ranked_features_gas-CO2_keep-CO2_post-prestimulus,mean,333,train,0.9682779456193353,0.9682778732347123
aggregated_ranked_features_gas-CO2_keep-CO2_post-prestimulus,mean,333,val,0.6081081081081081,0.6080365296803653
aggregated_ranked_features_gas-CO2_keep-CO2_post-prestimulus,mean,333,test,0.7058823529411765,0.7006383447061413
aggregated_ranked_features_gas-CO2_keep-CO2_post-prestimulus,mean,334,train,0.9712990936555891,0.9712990281647397
aggregated_ranked_features_gas-CO2_keep-CO2_post-prestimulus,mean,334,val,0.6148648648648649,0.614424790895379
aggregated_ranked_features_gas-CO2_keep-CO2_post-prestimulus,mean,334,test,0.7058823529411765,0.6993810786914235
aggregated_ranked_features_gas-CO2_keep-CO2_post-prestimulus,mean,335,train,0.9622356495468278,0.9622348739831369
aggregated_ranked_features_gas-CO2_keep-CO2_post-prestimulus,mean,335,val,0.6283783783783784,0.6283614116787655
aggregated_ranked_features_gas-CO2_keep-CO2_post-prestimulus,mean,335,test,0.7058823529411765,0.7006383447061413
aggregated_ranked_features_gas-CO2_keep-CO2_post-prestimulus,mean,336,train,0.9682779456193353,0.9682772941458351
aggregated_ranked_features_gas-CO2_keep-CO2_post-prestimulus,mean,336,val,0.6351351351351351,0.6350684931506849
aggregated_ranked_features_gas-CO2_keep-CO2_post-prestimulus,mean,336,test,0.6985294117647058,0.6925282602701958
aggregated_ranked_features_gas-CO2_keep-CO2_post-prestimulus,mean,337,train,0.9682779456193353,0.9682772941458351
aggregated_ranked_features_gas-CO2_keep-CO2_post-prestimulus,mean,337,val,0.6216216216216216,0.6213450292397661
aggregated_ranked_features_gas-CO2_keep-CO2_post-prestimulus,mean,337,test,0.6764705882352942,0.6677770375305352
aggregated_ranked_features_gas-CO2_keep-CO2_post-prestimulus,mean,338,train,0.9667673716012085,0.9667661582555199
aggregated_ranked_features_gas-CO2_keep-CO2_post-prestimulus,mean,338,val,0.6148648648648649,0.614424790895379
aggregated_ranked_features_gas-CO2_keep-CO2_post-prestimulus,mean,338,test,0.7058823529411765,0.6979791250277593
aggregated_ranked_features_gas-CO2_keep-CO2_post-prestimulus,mean,339,train,0.9697885196374623,0.9697882438846295
aggregated_ranked_features_gas-CO2_keep-CO2_post-prestimulus,mean,339,val,0.6216216216216216,0.6213450292397661
aggregated_ranked_features_gas-CO2_keep-CO2_post-prestimulus,mean,339,test,0.6838235294117647,0.6761008031016339
aggregated_ranked_features_gas-CO2_keep-CO2_post-prestimulus,mean,340,train,0.9682779456193353,0.9682778732347123
aggregated_ranked_features_gas-CO2_keep-CO2_post-prestimulus,mean,340,val,0.6351351351351351,0.6348684210526316
aggregated_ranked_features_gas-CO2_keep-CO2_post-prestimulus,mean,340,test,0.6764705882352942,0.6660714285714285
aggregated_ranked_features_gas-CO2_keep-CO2_post-prestimulus,mean,341,train,0.9697885196374623,0.9697882438846295
aggregated_ranked_features_gas-CO2_keep-CO2_post-prestimulus,mean,341,val,0.6216216216216216,0.6216216216216216
aggregated_ranked_features_gas-CO2_keep-CO2_post-prestimulus,mean,341,test,0.6911764705882353,0.6843501326259946
aggregated_ranked_features_gas-CO2_keep-CO2_post-prestimulus,mean,342,train,0.9712990936555891,0.9712990281647397
aggregated_ranked_features_gas-CO2_keep-CO2_post-prestimulus,mean,342,val,0.6486486486486487,0.6485844748858447
aggregated_ranked_features_gas-CO2_keep-CO2_post-prestimulus,mean,342,test,0.6764705882352942,0.6693191865605659
aggregated_ranked_features_gas-CO2_keep-CO2_post-prestimulus,mean,343,train,0.9697885196374623,0.9697882438846295
aggregated_ranked_features_gas-CO2_keep-CO2_post-prestimulus,mean,343,val,0.6013513513513513,0.6013331507099484
aggregated_ranked_features_gas-CO2_keep-CO2_post-prestimulus,mean,343,test,0.6838235294117647,0.6775296388199614
aggregated_ranked_features_gas-CO2_keep-CO2_post-prestimulus,mean,344,train,0.9697885196374623,0.9697882438846295
aggregated_ranked_features_gas-CO2_keep-CO2_post-prestimulus,mean,344,val,0.6216216216216216,0.6216216216216216
aggregated_ranked_features_gas-CO2_keep-CO2_post-prestimulus,mean,344,test,0.7058823529411765,0.6993810786914235
aggregated_ranked_features_gas-CO2_keep-CO2_post-prestimulus,mean,345,train,0.9697885196374623,0.9697882438846295
aggregated_ranked_features_gas-CO2_keep-CO2_post-prestimulus,mean,345,val,0.6148648648648649,0.6148472811943569
aggregated_ranked_features_gas-CO2_keep-CO2_post-prestimulus,mean,345,test,0.6838235294117647,0.6788048552754435
aggregated_ranked_features_gas-CO2_keep-CO2_post-prestimulus,mean,346,train,0.9712990936555891,0.9712990281647397
aggregated_ranked_features_gas-CO2_keep-CO2_post-prestimulus,mean,346,val,0.6216216216216216,0.6215525114155251
aggregated_ranked_features_gas-CO2_keep-CO2_post-prestimulus,mean,346,test,0.6838235294117647,0.6775296388199614
aggregated_ranked_features_gas-CO2_keep-CO2_post-prestimulus,mean,347,train,0.9682779456193353,0.9682778732347123
aggregated_ranked_features_gas-CO2_keep-CO2_post-prestimulus,mean,347,val,0.6351351351351351,0.6351351351351351
aggregated_ranked_features_gas-CO2_keep-CO2_post-prestimulus,mean,347,test,0.6764705882352942,0.6719298245614035
aggregated_ranked_features_gas-CO2_keep-CO2_post-prestimulus,mean,348,train,0.9652567975830816,0.9652560840644859
aggregated_ranked_features_gas-CO2_keep-CO2_post-prestimulus,mean,348,val,0.6351351351351351,0.6348684210526316
aggregated_ranked_features_gas-CO2_keep-CO2_post-prestimulus,mean,348,test,0.6911764705882353,0.6868421052631579
aggregated_ranked_features_gas-CO2_keep-CO2_post-prestimulus,mean,349,train,0.9712990936555891,0.971298504227184
aggregated_ranked_features_gas-CO2_keep-CO2_post-prestimulus,mean,349,val,0.6216216216216216,0.6215525114155251
aggregated_ranked_features_gas-CO2_keep-CO2_post-prestimulus,mean,349,test,0.7058823529411765,0.6993810786914235
aggregated_ranked_features_gas-CO2_keep-CO2_post-prestimulus,mean,350,train,0.9637462235649547,0.9637462235649547
aggregated_ranked_features_gas-CO2_keep-CO2_post-prestimulus,mean,350,val,0.6283783783783784,0.6282256222881937
aggregated_ranked_features_gas-CO2_keep-CO2_post-prestimulus,mean,350,test,0.7058823529411765,0.6993810786914235
aggregated_ranked_features_gas-CO2_keep-CO2_post-prestimulus,mean,351,train,0.9697885196374623,0.9697882438846295
aggregated_ranked_features_gas-CO2_keep-CO2_post-prestimulus,mean,351,val,0.6148648648648649,0.6148472811943569
aggregated_ranked_features_gas-CO2_keep-CO2_post-prestimulus,mean,351,test,0.6985294117647058,0.6925282602701958
aggregated_ranked_features_gas-CO2_keep-CO2_post-prestimulus,mean,352,train,0.9667673716012085,0.9667673716012085
aggregated_ranked_features_gas-CO2_keep-CO2_post-prestimulus,mean,352,val,0.6351351351351351,0.6350684931506849
aggregated_ranked_features_gas-CO2_keep-CO2_post-prestimulus,mean,352,test,0.6838235294117647,0.6775296388199614
aggregated_ranked_features_gas-CO2_keep-CO2_post-prestimulus,mean,353,train,0.9652567975830816,0.9652560840644859
aggregated_ranked_features_gas-CO2_keep-CO2_post-prestimulus,mean,353,val,0.6148648648648649,0.6147065540077643
aggregated_ranked_features_gas-CO2_keep-CO2_post-prestimulus,mean,353,test,0.6911764705882353,0.6856702619414483
aggregated_ranked_features_gas-CO2_keep-CO2_post-prestimulus,mean,354,train,0.9697885196374623,0.9697882438846295
aggregated_ranked_features_gas-CO2_keep-CO2_post-prestimulus,mean,354,val,0.6081081081081081,0.6080365296803653
aggregated_ranked_features_gas-CO2_keep-CO2_post-prestimulus,mean,354,test,0.6911764705882353,0.6843501326259946
aggregated_ranked_features_gas-CO2_keep-CO2_post-prestimulus,mean,355,train,0.9697885196374623,0.9697874165959273
aggregated_ranked_features_gas-CO2_keep-CO2_post-prestimulus,mean,355,val,0.6486486486486487,0.6483918128654971
aggregated_ranked_features_gas-CO2_keep-CO2_post-prestimulus,mean,355,test,0.6691176470588235,0.6610357241761284
aggregated_ranked_features_gas-CO2_keep-CO2_post-prestimulus,mean,356,train,0.972809667673716,0.9728086749363345
aggregated_ranked_features_gas-CO2_keep-CO2_post-prestimulus,mean,356,val,0.6216216216216216,0.6215525114155251
aggregated_ranked_features_gas-CO2_keep-CO2_post-prestimulus,mean,356,test,0.7058823529411765,0.6993810786914235
aggregated_ranked_features_gas-CO2_keep-CO2_post-prestimulus,mean,357,train,0.9697885196374623,0.9697885196374623
aggregated_ranked_features_gas-CO2_keep-CO2_post-prestimulus,mean,357,val,0.6081081081081081,0.6080365296803653
aggregated_ranked_features_gas-CO2_keep-CO2_post-prestimulus,mean,357,test,0.6911764705882353,0.6828780812791473
aggregated_ranked_features_gas-CO2_keep-CO2_post-prestimulus,mean,358,train,0.9682779456193353,0.9682772941458351
aggregated_ranked_features_gas-CO2_keep-CO2_post-prestimulus,mean,358,val,0.6216216216216216,0.6215525114155251
aggregated_ranked_features_gas-CO2_keep-CO2_post-prestimulus,mean,358,test,0.6911764705882353,0.6843501326259946
aggregated_ranked_features_gas-CO2_keep-CO2_post-prestimulus,mean,359,train,0.9697885196374623,0.9697885196374623
aggregated_ranked_features_gas-CO2_keep-CO2_post-prestimulus,mean,359,val,0.6216216216216216,0.6215525114155251
aggregated_ranked_features_gas-CO2_keep-CO2_post-prestimulus,mean,359,test,0.7279411764705882,0.7225255031706644
aggregated_ranked_features_gas-CO2_keep-CO2_post-prestimulus,mean,360,train,0.9682779456193353,0.9682772941458351
aggregated_ranked_features_gas-CO2_keep-CO2_post-prestimulus,mean,360,val,0.6283783783783784,0.6283614116787655
aggregated_ranked_features_gas-CO2_keep-CO2_post-prestimulus,mean,360,test,0.6838235294117647,0.6745143874881727
aggregated_ranked_features_gas-CO2_keep-CO2_post-prestimulus,mean,361,train,0.9697885196374623,0.9697874165959273
aggregated_ranked_features_gas-CO2_keep-CO2_post-prestimulus,mean,361,val,0.6216216216216216,0.6216216216216216
aggregated_ranked_features_gas-CO2_keep-CO2_post-prestimulus,mean,361,test,0.7205882352941176,0.7130801687763713
aggregated_ranked_features_gas-CO2_keep-CO2_post-prestimulus,mean,362,train,0.9667673716012085,0.9667670682730924
aggregated_ranked_features_gas-CO2_keep-CO2_post-prestimulus,mean,362,val,0.6283783783783784,0.6282256222881937
aggregated_ranked_features_gas-CO2_keep-CO2_post-prestimulus,mean,362,test,0.6911764705882353,0.6843501326259946
aggregated_ranked_features_gas-CO2_keep-CO2_post-prestimulus,mean,363,train,0.9682779456193353,0.9682772941458351
aggregated_ranked_features_gas-CO2_keep-CO2_post-prestimulus,mean,363,val,0.5945945945945946,0.5945205479452055
aggregated_ranked_features_gas-CO2_keep-CO2_post-prestimulus,mean,363,test,0.6911764705882353,0.68125
aggregated_ranked_features_gas-CO2_keep-CO2_post-prestimulus,mean,364,train,0.9682779456193353,0.9682778732347123
aggregated_ranked_features_gas-CO2_keep-CO2_post-prestimulus,mean,364,val,0.6351351351351351,0.6350684931506849
aggregated_ranked_features_gas-CO2_keep-CO2_post-prestimulus,mean,364,test,0.6985294117647058,0.6896532531863973
aggregated_ranked_features_gas-CO2_keep-CO2_post-prestimulus,mean,365,train,0.9712990936555891,0.971298504227184
aggregated_ranked_features_gas-CO2_keep-CO2_post-prestimulus,mean,365,val,0.6283783783783784,0.6283614116787655
aggregated_ranked_features_gas-CO2_keep-CO2_post-prestimulus,mean,365,test,0.7205882352941176,0.7130801687763713
aggregated_ranked_features_gas-CO2_keep-CO2_post-prestimulus,mean,366,train,0.9697885196374623,0.9697882438846295
aggregated_ranked_features_gas-CO2_keep-CO2_post-prestimulus,mean,366,val,0.6148648648648649,0.6148472811943569
aggregated_ranked_features_gas-CO2_keep-CO2_post-prestimulus,mean,366,test,0.7058823529411765,0.6979791250277593
aggregated_ranked_features_gas-CO2_keep-CO2_post-prestimulus,mean,367,train,0.9697885196374623,0.9697882438846295
aggregated_ranked_features_gas-CO2_keep-CO2_post-prestimulus,mean,367,val,0.6013513513513513,0.6013331507099484
aggregated_ranked_features_gas-CO2_keep-CO2_post-prestimulus,mean,367,test,0.7205882352941176,0.7156064274708342
aggregated_ranked_features_gas-CO2_keep-CO2_post-prestimulus,mean,368,train,0.9652567975830816,0.9652567183046848
aggregated_ranked_features_gas-CO2_keep-CO2_post-prestimulus,mean,368,val,0.6081081081081081,0.6080365296803653
aggregated_ranked_features_gas-CO2_keep-CO2_post-prestimulus,mean,368,test,0.6838235294117647,0.6745143874881727
aggregated_ranked_features_gas-CO2_keep-CO2_post-prestimulus,mean,369,train,0.9667673716012085,0.9667670682730924
aggregated_ranked_features_gas-CO2_keep-CO2_post-prestimulus,mean,369,val,0.6351351351351351,0.6350684931506849
aggregated_ranked_features_gas-CO2_keep-CO2_post-prestimulus,mean,369,test,0.6838235294117647,0.6788048552754435
aggregated_ranked_features_gas-CO2_keep-CO2_post-prestimulus,mean,370,train,0.9697885196374623,0.9697874165959273
aggregated_ranked_features_gas-CO2_keep-CO2_post-prestimulus,mean,370,val,0.6216216216216216,0.6215525114155251
aggregated_ranked_features_gas-CO2_keep-CO2_post-prestimulus,mean,370,test,0.6838235294117647,0.6761008031016339
aggregated_ranked_features_gas-CO2_keep-CO2_post-prestimulus,mean,371,train,0.9652567975830816,0.9652567183046848
aggregated_ranked_features_gas-CO2_keep-CO2_post-prestimulus,mean,371,val,0.6148648648648649,0.6148472811943569
aggregated_ranked_features_gas-CO2_keep-CO2_post-prestimulus,mean,371,test,0.6691176470588235,0.6638655462184875
aggregated_ranked_features_gas-CO2_keep-CO2_post-prestimulus,mean,372,train,0.9697885196374623,0.9697874165959273
aggregated_ranked_features_gas-CO2_keep-CO2_post-prestimulus,mean,372,val,0.6486486486486487,0.6480702396195355
aggregated_ranked_features_gas-CO2_keep-CO2_post-prestimulus,mean,372,test,0.6838235294117647,0.6745143874881727
aggregated_ranked_features_gas-CO2_keep-CO2_post-prestimulus,mean,373,train,0.9682779456193353,0.9682772941458351
aggregated_ranked_features_gas-CO2_keep-CO2_post-prestimulus,mean,373,val,0.6283783783783784,0.6283614116787655
aggregated_ranked_features_gas-CO2_keep-CO2_post-prestimulus,mean,373,test,0.6985294117647058,0.6925282602701958
aggregated_ranked_features_gas-CO2_keep-CO2_post-prestimulus,mean,374,train,0.9697885196374623,0.9697882438846295
aggregated_ranked_features_gas-CO2_keep-CO2_post-prestimulus,mean,374,val,0.6013513513513513,0.6011874857273349
aggregated_ranked_features_gas-CO2_keep-CO2_post-prestimulus,mean,374,test,0.6617647058823529,0.6542882404951371
aggregated_ranked_features_gas-CO2_keep-CO2_post-prestimulus,mean,375,train,0.9682779456193353,0.9682772941458351
aggregated_ranked_features_gas-CO2_keep-CO2_post-prestimulus,mean,375,val,0.6148648648648649,0.6148472811943569
aggregated_ranked_features_gas-CO2_keep-CO2_post-prestimulus,mean,375,test,0.6911764705882353,0.6828780812791473
aggregated_ranked_features_gas-CO2_keep-CO2_post-prestimulus,mean,376,train,0.9652567975830816,0.9652567183046848
aggregated_ranked_features_gas-CO2_keep-CO2_post-prestimulus,mean,376,val,0.6283783783783784,0.6279537456008044
aggregated_ranked_features_gas-CO2_keep-CO2_post-prestimulus,mean,376,test,0.7058823529411765,0.6979791250277593
aggregated_ranked_features_gas-CO2_keep-CO2_post-prestimulus,mean,377,train,0.9697885196374623,0.9697885196374623
aggregated_ranked_features_gas-CO2_keep-CO2_post-prestimulus,mean,377,val,0.6148648648648649,0.6148472811943569
aggregated_ranked_features_gas-CO2_keep-CO2_post-prestimulus,mean,377,test,0.6691176470588235,0.6575457445022663
aggregated_ranked_features_gas-CO2_keep-CO2_post-prestimulus,mean,378,train,0.9697885196374623,0.9697882438846295
aggregated_ranked_features_gas-CO2_keep-CO2_post-prestimulus,mean,378,val,0.6283783783783784,0.6283614116787655
aggregated_ranked_features_gas-CO2_keep-CO2_post-prestimulus,mean,378,test,0.6985294117647058,0.6896532531863973
aggregated_ranked_features_gas-CO2_keep-CO2_post-prestimulus,mean,379,train,0.9682779456193353,0.9682772941458351
aggregated_ranked_features_gas-CO2_keep-CO2_post-prestimulus,mean,379,val,0.6283783783783784,0.6279537456008044
aggregated_ranked_features_gas-CO2_keep-CO2_post-prestimulus,mean,379,test,0.6985294117647058,0.6911658820271392
aggregated_ranked_features_gas-CO2_keep-CO2_post-prestimulus,mean,380,train,0.9712990936555891,0.971298504227184
aggregated_ranked_features_gas-CO2_keep-CO2_post-prestimulus,mean,380,val,0.6013513513513513,0.6011874857273349
aggregated_ranked_features_gas-CO2_keep-CO2_post-prestimulus,mean,380,test,0.6911764705882353,0.6828780812791473
aggregated_ranked_features_gas-CO2_keep-CO2_post-prestimulus,mean,381,train,0.9697885196374623,0.9697885196374623
aggregated_ranked_features_gas-CO2_keep-CO2_post-prestimulus,mean,381,val,0.6216216216216216,0.6216216216216216
aggregated_ranked_features_gas-CO2_keep-CO2_post-prestimulus,mean,381,test,0.6911764705882353,0.6775067750677507
aggregated_ranked_features_gas-CO2_keep-CO2_post-prestimulus,mean,382,train,0.9652567975830816,0.9652567183046848
aggregated_ranked_features_gas-CO2_keep-CO2_post-prestimulus,mean,382,val,0.6081081081081081,0.6081081081081081
aggregated_ranked_features_gas-CO2_keep-CO2_post-prestimulus,mean,382,test,0.7058823529411765,0.6979791250277593
aggregated_ranked_features_gas-CO2_keep-CO2_post-prestimulus,mean,383,train,0.9682779456193353,0.9682761359046503
aggregated_ranked_features_gas-CO2_keep-CO2_post-prestimulus,mean,383,val,0.6081081081081081,0.6080365296803653
aggregated_ranked_features_gas-CO2_keep-CO2_post-prestimulus,mean,383,test,0.7132352941176471,0.7062309609526447
aggregated_ranked_features_gas-CO2_keep-CO2_post-prestimulus,mean,384,train,0.972809667673716,0.9728086749363345
aggregated_ranked_features_gas-CO2_keep-CO2_post-prestimulus,mean,384,val,0.6148648648648649,0.6148472811943569
aggregated_ranked_features_gas-CO2_keep-CO2_post-prestimulus,mean,384,test,0.6764705882352942,0.6677770375305352
aggregated_ranked_features_gas-CO2_keep-CO2_post-prestimulus,mean,385,train,0.9712990936555891,0.971298504227184
aggregated_ranked_features_gas-CO2_keep-CO2_post-prestimulus,mean,385,val,0.6013513513513513,0.6013331507099484
aggregated_ranked_features_gas-CO2_keep-CO2_post-prestimulus,mean,385,test,0.6764705882352942,0.6693191865605659
aggregated_ranked_features_gas-CO2_keep-CO2_post-prestimulus,mean,386,train,0.9652567975830816,0.9652548155146171
aggregated_ranked_features_gas-CO2_keep-CO2_post-prestimulus,mean,386,val,0.6081081081081081,0.6080365296803653
aggregated_ranked_features_gas-CO2_keep-CO2_post-prestimulus,mean,386,test,0.6691176470588235,0.6610357241761284
aggregated_ranked_features_gas-CO2_keep-CO2_post-prestimulus,mean,387,train,0.9667673716012085,0.9667670682730924
aggregated_ranked_features_gas-CO2_keep-CO2_post-prestimulus,mean,387,val,0.6081081081081081,0.6080365296803653
aggregated_ranked_features_gas-CO2_keep-CO2_post-prestimulus,mean,387,test,0.7058823529411765,0.6979791250277593
aggregated_ranked_features_gas-CO2_keep-CO2_post-prestimulus,mean,388,train,0.9712990936555891,0.971298504227184
aggregated_ranked_features_gas-CO2_keep-CO2_post-prestimulus,mean,388,val,0.6148648648648649,0.6148472811943569
aggregated_ranked_features_gas-CO2_keep-CO2_post-prestimulus,mean,388,test,0.6838235294117647,0.6788048552754435
aggregated_ranked_features_gas-CO2_keep-CO2_post-prestimulus,mean,389,train,0.9712990936555891,0.9712990281647397
aggregated_ranked_features_gas-CO2_keep-CO2_post-prestimulus,mean,389,val,0.6081081081081081,0.6078216374269005
aggregated_ranked_features_gas-CO2_keep-CO2_post-prestimulus,mean,389,test,0.7132352941176471,0.7047921188846218
aggregated_ranked_features_gas-CO2_keep-CO2_post-prestimulus,mean,390,train,0.9682779456193353,0.9682778732347123
aggregated_ranked_features_gas-CO2_keep-CO2_post-prestimulus,mean,390,val,0.6148648648648649,0.6148472811943569
aggregated_ranked_features_gas-CO2_keep-CO2_post-prestimulus,mean,390,test,0.6985294117647058,0.6911658820271392
aggregated_ranked_features_gas-CO2_keep-CO2_post-prestimulus,mean,391,train,0.9667673716012085,0.9667670682730924
aggregated_ranked_features_gas-CO2_keep-CO2_post-prestimulus,mean,391,val,0.6351351351351351,0.6350684931506849
aggregated_ranked_features_gas-CO2_keep-CO2_post-prestimulus,mean,391,test,0.6764705882352942,0.6707021791767555
aggregated_ranked_features_gas-CO2_keep-CO2_post-prestimulus,mean,392,train,0.9667673716012085,0.9667673716012085
aggregated_ranked_features_gas-CO2_keep-CO2_post-prestimulus,mean,392,val,0.6283783783783784,0.6283614116787655
aggregated_ranked_features_gas-CO2_keep-CO2_post-prestimulus,mean,392,test,0.6838235294117647,0.6799299436265119
aggregated_ranked_features_gas-CO2_keep-CO2_post-prestimulus,mean,393,train,0.9622356495468278,0.9622355633746574
aggregated_ranked_features_gas-CO2_keep-CO2_post-prestimulus,mean,393,val,0.6216216216216216,0.6216216216216216
aggregated_ranked_features_gas-CO2_keep-CO2_post-prestimulus,mean,393,test,0.7205882352941176,0.7156064274708342
aggregated_ranked_features_gas-CO2_keep-CO2_post-prestimulus,mean,394,train,0.974320241691843,0.9743197143085331
aggregated_ranked_features_gas-CO2_keep-CO2_post-prestimulus,mean,394,val,0.6216216216216216,0.6213450292397661
aggregated_ranked_features_gas-CO2_keep-CO2_post-prestimulus,mean,394,test,0.6691176470588235,0.6638655462184875
aggregated_ranked_features_gas-CO2_keep-CO2_post-prestimulus,mean,395,train,0.9697885196374623,0.9697882438846295
aggregated_ranked_features_gas-CO2_keep-CO2_post-prestimulus,mean,395,val,0.6351351351351351,0.6345344796049022
aggregated_ranked_features_gas-CO2_keep-CO2_post-prestimulus,mean,395,test,0.6911764705882353,0.6843501326259946
aggregated_ranked_features_gas-CO2_keep-CO2_post-prestimulus,mean,396,train,0.972809667673716,0.9728094194961665
aggregated_ranked_features_gas-CO2_keep-CO2_post-prestimulus,mean,396,val,0.6486486486486487,0.6483918128654971
aggregated_ranked_features_gas-CO2_keep-CO2_post-prestimulus,mean,396,test,0.6911764705882353,0.6856702619414483
aggregated_ranked_features_gas-CO2_keep-CO2_post-prestimulus,mean,397,train,0.9758308157099698,0.9758305951077035
aggregated_ranked_features_gas-CO2_keep-CO2_post-prestimulus,mean,397,val,0.6283783783783784,0.6283614116787655
aggregated_ranked_features_gas-CO2_keep-CO2_post-prestimulus,mean,397,test,0.7132352941176471,0.7047921188846218
aggregated_ranked_features_gas-CO2_keep-CO2_post-prestimulus,mean,398,train,0.9712990936555891,0.9712990281647397
aggregated_ranked_features_gas-CO2_keep-CO2_post-prestimulus,mean,398,val,0.6283783783783784,0.6282256222881937
aggregated_ranked_features_gas-CO2_keep-CO2_post-prestimulus,mean,398,test,0.6985294117647058,0.6896532531863973
aggregated_ranked_features_gas-CO2_keep-CO2_post-prestimulus,mean,399,train,0.9682779456193353,0.9682772941458351
aggregated_ranked_features_gas-CO2_keep-CO2_post-prestimulus,mean,399,val,0.6283783783783784,0.6283614116787655
aggregated_ranked_features_gas-CO2_keep-CO2_post-prestimulus,mean,399,test,0.6764705882352942,0.6677770375305352
aggregated_ranked_features_gas-CO2_keep-CO2_post-prestimulus,mean,400,train,0.9667673716012085,0.9667670682730924
aggregated_ranked_features_gas-CO2_keep-CO2_post-prestimulus,mean,400,val,0.6283783783783784,0.6283614116787655
aggregated_ranked_features_gas-CO2_keep-CO2_post-prestimulus,mean,400,test,0.6764705882352942,0.6707021791767555
aggregated_ranked_features_gas-CO2_keep-CO2_post-prestimulus,mean,401,train,0.972809667673716,0.9728094194961665
aggregated_ranked_features_gas-CO2_keep-CO2_post-prestimulus,mean,401,val,0.6283783783783784,0.6283614116787655
aggregated_ranked_features_gas-CO2_keep-CO2_post-prestimulus,mean,401,test,0.6985294117647058,0.6937441643323996
aggregated_ranked_features_gas-CO2_keep-CO2_post-prestimulus,mean,402,train,0.972809667673716,0.9728094194961665
aggregated_ranked_features_gas-CO2_keep-CO2_post-prestimulus,mean,402,val,0.6148648648648649,0.6148472811943569
aggregated_ranked_features_gas-CO2_keep-CO2_post-prestimulus,mean,402,test,0.6911764705882353,0.6843501326259946
aggregated_ranked_features_gas-CO2_keep-CO2_post-prestimulus,mean,403,train,0.9682779456193353,0.9682772941458351
aggregated_ranked_features_gas-CO2_keep-CO2_post-prestimulus,mean,403,val,0.6216216216216216,0.6215525114155251
aggregated_ranked_features_gas-CO2_keep-CO2_post-prestimulus,mean,403,test,0.6985294117647058,0.6937441643323996
aggregated_ranked_features_gas-CO2_keep-CO2_post-prestimulus,mean,404,train,0.9667673716012085,0.9667673716012085
aggregated_ranked_features_gas-CO2_keep-CO2_post-prestimulus,mean,404,val,0.6081081081081081,0.6080365296803653
aggregated_ranked_features_gas-CO2_keep-CO2_post-prestimulus,mean,404,test,0.6691176470588235,0.6638655462184875
aggregated_ranked_features_gas-CO2_keep-CO2_post-prestimulus,mean,405,train,0.9682779456193353,0.9682778732347123
aggregated_ranked_features_gas-CO2_keep-CO2_post-prestimulus,mean,405,val,0.6081081081081081,0.6081081081081081
aggregated_ranked_features_gas-CO2_keep-CO2_post-prestimulus,mean,405,test,0.6764705882352942,0.6677770375305352
aggregated_ranked_features_gas-CO2_keep-CO2_post-prestimulus,mean,406,train,0.9712990936555891,0.9712990281647397
aggregated_ranked_features_gas-CO2_keep-CO2_post-prestimulus,mean,406,val,0.6081081081081081,0.6078216374269005
aggregated_ranked_features_gas-CO2_keep-CO2_post-prestimulus,mean,406,test,0.6544117647058824,0.6475323959194927
aggregated_ranked_features_gas-CO2_keep-CO2_post-prestimulus,mean,407,train,0.9758308157099698,0.9758305951077035
aggregated_ranked_features_gas-CO2_keep-CO2_post-prestimulus,mean,407,val,0.6148648648648649,0.6148472811943569
aggregated_ranked_features_gas-CO2_keep-CO2_post-prestimulus,mean,407,test,0.7205882352941176,0.7144120247568524
aggregated_ranked_features_gas-CO2_keep-CO2_post-prestimulus,mean,408,train,0.9667673716012085,0.9667670682730924
aggregated_ranked_features_gas-CO2_keep-CO2_post-prestimulus,mean,408,val,0.6283783783783784,0.6283614116787655
aggregated_ranked_features_gas-CO2_keep-CO2_post-prestimulus,mean,408,test,0.6985294117647058,0.6896532531863973
aggregated_ranked_features_gas-CO2_keep-CO2_post-prestimulus,mean,409,train,0.9697885196374623,0.9697882438846295
aggregated_ranked_features_gas-CO2_keep-CO2_post-prestimulus,mean,409,val,0.6013513513513513,0.6013331507099484
aggregated_ranked_features_gas-CO2_keep-CO2_post-prestimulus,mean,409,test,0.6985294117647058,0.6925282602701958
aggregated_ranked_features_gas-CO2_keep-CO2_post-prestimulus,mean,410,train,0.9682779456193353,0.9682778732347123
aggregated_ranked_features_gas-CO2_keep-CO2_post-prestimulus,mean,410,val,0.6081081081081081,0.6080365296803653
aggregated_ranked_features_gas-CO2_keep-CO2_post-prestimulus,mean,410,test,0.7058823529411765,0.6979791250277593
aggregated_ranked_features_gas-CO2_keep-CO2_post-prestimulus,mean,411,train,0.9712990936555891,0.9712990281647397
aggregated_ranked_features_gas-CO2_keep-CO2_post-prestimulus,mean,411,val,0.6216216216216216,0.6213450292397661
aggregated_ranked_features_gas-CO2_keep-CO2_post-prestimulus,mean,411,test,0.6985294117647058,0.6896532531863973
aggregated_ranked_features_gas-CO2_keep-CO2_post-prestimulus,mean,412,train,0.9712990936555891,0.9712990281647397
aggregated_ranked_features_gas-CO2_keep-CO2_post-prestimulus,mean,412,val,0.6216216216216216,0.6215525114155251
aggregated_ranked_features_gas-CO2_keep-CO2_post-prestimulus,mean,412,test,0.6985294117647058,0.6911658820271392
aggregated_ranked_features_gas-CO2_keep-CO2_post-prestimulus,mean,413,train,0.9697885196374623,0.9697882438846295
aggregated_ranked_features_gas-CO2_keep-CO2_post-prestimulus,mean,413,val,0.6216216216216216,0.6216216216216216
aggregated_ranked_features_gas-CO2_keep-CO2_post-prestimulus,mean,413,test,0.6544117647058824,0.6489262371615312
aggregated_ranked_features_gas-CO2_keep-CO2_post-prestimulus,mean,414,train,0.9712990936555891,0.9712990281647397
aggregated_ranked_features_gas-CO2_keep-CO2_post-prestimulus,mean,414,val,0.6148648648648649,0.6148472811943569
aggregated_ranked_features_gas-CO2_keep-CO2_post-prestimulus,mean,414,test,0.7205882352941176,0.7130801687763713
aggregated_ranked_features_gas-CO2_keep-CO2_post-prestimulus,mean,415,train,0.9697885196374623,0.9697885196374623
aggregated_ranked_features_gas-CO2_keep-CO2_post-prestimulus,mean,415,val,0.6283783783783784,0.6282256222881937
aggregated_ranked_features_gas-CO2_keep-CO2_post-prestimulus,mean,415,test,0.6838235294117647,0.6727659336354989
aggregated_ranked_features_gas-CO2_keep-CO2_post-prestimulus,mean,416,train,0.9667673716012085,0.9667673716012085
aggregated_ranked_features_gas-CO2_keep-CO2_post-prestimulus,mean,416,val,0.6216216216216216,0.6215525114155251
aggregated_ranked_features_gas-CO2_keep-CO2_post-prestimulus,mean,416,test,0.6985294117647058,0.6937441643323996
aggregated_ranked_features_gas-CO2_keep-CO2_post-prestimulus,mean,417,train,0.9637462235649547,0.9637458926615553
aggregated_ranked_features_gas-CO2_keep-CO2_post-prestimulus,mean,417,val,0.6081081081081081,0.6080365296803653
aggregated_ranked_features_gas-CO2_keep-CO2_post-prestimulus,mean,417,test,0.6838235294117647,0.6727659336354989
aggregated_ranked_features_gas-CO2_keep-CO2_post-prestimulus,mean,418,train,0.9682779456193353,0.9682778732347123
aggregated_ranked_features_gas-CO2_keep-CO2_post-prestimulus,mean,418,val,0.6283783783783784,0.6283614116787655
aggregated_ranked_features_gas-CO2_keep-CO2_post-prestimulus,mean,418,test,0.7058823529411765,0.6979791250277593
aggregated_ranked_features_gas-CO2_keep-CO2_post-prestimulus,mean,419,train,0.974320241691843,0.974320183094767
aggregated_ranked_features_gas-CO2_keep-CO2_post-prestimulus,mean,419,val,0.6216216216216216,0.6216216216216216
aggregated_ranked_features_gas-CO2_keep-CO2_post-prestimulus,mean,419,test,0.6764705882352942,0.6693191865605659
aggregated_ranked_features_gas-CO2_keep-CO2_post-prestimulus,mean,420,train,0.9712990936555891,0.971298504227184
aggregated_ranked_features_gas-CO2_keep-CO2_post-prestimulus,mean,420,val,0.6081081081081081,0.6081081081081081
aggregated_ranked_features_gas-CO2_keep-CO2_post-prestimulus,mean,420,test,0.6838235294117647,0.6775296388199614
aggregated_ranked_features_gas-CO2_keep-CO2_post-prestimulus,mean,421,train,0.974320241691843,0.974320183094767
aggregated_ranked_features_gas-CO2_keep-CO2_post-prestimulus,mean,421,val,0.6081081081081081,0.6081081081081081
aggregated_ranked_features_gas-CO2_keep-CO2_post-prestimulus,mean,421,test,0.6691176470588235,0.6625310173697271
aggregated_ranked_features_gas-CO2_keep-CO2_post-prestimulus,mean,422,train,0.9712990936555891,0.9712990281647397
aggregated_ranked_features_gas-CO2_keep-CO2_post-prestimulus,mean,422,val,0.6148648648648649,0.6148472811943569
aggregated_ranked_features_gas-CO2_keep-CO2_post-prestimulus,mean,422,test,0.6764705882352942,0.6660714285714285
aggregated_ranked_features_gas-CO2_keep-CO2_post-prestimulus,mean,423,train,0.9697885196374623,0.9697882438846295
aggregated_ranked_features_gas-CO2_keep-CO2_post-prestimulus,mean,423,val,0.6216216216216216,0.6216216216216216
aggregated_ranked_features_gas-CO2_keep-CO2_post-prestimulus,mean,423,test,0.6985294117647058,0.6911658820271392
aggregated_ranked_features_gas-CO2_keep-CO2_post-prestimulus,mean,424,train,0.9712990936555891,0.9712990281647397
aggregated_ranked_features_gas-CO2_keep-CO2_post-prestimulus,mean,424,val,0.6013513513513513,0.6011874857273349
aggregated_ranked_features_gas-CO2_keep-CO2_post-prestimulus,mean,424,test,0.6985294117647058,0.6911658820271392
aggregated_ranked_features_gas-CO2_keep-CO2_post-prestimulus,mean,425,train,0.9712990936555891,0.971298504227184
aggregated_ranked_features_gas-CO2_keep-CO2_post-prestimulus,mean,425,val,0.6081081081081081,0.6080365296803653
aggregated_ranked_features_gas-CO2_keep-CO2_post-prestimulus,mean,425,test,0.6764705882352942,0.6693191865605659
aggregated_ranked_features_gas-CO2_keep-CO2_post-prestimulus,mean,426,train,0.9682779456193353,0.9682778732347123
aggregated_ranked_features_gas-CO2_keep-CO2_post-prestimulus,mean,426,val,0.6283783783783784,0.6283614116787655
aggregated_ranked_features_gas-CO2_keep-CO2_post-prestimulus,mean,426,test,0.6911764705882353,0.6878688524590164
aggregated_ranked_features_gas-CO2_keep-CO2_post-prestimulus,mean,427,train,0.972809667673716,0.972809667673716
aggregated_ranked_features_gas-CO2_keep-CO2_post-prestimulus,mean,427,val,0.6148648648648649,0.6148472811943569
aggregated_ranked_features_gas-CO2_keep-CO2_post-prestimulus,mean,427,test,0.6985294117647058,0.6911658820271392
aggregated_ranked_features_gas-CO2_keep-CO2_post-prestimulus,mean,428,train,0.9697885196374623,0.9697882438846295
aggregated_ranked_features_gas-CO2_keep-CO2_post-prestimulus,mean,428,val,0.6283783783783784,0.6283614116787655
aggregated_ranked_features_gas-CO2_keep-CO2_post-prestimulus,mean,428,test,0.7132352941176471,0.7086834733893558
aggregated_ranked_features_gas-CO2_keep-CO2_post-prestimulus,mean,429,train,0.9712990936555891,0.9712990281647397
aggregated_ranked_features_gas-CO2_keep-CO2_post-prestimulus,mean,429,val,0.5945945945945946,0.5942982456140351
aggregated_ranked_features_gas-CO2_keep-CO2_post-prestimulus,mean,429,test,0.6985294117647058,0.6911658820271392
aggregated_ranked_features_gas-CO2_keep-CO2_post-prestimulus,mean,430,train,0.9712990936555891,0.9712990281647397
aggregated_ranked_features_gas-CO2_keep-CO2_post-prestimulus,mean,430,val,0.6216216216216216,0.6215525114155251
aggregated_ranked_features_gas-CO2_keep-CO2_post-prestimulus,mean,430,test,0.6985294117647058,0.6911658820271392
aggregated_ranked_features_gas-CO2_keep-CO2_post-prestimulus,mean,431,train,0.9697885196374623,0.9697882438846295
aggregated_ranked_features_gas-CO2_keep-CO2_post-prestimulus,mean,431,val,0.6148648648648649,0.6148472811943569
aggregated_ranked_features_gas-CO2_keep-CO2_post-prestimulus,mean,431,test,0.6764705882352942,0.6677770375305352
aggregated_ranked_features_gas-CO2_keep-CO2_post-prestimulus,mean,432,train,0.9712990936555891,0.9712990281647397
aggregated_ranked_features_gas-CO2_keep-CO2_post-prestimulus,mean,432,val,0.6148648648648649,0.6147065540077643
aggregated_ranked_features_gas-CO2_keep-CO2_post-prestimulus,mean,432,test,0.6985294117647058,0.6925282602701958
aggregated_ranked_features_gas-CO2_keep-CO2_post-prestimulus,mean,433,train,0.9697885196374623,0.9697874165959273
aggregated_ranked_features_gas-CO2_keep-CO2_post-prestimulus,mean,433,val,0.6283783783783784,0.6283614116787655
aggregated_ranked_features_gas-CO2_keep-CO2_post-prestimulus,mean,433,test,0.7132352941176471,0.7062309609526447
aggregated_ranked_features_gas-CO2_keep-CO2_post-prestimulus,mean,434,train,0.972809667673716,0.972809667673716
aggregated_ranked_features_gas-CO2_keep-CO2_post-prestimulus,mean,434,val,0.6418918918918919,0.641875542163174
aggregated_ranked_features_gas-CO2_keep-CO2_post-prestimulus,mean,434,test,0.6911764705882353,0.6828780812791473
aggregated_ranked_features_gas-CO2_keep-CO2_post-prestimulus,mean,435,train,0.972809667673716,0.9728094194961665
aggregated_ranked_features_gas-CO2_keep-CO2_post-prestimulus,mean,435,val,0.6013513513513513,0.6013331507099484
aggregated_ranked_features_gas-CO2_keep-CO2_post-prestimulus,mean,435,test,0.6985294117647058,0.6937441643323996
aggregated_ranked_features_gas-CO2_keep-CO2_post-prestimulus,mean,436,train,0.9697885196374623,0.9697874165959273
aggregated_ranked_features_gas-CO2_keep-CO2_post-prestimulus,mean,436,val,0.6216216216216216,0.6209987195902689
aggregated_ranked_features_gas-CO2_keep-CO2_post-prestimulus,mean,436,test,0.6617647058823529,0.6557340964120626
aggregated_ranked_features_gas-CO2_keep-CO2_post-prestimulus,mean,437,train,0.9697885196374623,0.9697885196374623
aggregated_ranked_features_gas-CO2_keep-CO2_post-prestimulus,mean,437,val,0.6148648648648649,0.6148472811943569
aggregated_ranked_features_gas-CO2_keep-CO2_post-prestimulus,mean,437,test,0.6838235294117647,0.6775296388199614
aggregated_ranked_features_gas-CO2_keep-CO2_post-prestimulus,mean,438,train,0.974320241691843,0.9743197143085331
aggregated_ranked_features_gas-CO2_keep-CO2_post-prestimulus,mean,438,val,0.5945945945945946,0.5945945945945946
aggregated_ranked_features_gas-CO2_keep-CO2_post-prestimulus,mean,438,test,0.6617647058823529,0.6557340964120626
aggregated_ranked_features_gas-CO2_keep-CO2_post-prestimulus,mean,439,train,0.9758308157099698,0.9758305951077035
aggregated_ranked_features_gas-CO2_keep-CO2_post-prestimulus,mean,439,val,0.6148648648648649,0.6148472811943569
aggregated_ranked_features_gas-CO2_keep-CO2_post-prestimulus,mean,439,test,0.6691176470588235,0.6625310173697271
aggregated_ranked_features_gas-CO2_keep-CO2_post-prestimulus,mean,440,train,0.972809667673716,0.972809667673716
aggregated_ranked_features_gas-CO2_keep-CO2_post-prestimulus,mean,440,val,0.6081081081081081,0.6080365296803653
aggregated_ranked_features_gas-CO2_keep-CO2_post-prestimulus,mean,440,test,0.7132352941176471,0.7075268817204301
aggregated_ranked_features_gas-CO2_keep-CO2_post-prestimulus,mean,441,train,0.972809667673716,0.9728094194961665
aggregated_ranked_features_gas-CO2_keep-CO2_post-prestimulus,mean,441,val,0.6486486486486487,0.6486486486486487
aggregated_ranked_features_gas-CO2_keep-CO2_post-prestimulus,mean,441,test,0.7205882352941176,0.7144120247568524
aggregated_ranked_features_gas-CO2_keep-CO2_post-prestimulus,mean,442,train,0.9712990936555891,0.971298504227184
aggregated_ranked_features_gas-CO2_keep-CO2_post-prestimulus,mean,442,val,0.5945945945945946,0.5945205479452055
aggregated_ranked_features_gas-CO2_keep-CO2_post-prestimulus,mean,442,test,0.6911764705882353,0.6828780812791473
aggregated_ranked_features_gas-CO2_keep-CO2_post-prestimulus,mean,443,train,0.9682779456193353,0.9682778732347123
aggregated_ranked_features_gas-CO2_keep-CO2_post-prestimulus,mean,443,val,0.6216216216216216,0.6215525114155251
aggregated_ranked_features_gas-CO2_keep-CO2_post-prestimulus,mean,443,test,0.6691176470588235,0.6610357241761284
aggregated_ranked_features_gas-CO2_keep-CO2_post-prestimulus,mean,444,train,0.9667673716012085,0.9667670682730924
aggregated_ranked_features_gas-CO2_keep-CO2_post-prestimulus,mean,444,val,0.6148648648648649,0.6147065540077643
aggregated_ranked_features_gas-CO2_keep-CO2_post-prestimulus,mean,444,test,0.7058823529411765,0.6993810786914235
aggregated_ranked_features_gas-CO2_keep-CO2_post-prestimulus,mean,445,train,0.9758308157099698,0.9758308157099698
aggregated_ranked_features_gas-CO2_keep-CO2_post-prestimulus,mean,445,val,0.6148648648648649,0.6148472811943569
aggregated_ranked_features_gas-CO2_keep-CO2_post-prestimulus,mean,445,test,0.6985294117647058,0.6911658820271392
aggregated_ranked_features_gas-CO2_keep-CO2_post-prestimulus,mean,446,train,0.9712990936555891,0.971298504227184
aggregated_ranked_features_gas-CO2_keep-CO2_post-prestimulus,mean,446,val,0.6148648648648649,0.6147065540077643
aggregated_ranked_features_gas-CO2_keep-CO2_post-prestimulus,mean,446,test,0.6911764705882353,0.6828780812791473
aggregated_ranked_features_gas-CO2_keep-CO2_post-prestimulus,mean,447,train,0.9712990936555891,0.9712990281647397
aggregated_ranked_features_gas-CO2_keep-CO2_post-prestimulus,mean,447,val,0.6081081081081081,0.6080365296803653
aggregated_ranked_features_gas-CO2_keep-CO2_post-prestimulus,mean,447,test,0.7058823529411765,0.7006383447061413
aggregated_ranked_features_gas-CO2_keep-CO2_post-prestimulus,mean,448,train,0.972809667673716,0.9728094194961665
aggregated_ranked_features_gas-CO2_keep-CO2_post-prestimulus,mean,448,val,0.6081081081081081,0.6081081081081081
aggregated_ranked_features_gas-CO2_keep-CO2_post-prestimulus,mean,448,test,0.7058823529411765,0.7006383447061413
aggregated_ranked_features_gas-CO2_keep-CO2_post-prestimulus,mean,449,train,0.972809667673716,0.9728094194961665
aggregated_ranked_features_gas-CO2_keep-CO2_post-prestimulus,mean,449,val,0.6081081081081081,0.6080365296803653
aggregated_ranked_features_gas-CO2_keep-CO2_post-prestimulus,mean,449,test,0.7205882352941176,0.7144120247568524
aggregated_ranked_features_gas-CO2_keep-CO2_post-prestimulus,mean,450,train,0.9697885196374623,0.9697882438846295
aggregated_ranked_features_gas-CO2_keep-CO2_post-prestimulus,mean,450,val,0.6148648648648649,0.6148472811943569
aggregated_ranked_features_gas-CO2_keep-CO2_post-prestimulus,mean,450,test,0.6838235294117647,0.6745143874881727
aggregated_ranked_features_gas-CO2_keep-CO2_post-prestimulus,mean,451,train,0.9758308157099698,0.9758308157099698
aggregated_ranked_features_gas-CO2_keep-CO2_post-prestimulus,mean,451,val,0.6351351351351351,0.6351351351351351
aggregated_ranked_features_gas-CO2_keep-CO2_post-prestimulus,mean,451,test,0.6985294117647058,0.6911658820271392
aggregated_ranked_features_gas-CO2_keep-CO2_post-prestimulus,mean,452,train,0.9758308157099698,0.9758308157099698
aggregated_ranked_features_gas-CO2_keep-CO2_post-prestimulus,mean,452,val,0.6283783783783784,0.6283614116787655
aggregated_ranked_features_gas-CO2_keep-CO2_post-prestimulus,mean,452,test,0.6764705882352942,0.6707021791767555
aggregated_ranked_features_gas-CO2_keep-CO2_post-prestimulus,mean,453,train,0.9697885196374623,0.9697882438846295
aggregated_ranked_features_gas-CO2_keep-CO2_post-prestimulus,mean,453,val,0.6216216216216216,0.6216216216216216
aggregated_ranked_features_gas-CO2_keep-CO2_post-prestimulus,mean,453,test,0.6911764705882353,0.6843501326259946
aggregated_ranked_features_gas-CO2_keep-CO2_post-prestimulus,mean,454,train,0.9712990936555891,0.971298504227184
aggregated_ranked_features_gas-CO2_keep-CO2_post-prestimulus,mean,454,val,0.6283783783783784,0.6283614116787655
aggregated_ranked_features_gas-CO2_keep-CO2_post-prestimulus,mean,454,test,0.7058823529411765,0.7006383447061413
aggregated_ranked_features_gas-CO2_keep-CO2_post-prestimulus,mean,455,train,0.974320241691843,0.974320183094767
aggregated_ranked_features_gas-CO2_keep-CO2_post-prestimulus,mean,455,val,0.5945945945945946,0.5945945945945946
aggregated_ranked_features_gas-CO2_keep-CO2_post-prestimulus,mean,455,test,0.6985294117647058,0.6937441643323996
aggregated_ranked_features_gas-CO2_keep-CO2_post-prestimulus,mean,456,train,0.9803625377643505,0.9803624929548218
aggregated_ranked_features_gas-CO2_keep-CO2_post-prestimulus,mean,456,val,0.6148648648648649,0.6148472811943569
aggregated_ranked_features_gas-CO2_keep-CO2_post-prestimulus,mean,456,test,0.6911764705882353,0.6843501326259946
aggregated_ranked_features_gas-CO2_keep-CO2_post-prestimulus,mean,457,train,0.9758308157099698,0.9758305951077035
aggregated_ranked_features_gas-CO2_keep-CO2_post-prestimulus,mean,457,val,0.6216216216216216,0.6215525114155251
aggregated_ranked_features_gas-CO2_keep-CO2_post-prestimulus,mean,457,test,0.7058823529411765,0.6993810786914235
aggregated_ranked_features_gas-CO2_keep-CO2_post-prestimulus,mean,458,train,0.9697885196374623,0.9697882438846295
aggregated_ranked_features_gas-CO2_keep-CO2_post-prestimulus,mean,458,val,0.6216216216216216,0.6216216216216216
aggregated_ranked_features_gas-CO2_keep-CO2_post-prestimulus,mean,458,test,0.6838235294117647,0.6775296388199614
aggregated_ranked_features_gas-CO2_keep-CO2_post-prestimulus,mean,459,train,0.9773413897280967,0.9773409243898821
aggregated_ranked_features_gas-CO2_keep-CO2_post-prestimulus,mean,459,val,0.6148648648648649,0.6147065540077643
aggregated_ranked_features_gas-CO2_keep-CO2_post-prestimulus,mean,459,test,0.7058823529411765,0.6993810786914235
aggregated_ranked_features_gas-CO2_keep-CO2_post-prestimulus,mean,460,train,0.972809667673716,0.9728094194961665
aggregated_ranked_features_gas-CO2_keep-CO2_post-prestimulus,mean,460,val,0.6081081081081081,0.6080365296803653
aggregated_ranked_features_gas-CO2_keep-CO2_post-prestimulus,mean,460,test,0.6911764705882353,0.6856702619414483
aggregated_ranked_features_gas-CO2_keep-CO2_post-prestimulus,mean,461,train,0.972809667673716,0.972809667673716
aggregated_ranked_features_gas-CO2_keep-CO2_post-prestimulus,mean,461,val,0.6148648648648649,0.6148472811943569
aggregated_ranked_features_gas-CO2_keep-CO2_post-prestimulus,mean,461,test,0.7132352941176471,0.7086834733893558
aggregated_ranked_features_gas-CO2_keep-CO2_post-prestimulus,mean,462,train,0.9712990936555891,0.971298504227184
aggregated_ranked_features_gas-CO2_keep-CO2_post-prestimulus,mean,462,val,0.6081081081081081,0.6080365296803653
aggregated_ranked_features_gas-CO2_keep-CO2_post-prestimulus,mean,462,test,0.6470588235294118,0.6375749500333112
aggregated_ranked_features_gas-CO2_keep-CO2_post-prestimulus,mean,463,train,0.974320241691843,0.974320183094767
aggregated_ranked_features_gas-CO2_keep-CO2_post-prestimulus,mean,463,val,0.6013513513513513,0.6013331507099484
aggregated_ranked_features_gas-CO2_keep-CO2_post-prestimulus,mean,463,test,0.6985294117647058,0.6925282602701958
aggregated_ranked_features_gas-CO2_keep-CO2_post-prestimulus,mean,464,train,0.974320241691843,0.974320183094767
aggregated_ranked_features_gas-CO2_keep-CO2_post-prestimulus,mean,464,val,0.6148648648648649,0.6148472811943569
aggregated_ranked_features_gas-CO2_keep-CO2_post-prestimulus,mean,464,test,0.6838235294117647,0.6788048552754435
aggregated_ranked_features_gas-CO2_keep-CO2_post-prestimulus,mean,465,train,0.9758308157099698,0.9758305951077035
aggregated_ranked_features_gas-CO2_keep-CO2_post-prestimulus,mean,465,val,0.6283783783783784,0.6279537456008044
aggregated_ranked_features_gas-CO2_keep-CO2_post-prestimulus,mean,465,test,0.6911764705882353,0.6856702619414483
aggregated_ranked_features_gas-CO2_keep-CO2_post-prestimulus,mean,466,train,0.974320241691843,0.974320183094767
aggregated_ranked_features_gas-CO2_keep-CO2_post-prestimulus,mean,466,val,0.6216216216216216,0.6216216216216216
aggregated_ranked_features_gas-CO2_keep-CO2_post-prestimulus,mean,466,test,0.7058823529411765,0.7006383447061413
aggregated_ranked_features_gas-CO2_keep-CO2_post-prestimulus,mean,467,train,0.974320241691843,0.974320183094767
aggregated_ranked_features_gas-CO2_keep-CO2_post-prestimulus,mean,467,val,0.6081081081081081,0.6078216374269005
aggregated_ranked_features_gas-CO2_keep-CO2_post-prestimulus,mean,467,test,0.6911764705882353,0.6828780812791473
aggregated_ranked_features_gas-CO2_keep-CO2_post-prestimulus,mean,468,train,0.9712990936555891,0.9712990281647397
aggregated_ranked_features_gas-CO2_keep-CO2_post-prestimulus,mean,468,val,0.6148648648648649,0.6147065540077643
aggregated_ranked_features_gas-CO2_keep-CO2_post-prestimulus,mean,468,test,0.7058823529411765,0.7017543859649122
aggregated_ranked_features_gas-CO2_keep-CO2_post-prestimulus,mean,469,train,0.9667673716012085,0.9667670682730924
aggregated_ranked_features_gas-CO2_keep-CO2_post-prestimulus,mean,469,val,0.6283783783783784,0.6283614116787655
aggregated_ranked_features_gas-CO2_keep-CO2_post-prestimulus,mean,469,test,0.7132352941176471,0.7062309609526447
aggregated_ranked_features_gas-CO2_keep-CO2_post-prestimulus,mean,470,train,0.972809667673716,0.9728094194961665
aggregated_ranked_features_gas-CO2_keep-CO2_post-prestimulus,mean,470,val,0.6081081081081081,0.6081081081081081
aggregated_ranked_features_gas-CO2_keep-CO2_post-prestimulus,mean,470,test,0.7132352941176471,0.7086834733893558
aggregated_ranked_features_gas-CO2_keep-CO2_post-prestimulus,mean,471,train,0.9712990936555891,0.9712990281647397
aggregated_ranked_features_gas-CO2_keep-CO2_post-prestimulus,mean,471,val,0.6081081081081081,0.6081081081081081
aggregated_ranked_features_gas-CO2_keep-CO2_post-prestimulus,mean,471,test,0.6764705882352942,0.6693191865605659
aggregated_ranked_features_gas-CO2_keep-CO2_post-prestimulus,mean,472,train,0.974320241691843,0.974320183094767
aggregated_ranked_features_gas-CO2_keep-CO2_post-prestimulus,mean,472,val,0.6148648648648649,0.6148472811943569
aggregated_ranked_features_gas-CO2_keep-CO2_post-prestimulus,mean,472,test,0.6838235294117647,0.6775296388199614
aggregated_ranked_features_gas-CO2_keep-CO2_post-prestimulus,mean,473,train,0.9773413897280967,0.9773413380247944
aggregated_ranked_features_gas-CO2_keep-CO2_post-prestimulus,mean,473,val,0.6283783783783784,0.6282256222881937
aggregated_ranked_features_gas-CO2_keep-CO2_post-prestimulus,mean,473,test,0.6985294117647058,0.6948169229927207
aggregated_ranked_features_gas-CO2_keep-CO2_post-prestimulus,mean,474,train,0.972809667673716,0.9728094194961665
aggregated_ranked_features_gas-CO2_keep-CO2_post-prestimulus,mean,474,val,0.6148648648648649,0.6148472811943569
aggregated_ranked_features_gas-CO2_keep-CO2_post-prestimulus,mean,474,test,0.6691176470588235,0.6610357241761284
aggregated_ranked_features_gas-CO2_keep-CO2_post-prestimulus,mean,475,train,0.9758308157099698,0.9758308157099698
aggregated_ranked_features_gas-CO2_keep-CO2_post-prestimulus,mean,475,val,0.6081081081081081,0.6080365296803653
aggregated_ranked_features_gas-CO2_keep-CO2_post-prestimulus,mean,475,test,0.7058823529411765,0.7006383447061413
aggregated_ranked_features_gas-CO2_keep-CO2_post-prestimulus,mean,476,train,0.974320241691843,0.974320183094767
aggregated_ranked_features_gas-CO2_keep-CO2_post-prestimulus,mean,476,val,0.6148648648648649,0.6148472811943569
aggregated_ranked_features_gas-CO2_keep-CO2_post-prestimulus,mean,476,test,0.6985294117647058,0.6937441643323996
aggregated_ranked_features_gas-CO2_keep-CO2_post-prestimulus,mean,477,train,0.9712990936555891,0.9712990281647397
aggregated_ranked_features_gas-CO2_keep-CO2_post-prestimulus,mean,477,val,0.5945945945945946,0.5942982456140351
aggregated_ranked_features_gas-CO2_keep-CO2_post-prestimulus,mean,477,test,0.6911764705882353,0.6828780812791473
aggregated_ranked_features_gas-CO2_keep-CO2_post-prestimulus,mean,478,train,0.9712990936555891,0.9712990281647397
aggregated_ranked_features_gas-CO2_keep-CO2_post-prestimulus,mean,478,val,0.6081081081081081,0.6078216374269005
aggregated_ranked_features_gas-CO2_keep-CO2_post-prestimulus,mean,478,test,0.6911764705882353,0.6843501326259946
aggregated_ranked_features_gas-CO2_keep-CO2_post-prestimulus,mean,479,train,0.972809667673716,0.9728094194961665
aggregated_ranked_features_gas-CO2_keep-CO2_post-prestimulus,mean,479,val,0.6283783783783784,0.6283614116787655
aggregated_ranked_features_gas-CO2_keep-CO2_post-prestimulus,mean,479,test,0.6911764705882353,0.6856702619414483
aggregated_ranked_features_gas-CO2_keep-CO2_post-prestimulus,mean,480,train,0.9758308157099698,0.9758305951077035
aggregated_ranked_features_gas-CO2_keep-CO2_post-prestimulus,mean,480,val,0.6216216216216216,0.6216216216216216
aggregated_ranked_features_gas-CO2_keep-CO2_post-prestimulus,mean,480,test,0.6764705882352942,0.6677770375305352
aggregated_ranked_features_gas-CO2_keep-CO2_post-prestimulus,mean,481,train,0.974320241691843,0.974320183094767
aggregated_ranked_features_gas-CO2_keep-CO2_post-prestimulus,mean,481,val,0.6081081081081081,0.6078216374269005
aggregated_ranked_features_gas-CO2_keep-CO2_post-prestimulus,mean,481,test,0.6838235294117647,0.6775296388199614
aggregated_ranked_features_gas-CO2_keep-CO2_post-prestimulus,mean,482,train,0.9682779456193353,0.9682778732347123
aggregated_ranked_features_gas-CO2_keep-CO2_post-prestimulus,mean,482,val,0.6081081081081081,0.6081081081081081
aggregated_ranked_features_gas-CO2_keep-CO2_post-prestimulus,mean,482,test,0.6838235294117647,0.6761008031016339
aggregated_ranked_features_gas-CO2_keep-CO2_post-prestimulus,mean,483,train,0.9773413897280967,0.9773413380247944
aggregated_ranked_features_gas-CO2_keep-CO2_post-prestimulus,mean,483,val,0.6216216216216216,0.6215525114155251
aggregated_ranked_features_gas-CO2_keep-CO2_post-prestimulus,mean,483,test,0.6911764705882353,0.6828780812791473
aggregated_ranked_features_gas-CO2_keep-CO2_post-prestimulus,mean,484,train,0.974320241691843,0.974320183094767
aggregated_ranked_features_gas-CO2_keep-CO2_post-prestimulus,mean,484,val,0.6013513513513513,0.6013331507099484
aggregated_ranked_features_gas-CO2_keep-CO2_post-prestimulus,mean,484,test,0.7058823529411765,0.7035745422842197
aggregated_ranked_features_gas-CO2_keep-CO2_post-prestimulus,mean,485,train,0.9697885196374623,0.9697882438846295
aggregated_ranked_features_gas-CO2_keep-CO2_post-prestimulus,mean,485,val,0.6148648648648649,0.6148472811943569
aggregated_ranked_features_gas-CO2_keep-CO2_post-prestimulus,mean,485,test,0.6838235294117647,0.6745143874881727
aggregated_ranked_features_gas-CO2_keep-CO2_post-prestimulus,mean,486,train,0.972809667673716,0.9728094194961665
aggregated_ranked_features_gas-CO2_keep-CO2_post-prestimulus,mean,486,val,0.6216216216216216,0.6216216216216216
aggregated_ranked_features_gas-CO2_keep-CO2_post-prestimulus,mean,486,test,0.6838235294117647,0.6761008031016339
aggregated_ranked_features_gas-CO2_keep-CO2_post-prestimulus,mean,487,train,0.972809667673716,0.9728086749363345
aggregated_ranked_features_gas-CO2_keep-CO2_post-prestimulus,mean,487,val,0.6013513513513513,0.6011874857273349
aggregated_ranked_features_gas-CO2_keep-CO2_post-prestimulus,mean,487,test,0.6911764705882353,0.6856702619414483
aggregated_ranked_features_gas-CO2_keep-CO2_post-prestimulus,mean,488,train,0.974320241691843,0.974320183094767
aggregated_ranked_features_gas-CO2_keep-CO2_post-prestimulus,mean,488,val,0.6351351351351351,0.6351351351351351
aggregated_ranked_features_gas-CO2_keep-CO2_post-prestimulus,mean,488,test,0.6764705882352942,0.6693191865605659
aggregated_ranked_features_gas-CO2_keep-CO2_post-prestimulus,mean,489,train,0.972809667673716,0.972809667673716
aggregated_ranked_features_gas-CO2_keep-CO2_post-prestimulus,mean,489,val,0.6081081081081081,0.6080365296803653
aggregated_ranked_features_gas-CO2_keep-CO2_post-prestimulus,mean,489,test,0.7058823529411765,0.7006383447061413
aggregated_ranked_features_gas-CO2_keep-CO2_post-prestimulus,mean,490,train,0.9788519637462235,0.9788519637462235
aggregated_ranked_features_gas-CO2_keep-CO2_post-prestimulus,mean,490,val,0.6081081081081081,0.6081081081081081
aggregated_ranked_features_gas-CO2_keep-CO2_post-prestimulus,mean,490,test,0.6691176470588235,0.6593755217899482
aggregated_ranked_features_gas-CO2_keep-CO2_post-prestimulus,mean,491,train,0.9758308157099698,0.9758305951077035
aggregated_ranked_features_gas-CO2_keep-CO2_post-prestimulus,mean,491,val,0.6081081081081081,0.6078216374269005
aggregated_ranked_features_gas-CO2_keep-CO2_post-prestimulus,mean,491,test,0.7058823529411765,0.7017543859649122
aggregated_ranked_features_gas-CO2_keep-CO2_post-prestimulus,mean,492,train,0.972809667673716,0.972809667673716
aggregated_ranked_features_gas-CO2_keep-CO2_post-prestimulus,mean,492,val,0.6216216216216216,0.6215525114155251
aggregated_ranked_features_gas-CO2_keep-CO2_post-prestimulus,mean,492,test,0.6985294117647058,0.6925282602701958
aggregated_ranked_features_gas-CO2_keep-CO2_post-prestimulus,mean,493,train,0.9758308157099698,0.9758308157099698
aggregated_ranked_features_gas-CO2_keep-CO2_post-prestimulus,mean,493,val,0.6013513513513513,0.6011874857273349
aggregated_ranked_features_gas-CO2_keep-CO2_post-prestimulus,mean,493,test,0.6838235294117647,0.6745143874881727
aggregated_ranked_features_gas-CO2_keep-CO2_post-prestimulus,mean,494,train,0.9758308157099698,0.9758308157099698
aggregated_ranked_features_gas-CO2_keep-CO2_post-prestimulus,mean,494,val,0.6216216216216216,0.6216216216216216
aggregated_ranked_features_gas-CO2_keep-CO2_post-prestimulus,mean,494,test,0.6764705882352942,0.6707021791767555
aggregated_ranked_features_gas-CO2_keep-CO2_post-prestimulus,mean,495,train,0.9773413897280967,0.9773413380247944
aggregated_ranked_features_gas-CO2_keep-CO2_post-prestimulus,mean,495,val,0.6081081081081081,0.6081081081081081
aggregated_ranked_features_gas-CO2_keep-CO2_post-prestimulus,mean,495,test,0.6838235294117647,0.6775296388199614
aggregated_ranked_features_gas-CO2_keep-CO2_post-prestimulus,mean,496,train,0.9758308157099698,0.9758308157099698
aggregated_ranked_features_gas-CO2_keep-CO2_post-prestimulus,mean,496,val,0.6216216216216216,0.6216216216216216
aggregated_ranked_features_gas-CO2_keep-CO2_post-prestimulus,mean,496,test,0.6911764705882353,0.6843501326259946
aggregated_ranked_features_gas-CO2_keep-CO2_post-prestimulus,mean,497,train,0.972809667673716,0.972809667673716
aggregated_ranked_features_gas-CO2_keep-CO2_post-prestimulus,mean,497,val,0.6081081081081081,0.6080365296803653
aggregated_ranked_features_gas-CO2_keep-CO2_post-prestimulus,mean,497,test,0.6838235294117647,0.6727659336354989
aggregated_ranked_features_gas-CO2_keep-CO2_post-prestimulus,mean,498,train,0.974320241691843,0.974320183094767
aggregated_ranked_features_gas-CO2_keep-CO2_post-prestimulus,mean,498,val,0.6081081081081081,0.6081081081081081
aggregated_ranked_features_gas-CO2_keep-CO2_post-prestimulus,mean,498,test,0.7058823529411765,0.6979791250277593
aggregated_ranked_features_gas-CO2_keep-CO2_post-prestimulus,mean,499,train,0.9773413897280967,0.9773409243898821
aggregated_ranked_features_gas-CO2_keep-CO2_post-prestimulus,mean,499,val,0.6216216216216216,0.6216216216216216
aggregated_ranked_features_gas-CO2_keep-CO2_post-prestimulus,mean,499,test,0.6838235294117647,0.6761008031016339
aggregated_ranked_features_gas-CO2_keep-CO2_post-prestimulus,mean,500,train,0.9758308157099698,0.9758305951077035
aggregated_ranked_features_gas-CO2_keep-CO2_post-prestimulus,mean,500,val,0.6081081081081081,0.6080365296803653
aggregated_ranked_features_gas-CO2_keep-CO2_post-prestimulus,mean,500,test,0.6911764705882353,0.6856702619414483
aggregated_ranked_features_gas-CO2_keep-CO2_post-prestimulus,mean,501,train,0.972809667673716,0.972809667673716
aggregated_ranked_features_gas-CO2_keep-CO2_post-prestimulus,mean,501,val,0.6081081081081081,0.6080365296803653
aggregated_ranked_features_gas-CO2_keep-CO2_post-prestimulus,mean,501,test,0.6985294117647058,0.6911658820271392
aggregated_ranked_features_gas-CO2_keep-CO2_post-prestimulus,mean,502,train,0.9773413897280967,0.9773413380247944
aggregated_ranked_features_gas-CO2_keep-CO2_post-prestimulus,mean,502,val,0.6148648648648649,0.6148472811943569
aggregated_ranked_features_gas-CO2_keep-CO2_post-prestimulus,mean,502,test,0.6764705882352942,0.6660714285714285
aggregated_ranked_features_gas-CO2_keep-CO2_post-prestimulus,mean,503,train,0.974320241691843,0.974320183094767
aggregated_ranked_features_gas-CO2_keep-CO2_post-prestimulus,mean,503,val,0.6081081081081081,0.6080365296803653
aggregated_ranked_features_gas-CO2_keep-CO2_post-prestimulus,mean,503,test,0.6691176470588235,0.6593755217899482
aggregated_ranked_features_gas-CO2_keep-CO2_post-prestimulus,mean,504,train,0.9712990936555891,0.9712990281647397
aggregated_ranked_features_gas-CO2_keep-CO2_post-prestimulus,mean,504,val,0.6418918918918919,0.641744690568623
aggregated_ranked_features_gas-CO2_keep-CO2_post-prestimulus,mean,504,test,0.6985294117647058,0.6911658820271392
aggregated_ranked_features_gas-CO2_keep-CO2_post-prestimulus,mean,505,train,0.974320241691843,0.974320183094767
aggregated_ranked_features_gas-CO2_keep-CO2_post-prestimulus,mean,505,val,0.6216216216216216,0.6215525114155251
aggregated_ranked_features_gas-CO2_keep-CO2_post-prestimulus,mean,505,test,0.7058823529411765,0.7006383447061413
aggregated_ranked_features_gas-CO2_keep-CO2_post-prestimulus,mean,506,train,0.972809667673716,0.972809667673716
aggregated_ranked_features_gas-CO2_keep-CO2_post-prestimulus,mean,506,val,0.6081081081081081,0.6080365296803653
aggregated_ranked_features_gas-CO2_keep-CO2_post-prestimulus,mean,506,test,0.6617647058823529,0.6542882404951371
aggregated_ranked_features_gas-CO2_keep-CO2_post-prestimulus,mean,507,train,0.972809667673716,0.9728094194961665
aggregated_ranked_features_gas-CO2_keep-CO2_post-prestimulus,mean,507,val,0.6013513513513513,0.6013331507099484
aggregated_ranked_features_gas-CO2_keep-CO2_post-prestimulus,mean,507,test,0.6617647058823529,0.6508928571428572
aggregated_ranked_features_gas-CO2_keep-CO2_post-prestimulus,mean,508,train,0.974320241691843,0.974320183094767
aggregated_ranked_features_gas-CO2_keep-CO2_post-prestimulus,mean,508,val,0.6283783783783784,0.6283614116787655
aggregated_ranked_features_gas-CO2_keep-CO2_post-prestimulus,mean,508,test,0.6838235294117647,0.6727659336354989
aggregated_ranked_features_gas-CO2_keep-CO2_post-prestimulus,mean,509,train,0.9758308157099698,0.9758305951077035
aggregated_ranked_features_gas-CO2_keep-CO2_post-prestimulus,mean,509,val,0.6081081081081081,0.6081081081081081
aggregated_ranked_features_gas-CO2_keep-CO2_post-prestimulus,mean,509,test,0.7058823529411765,0.6993810786914235
aggregated_ranked_features_gas-CO2_keep-CO2_post-prestimulus,mean,510,train,0.972809667673716,0.972809667673716
aggregated_ranked_features_gas-CO2_keep-CO2_post-prestimulus,mean,510,val,0.6216216216216216,0.6216216216216216
aggregated_ranked_features_gas-CO2_keep-CO2_post-prestimulus,mean,510,test,0.6691176470588235,0.6593755217899482
aggregated_ranked_features_gas-CO2_keep-CO2_post-prestimulus,mean,511,train,0.972809667673716,0.9728094194961665
aggregated_ranked_features_gas-CO2_keep-CO2_post-prestimulus,mean,511,val,0.6148648648648649,0.6148472811943569
aggregated_ranked_features_gas-CO2_keep-CO2_post-prestimulus,mean,511,test,0.6985294117647058,0.6911658820271392
aggregated_ranked_features_gas-CO2_keep-CO2_post-prestimulus,mean,512,train,0.972809667673716,0.9728086749363345
aggregated_ranked_features_gas-CO2_keep-CO2_post-prestimulus,mean,512,val,0.5945945945945946,0.5945205479452055
aggregated_ranked_features_gas-CO2_keep-CO2_post-prestimulus,mean,512,test,0.6838235294117647,0.6761008031016339
aggregated_ranked_features_gas-CO2_keep-CO2_post-prestimulus,mean,513,train,0.974320241691843,0.974320183094767
aggregated_ranked_features_gas-CO2_keep-CO2_post-prestimulus,mean,513,val,0.6148648648648649,0.6147065540077643
aggregated_ranked_features_gas-CO2_keep-CO2_post-prestimulus,mean,513,test,0.6764705882352942,0.6730054644808743
aggregated_ranked_features_gas-CO2_keep-CO2_post-prestimulus,mean,514,train,0.9697885196374623,0.9697882438846295
aggregated_ranked_features_gas-CO2_keep-CO2_post-prestimulus,mean,514,val,0.6216216216216216,0.6216216216216216
aggregated_ranked_features_gas-CO2_keep-CO2_post-prestimulus,mean,514,test,0.6985294117647058,0.6925282602701958
aggregated_ranked_features_gas-CO2_keep-CO2_post-prestimulus,mean,515,train,0.9788519637462235,0.9788519637462235
aggregated_ranked_features_gas-CO2_keep-CO2_post-prestimulus,mean,515,val,0.6216216216216216,0.6216216216216216
aggregated_ranked_features_gas-CO2_keep-CO2_post-prestimulus,mean,515,test,0.6838235294117647,0.6745143874881727
aggregated_ranked_features_gas-CO2_keep-CO2_post-prestimulus,mean,516,train,0.974320241691843,0.974320183094767
aggregated_ranked_features_gas-CO2_keep-CO2_post-prestimulus,mean,516,val,0.6351351351351351,0.6350684931506849
aggregated_ranked_features_gas-CO2_keep-CO2_post-prestimulus,mean,516,test,0.6911764705882353,0.6794612794612794
aggregated_ranked_features_gas-CO2_keep-CO2_post-prestimulus,mean,517,train,0.974320241691843,0.974320183094767
aggregated_ranked_features_gas-CO2_keep-CO2_post-prestimulus,mean,517,val,0.6216216216216216,0.6216216216216216
aggregated_ranked_features_gas-CO2_keep-CO2_post-prestimulus,mean,517,test,0.6838235294117647,0.6761008031016339
aggregated_ranked_features_gas-CO2_keep-CO2_post-prestimulus,mean,518,train,0.972809667673716,0.972809667673716
aggregated_ranked_features_gas-CO2_keep-CO2_post-prestimulus,mean,518,val,0.6148648648648649,0.6148472811943569
aggregated_ranked_features_gas-CO2_keep-CO2_post-prestimulus,mean,518,test,0.6985294117647058,0.6911658820271392
aggregated_ranked_features_gas-CO2_keep-CO2_post-prestimulus,mean,519,train,0.9758308157099698,0.9758305951077035
aggregated_ranked_features_gas-CO2_keep-CO2_post-prestimulus,mean,519,val,0.6148648648648649,0.6148472811943569
aggregated_ranked_features_gas-CO2_keep-CO2_post-prestimulus,mean,519,test,0.6691176470588235,0.6575457445022663
aggregated_ranked_features_gas-CO2_keep-CO2_post-prestimulus,mean,520,train,0.972809667673716,0.9728094194961665
aggregated_ranked_features_gas-CO2_keep-CO2_post-prestimulus,mean,520,val,0.6148648648648649,0.6148472811943569
aggregated_ranked_features_gas-CO2_keep-CO2_post-prestimulus,mean,520,test,0.6470588235294118,0.6392572944297081
aggregated_ranked_features_gas-CO2_keep-CO2_post-prestimulus,mean,521,train,0.9758308157099698,0.9758308157099698
aggregated_ranked_features_gas-CO2_keep-CO2_post-prestimulus,mean,521,val,0.6283783783783784,0.6283614116787655
aggregated_ranked_features_gas-CO2_keep-CO2_post-prestimulus,mean,521,test,0.6911764705882353,0.6828780812791473
aggregated_ranked_features_gas-CO2_keep-CO2_post-prestimulus,mean,522,train,0.9773413897280967,0.9773409243898821
aggregated_ranked_features_gas-CO2_keep-CO2_post-prestimulus,mean,522,val,0.6148648648648649,0.6148472811943569
aggregated_ranked_features_gas-CO2_keep-CO2_post-prestimulus,mean,522,test,0.6838235294117647,0.6761008031016339
aggregated_ranked_features_gas-CO2_keep-CO2_post-prestimulus,mean,523,train,0.9773413897280967,0.9773413380247944
aggregated_ranked_features_gas-CO2_keep-CO2_post-prestimulus,mean,523,val,0.6148648648648649,0.6148472811943569
aggregated_ranked_features_gas-CO2_keep-CO2_post-prestimulus,mean,523,test,0.6985294117647058,0.6911658820271392
aggregated_ranked_features_gas-CO2_keep-CO2_post-prestimulus,mean,524,train,0.974320241691843,0.974320183094767
aggregated_ranked_features_gas-CO2_keep-CO2_post-prestimulus,mean,524,val,0.6283783783783784,0.6283614116787655
aggregated_ranked_features_gas-CO2_keep-CO2_post-prestimulus,mean,524,test,0.7058823529411765,0.6993810786914235
aggregated_ranked_features_gas-CO2_keep-CO2_post-prestimulus,mean,525,train,0.9758308157099698,0.9758305951077035
aggregated_ranked_features_gas-CO2_keep-CO2_post-prestimulus,mean,525,val,0.6216216216216216,0.6216216216216216
aggregated_ranked_features_gas-CO2_keep-CO2_post-prestimulus,mean,525,test,0.6911764705882353,0.6828780812791473
aggregated_ranked_features_gas-CO2_keep-CO2_post-prestimulus,mean,526,train,0.972809667673716,0.972809667673716
aggregated_ranked_features_gas-CO2_keep-CO2_post-prestimulus,mean,526,val,0.6216216216216216,0.6213450292397661
aggregated_ranked_features_gas-CO2_keep-CO2_post-prestimulus,mean,526,test,0.6911764705882353,0.6843501326259946
aggregated_ranked_features_gas-CO2_keep-CO2_post-prestimulus,mean,527,train,0.974320241691843,0.974320183094767
aggregated_ranked_features_gas-CO2_keep-CO2_post-prestimulus,mean,527,val,0.6013513513513513,0.6013331507099484
aggregated_ranked_features_gas-CO2_keep-CO2_post-prestimulus,mean,527,test,0.6838235294117647,0.6727659336354989
aggregated_ranked_features_gas-CO2_keep-CO2_post-prestimulus,mean,528,train,0.9773413897280967,0.9773413380247944
aggregated_ranked_features_gas-CO2_keep-CO2_post-prestimulus,mean,528,val,0.6081081081081081,0.6080365296803653
aggregated_ranked_features_gas-CO2_keep-CO2_post-prestimulus,mean,528,test,0.6838235294117647,0.6761008031016339
aggregated_ranked_features_gas-CO2_keep-CO2_post-prestimulus,mean,529,train,0.9758308157099698,0.9758305951077035
aggregated_ranked_features_gas-CO2_keep-CO2_post-prestimulus,mean,529,val,0.5878378378378378,0.5878190202255399
aggregated_ranked_features_gas-CO2_keep-CO2_post-prestimulus,mean,529,test,0.6985294117647058,0.6896532531863973
aggregated_ranked_features_gas-CO2_keep-CO2_post-prestimulus,mean,530,train,0.974320241691843,0.974320183094767
aggregated_ranked_features_gas-CO2_keep-CO2_post-prestimulus,mean,530,val,0.6148648648648649,0.6148472811943569
aggregated_ranked_features_gas-CO2_keep-CO2_post-prestimulus,mean,530,test,0.6691176470588235,0.6610357241761284
aggregated_ranked_features_gas-CO2_keep-CO2_post-prestimulus,mean,531,train,0.972809667673716,0.972809667673716
aggregated_ranked_features_gas-CO2_keep-CO2_post-prestimulus,mean,531,val,0.5945945945945946,0.5945945945945946
aggregated_ranked_features_gas-CO2_keep-CO2_post-prestimulus,mean,531,test,0.6838235294117647,0.6745143874881727
aggregated_ranked_features_gas-CO2_keep-CO2_post-prestimulus,mean,532,train,0.9712990936555891,0.971298504227184
aggregated_ranked_features_gas-CO2_keep-CO2_post-prestimulus,mean,532,val,0.6081081081081081,0.6080365296803653
aggregated_ranked_features_gas-CO2_keep-CO2_post-prestimulus,mean,532,test,0.7058823529411765,0.6993810786914235
aggregated_ranked_features_gas-CO2_keep-CO2_post-prestimulus,mean,533,train,0.9697885196374623,0.9697882438846295
aggregated_ranked_features_gas-CO2_keep-CO2_post-prestimulus,mean,533,val,0.6216216216216216,0.6216216216216216
aggregated_ranked_features_gas-CO2_keep-CO2_post-prestimulus,mean,533,test,0.6838235294117647,0.6727659336354989
aggregated_ranked_features_gas-CO2_keep-CO2_post-prestimulus,mean,534,train,0.972809667673716,0.972809667673716
aggregated_ranked_features_gas-CO2_keep-CO2_post-prestimulus,mean,534,val,0.6081081081081081,0.6078216374269005
aggregated_ranked_features_gas-CO2_keep-CO2_post-prestimulus,mean,534,test,0.6985294117647058,0.6911658820271392
aggregated_ranked_features_gas-CO2_keep-CO2_post-prestimulus,mean,535,train,0.9758308157099698,0.9758308157099698
aggregated_ranked_features_gas-CO2_keep-CO2_post-prestimulus,mean,535,val,0.6216216216216216,0.6216216216216216
aggregated_ranked_features_gas-CO2_keep-CO2_post-prestimulus,mean,535,test,0.6985294117647058,0.6925282602701958
aggregated_ranked_features_gas-CO2_keep-CO2_post-prestimulus,mean,536,train,0.974320241691843,0.9743197143085331
aggregated_ranked_features_gas-CO2_keep-CO2_post-prestimulus,mean,536,val,0.6081081081081081,0.6080365296803653
aggregated_ranked_features_gas-CO2_keep-CO2_post-prestimulus,mean,536,test,0.6985294117647058,0.6911658820271392
aggregated_ranked_features_gas-CO2_keep-CO2_post-prestimulus,mean,537,train,0.9773413897280967,0.9773413380247944
aggregated_ranked_features_gas-CO2_keep-CO2_post-prestimulus,mean,537,val,0.6148648648648649,0.6148472811943569
aggregated_ranked_features_gas-CO2_keep-CO2_post-prestimulus,mean,537,test,0.6838235294117647,0.6775296388199614
aggregated_ranked_features_gas-CO2_keep-CO2_post-prestimulus,mean,538,train,0.972809667673716,0.972809667673716
aggregated_ranked_features_gas-CO2_keep-CO2_post-prestimulus,mean,538,val,0.5945945945945946,0.5945945945945946
aggregated_ranked_features_gas-CO2_keep-CO2_post-prestimulus,mean,538,test,0.7132352941176471,0.7062309609526447
aggregated_ranked_features_gas-CO2_keep-CO2_post-prestimulus,mean,539,train,0.974320241691843,0.974320183094767
aggregated_ranked_features_gas-CO2_keep-CO2_post-prestimulus,mean,539,val,0.6216216216216216,0.6216216216216216
aggregated_ranked_features_gas-CO2_keep-CO2_post-prestimulus,mean,539,test,0.6838235294117647,0.6761008031016339
aggregated_ranked_features_gas-CO2_keep-CO2_post-prestimulus,mean,540,train,0.9697885196374623,0.9697882438846295
aggregated_ranked_features_gas-CO2_keep-CO2_post-prestimulus,mean,540,val,0.6013513513513513,0.6013331507099484
aggregated_ranked_features_gas-CO2_keep-CO2_post-prestimulus,mean,540,test,0.6544117647058824,0.6475323959194927
aggregated_ranked_features_gas-CO2_keep-CO2_post-prestimulus,mean,541,train,0.974320241691843,0.974320183094767
aggregated_ranked_features_gas-CO2_keep-CO2_post-prestimulus,mean,541,val,0.6283783783783784,0.6279537456008044
aggregated_ranked_features_gas-CO2_keep-CO2_post-prestimulus,mean,541,test,0.6911764705882353,0.6828780812791473
aggregated_ranked_features_gas-CO2_keep-CO2_post-prestimulus,mean,542,train,0.9712990936555891,0.9712990281647397
aggregated_ranked_features_gas-CO2_keep-CO2_post-prestimulus,mean,542,val,0.6418918918918919,0.641744690568623
aggregated_ranked_features_gas-CO2_keep-CO2_post-prestimulus,mean,542,test,0.6911764705882353,0.6828780812791473
aggregated_ranked_features_gas-CO2_keep-CO2_post-prestimulus,mean,543,train,0.972809667673716,0.9728094194961665
aggregated_ranked_features_gas-CO2_keep-CO2_post-prestimulus,mean,543,val,0.6081081081081081,0.6080365296803653
aggregated_ranked_features_gas-CO2_keep-CO2_post-prestimulus,mean,543,test,0.7132352941176471,0.7062309609526447
aggregated_ranked_features_gas-CO2_keep-CO2_post-prestimulus,mean,544,train,0.9712990936555891,0.9712990281647397
aggregated_ranked_features_gas-CO2_keep-CO2_post-prestimulus,mean,544,val,0.6081081081081081,0.6081081081081081
aggregated_ranked_features_gas-CO2_keep-CO2_post-prestimulus,mean,544,test,0.6985294117647058,0.6925282602701958
aggregated_ranked_features_gas-CO2_keep-CO2_post-prestimulus,mean,545,train,0.972809667673716,0.9728094194961665
aggregated_ranked_features_gas-CO2_keep-CO2_post-prestimulus,mean,545,val,0.5945945945945946,0.5945205479452055
aggregated_ranked_features_gas-CO2_keep-CO2_post-prestimulus,mean,545,test,0.6764705882352942,0.6677770375305352
aggregated_ranked_features_gas-CO2_keep-CO2_post-prestimulus,mean,546,train,0.974320241691843,0.974320183094767
aggregated_ranked_features_gas-CO2_keep-CO2_post-prestimulus,mean,546,val,0.6081081081081081,0.6078216374269005
aggregated_ranked_features_gas-CO2_keep-CO2_post-prestimulus,mean,546,test,0.6691176470588235,0.6610357241761284
aggregated_ranked_features_gas-CO2_keep-CO2_post-prestimulus,mean,547,train,0.974320241691843,0.9743197143085331
aggregated_ranked_features_gas-CO2_keep-CO2_post-prestimulus,mean,547,val,0.6013513513513513,0.6013331507099484
aggregated_ranked_features_gas-CO2_keep-CO2_post-prestimulus,mean,547,test,0.6764705882352942,0.6660714285714285
aggregated_ranked_features_gas-CO2_keep-CO2_post-prestimulus,mean,548,train,0.9758308157099698,0.9758308157099698
aggregated_ranked_features_gas-CO2_keep-CO2_post-prestimulus,mean,548,val,0.6148648648648649,0.614424790895379
aggregated_ranked_features_gas-CO2_keep-CO2_post-prestimulus,mean,548,test,0.6911764705882353,0.6856702619414483
aggregated_ranked_features_gas-CO2_keep-CO2_post-prestimulus,mean,549,train,0.972809667673716,0.9728094194961665
aggregated_ranked_features_gas-CO2_keep-CO2_post-prestimulus,mean,549,val,0.6148648648648649,0.6148472811943569
aggregated_ranked_features_gas-CO2_keep-CO2_post-prestimulus,mean,549,test,0.6985294117647058,0.6937441643323996
aggregated_ranked_features_gas-CO2_keep-CO2_post-prestimulus,mean,550,train,0.9697885196374623,0.9697885196374623
aggregated_ranked_features_gas-CO2_keep-CO2_post-prestimulus,mean,550,val,0.6081081081081081,0.6080365296803653
aggregated_ranked_features_gas-CO2_keep-CO2_post-prestimulus,mean,550,test,0.6985294117647058,0.6896532531863973
aggregated_ranked_features_gas-CO2_keep-CO2_post-prestimulus,mean,551,train,0.9758308157099698,0.9758308157099698
aggregated_ranked_features_gas-CO2_keep-CO2_post-prestimulus,mean,551,val,0.6283783783783784,0.6282256222881937
aggregated_ranked_features_gas-CO2_keep-CO2_post-prestimulus,mean,551,test,0.6985294117647058,0.6911658820271392
aggregated_ranked_features_gas-CO2_keep-CO2_post-prestimulus,mean,552,train,0.9758308157099698,0.9758305951077035
aggregated_ranked_features_gas-CO2_keep-CO2_post-prestimulus,mean,552,val,0.6148648648648649,0.6148472811943569
aggregated_ranked_features_gas-CO2_keep-CO2_post-prestimulus,mean,552,test,0.6764705882352942,0.6707021791767555
aggregated_ranked_features_gas-CO2_keep-CO2_post-prestimulus,mean,553,train,0.9788519637462235,0.9788519637462235
aggregated_ranked_features_gas-CO2_keep-CO2_post-prestimulus,mean,553,val,0.6013513513513513,0.6011874857273349
aggregated_ranked_features_gas-CO2_keep-CO2_post-prestimulus,mean,553,test,0.7058823529411765,0.6993810786914235
aggregated_ranked_features_gas-CO2_keep-CO2_post-prestimulus,mean,554,train,0.9697885196374623,0.9697885196374623
aggregated_ranked_features_gas-CO2_keep-CO2_post-prestimulus,mean,554,val,0.6013513513513513,0.6013331507099484
aggregated_ranked_features_gas-CO2_keep-CO2_post-prestimulus,mean,554,test,0.7058823529411765,0.6993810786914235
aggregated_ranked_features_gas-CO2_keep-CO2_post-prestimulus,mean,555,train,0.974320241691843,0.974320183094767
aggregated_ranked_features_gas-CO2_keep-CO2_post-prestimulus,mean,555,val,0.6148648648648649,0.6148472811943569
aggregated_ranked_features_gas-CO2_keep-CO2_post-prestimulus,mean,555,test,0.6764705882352942,0.6677770375305352
aggregated_ranked_features_gas-CO2_keep-CO2_post-prestimulus,mean,556,train,0.9712990936555891,0.9712990281647397
aggregated_ranked_features_gas-CO2_keep-CO2_post-prestimulus,mean,556,val,0.6013513513513513,0.6013331507099484
aggregated_ranked_features_gas-CO2_keep-CO2_post-prestimulus,mean,556,test,0.6911764705882353,0.6843501326259946
aggregated_ranked_features_gas-CO2_keep-CO2_post-prestimulus,mean,557,train,0.972809667673716,0.9728094194961665
aggregated_ranked_features_gas-CO2_keep-CO2_post-prestimulus,mean,557,val,0.6148648648648649,0.6147065540077643
aggregated_ranked_features_gas-CO2_keep-CO2_post-prestimulus,mean,557,test,0.6985294117647058,0.6925282602701958
aggregated_ranked_features_gas-CO2_keep-CO2_post-prestimulus,mean,558,train,0.974320241691843,0.974320183094767
aggregated_ranked_features_gas-CO2_keep-CO2_post-prestimulus,mean,558,val,0.6216216216216216,0.6215525114155251
aggregated_ranked_features_gas-CO2_keep-CO2_post-prestimulus,mean,558,test,0.6617647058823529,0.6508928571428572
aggregated_ranked_features_gas-CO2_keep-CO2_post-prestimulus,mean,559,train,0.974320241691843,0.974320183094767
aggregated_ranked_features_gas-CO2_keep-CO2_post-prestimulus,mean,559,val,0.6216216216216216,0.6215525114155251
aggregated_ranked_features_gas-CO2_keep-CO2_post-prestimulus,mean,559,test,0.6911764705882353,0.6843501326259946
aggregated_ranked_features_gas-CO2_keep-CO2_post-prestimulus,mean,560,train,0.9758308157099698,0.9758308157099698
aggregated_ranked_features_gas-CO2_keep-CO2_post-prestimulus,mean,560,val,0.6081081081081081,0.6081081081081081
aggregated_ranked_features_gas-CO2_keep-CO2_post-prestimulus,mean,560,test,0.6985294117647058,0.6911658820271392
aggregated_ranked_features_gas-CO2_keep-CO2_post-prestimulus,mean,561,train,0.9758308157099698,0.9758305951077035
aggregated_ranked_features_gas-CO2_keep-CO2_post-prestimulus,mean,561,val,0.6013513513513513,0.6011874857273349
aggregated_ranked_features_gas-CO2_keep-CO2_post-prestimulus,mean,561,test,0.6985294117647058,0.6925282602701958
aggregated_ranked_features_gas-CO2_keep-CO2_post-prestimulus,mean,562,train,0.974320241691843,0.974320183094767
aggregated_ranked_features_gas-CO2_keep-CO2_post-prestimulus,mean,562,val,0.6081081081081081,0.6081081081081081
aggregated_ranked_features_gas-CO2_keep-CO2_post-prestimulus,mean,562,test,0.6985294117647058,0.6911658820271392
aggregated_ranked_features_gas-CO2_keep-CO2_post-prestimulus,mean,563,train,0.9758308157099698,0.9758308157099698
aggregated_ranked_features_gas-CO2_keep-CO2_post-prestimulus,mean,563,val,0.6081081081081081,0.6080365296803653
aggregated_ranked_features_gas-CO2_keep-CO2_post-prestimulus,mean,563,test,0.6691176470588235,0.6555411718354253
aggregated_ranked_features_gas-CO2_keep-CO2_post-prestimulus,mean,564,train,0.974320241691843,0.974320183094767
aggregated_ranked_features_gas-CO2_keep-CO2_post-prestimulus,mean,564,val,0.6148648648648649,0.6147065540077643
aggregated_ranked_features_gas-CO2_keep-CO2_post-prestimulus,mean,564,test,0.6764705882352942,0.6677770375305352
aggregated_ranked_features_gas-CO2_keep-CO2_post-prestimulus,mean,565,train,0.974320241691843,0.974320183094767
aggregated_ranked_features_gas-CO2_keep-CO2_post-prestimulus,mean,565,val,0.6351351351351351,0.6350684931506849
aggregated_ranked_features_gas-CO2_keep-CO2_post-prestimulus,mean,565,test,0.6838235294117647,0.6745143874881727
aggregated_ranked_features_gas-CO2_keep-CO2_post-prestimulus,mean,566,train,0.974320241691843,0.974320183094767
aggregated_ranked_features_gas-CO2_keep-CO2_post-prestimulus,mean,566,val,0.6418918918918919,0.6414827003062298
aggregated_ranked_features_gas-CO2_keep-CO2_post-prestimulus,mean,566,test,0.6985294117647058,0.6925282602701958
aggregated_ranked_features_gas-CO2_keep-CO2_post-prestimulus,mean,567,train,0.9773413897280967,0.9773413380247944
aggregated_ranked_features_gas-CO2_keep-CO2_post-prestimulus,mean,567,val,0.5945945945945946,0.5945205479452055
aggregated_ranked_features_gas-CO2_keep-CO2_post-prestimulus,mean,567,test,0.6764705882352942,0.6707021791767555
aggregated_ranked_features_gas-CO2_keep-CO2_post-prestimulus,mean,568,train,0.972809667673716,0.9728086749363345
aggregated_ranked_features_gas-CO2_keep-CO2_post-prestimulus,mean,568,val,0.6351351351351351,0.6351351351351351
aggregated_ranked_features_gas-CO2_keep-CO2_post-prestimulus,mean,568,test,0.6985294117647058,0.6925282602701958
aggregated_ranked_features_gas-CO2_keep-CO2_post-prestimulus,mean,569,train,0.9803625377643505,0.9803624929548218
aggregated_ranked_features_gas-CO2_keep-CO2_post-prestimulus,mean,569,val,0.6283783783783784,0.6283614116787655
aggregated_ranked_features_gas-CO2_keep-CO2_post-prestimulus,mean,569,test,0.6764705882352942,0.6693191865605659
aggregated_ranked_features_gas-CO2_keep-CO2_post-prestimulus,mean,570,train,0.9758308157099698,0.9758305951077035
aggregated_ranked_features_gas-CO2_keep-CO2_post-prestimulus,mean,570,val,0.6216216216216216,0.6213450292397661
aggregated_ranked_features_gas-CO2_keep-CO2_post-prestimulus,mean,570,test,0.6985294117647058,0.6937441643323996
aggregated_ranked_features_gas-CO2_keep-CO2_post-prestimulus,mean,571,train,0.9773413897280967,0.9773413380247944
aggregated_ranked_features_gas-CO2_keep-CO2_post-prestimulus,mean,571,val,0.6418918918918919,0.6414827003062298
aggregated_ranked_features_gas-CO2_keep-CO2_post-prestimulus,mean,571,test,0.6985294117647058,0.6911658820271392
aggregated_ranked_features_gas-CO2_keep-CO2_post-prestimulus,mean,572,train,0.9758308157099698,0.9758308157099698
aggregated_ranked_features_gas-CO2_keep-CO2_post-prestimulus,mean,572,val,0.6148648648648649,0.6147065540077643
aggregated_ranked_features_gas-CO2_keep-CO2_post-prestimulus,mean,572,test,0.6985294117647058,0.6937441643323996
aggregated_ranked_features_gas-CO2_keep-CO2_post-prestimulus,mean,573,train,0.9788519637462235,0.9788517707192406
aggregated_ranked_features_gas-CO2_keep-CO2_post-prestimulus,mean,573,val,0.6351351351351351,0.6350684931506849
aggregated_ranked_features_gas-CO2_keep-CO2_post-prestimulus,mean,573,test,0.6617647058823529,0.6526759937819231
aggregated_ranked_features_gas-CO2_keep-CO2_post-prestimulus,mean,574,train,0.9758308157099698,0.9758308157099698
aggregated_ranked_features_gas-CO2_keep-CO2_post-prestimulus,mean,574,val,0.6148648648648649,0.6148472811943569
aggregated_ranked_features_gas-CO2_keep-CO2_post-prestimulus,mean,574,test,0.6985294117647058,0.6896532531863973
aggregated_ranked_features_gas-CO2_keep-CO2_post-prestimulus,mean,575,train,0.9773413897280967,0.9773413380247944
aggregated_ranked_features_gas-CO2_keep-CO2_post-prestimulus,mean,575,val,0.6148648648648649,0.6148472811943569
aggregated_ranked_features_gas-CO2_keep-CO2_post-prestimulus,mean,575,test,0.7058823529411765,0.6979791250277593
aggregated_ranked_features_gas-CO2_keep-CO2_post-prestimulus,mean,576,train,0.9773413897280967,0.9773413380247944
aggregated_ranked_features_gas-CO2_keep-CO2_post-prestimulus,mean,576,val,0.6081081081081081,0.6080365296803653
aggregated_ranked_features_gas-CO2_keep-CO2_post-prestimulus,mean,576,test,0.6985294117647058,0.6925282602701958
aggregated_ranked_features_gas-CO2_keep-CO2_post-prestimulus,mean,577,train,0.9712990936555891,0.971298504227184
aggregated_ranked_features_gas-CO2_keep-CO2_post-prestimulus,mean,577,val,0.6148648648648649,0.6148472811943569
aggregated_ranked_features_gas-CO2_keep-CO2_post-prestimulus,mean,577,test,0.6911764705882353,0.68125
aggregated_ranked_features_gas-CO2_keep-CO2_post-prestimulus,mean,578,train,0.9758308157099698,0.9758305951077035
aggregated_ranked_features_gas-CO2_keep-CO2_post-prestimulus,mean,578,val,0.6081081081081081,0.6078216374269005
aggregated_ranked_features_gas-CO2_keep-CO2_post-prestimulus,mean,578,test,0.6764705882352942,0.6660714285714285
aggregated_ranked_features_gas-CO2_keep-CO2_post-prestimulus,mean,579,train,0.974320241691843,0.974320183094767
aggregated_ranked_features_gas-CO2_keep-CO2_post-prestimulus,mean,579,val,0.6418918918918919,0.641875542163174
aggregated_ranked_features_gas-CO2_keep-CO2_post-prestimulus,mean,579,test,0.6838235294117647,0.6727659336354989
aggregated_ranked_features_gas-CO2_keep-CO2_post-prestimulus,mean,580,train,0.974320241691843,0.974320183094767
aggregated_ranked_features_gas-CO2_keep-CO2_post-prestimulus,mean,580,val,0.6216216216216216,0.6215525114155251
aggregated_ranked_features_gas-CO2_keep-CO2_post-prestimulus,mean,580,test,0.6985294117647058,0.6911658820271392
aggregated_ranked_features_gas-CO2_keep-CO2_post-prestimulus,mean,581,train,0.974320241691843,0.974320183094767
aggregated_ranked_features_gas-CO2_keep-CO2_post-prestimulus,mean,581,val,0.6148648648648649,0.6147065540077643
aggregated_ranked_features_gas-CO2_keep-CO2_post-prestimulus,mean,581,test,0.6764705882352942,0.6693191865605659
aggregated_ranked_features_gas-CO2_keep-CO2_post-prestimulus,mean,582,train,0.9712990936555891,0.9712990281647397
aggregated_ranked_features_gas-CO2_keep-CO2_post-prestimulus,mean,582,val,0.6216216216216216,0.6213450292397661
aggregated_ranked_features_gas-CO2_keep-CO2_post-prestimulus,mean,582,test,0.7205882352941176,0.7166666666666667
aggregated_ranked_features_gas-CO2_keep-CO2_post-prestimulus,mean,583,train,0.9788519637462235,0.9788517707192406
aggregated_ranked_features_gas-CO2_keep-CO2_post-prestimulus,mean,583,val,0.6148648648648649,0.6147065540077643
aggregated_ranked_features_gas-CO2_keep-CO2_post-prestimulus,mean,583,test,0.6617647058823529,0.6542882404951371
aggregated_ranked_features_gas-CO2_keep-CO2_post-prestimulus,mean,584,train,0.9788519637462235,0.9788517707192406
aggregated_ranked_features_gas-CO2_keep-CO2_post-prestimulus,mean,584,val,0.6081081081081081,0.6078216374269005
aggregated_ranked_features_gas-CO2_keep-CO2_post-prestimulus,mean,584,test,0.6691176470588235,0.6610357241761284
aggregated_ranked_features_gas-CO2_keep-CO2_post-prestimulus,mean,585,train,0.9758308157099698,0.9758308157099698
aggregated_ranked_features_gas-CO2_keep-CO2_post-prestimulus,mean,585,val,0.6418918918918919,0.641875542163174
aggregated_ranked_features_gas-CO2_keep-CO2_post-prestimulus,mean,585,test,0.7132352941176471,0.7075268817204301
aggregated_ranked_features_gas-CO2_keep-CO2_post-prestimulus,mean,586,train,0.9773413897280967,0.9773409243898821
aggregated_ranked_features_gas-CO2_keep-CO2_post-prestimulus,mean,586,val,0.6351351351351351,0.6350684931506849
aggregated_ranked_features_gas-CO2_keep-CO2_post-prestimulus,mean,586,test,0.6838235294117647,0.6745143874881727
aggregated_ranked_features_gas-CO2_keep-CO2_post-prestimulus,mean,587,train,0.972809667673716,0.9728094194961665
aggregated_ranked_features_gas-CO2_keep-CO2_post-prestimulus,mean,587,val,0.5878378378378378,0.5873668814845285
aggregated_ranked_features_gas-CO2_keep-CO2_post-prestimulus,mean,587,test,0.6911764705882353,0.68125
aggregated_ranked_features_gas-CO2_keep-CO2_post-prestimulus,mean,588,train,0.974320241691843,0.9743197143085331
aggregated_ranked_features_gas-CO2_keep-CO2_post-prestimulus,mean,588,val,0.6081081081081081,0.6081081081081081
aggregated_ranked_features_gas-CO2_keep-CO2_post-prestimulus,mean,588,test,0.6764705882352942,0.6677770375305352
aggregated_ranked_features_gas-CO2_keep-CO2_post-prestimulus,mean,589,train,0.9758308157099698,0.9758305951077035
aggregated_ranked_features_gas-CO2_keep-CO2_post-prestimulus,mean,589,val,0.6351351351351351,0.6351351351351351
aggregated_ranked_features_gas-CO2_keep-CO2_post-prestimulus,mean,589,test,0.6691176470588235,0.6610357241761284
aggregated_ranked_features_gas-CO2_keep-CO2_post-prestimulus,mean,590,train,0.9788519637462235,0.9788519637462235
aggregated_ranked_features_gas-CO2_keep-CO2_post-prestimulus,mean,590,val,0.6148648648648649,0.6148472811943569
aggregated_ranked_features_gas-CO2_keep-CO2_post-prestimulus,mean,590,test,0.6985294117647058,0.6896532531863973
aggregated_ranked_features_gas-CO2_keep-CO2_post-prestimulus,mean,591,train,0.9788519637462235,0.9788517707192406
aggregated_ranked_features_gas-CO2_keep-CO2_post-prestimulus,mean,591,val,0.6283783783783784,0.6283614116787655
aggregated_ranked_features_gas-CO2_keep-CO2_post-prestimulus,mean,591,test,0.6764705882352942,0.6693191865605659
aggregated_ranked_features_gas-CO2_keep-CO2_post-prestimulus,mean,592,train,0.974320241691843,0.974320183094767
aggregated_ranked_features_gas-CO2_keep-CO2_post-prestimulus,mean,592,val,0.6216216216216216,0.6216216216216216
aggregated_ranked_features_gas-CO2_keep-CO2_post-prestimulus,mean,592,test,0.6985294117647058,0.6879861227687314
aggregated_ranked_features_gas-CO2_keep-CO2_post-prestimulus,mean,593,train,0.9818731117824774,0.9818724499575564
aggregated_ranked_features_gas-CO2_keep-CO2_post-prestimulus,mean,593,val,0.6148648648648649,0.6147065540077643
aggregated_ranked_features_gas-CO2_keep-CO2_post-prestimulus,mean,593,test,0.6544117647058824,0.6459706452506231
aggregated_ranked_features_gas-CO2_keep-CO2_post-prestimulus,mean,594,train,0.974320241691843,0.974320183094767
aggregated_ranked_features_gas-CO2_keep-CO2_post-prestimulus,mean,594,val,0.6283783783783784,0.6283614116787655
aggregated_ranked_features_gas-CO2_keep-CO2_post-prestimulus,mean,594,test,0.6985294117647058,0.6879861227687314
aggregated_ranked_features_gas-CO2_keep-CO2_post-prestimulus,mean,595,train,0.9803625377643505,0.9803624929548218
aggregated_ranked_features_gas-CO2_keep-CO2_post-prestimulus,mean,595,val,0.6013513513513513,0.6011874857273349
aggregated_ranked_features_gas-CO2_keep-CO2_post-prestimulus,mean,595,test,0.7132352941176471,0.7062309609526447
aggregated_ranked_features_gas-CO2_keep-CO2_post-prestimulus,mean,596,train,0.9773413897280967,0.9773413380247944
aggregated_ranked_features_gas-CO2_keep-CO2_post-prestimulus,mean,596,val,0.6216216216216216,0.6216216216216216
aggregated_ranked_features_gas-CO2_keep-CO2_post-prestimulus,mean,596,test,0.6691176470588235,0.6593755217899482
aggregated_ranked_features_gas-CO2_keep-CO2_post-prestimulus,mean,597,train,0.9758308157099698,0.9758305951077035
aggregated_ranked_features_gas-CO2_keep-CO2_post-prestimulus,mean,597,val,0.6081081081081081,0.6078216374269005
aggregated_ranked_features_gas-CO2_keep-CO2_post-prestimulus,mean,597,test,0.6764705882352942,0.6660714285714285
aggregated_ranked_features_gas-CO2_keep-CO2_post-prestimulus,mean,598,train,0.974320241691843,0.9743197143085331
aggregated_ranked_features_gas-CO2_keep-CO2_post-prestimulus,mean,598,val,0.6283783783783784,0.6282256222881937
aggregated_ranked_features_gas-CO2_keep-CO2_post-prestimulus,mean,598,test,0.6838235294117647,0.6788048552754435
aggregated_ranked_features_gas-CO2_keep-CO2_post-prestimulus,mean,599,train,0.9773413897280967,0.9773413380247944
aggregated_ranked_features_gas-CO2_keep-CO2_post-prestimulus,mean,599,val,0.6081081081081081,0.6078216374269005
aggregated_ranked_features_gas-CO2_keep-CO2_post-prestimulus,mean,599,test,0.6764705882352942,0.6693191865605659
aggregated_ranked_features_gas-CO2_keep-CO2_post-prestimulus,mean,600,train,0.974320241691843,0.974320183094767
aggregated_ranked_features_gas-CO2_keep-CO2_post-prestimulus,mean,600,val,0.6283783783783784,0.6283614116787655
aggregated_ranked_features_gas-CO2_keep-CO2_post-prestimulus,mean,600,test,0.6838235294117647,0.6775296388199614
aggregated_ranked_features_gas-CO2_keep-CO2_post-prestimulus,mean,601,train,0.9773413897280967,0.9773413380247944
aggregated_ranked_features_gas-CO2_keep-CO2_post-prestimulus,mean,601,val,0.6283783783783784,0.6282256222881937
aggregated_ranked_features_gas-CO2_keep-CO2_post-prestimulus,mean,601,test,0.6838235294117647,0.6775296388199614
aggregated_ranked_features_gas-CO2_keep-CO2_post-prestimulus,mean,602,train,0.974320241691843,0.974320183094767
aggregated_ranked_features_gas-CO2_keep-CO2_post-prestimulus,mean,602,val,0.6148648648648649,0.6148472811943569
aggregated_ranked_features_gas-CO2_keep-CO2_post-prestimulus,mean,602,test,0.7058823529411765,0.7017543859649122
aggregated_ranked_features_gas-CO2_keep-CO2_post-prestimulus,mean,603,train,0.9773413897280967,0.9773413380247944
aggregated_ranked_features_gas-CO2_keep-CO2_post-prestimulus,mean,603,val,0.6351351351351351,0.6348684210526316
aggregated_ranked_features_gas-CO2_keep-CO2_post-prestimulus,mean,603,test,0.6764705882352942,0.6660714285714285
aggregated_ranked_features_gas-CO2_keep-CO2_post-prestimulus,mean,604,train,0.9773413897280967,0.9773413380247944
aggregated_ranked_features_gas-CO2_keep-CO2_post-prestimulus,mean,604,val,0.6148648648648649,0.6147065540077643
aggregated_ranked_features_gas-CO2_keep-CO2_post-prestimulus,mean,604,test,0.6470588235294118,0.6375749500333112
aggregated_ranked_features_gas-CO2_keep-CO2_post-prestimulus,mean,605,train,0.972809667673716,0.972809667673716
aggregated_ranked_features_gas-CO2_keep-CO2_post-prestimulus,mean,605,val,0.6148648648648649,0.6148472811943569
aggregated_ranked_features_gas-CO2_keep-CO2_post-prestimulus,mean,605,test,0.6985294117647058,0.6896532531863973
aggregated_ranked_features_gas-CO2_keep-CO2_post-prestimulus,mean,606,train,0.9773413897280967,0.9773413380247944
aggregated_ranked_features_gas-CO2_keep-CO2_post-prestimulus,mean,606,val,0.6148648648648649,0.6147065540077643
aggregated_ranked_features_gas-CO2_keep-CO2_post-prestimulus,mean,606,test,0.6691176470588235,0.6625310173697271
aggregated_ranked_features_gas-CO2_keep-CO2_post-prestimulus,mean,607,train,0.9758308157099698,0.9758308157099698
aggregated_ranked_features_gas-CO2_keep-CO2_post-prestimulus,mean,607,val,0.6081081081081081,0.6080365296803653
aggregated_ranked_features_gas-CO2_keep-CO2_post-prestimulus,mean,607,test,0.6838235294117647,0.6745143874881727
aggregated_ranked_features_gas-CO2_keep-CO2_post-prestimulus,mean,608,train,0.9758308157099698,0.9758305951077035
aggregated_ranked_features_gas-CO2_keep-CO2_post-prestimulus,mean,608,val,0.6148648648648649,0.6147065540077643
aggregated_ranked_features_gas-CO2_keep-CO2_post-prestimulus,mean,608,test,0.7058823529411765,0.6979791250277593
aggregated_ranked_features_gas-CO2_keep-CO2_post-prestimulus,mean,609,train,0.9758308157099698,0.9758305951077035
aggregated_ranked_features_gas-CO2_keep-CO2_post-prestimulus,mean,609,val,0.6418918918918919,0.641875542163174
aggregated_ranked_features_gas-CO2_keep-CO2_post-prestimulus,mean,609,test,0.6470588235294118,0.6375749500333112
aggregated_ranked_features_gas-CO2_keep-CO2_post-prestimulus,mean,610,train,0.9773413897280967,0.9773413380247944
aggregated_ranked_features_gas-CO2_keep-CO2_post-prestimulus,mean,610,val,0.6283783783783784,0.6282256222881937
aggregated_ranked_features_gas-CO2_keep-CO2_post-prestimulus,mean,610,test,0.6544117647058824,0.6442366560917236
aggregated_ranked_features_gas-CO2_keep-CO2_post-prestimulus,mean,611,train,0.9773413897280967,0.9773413380247944
aggregated_ranked_features_gas-CO2_keep-CO2_post-prestimulus,mean,611,val,0.6216216216216216,0.6216216216216216
aggregated_ranked_features_gas-CO2_keep-CO2_post-prestimulus,mean,611,test,0.6911764705882353,0.6828780812791473
aggregated_ranked_features_gas-CO2_keep-CO2_post-prestimulus,mean,612,train,0.9758308157099698,0.9758305951077035
aggregated_ranked_features_gas-CO2_keep-CO2_post-prestimulus,mean,612,val,0.6216216216216216,0.6216216216216216
aggregated_ranked_features_gas-CO2_keep-CO2_post-prestimulus,mean,612,test,0.6691176470588235,0.6625310173697271
aggregated_ranked_features_gas-CO2_keep-CO2_post-prestimulus,mean,613,train,0.972809667673716,0.9728086749363345
aggregated_ranked_features_gas-CO2_keep-CO2_post-prestimulus,mean,613,val,0.6148648648648649,0.6147065540077643
aggregated_ranked_features_gas-CO2_keep-CO2_post-prestimulus,mean,613,test,0.6617647058823529,0.6542882404951371
aggregated_ranked_features_gas-CO2_keep-CO2_post-prestimulus,mean,614,train,0.9773413897280967,0.9773413380247944
aggregated_ranked_features_gas-CO2_keep-CO2_post-prestimulus,mean,614,val,0.6013513513513513,0.6011874857273349
aggregated_ranked_features_gas-CO2_keep-CO2_post-prestimulus,mean,614,test,0.6838235294117647,0.6727659336354989
aggregated_ranked_features_gas-CO2_keep-CO2_post-prestimulus,mean,615,train,0.974320241691843,0.974320183094767
aggregated_ranked_features_gas-CO2_keep-CO2_post-prestimulus,mean,615,val,0.6351351351351351,0.6350684931506849
aggregated_ranked_features_gas-CO2_keep-CO2_post-prestimulus,mean,615,test,0.6838235294117647,0.6788048552754435
aggregated_ranked_features_gas-CO2_keep-CO2_post-prestimulus,mean,616,train,0.9773413897280967,0.9773413380247944
aggregated_ranked_features_gas-CO2_keep-CO2_post-prestimulus,mean,616,val,0.6013513513513513,0.6011874857273349
aggregated_ranked_features_gas-CO2_keep-CO2_post-prestimulus,mean,616,test,0.6911764705882353,0.6856702619414483
aggregated_ranked_features_gas-CO2_keep-CO2_post-prestimulus,mean,617,train,0.974320241691843,0.974320183094767
aggregated_ranked_features_gas-CO2_keep-CO2_post-prestimulus,mean,617,val,0.6621621621621622,0.6621004566210045
aggregated_ranked_features_gas-CO2_keep-CO2_post-prestimulus,mean,617,test,0.6691176470588235,0.6593755217899482
aggregated_ranked_features_gas-CO2_keep-CO2_post-prestimulus,mean,618,train,0.9773413897280967,0.9773413380247944
aggregated_ranked_features_gas-CO2_keep-CO2_post-prestimulus,mean,618,val,0.6216216216216216,0.6216216216216216
aggregated_ranked_features_gas-CO2_keep-CO2_post-prestimulus,mean,618,test,0.7058823529411765,0.6993810786914235
aggregated_ranked_features_gas-CO2_keep-CO2_post-prestimulus,mean,619,train,0.9773413897280967,0.9773413380247944
aggregated_ranked_features_gas-CO2_keep-CO2_post-prestimulus,mean,619,val,0.6148648648648649,0.6148472811943569
aggregated_ranked_features_gas-CO2_keep-CO2_post-prestimulus,mean,619,test,0.7205882352941176,0.7156064274708342
aggregated_ranked_features_gas-CO2_keep-CO2_post-prestimulus,mean,620,train,0.9758308157099698,0.9758305951077035
aggregated_ranked_features_gas-CO2_keep-CO2_post-prestimulus,mean,620,val,0.6013513513513513,0.6011874857273349
aggregated_ranked_features_gas-CO2_keep-CO2_post-prestimulus,mean,620,test,0.6838235294117647,0.6775296388199614
aggregated_ranked_features_gas-CO2_keep-CO2_post-prestimulus,mean,621,train,0.9788519637462235,0.9788511916171491
aggregated_ranked_features_gas-CO2_keep-CO2_post-prestimulus,mean,621,val,0.6216216216216216,0.6216216216216216
aggregated_ranked_features_gas-CO2_keep-CO2_post-prestimulus,mean,621,test,0.6985294117647058,0.6896532531863973
aggregated_ranked_features_gas-CO2_keep-CO2_post-prestimulus,mean,622,train,0.9773413897280967,0.9773413380247944
aggregated_ranked_features_gas-CO2_keep-CO2_post-prestimulus,mean,622,val,0.6148648648648649,0.614424790895379
aggregated_ranked_features_gas-CO2_keep-CO2_post-prestimulus,mean,622,test,0.6691176470588235,0.6625310173697271
aggregated_ranked_features_gas-CO2_keep-CO2_post-prestimulus,mean,623,train,0.9788519637462235,0.9788519637462235
aggregated_ranked_features_gas-CO2_keep-CO2_post-prestimulus,mean,623,val,0.6216216216216216,0.6213450292397661
aggregated_ranked_features_gas-CO2_keep-CO2_post-prestimulus,mean,623,test,0.6911764705882353,0.6828780812791473
aggregated_ranked_features_gas-CO2_keep-CO2_post-prestimulus,mean,624,train,0.9788519637462235,0.9788519637462235
aggregated_ranked_features_gas-CO2_keep-CO2_post-prestimulus,mean,624,val,0.6148648648648649,0.6147065540077643
aggregated_ranked_features_gas-CO2_keep-CO2_post-prestimulus,mean,624,test,0.6911764705882353,0.6843501326259946
aggregated_ranked_features_gas-CO2_keep-CO2_post-prestimulus,mean,625,train,0.9788519637462235,0.9788519637462235
aggregated_ranked_features_gas-CO2_keep-CO2_post-prestimulus,mean,625,val,0.6216216216216216,0.6215525114155251
aggregated_ranked_features_gas-CO2_keep-CO2_post-prestimulus,mean,625,test,0.6617647058823529,0.6526759937819231
aggregated_ranked_features_gas-CO2_keep-CO2_post-prestimulus,mean,626,train,0.974320241691843,0.974320183094767
aggregated_ranked_features_gas-CO2_keep-CO2_post-prestimulus,mean,626,val,0.6351351351351351,0.6351351351351351
aggregated_ranked_features_gas-CO2_keep-CO2_post-prestimulus,mean,626,test,0.6764705882352942,0.6641975308641975
aggregated_ranked_features_gas-CO2_keep-CO2_post-prestimulus,mean,627,train,0.9758308157099698,0.9758308157099698
aggregated_ranked_features_gas-CO2_keep-CO2_post-prestimulus,mean,627,val,0.6081081081081081,0.6078216374269005
aggregated_ranked_features_gas-CO2_keep-CO2_post-prestimulus,mean,627,test,0.6985294117647058,0.6896532531863973
aggregated_ranked_features_gas-CO2_keep-CO2_post-prestimulus,mean,628,train,0.9773413897280967,0.9773413380247944
aggregated_ranked_features_gas-CO2_keep-CO2_post-prestimulus,mean,628,val,0.6351351351351351,0.6351351351351351
aggregated_ranked_features_gas-CO2_keep-CO2_post-prestimulus,mean,628,test,0.6764705882352942,0.6677770375305352
aggregated_ranked_features_gas-CO2_keep-CO2_post-prestimulus,mean,629,train,0.9758308157099698,0.9758305951077035
aggregated_ranked_features_gas-CO2_keep-CO2_post-prestimulus,mean,629,val,0.6013513513513513,0.6013331507099484
aggregated_ranked_features_gas-CO2_keep-CO2_post-prestimulus,mean,629,test,0.6985294117647058,0.6925282602701958
aggregated_ranked_features_gas-CO2_keep-CO2_post-prestimulus,mean,630,train,0.9773413897280967,0.9773409243898821
aggregated_ranked_features_gas-CO2_keep-CO2_post-prestimulus,mean,630,val,0.6081081081081081,0.6081081081081081
aggregated_ranked_features_gas-CO2_keep-CO2_post-prestimulus,mean,630,test,0.6985294117647058,0.6911658820271392
aggregated_ranked_features_gas-CO2_keep-CO2_post-prestimulus,mean,631,train,0.9758308157099698,0.9758308157099698
aggregated_ranked_features_gas-CO2_keep-CO2_post-prestimulus,mean,631,val,0.6351351351351351,0.6348684210526316
aggregated_ranked_features_gas-CO2_keep-CO2_post-prestimulus,mean,631,test,0.6691176470588235,0.6610357241761284
aggregated_ranked_features_gas-CO2_keep-CO2_post-prestimulus,mean,632,train,0.9788519637462235,0.9788519637462235
aggregated_ranked_features_gas-CO2_keep-CO2_post-prestimulus,mean,632,val,0.6013513513513513,0.6011874857273349
aggregated_ranked_features_gas-CO2_keep-CO2_post-prestimulus,mean,632,test,0.7058823529411765,0.7006383447061413
aggregated_ranked_features_gas-CO2_keep-CO2_post-prestimulus,mean,633,train,0.9788519637462235,0.9788517707192406
aggregated_ranked_features_gas-CO2_keep-CO2_post-prestimulus,mean,633,val,0.6081081081081081,0.6074629595756356
aggregated_ranked_features_gas-CO2_keep-CO2_post-prestimulus,mean,633,test,0.6838235294117647,0.6761008031016339
aggregated_ranked_features_gas-CO2_keep-CO2_post-prestimulus,mean,634,train,0.9773413897280967,0.9773413380247944
aggregated_ranked_features_gas-CO2_keep-CO2_post-prestimulus,mean,634,val,0.6081081081081081,0.6080365296803653
aggregated_ranked_features_gas-CO2_keep-CO2_post-prestimulus,mean,634,test,0.6838235294117647,0.6775296388199614
aggregated_ranked_features_gas-CO2_keep-CO2_post-prestimulus,mean,635,train,0.9758308157099698,0.9758308157099698
aggregated_ranked_features_gas-CO2_keep-CO2_post-prestimulus,mean,635,val,0.6216216216216216,0.6213450292397661
aggregated_ranked_features_gas-CO2_keep-CO2_post-prestimulus,mean,635,test,0.6617647058823529,0.6542882404951371
aggregated_ranked_features_gas-CO2_keep-CO2_post-prestimulus,mean,636,train,0.974320241691843,0.9743197143085331
aggregated_ranked_features_gas-CO2_keep-CO2_post-prestimulus,mean,636,val,0.6216216216216216,0.6216216216216216
aggregated_ranked_features_gas-CO2_keep-CO2_post-prestimulus,mean,636,test,0.6838235294117647,0.6745143874881727
aggregated_ranked_features_gas-CO2_keep-CO2_post-prestimulus,mean,637,train,0.974320241691843,0.974320183094767
aggregated_ranked_features_gas-CO2_keep-CO2_post-prestimulus,mean,637,val,0.6216216216216216,0.6215525114155251
aggregated_ranked_features_gas-CO2_keep-CO2_post-prestimulus,mean,637,test,0.6911764705882353,0.6878688524590164
aggregated_ranked_features_gas-CO2_keep-CO2_post-prestimulus,mean,638,train,0.9773413897280967,0.9773413380247944
aggregated_ranked_features_gas-CO2_keep-CO2_post-prestimulus,mean,638,val,0.6283783783783784,0.6282256222881937
aggregated_ranked_features_gas-CO2_keep-CO2_post-prestimulus,mean,638,test,0.6985294117647058,0.6911658820271392
aggregated_ranked_features_gas-CO2_keep-CO2_post-prestimulus,mean,639,train,0.9773413897280967,0.9773413380247944
aggregated_ranked_features_gas-CO2_keep-CO2_post-prestimulus,mean,639,val,0.6148648648648649,0.6148472811943569
aggregated_ranked_features_gas-CO2_keep-CO2_post-prestimulus,mean,639,test,0.6911764705882353,0.6828780812791473
aggregated_ranked_features_gas-CO2_keep-CO2_post-prestimulus,mean,640,train,0.974320241691843,0.974320183094767
aggregated_ranked_features_gas-CO2_keep-CO2_post-prestimulus,mean,640,val,0.6216216216216216,0.6215525114155251
aggregated_ranked_features_gas-CO2_keep-CO2_post-prestimulus,mean,640,test,0.6911764705882353,0.6828780812791473
aggregated_ranked_features_gas-CO2_keep-CO2_post-prestimulus,mean,641,train,0.972809667673716,0.9728094194961665
aggregated_ranked_features_gas-CO2_keep-CO2_post-prestimulus,mean,641,val,0.6351351351351351,0.6345344796049022
aggregated_ranked_features_gas-CO2_keep-CO2_post-prestimulus,mean,641,test,0.6691176470588235,0.6593755217899482
aggregated_ranked_features_gas-CO2_keep-CO2_post-prestimulus,mean,642,train,0.9758308157099698,0.9758305951077035
aggregated_ranked_features_gas-CO2_keep-CO2_post-prestimulus,mean,642,val,0.6351351351351351,0.6348684210526316
aggregated_ranked_features_gas-CO2_keep-CO2_post-prestimulus,mean,642,test,0.6985294117647058,0.6937441643323996
aggregated_ranked_features_gas-CO2_keep-CO2_post-prestimulus,mean,643,train,0.972809667673716,0.9728094194961665
aggregated_ranked_features_gas-CO2_keep-CO2_post-prestimulus,mean,643,val,0.6216216216216216,0.6215525114155251
aggregated_ranked_features_gas-CO2_keep-CO2_post-prestimulus,mean,643,test,0.6838235294117647,0.6775296388199614
aggregated_ranked_features_gas-CO2_keep-CO2_post-prestimulus,mean,644,train,0.9758308157099698,0.9758305951077035
aggregated_ranked_features_gas-CO2_keep-CO2_post-prestimulus,mean,644,val,0.6013513513513513,0.6011874857273349
aggregated_ranked_features_gas-CO2_keep-CO2_post-prestimulus,mean,644,test,0.7132352941176471,0.7086834733893558
aggregated_ranked_features_gas-CO2_keep-CO2_post-prestimulus,mean,645,train,0.9758308157099698,0.9758305951077035
aggregated_ranked_features_gas-CO2_keep-CO2_post-prestimulus,mean,645,val,0.6216216216216216,0.6213450292397661
aggregated_ranked_features_gas-CO2_keep-CO2_post-prestimulus,mean,645,test,0.6838235294117647,0.6761008031016339
aggregated_ranked_features_gas-CO2_keep-CO2_post-prestimulus,mean,646,train,0.9758308157099698,0.9758308157099698
aggregated_ranked_features_gas-CO2_keep-CO2_post-prestimulus,mean,646,val,0.6351351351351351,0.6351351351351351
aggregated_ranked_features_gas-CO2_keep-CO2_post-prestimulus,mean,646,test,0.6764705882352942,0.6677770375305352
aggregated_ranked_features_gas-CO2_keep-CO2_post-prestimulus,mean,647,train,0.9758308157099698,0.9758308157099698
aggregated_ranked_features_gas-CO2_keep-CO2_post-prestimulus,mean,647,val,0.6283783783783784,0.6279537456008044
aggregated_ranked_features_gas-CO2_keep-CO2_post-prestimulus,mean,647,test,0.7058823529411765,0.6979791250277593
aggregated_ranked_features_gas-CO2_keep-CO2_post-prestimulus,mean,648,train,0.974320241691843,0.974320183094767
aggregated_ranked_features_gas-CO2_keep-CO2_post-prestimulus,mean,648,val,0.6148648648648649,0.6148472811943569
aggregated_ranked_features_gas-CO2_keep-CO2_post-prestimulus,mean,648,test,0.6911764705882353,0.6828780812791473
aggregated_ranked_features_gas-CO2_keep-CO2_post-prestimulus,mean,649,train,0.9788519637462235,0.9788519637462235
aggregated_ranked_features_gas-CO2_keep-CO2_post-prestimulus,mean,649,val,0.6148648648648649,0.6147065540077643
aggregated_ranked_features_gas-CO2_keep-CO2_post-prestimulus,mean,649,test,0.6838235294117647,0.6775296388199614
aggregated_ranked_features_gas-CO2_keep-CO2_post-prestimulus,mean,650,train,0.9773413897280967,0.9773413380247944
aggregated_ranked_features_gas-CO2_keep-CO2_post-prestimulus,mean,650,val,0.6283783783783784,0.6282256222881937
aggregated_ranked_features_gas-CO2_keep-CO2_post-prestimulus,mean,650,test,0.6617647058823529,0.6557340964120626
aggregated_ranked_features_gas-CO2_keep-CO2_post-prestimulus,mean,651,train,0.9788519637462235,0.9788511916171491
aggregated_ranked_features_gas-CO2_keep-CO2_post-prestimulus,mean,651,val,0.6148648648648649,0.6147065540077643
aggregated_ranked_features_gas-CO2_keep-CO2_post-prestimulus,mean,651,test,0.6985294117647058,0.6896532531863973
aggregated_ranked_features_gas-CO2_keep-CO2_post-prestimulus,mean,652,train,0.9773413897280967,0.9773413380247944
aggregated_ranked_features_gas-CO2_keep-CO2_post-prestimulus,mean,652,val,0.6283783783783784,0.6283614116787655
aggregated_ranked_features_gas-CO2_keep-CO2_post-prestimulus,mean,652,test,0.6838235294117647,0.6745143874881727
aggregated_ranked_features_gas-CO2_keep-CO2_post-prestimulus,mean,653,train,0.9758308157099698,0.9758308157099698
aggregated_ranked_features_gas-CO2_keep-CO2_post-prestimulus,mean,653,val,0.6351351351351351,0.6350684931506849
aggregated_ranked_features_gas-CO2_keep-CO2_post-prestimulus,mean,653,test,0.6691176470588235,0.6610357241761284
aggregated_ranked_features_gas-CO2_keep-CO2_post-prestimulus,mean,654,train,0.974320241691843,0.9743197143085331
aggregated_ranked_features_gas-CO2_keep-CO2_post-prestimulus,mean,654,val,0.6283783783783784,0.6283614116787655
aggregated_ranked_features_gas-CO2_keep-CO2_post-prestimulus,mean,654,test,0.6544117647058824,0.6423255553690337
aggregated_ranked_features_gas-CO2_keep-CO2_post-prestimulus,mean,655,train,0.9773413897280967,0.9773413380247944
aggregated_ranked_features_gas-CO2_keep-CO2_post-prestimulus,mean,655,val,0.6216216216216216,0.6213450292397661
aggregated_ranked_features_gas-CO2_keep-CO2_post-prestimulus,mean,655,test,0.6911764705882353,0.6828780812791473
aggregated_ranked_features_gas-CO2_keep-CO2_post-prestimulus,mean,656,train,0.9773413897280967,0.9773409243898821
aggregated_ranked_features_gas-CO2_keep-CO2_post-prestimulus,mean,656,val,0.6283783783783784,0.6283614116787655
aggregated_ranked_features_gas-CO2_keep-CO2_post-prestimulus,mean,656,test,0.7058823529411765,0.6979791250277593
aggregated_ranked_features_gas-CO2_keep-CO2_post-prestimulus,mean,657,train,0.9788519637462235,0.9788517707192406
aggregated_ranked_features_gas-CO2_keep-CO2_post-prestimulus,mean,657,val,0.6216216216216216,0.6213450292397661
aggregated_ranked_features_gas-CO2_keep-CO2_post-prestimulus,mean,657,test,0.6617647058823529,0.6542882404951371
aggregated_ranked_features_gas-CO2_keep-CO2_post-prestimulus,mean,658,train,0.9712990936555891,0.9712990281647397
aggregated_ranked_features_gas-CO2_keep-CO2_post-prestimulus,mean,658,val,0.6148648648648649,0.6148472811943569
aggregated_ranked_features_gas-CO2_keep-CO2_post-prestimulus,mean,658,test,0.7205882352941176,0.7156064274708342
aggregated_ranked_features_gas-CO2_keep-CO2_post-prestimulus,mean,659,train,0.972809667673716,0.972809667673716
aggregated_ranked_features_gas-CO2_keep-CO2_post-prestimulus,mean,659,val,0.6081081081081081,0.6080365296803653
aggregated_ranked_features_gas-CO2_keep-CO2_post-prestimulus,mean,659,test,0.6764705882352942,0.6660714285714285
aggregated_ranked_features_gas-CO2_keep-CO2_post-prestimulus,mean,660,train,0.974320241691843,0.974320183094767
aggregated_ranked_features_gas-CO2_keep-CO2_post-prestimulus,mean,660,val,0.6216216216216216,0.6213450292397661
aggregated_ranked_features_gas-CO2_keep-CO2_post-prestimulus,mean,660,test,0.7058823529411765,0.6964285714285714
aggregated_ranked_features_gas-CO2_keep-CO2_post-prestimulus,mean,661,train,0.974320241691843,0.974320183094767
aggregated_ranked_features_gas-CO2_keep-CO2_post-prestimulus,mean,661,val,0.6148648648648649,0.6147065540077643
aggregated_ranked_features_gas-CO2_keep-CO2_post-prestimulus,mean,661,test,0.6838235294117647,0.6745143874881727
aggregated_ranked_features_gas-CO2_keep-CO2_post-prestimulus,mean,662,train,0.974320241691843,0.9743197143085331
aggregated_ranked_features_gas-CO2_keep-CO2_post-prestimulus,mean,662,val,0.6283783783783784,0.6283614116787655
aggregated_ranked_features_gas-CO2_keep-CO2_post-prestimulus,mean,662,test,0.6617647058823529,0.6508928571428572
aggregated_ranked_features_gas-CO2_keep-CO2_post-prestimulus,mean,663,train,0.9758308157099698,0.9758308157099698
aggregated_ranked_features_gas-CO2_keep-CO2_post-prestimulus,mean,663,val,0.6283783783783784,0.6283614116787655
aggregated_ranked_features_gas-CO2_keep-CO2_post-prestimulus,mean,663,test,0.7058823529411765,0.6993810786914235
aggregated_ranked_features_gas-CO2_keep-CO2_post-prestimulus,mean,664,train,0.9758308157099698,0.9758305951077035
aggregated_ranked_features_gas-CO2_keep-CO2_post-prestimulus,mean,664,val,0.6351351351351351,0.6351351351351351
aggregated_ranked_features_gas-CO2_keep-CO2_post-prestimulus,mean,664,test,0.6397058823529411,0.6290977903934991
aggregated_ranked_features_gas-CO2_keep-CO2_post-prestimulus,mean,665,train,0.972809667673716,0.972809667673716
aggregated_ranked_features_gas-CO2_keep-CO2_post-prestimulus,mean,665,val,0.6351351351351351,0.6351351351351351
aggregated_ranked_features_gas-CO2_keep-CO2_post-prestimulus,mean,665,test,0.6911764705882353,0.68125
aggregated_ranked_features_gas-CO2_keep-CO2_post-prestimulus,mean,666,train,0.974320241691843,0.974320183094767
aggregated_ranked_features_gas-CO2_keep-CO2_post-prestimulus,mean,666,val,0.6148648648648649,0.6148472811943569
aggregated_ranked_features_gas-CO2_keep-CO2_post-prestimulus,mean,666,test,0.7058823529411765,0.6979791250277593
aggregated_ranked_features_gas-CO2_keep-CO2_post-prestimulus,mean,667,train,0.9773413897280967,0.9773413380247944
aggregated_ranked_features_gas-CO2_keep-CO2_post-prestimulus,mean,667,val,0.6148648648648649,0.6147065540077643
aggregated_ranked_features_gas-CO2_keep-CO2_post-prestimulus,mean,667,test,0.6838235294117647,0.6775296388199614
aggregated_ranked_features_gas-CO2_keep-CO2_post-prestimulus,mean,668,train,0.972809667673716,0.9728094194961665
aggregated_ranked_features_gas-CO2_keep-CO2_post-prestimulus,mean,668,val,0.6486486486486487,0.6485844748858447
aggregated_ranked_features_gas-CO2_keep-CO2_post-prestimulus,mean,668,test,0.7058823529411765,0.6979791250277593
aggregated_ranked_features_gas-CO2_keep-CO2_post-prestimulus,mean,669,train,0.9758308157099698,0.9758308157099698
aggregated_ranked_features_gas-CO2_keep-CO2_post-prestimulus,mean,669,val,0.6283783783783784,0.6283614116787655
aggregated_ranked_features_gas-CO2_keep-CO2_post-prestimulus,mean,669,test,0.6691176470588235,0.6575457445022663
aggregated_ranked_features_gas-CO2_keep-CO2_post-prestimulus,mean,670,train,0.9773413897280967,0.9773409243898821
aggregated_ranked_features_gas-CO2_keep-CO2_post-prestimulus,mean,670,val,0.6148648648648649,0.6148472811943569
aggregated_ranked_features_gas-CO2_keep-CO2_post-prestimulus,mean,670,test,0.7058823529411765,0.7006383447061413
aggregated_ranked_features_gas-CO2_keep-CO2_post-prestimulus,mean,671,train,0.9758308157099698,0.9758305951077035
aggregated_ranked_features_gas-CO2_keep-CO2_post-prestimulus,mean,671,val,0.6283783783783784,0.6282256222881937
aggregated_ranked_features_gas-CO2_keep-CO2_post-prestimulus,mean,671,test,0.6985294117647058,0.6925282602701958
aggregated_ranked_features_gas-CO2_keep-CO2_post-prestimulus,mean,672,train,0.974320241691843,0.974320183094767
aggregated_ranked_features_gas-CO2_keep-CO2_post-prestimulus,mean,672,val,0.6351351351351351,0.6348684210526316
aggregated_ranked_features_gas-CO2_keep-CO2_post-prestimulus,mean,672,test,0.7058823529411765,0.6993810786914235
aggregated_ranked_features_gas-CO2_keep-CO2_post-prestimulus,mean,673,train,0.9758308157099698,0.9758305951077035
aggregated_ranked_features_gas-CO2_keep-CO2_post-prestimulus,mean,673,val,0.6418918918918919,0.641744690568623
aggregated_ranked_features_gas-CO2_keep-CO2_post-prestimulus,mean,673,test,0.6985294117647058,0.6937441643323996
aggregated_ranked_features_gas-CO2_keep-CO2_post-prestimulus,mean,674,train,0.972809667673716,0.972809667673716
aggregated_ranked_features_gas-CO2_keep-CO2_post-prestimulus,mean,674,val,0.6283783783783784,0.6283614116787655
aggregated_ranked_features_gas-CO2_keep-CO2_post-prestimulus,mean,674,test,0.6838235294117647,0.6775296388199614
aggregated_ranked_features_gas-CO2_keep-CO2_post-prestimulus,mean,675,train,0.9712990936555891,0.9712990281647397
aggregated_ranked_features_gas-CO2_keep-CO2_post-prestimulus,mean,675,val,0.6283783783783784,0.6282256222881937
aggregated_ranked_features_gas-CO2_keep-CO2_post-prestimulus,mean,675,test,0.6617647058823529,0.6526759937819231
aggregated_ranked_features_gas-CO2_keep-CO2_post-prestimulus,mean,676,train,0.9773413897280967,0.9773413380247944
aggregated_ranked_features_gas-CO2_keep-CO2_post-prestimulus,mean,676,val,0.6013513513513513,0.6013331507099484
aggregated_ranked_features_gas-CO2_keep-CO2_post-prestimulus,mean,676,test,0.6617647058823529,0.6557340964120626
aggregated_ranked_features_gas-CO2_keep-CO2_post-prestimulus,mean,677,train,0.9773413897280967,0.9773413380247944
aggregated_ranked_features_gas-CO2_keep-CO2_post-prestimulus,mean,677,val,0.6148648648648649,0.614424790895379
aggregated_ranked_features_gas-CO2_keep-CO2_post-prestimulus,mean,677,test,0.6691176470588235,0.6575457445022663
aggregated_ranked_features_gas-CO2_keep-CO2_post-prestimulus,mean,678,train,0.974320241691843,0.9743197143085331
aggregated_ranked_features_gas-CO2_keep-CO2_post-prestimulus,mean,678,val,0.5945945945945946,0.5945945945945946
aggregated_ranked_features_gas-CO2_keep-CO2_post-prestimulus,mean,678,test,0.7205882352941176,0.7156064274708342
aggregated_ranked_features_gas-CO2_keep-CO2_post-prestimulus,mean,679,train,0.9773413897280967,0.9773413380247944
aggregated_ranked_features_gas-CO2_keep-CO2_post-prestimulus,mean,679,val,0.6486486486486487,0.6485844748858447
aggregated_ranked_features_gas-CO2_keep-CO2_post-prestimulus,mean,679,test,0.6838235294117647,0.6708504530871842
aggregated_ranked_features_gas-CO2_keep-CO2_post-prestimulus,mean,680,train,0.9773413897280967,0.9773413380247944
aggregated_ranked_features_gas-CO2_keep-CO2_post-prestimulus,mean,680,val,0.6216216216216216,0.6216216216216216
aggregated_ranked_features_gas-CO2_keep-CO2_post-prestimulus,mean,680,test,0.6838235294117647,0.6761008031016339
aggregated_ranked_features_gas-CO2_keep-CO2_post-prestimulus,mean,681,train,0.974320241691843,0.974320183094767
aggregated_ranked_features_gas-CO2_keep-CO2_post-prestimulus,mean,681,val,0.6013513513513513,0.6013331507099484
aggregated_ranked_features_gas-CO2_keep-CO2_post-prestimulus,mean,681,test,0.6691176470588235,0.6593755217899482
aggregated_ranked_features_gas-CO2_keep-CO2_post-prestimulus,mean,682,train,0.974320241691843,0.974320183094767
aggregated_ranked_features_gas-CO2_keep-CO2_post-prestimulus,mean,682,val,0.6418918918918919,0.641744690568623
aggregated_ranked_features_gas-CO2_keep-CO2_post-prestimulus,mean,682,test,0.7205882352941176,0.7144120247568524
aggregated_ranked_features_gas-CO2_keep-CO2_post-prestimulus,mean,683,train,0.974320241691843,0.974320183094767
aggregated_ranked_features_gas-CO2_keep-CO2_post-prestimulus,mean,683,val,0.6216216216216216,0.6215525114155251
aggregated_ranked_features_gas-CO2_keep-CO2_post-prestimulus,mean,683,test,0.7205882352941176,0.7130801687763713
aggregated_ranked_features_gas-CO2_keep-CO2_post-prestimulus,mean,684,train,0.9758308157099698,0.9758308157099698
aggregated_ranked_features_gas-CO2_keep-CO2_post-prestimulus,mean,684,val,0.6486486486486487,0.6483918128654971
aggregated_ranked_features_gas-CO2_keep-CO2_post-prestimulus,mean,684,test,0.6764705882352942,0.6660714285714285
aggregated_ranked_features_gas-CO2_keep-CO2_post-prestimulus,mean,685,train,0.9712990936555891,0.971298504227184
aggregated_ranked_features_gas-CO2_keep-CO2_post-prestimulus,mean,685,val,0.6351351351351351,0.6350684931506849
aggregated_ranked_features_gas-CO2_keep-CO2_post-prestimulus,mean,685,test,0.6985294117647058,0.6925282602701958
aggregated_ranked_features_gas-CO2_keep-CO2_post-prestimulus,mean,686,train,0.9758308157099698,0.9758308157099698
aggregated_ranked_features_gas-CO2_keep-CO2_post-prestimulus,mean,686,val,0.6148648648648649,0.6147065540077643
aggregated_ranked_features_gas-CO2_keep-CO2_post-prestimulus,mean,686,test,0.6764705882352942,0.6707021791767555
aggregated_ranked_features_gas-CO2_keep-CO2_post-prestimulus,mean,687,train,0.9773413897280967,0.9773413380247944
aggregated_ranked_features_gas-CO2_keep-CO2_post-prestimulus,mean,687,val,0.6283783783783784,0.6282256222881937
aggregated_ranked_features_gas-CO2_keep-CO2_post-prestimulus,mean,687,test,0.6911764705882353,0.6843501326259946
aggregated_ranked_features_gas-CO2_keep-CO2_post-prestimulus,mean,688,train,0.9758308157099698,0.9758308157099698
aggregated_ranked_features_gas-CO2_keep-CO2_post-prestimulus,mean,688,val,0.6216216216216216,0.6215525114155251
aggregated_ranked_features_gas-CO2_keep-CO2_post-prestimulus,mean,688,test,0.6911764705882353,0.6843501326259946
aggregated_ranked_features_gas-CO2_keep-CO2_post-prestimulus,mean,689,train,0.9758308157099698,0.9758308157099698
aggregated_ranked_features_gas-CO2_keep-CO2_post-prestimulus,mean,689,val,0.6216216216216216,0.6215525114155251
aggregated_ranked_features_gas-CO2_keep-CO2_post-prestimulus,mean,689,test,0.6691176470588235,0.6638655462184875
aggregated_ranked_features_gas-CO2_keep-CO2_post-prestimulus,mean,690,train,0.9773413897280967,0.9773413380247944
aggregated_ranked_features_gas-CO2_keep-CO2_post-prestimulus,mean,690,val,0.6148648648648649,0.6147065540077643
aggregated_ranked_features_gas-CO2_keep-CO2_post-prestimulus,mean,690,test,0.7058823529411765,0.6979791250277593
aggregated_ranked_features_gas-CO2_keep-CO2_post-prestimulus,mean,691,train,0.9788519637462235,0.9788519637462235
aggregated_ranked_features_gas-CO2_keep-CO2_post-prestimulus,mean,691,val,0.6283783783783784,0.6282256222881937
aggregated_ranked_features_gas-CO2_keep-CO2_post-prestimulus,mean,691,test,0.7058823529411765,0.6964285714285714
aggregated_ranked_features_gas-CO2_keep-CO2_post-prestimulus,mean,692,train,0.972809667673716,0.9728094194961665
aggregated_ranked_features_gas-CO2_keep-CO2_post-prestimulus,mean,692,val,0.6283783783783784,0.6279537456008044
aggregated_ranked_features_gas-CO2_keep-CO2_post-prestimulus,mean,692,test,0.6764705882352942,0.6660714285714285
aggregated_ranked_features_gas-CO2_keep-CO2_post-prestimulus,mean,693,train,0.9773413897280967,0.9773413380247944
aggregated_ranked_features_gas-CO2_keep-CO2_post-prestimulus,mean,693,val,0.6081081081081081,0.6078216374269005
aggregated_ranked_features_gas-CO2_keep-CO2_post-prestimulus,mean,693,test,0.6911764705882353,0.68125
aggregated_ranked_features_gas-CO2_keep-CO2_post-prestimulus,mean,694,train,0.9758308157099698,0.9758305951077035
aggregated_ranked_features_gas-CO2_keep-CO2_post-prestimulus,mean,694,val,0.5878378378378378,0.5876684174469058
aggregated_ranked_features_gas-CO2_keep-CO2_post-prestimulus,mean,694,test,0.7132352941176471,0.7086834733893558
aggregated_ranked_features_gas-CO2_keep-CO2_post-prestimulus,mean,695,train,0.974320241691843,0.974320183094767
aggregated_ranked_features_gas-CO2_keep-CO2_post-prestimulus,mean,695,val,0.6216216216216216,0.6215525114155251
aggregated_ranked_features_gas-CO2_keep-CO2_post-prestimulus,mean,695,test,0.7058823529411765,0.7006383447061413
aggregated_ranked_features_gas-CO2_keep-CO2_post-prestimulus,mean,696,train,0.974320241691843,0.9743197143085331
aggregated_ranked_features_gas-CO2_keep-CO2_post-prestimulus,mean,696,val,0.6148648648648649,0.6147065540077643
aggregated_ranked_features_gas-CO2_keep-CO2_post-prestimulus,mean,696,test,0.7058823529411765,0.7006383447061413
aggregated_ranked_features_gas-CO2_keep-CO2_post-prestimulus,mean,697,train,0.9758308157099698,0.9758308157099698
aggregated_ranked_features_gas-CO2_keep-CO2_post-prestimulus,mean,697,val,0.6148648648648649,0.6148472811943569
aggregated_ranked_features_gas-CO2_keep-CO2_post-prestimulus,mean,697,test,0.6838235294117647,0.6727659336354989
aggregated_ranked_features_gas-CO2_keep-CO2_post-prestimulus,mean,698,train,0.9773413897280967,0.9773413380247944
aggregated_ranked_features_gas-CO2_keep-CO2_post-prestimulus,mean,698,val,0.6148648648648649,0.6147065540077643
aggregated_ranked_features_gas-CO2_keep-CO2_post-prestimulus,mean,698,test,0.6838235294117647,0.6708504530871842
aggregated_ranked_features_gas-CO2_keep-CO2_post-prestimulus,mean,699,train,0.9773413897280967,0.9773413380247944
aggregated_ranked_features_gas-CO2_keep-CO2_post-prestimulus,mean,699,val,0.6283783783783784,0.6283614116787655
aggregated_ranked_features_gas-CO2_keep-CO2_post-prestimulus,mean,699,test,0.7132352941176471,0.7075268817204301
aggregated_ranked_features_gas-CO2_keep-CO2_post-prestimulus,mean,700,train,0.9758308157099698,0.9758308157099698
aggregated_ranked_features_gas-CO2_keep-CO2_post-prestimulus,mean,700,val,0.6216216216216216,0.6215525114155251
aggregated_ranked_features_gas-CO2_keep-CO2_post-prestimulus,mean,700,test,0.6911764705882353,0.6856702619414483
aggregated_ranked_features_gas-CO2_keep-CO2_post-prestimulus,mean,701,train,0.9803625377643505,0.9803624929548218
aggregated_ranked_features_gas-CO2_keep-CO2_post-prestimulus,mean,701,val,0.6216216216216216,0.6215525114155251
aggregated_ranked_features_gas-CO2_keep-CO2_post-prestimulus,mean,701,test,0.6838235294117647,0.6745143874881727
aggregated_ranked_features_gas-CO2_keep-CO2_post-prestimulus,mean,702,train,0.9758308157099698,0.9758305951077035
aggregated_ranked_features_gas-CO2_keep-CO2_post-prestimulus,mean,702,val,0.6148648648648649,0.6147065540077643
aggregated_ranked_features_gas-CO2_keep-CO2_post-prestimulus,mean,702,test,0.6838235294117647,0.6775296388199614
aggregated_ranked_features_gas-CO2_keep-CO2_post-prestimulus,mean,703,train,0.9758308157099698,0.9758305951077035
aggregated_ranked_features_gas-CO2_keep-CO2_post-prestimulus,mean,703,val,0.6351351351351351,0.6350684931506849
aggregated_ranked_features_gas-CO2_keep-CO2_post-prestimulus,mean,703,test,0.6838235294117647,0.6788048552754435
aggregated_ranked_features_gas-CO2_keep-CO2_post-prestimulus,mean,704,train,0.9712990936555891,0.971298504227184
aggregated_ranked_features_gas-CO2_keep-CO2_post-prestimulus,mean,704,val,0.6418918918918919,0.641875542163174
aggregated_ranked_features_gas-CO2_keep-CO2_post-prestimulus,mean,704,test,0.6985294117647058,0.6925282602701958
aggregated_ranked_features_gas-CO2_keep-CO2_post-prestimulus,mean,705,train,0.9788519637462235,0.9788517707192406
aggregated_ranked_features_gas-CO2_keep-CO2_post-prestimulus,mean,705,val,0.6283783783783784,0.6282256222881937
aggregated_ranked_features_gas-CO2_keep-CO2_post-prestimulus,mean,705,test,0.6691176470588235,0.6575457445022663
aggregated_ranked_features_gas-CO2_keep-CO2_post-prestimulus,mean,706,train,0.9758308157099698,0.9758308157099698
aggregated_ranked_features_gas-CO2_keep-CO2_post-prestimulus,mean,706,val,0.6283783783783784,0.6275451841683826
aggregated_ranked_features_gas-CO2_keep-CO2_post-prestimulus,mean,706,test,0.6323529411764706,0.6224739062846991
aggregated_ranked_features_gas-CO2_keep-CO2_post-prestimulus,mean,707,train,0.9758308157099698,0.9758308157099698
aggregated_ranked_features_gas-CO2_keep-CO2_post-prestimulus,mean,707,val,0.6486486486486487,0.6485844748858447
aggregated_ranked_features_gas-CO2_keep-CO2_post-prestimulus,mean,707,test,0.6985294117647058,0.6911658820271392
aggregated_ranked_features_gas-CO2_keep-CO2_post-prestimulus,mean,708,train,0.972809667673716,0.972809667673716
aggregated_ranked_features_gas-CO2_keep-CO2_post-prestimulus,mean,708,val,0.6216216216216216,0.6213450292397661
aggregated_ranked_features_gas-CO2_keep-CO2_post-prestimulus,mean,708,test,0.6838235294117647,0.6727659336354989
aggregated_ranked_features_gas-CO2_keep-CO2_post-prestimulus,mean,709,train,0.9758308157099698,0.9758305951077035
aggregated_ranked_features_gas-CO2_keep-CO2_post-prestimulus,mean,709,val,0.6013513513513513,0.6013331507099484
aggregated_ranked_features_gas-CO2_keep-CO2_post-prestimulus,mean,709,test,0.7058823529411765,0.6979791250277593
aggregated_ranked_features_gas-CO2_keep-CO2_post-prestimulus,mean,710,train,0.9773413897280967,0.9773409243898821
aggregated_ranked_features_gas-CO2_keep-CO2_post-prestimulus,mean,710,val,0.6216216216216216,0.6213450292397661
aggregated_ranked_features_gas-CO2_keep-CO2_post-prestimulus,mean,710,test,0.6985294117647058,0.6937441643323996
aggregated_ranked_features_gas-CO2_keep-CO2_post-prestimulus,mean,711,train,0.9758308157099698,0.9758299332767417
aggregated_ranked_features_gas-CO2_keep-CO2_post-prestimulus,mean,711,val,0.6283783783783784,0.6282256222881937
aggregated_ranked_features_gas-CO2_keep-CO2_post-prestimulus,mean,711,test,0.6985294117647058,0.6879861227687314
aggregated_ranked_features_gas-CO2_keep-CO2_post-prestimulus,mean,712,train,0.9773413897280967,0.9773400970747503
aggregated_ranked_features_gas-CO2_keep-CO2_post-prestimulus,mean,712,val,0.6216216216216216,0.6213450292397661
aggregated_ranked_features_gas-CO2_keep-CO2_post-prestimulus,mean,712,test,0.6838235294117647,0.6745143874881727
aggregated_ranked_features_gas-CO2_keep-CO2_post-prestimulus,mean,713,train,0.9773413897280967,0.9773413380247944
aggregated_ranked_features_gas-CO2_keep-CO2_post-prestimulus,mean,713,val,0.6351351351351351,0.6350684931506849
aggregated_ranked_features_gas-CO2_keep-CO2_post-prestimulus,mean,713,test,0.6691176470588235,0.6575457445022663
aggregated_ranked_features_gas-CO2_keep-CO2_post-prestimulus,mean,714,train,0.9788519637462235,0.9788519637462235
aggregated_ranked_features_gas-CO2_keep-CO2_post-prestimulus,mean,714,val,0.6216216216216216,0.6213450292397661
aggregated_ranked_features_gas-CO2_keep-CO2_post-prestimulus,mean,714,test,0.6911764705882353,0.68125
aggregated_ranked_features_gas-CO2_keep-CO2_post-prestimulus,mean,715,train,0.9773413897280967,0.9773413380247944
aggregated_ranked_features_gas-CO2_keep-CO2_post-prestimulus,mean,715,val,0.6351351351351351,0.6345344796049022
aggregated_ranked_features_gas-CO2_keep-CO2_post-prestimulus,mean,715,test,0.6911764705882353,0.6843501326259946
aggregated_ranked_features_gas-CO2_keep-CO2_post-prestimulus,mean,716,train,0.9803625377643505,0.9803624929548218
aggregated_ranked_features_gas-CO2_keep-CO2_post-prestimulus,mean,716,val,0.6148648648648649,0.6148472811943569
aggregated_ranked_features_gas-CO2_keep-CO2_post-prestimulus,mean,716,test,0.6985294117647058,0.6911658820271392
aggregated_ranked_features_gas-CO2_keep-CO2_post-prestimulus,mean,717,train,0.9758308157099698,0.9758308157099698
aggregated_ranked_features_gas-CO2_keep-CO2_post-prestimulus,mean,717,val,0.6081081081081081,0.6080365296803653
aggregated_ranked_features_gas-CO2_keep-CO2_post-prestimulus,mean,717,test,0.6911764705882353,0.6843501326259946
aggregated_ranked_features_gas-CO2_keep-CO2_post-prestimulus,mean,718,train,0.9773413897280967,0.9773409243898821
aggregated_ranked_features_gas-CO2_keep-CO2_post-prestimulus,mean,718,val,0.6283783783783784,0.6282256222881937
aggregated_ranked_features_gas-CO2_keep-CO2_post-prestimulus,mean,718,test,0.6470588235294118,0.6357142857142857
aggregated_ranked_features_gas-CO2_keep-CO2_post-prestimulus,mean,719,train,0.9773413897280967,0.9773413380247944
aggregated_ranked_features_gas-CO2_keep-CO2_post-prestimulus,mean,719,val,0.6081081081081081,0.6078216374269005
aggregated_ranked_features_gas-CO2_keep-CO2_post-prestimulus,mean,719,test,0.6838235294117647,0.6761008031016339
aggregated_ranked_features_gas-CO2_keep-CO2_post-prestimulus,mean,720,train,0.974320241691843,0.9743197143085331
aggregated_ranked_features_gas-CO2_keep-CO2_post-prestimulus,mean,720,val,0.6351351351351351,0.6350684931506849
aggregated_ranked_features_gas-CO2_keep-CO2_post-prestimulus,mean,720,test,0.6617647058823529,0.6489337822671155
aggregated_ranked_features_gas-CO2_keep-CO2_post-prestimulus,mean,721,train,0.9773413897280967,0.9773413380247944
aggregated_ranked_features_gas-CO2_keep-CO2_post-prestimulus,mean,721,val,0.6283783783783784,0.6283614116787655
aggregated_ranked_features_gas-CO2_keep-CO2_post-prestimulus,mean,721,test,0.6764705882352942,0.6660714285714285
aggregated_ranked_features_gas-CO2_keep-CO2_post-prestimulus,mean,722,train,0.9773413897280967,0.9773409243898821
aggregated_ranked_features_gas-CO2_keep-CO2_post-prestimulus,mean,722,val,0.6216216216216216,0.6215525114155251
aggregated_ranked_features_gas-CO2_keep-CO2_post-prestimulus,mean,722,test,0.7058823529411765,0.6993810786914235
aggregated_ranked_features_gas-CO2_keep-CO2_post-prestimulus,mean,723,train,0.9758308157099698,0.9758305951077035
aggregated_ranked_features_gas-CO2_keep-CO2_post-prestimulus,mean,723,val,0.6081081081081081,0.6080365296803653
aggregated_ranked_features_gas-CO2_keep-CO2_post-prestimulus,mean,723,test,0.7058823529411765,0.6993810786914235
aggregated_ranked_features_gas-CO2_keep-CO2_post-prestimulus,mean,724,train,0.974320241691843,0.974320183094767
aggregated_ranked_features_gas-CO2_keep-CO2_post-prestimulus,mean,724,val,0.6013513513513513,0.6013331507099484
aggregated_ranked_features_gas-CO2_keep-CO2_post-prestimulus,mean,724,test,0.6764705882352942,0.6693191865605659
aggregated_ranked_features_gas-CO2_keep-CO2_post-prestimulus,mean,725,train,0.974320241691843,0.974320183094767
aggregated_ranked_features_gas-CO2_keep-CO2_post-prestimulus,mean,725,val,0.6283783783783784,0.6282256222881937
aggregated_ranked_features_gas-CO2_keep-CO2_post-prestimulus,mean,725,test,0.6985294117647058,0.6925282602701958
aggregated_ranked_features_gas-CO2_keep-CO2_post-prestimulus,mean,726,train,0.9773413897280967,0.9773413380247944
aggregated_ranked_features_gas-CO2_keep-CO2_post-prestimulus,mean,726,val,0.6148648648648649,0.6147065540077643
aggregated_ranked_features_gas-CO2_keep-CO2_post-prestimulus,mean,726,test,0.6985294117647058,0.6925282602701958
aggregated_ranked_features_gas-CO2_keep-CO2_post-prestimulus,mean,727,train,0.9788519637462235,0.9788519637462235
aggregated_ranked_features_gas-CO2_keep-CO2_post-prestimulus,mean,727,val,0.6283783783783784,0.6282256222881937
aggregated_ranked_features_gas-CO2_keep-CO2_post-prestimulus,mean,727,test,0.6617647058823529,0.6542882404951371
aggregated_ranked_features_gas-CO2_keep-CO2_post-prestimulus,mean,728,train,0.9758308157099698,0.9758305951077035
aggregated_ranked_features_gas-CO2_keep-CO2_post-prestimulus,mean,728,val,0.6081081081081081,0.6080365296803653
aggregated_ranked_features_gas-CO2_keep-CO2_post-prestimulus,mean,728,test,0.6691176470588235,0.6650429642603033
aggregated_ranked_features_gas-CO2_keep-CO2_post-prestimulus,mean,729,train,0.9758308157099698,0.9758308157099698
aggregated_ranked_features_gas-CO2_keep-CO2_post-prestimulus,mean,729,val,0.6216216216216216,0.6213450292397661
aggregated_ranked_features_gas-CO2_keep-CO2_post-prestimulus,mean,729,test,0.6470588235294118,0.6407660136473696
aggregated_ranked_features_gas-CO2_keep-CO2_post-prestimulus,mean,730,train,0.9773413897280967,0.9773413380247944
aggregated_ranked_features_gas-CO2_keep-CO2_post-prestimulus,mean,730,val,0.6283783783783784,0.6282256222881937
aggregated_ranked_features_gas-CO2_keep-CO2_post-prestimulus,mean,730,test,0.6764705882352942,0.6660714285714285
aggregated_ranked_features_gas-CO2_keep-CO2_post-prestimulus,mean,731,train,0.972809667673716,0.9728094194961665
aggregated_ranked_features_gas-CO2_keep-CO2_post-prestimulus,mean,731,val,0.6148648648648649,0.6147065540077643
aggregated_ranked_features_gas-CO2_keep-CO2_post-prestimulus,mean,731,test,0.6617647058823529,0.6526759937819231
aggregated_ranked_features_gas-CO2_keep-CO2_post-prestimulus,mean,732,train,0.9758308157099698,0.9758299332767417
aggregated_ranked_features_gas-CO2_keep-CO2_post-prestimulus,mean,732,val,0.6216216216216216,0.6215525114155251
aggregated_ranked_features_gas-CO2_keep-CO2_post-prestimulus,mean,732,test,0.6838235294117647,0.6708504530871842
aggregated_ranked_features_gas-CO2_keep-CO2_post-prestimulus,mean,733,train,0.974320241691843,0.974320183094767
aggregated_ranked_features_gas-CO2_keep-CO2_post-prestimulus,mean,733,val,0.6418918918918919,0.641744690568623
aggregated_ranked_features_gas-CO2_keep-CO2_post-prestimulus,mean,733,test,0.7205882352941176,0.7156064274708342
aggregated_ranked_features_gas-CO2_keep-CO2_post-prestimulus,mean,734,train,0.972809667673716,0.972809667673716
aggregated_ranked_features_gas-CO2_keep-CO2_post-prestimulus,mean,734,val,0.6216216216216216,0.6213450292397661
aggregated_ranked_features_gas-CO2_keep-CO2_post-prestimulus,mean,734,test,0.6764705882352942,0.6677770375305352
aggregated_ranked_features_gas-CO2_keep-CO2_post-prestimulus,mean,735,train,0.9758308157099698,0.9758308157099698
aggregated_ranked_features_gas-CO2_keep-CO2_post-prestimulus,mean,735,val,0.6418918918918919,0.641875542163174
aggregated_ranked_features_gas-CO2_keep-CO2_post-prestimulus,mean,735,test,0.7132352941176471,0.7086834733893558
aggregated_ranked_features_gas-CO2_keep-CO2_post-prestimulus,mean,736,train,0.9758308157099698,0.9758308157099698
aggregated_ranked_features_gas-CO2_keep-CO2_post-prestimulus,mean,736,val,0.6148648648648649,0.6147065540077643
aggregated_ranked_features_gas-CO2_keep-CO2_post-prestimulus,mean,736,test,0.6838235294117647,0.6761008031016339
aggregated_ranked_features_gas-CO2_keep-CO2_post-prestimulus,mean,737,train,0.974320241691843,0.9743197143085331
aggregated_ranked_features_gas-CO2_keep-CO2_post-prestimulus,mean,737,val,0.6216216216216216,0.6216216216216216
aggregated_ranked_features_gas-CO2_keep-CO2_post-prestimulus,mean,737,test,0.6691176470588235,0.6593755217899482
aggregated_ranked_features_gas-CO2_keep-CO2_post-prestimulus,mean,738,train,0.9773413897280967,0.9773409243898821
aggregated_ranked_features_gas-CO2_keep-CO2_post-prestimulus,mean,738,val,0.6351351351351351,0.6348684210526316
aggregated_ranked_features_gas-CO2_keep-CO2_post-prestimulus,mean,738,test,0.6838235294117647,0.6761008031016339
aggregated_ranked_features_gas-CO2_keep-CO2_post-prestimulus,mean,739,train,0.9773413897280967,0.9773413380247944
aggregated_ranked_features_gas-CO2_keep-CO2_post-prestimulus,mean,739,val,0.6081081081081081,0.6080365296803653
aggregated_ranked_features_gas-CO2_keep-CO2_post-prestimulus,mean,739,test,0.6691176470588235,0.6610357241761284
aggregated_ranked_features_gas-CO2_keep-CO2_post-prestimulus,mean,740,train,0.9773413897280967,0.9773413380247944
aggregated_ranked_features_gas-CO2_keep-CO2_post-prestimulus,mean,740,val,0.6283783783783784,0.6282256222881937
aggregated_ranked_features_gas-CO2_keep-CO2_post-prestimulus,mean,740,test,0.6617647058823529,0.6508928571428572
aggregated_ranked_features_gas-CO2_keep-CO2_post-prestimulus,mean,741,train,0.972809667673716,0.972809667673716
aggregated_ranked_features_gas-CO2_keep-CO2_post-prestimulus,mean,741,val,0.6013513513513513,0.6013331507099484
aggregated_ranked_features_gas-CO2_keep-CO2_post-prestimulus,mean,741,test,0.6911764705882353,0.6856702619414483
aggregated_ranked_features_gas-CO2_keep-CO2_post-prestimulus,mean,742,train,0.974320241691843,0.974320183094767
aggregated_ranked_features_gas-CO2_keep-CO2_post-prestimulus,mean,742,val,0.6148648648648649,0.6148472811943569
aggregated_ranked_features_gas-CO2_keep-CO2_post-prestimulus,mean,742,test,0.6911764705882353,0.6828780812791473
aggregated_ranked_features_gas-CO2_keep-CO2_post-prestimulus,mean,743,train,0.9758308157099698,0.9758308157099698
aggregated_ranked_features_gas-CO2_keep-CO2_post-prestimulus,mean,743,val,0.6283783783783784,0.6282256222881937
aggregated_ranked_features_gas-CO2_keep-CO2_post-prestimulus,mean,743,test,0.6544117647058824,0.6423255553690337
aggregated_ranked_features_gas-CO2_keep-CO2_post-prestimulus,mean,744,train,0.974320241691843,0.974320183094767
aggregated_ranked_features_gas-CO2_keep-CO2_post-prestimulus,mean,744,val,0.6216216216216216,0.6209987195902689
aggregated_ranked_features_gas-CO2_keep-CO2_post-prestimulus,mean,744,test,0.6911764705882353,0.68125
aggregated_ranked_features_gas-CO2_keep-CO2_post-prestimulus,mean,745,train,0.9758308157099698,0.9758305951077035
aggregated_ranked_features_gas-CO2_keep-CO2_post-prestimulus,mean,745,val,0.6216216216216216,0.6213450292397661
aggregated_ranked_features_gas-CO2_keep-CO2_post-prestimulus,mean,745,test,0.6691176470588235,0.6555411718354253
aggregated_ranked_features_gas-CO2_keep-CO2_post-prestimulus,mean,746,train,0.974320241691843,0.974318776684717
aggregated_ranked_features_gas-CO2_keep-CO2_post-prestimulus,mean,746,val,0.6418918918918919,0.641875542163174
aggregated_ranked_features_gas-CO2_keep-CO2_post-prestimulus,mean,746,test,0.6911764705882353,0.6856702619414483
aggregated_ranked_features_gas-CO2_keep-CO2_post-prestimulus,mean,747,train,0.9758308157099698,0.9758305951077035
aggregated_ranked_features_gas-CO2_keep-CO2_post-prestimulus,mean,747,val,0.6283783783783784,0.6282256222881937
aggregated_ranked_features_gas-CO2_keep-CO2_post-prestimulus,mean,747,test,0.6911764705882353,0.6856702619414483
aggregated_ranked_features_gas-CO2_keep-CO2_post-prestimulus,mean,748,train,0.9758308157099698,0.9758308157099698
aggregated_ranked_features_gas-CO2_keep-CO2_post-prestimulus,mean,748,val,0.6351351351351351,0.6350684931506849
aggregated_ranked_features_gas-CO2_keep-CO2_post-prestimulus,mean,748,test,0.7279411764705882,0.7236227824463118
aggregated_ranked_features_gas-CO2_keep-CO2_post-prestimulus,mean,749,train,0.9773413897280967,0.9773413380247944
aggregated_ranked_features_gas-CO2_keep-CO2_post-prestimulus,mean,749,val,0.6148648648648649,0.6147065540077643
aggregated_ranked_features_gas-CO2_keep-CO2_post-prestimulus,mean,749,test,0.6764705882352942,0.6677770375305352
aggregated_ranked_features_gas-CO2_keep-CO2_post-prestimulus,mean,750,train,0.974320241691843,0.974320183094767
aggregated_ranked_features_gas-CO2_keep-CO2_post-prestimulus,mean,750,val,0.6351351351351351,0.6348684210526316
aggregated_ranked_features_gas-CO2_keep-CO2_post-prestimulus,mean,750,test,0.6911764705882353,0.68125
aggregated_ranked_features_gas-CO2_keep-CO2_post-prestimulus,mean,751,train,0.9773413897280967,0.9773413380247944
aggregated_ranked_features_gas-CO2_keep-CO2_post-prestimulus,mean,751,val,0.6216216216216216,0.6209987195902689
aggregated_ranked_features_gas-CO2_keep-CO2_post-prestimulus,mean,751,test,0.6911764705882353,0.6828780812791473
aggregated_ranked_features_gas-CO2_keep-CO2_post-prestimulus,mean,752,train,0.9712990936555891,0.971298504227184
aggregated_ranked_features_gas-CO2_keep-CO2_post-prestimulus,mean,752,val,0.6283783783783784,0.6282256222881937
aggregated_ranked_features_gas-CO2_keep-CO2_post-prestimulus,mean,752,test,0.6470588235294118,0.6432786885245902
aggregated_ranked_features_gas-CO2_keep-CO2_post-prestimulus,mean,753,train,0.9758308157099698,0.9758308157099698
aggregated_ranked_features_gas-CO2_keep-CO2_post-prestimulus,mean,753,val,0.6081081081081081,0.6080365296803653
aggregated_ranked_features_gas-CO2_keep-CO2_post-prestimulus,mean,753,test,0.6911764705882353,0.6843501326259946
aggregated_ranked_features_gas-CO2_keep-CO2_post-prestimulus,mean,754,train,0.9773413897280967,0.9773413380247944
aggregated_ranked_features_gas-CO2_keep-CO2_post-prestimulus,mean,754,val,0.6283783783783784,0.6283614116787655
aggregated_ranked_features_gas-CO2_keep-CO2_post-prestimulus,mean,754,test,0.7352941176470589,0.7294429708222812
aggregated_ranked_features_gas-CO2_keep-CO2_post-prestimulus,mean,755,train,0.9788519637462235,0.9788519637462235
aggregated_ranked_features_gas-CO2_keep-CO2_post-prestimulus,mean,755,val,0.6283783783783784,0.6283614116787655
aggregated_ranked_features_gas-CO2_keep-CO2_post-prestimulus,mean,755,test,0.6838235294117647,0.6761008031016339
aggregated_ranked_features_gas-CO2_keep-CO2_post-prestimulus,mean,756,train,0.9773413897280967,0.9773413380247944
aggregated_ranked_features_gas-CO2_keep-CO2_post-prestimulus,mean,756,val,0.6283783783783784,0.6282256222881937
aggregated_ranked_features_gas-CO2_keep-CO2_post-prestimulus,mean,756,test,0.6838235294117647,0.6761008031016339
aggregated_ranked_features_gas-CO2_keep-CO2_post-prestimulus,mean,757,train,0.9758308157099698,0.9758308157099698
aggregated_ranked_features_gas-CO2_keep-CO2_post-prestimulus,mean,757,val,0.6418918918918919,0.6414827003062298
aggregated_ranked_features_gas-CO2_keep-CO2_post-prestimulus,mean,757,test,0.6617647058823529,0.6557340964120626
aggregated_ranked_features_gas-CO2_keep-CO2_post-prestimulus,mean,758,train,0.9788519637462235,0.9788519637462235
aggregated_ranked_features_gas-CO2_keep-CO2_post-prestimulus,mean,758,val,0.6148648648648649,0.6148472811943569
aggregated_ranked_features_gas-CO2_keep-CO2_post-prestimulus,mean,758,test,0.6838235294117647,0.6775296388199614
aggregated_ranked_features_gas-CO2_keep-CO2_post-prestimulus,mean,759,train,0.9773413897280967,0.9773409243898821
aggregated_ranked_features_gas-CO2_keep-CO2_post-prestimulus,mean,759,val,0.6216216216216216,0.6213450292397661
aggregated_ranked_features_gas-CO2_keep-CO2_post-prestimulus,mean,759,test,0.6838235294117647,0.6745143874881727
aggregated_ranked_features_gas-CO2_keep-CO2_post-prestimulus,mean,760,train,0.9758308157099698,0.9758305951077035
aggregated_ranked_features_gas-CO2_keep-CO2_post-prestimulus,mean,760,val,0.6351351351351351,0.6350684931506849
aggregated_ranked_features_gas-CO2_keep-CO2_post-prestimulus,mean,760,test,0.6838235294117647,0.6745143874881727
aggregated_ranked_features_gas-CO2_keep-CO2_post-prestimulus,mean,761,train,0.974320241691843,0.9743197143085331
aggregated_ranked_features_gas-CO2_keep-CO2_post-prestimulus,mean,761,val,0.6148648648648649,0.6147065540077643
aggregated_ranked_features_gas-CO2_keep-CO2_post-prestimulus,mean,761,test,0.6911764705882353,0.68125
aggregated_ranked_features_gas-CO2_keep-CO2_post-prestimulus,mean,762,train,0.9788519637462235,0.9788517707192406
aggregated_ranked_features_gas-CO2_keep-CO2_post-prestimulus,mean,762,val,0.6148648648648649,0.6140013726835964
aggregated_ranked_features_gas-CO2_keep-CO2_post-prestimulus,mean,762,test,0.6911764705882353,0.6856702619414483
aggregated_ranked_features_gas-CO2_keep-CO2_post-prestimulus,mean,763,train,0.9758308157099698,0.9758305951077035
aggregated_ranked_features_gas-CO2_keep-CO2_post-prestimulus,mean,763,val,0.5945945945945946,0.5945205479452055
aggregated_ranked_features_gas-CO2_keep-CO2_post-prestimulus,mean,763,test,0.6691176470588235,0.6610357241761284
aggregated_ranked_features_gas-CO2_keep-CO2_post-prestimulus,mean,764,train,0.9773413897280967,0.9773413380247944
aggregated_ranked_features_gas-CO2_keep-CO2_post-prestimulus,mean,764,val,0.6216216216216216,0.6215525114155251
aggregated_ranked_features_gas-CO2_keep-CO2_post-prestimulus,mean,764,test,0.6838235294117647,0.6727659336354989
aggregated_ranked_features_gas-CO2_keep-CO2_post-prestimulus,mean,765,train,0.9773413897280967,0.9773413380247944
aggregated_ranked_features_gas-CO2_keep-CO2_post-prestimulus,mean,765,val,0.6148648648648649,0.6148472811943569
aggregated_ranked_features_gas-CO2_keep-CO2_post-prestimulus,mean,765,test,0.6985294117647058,0.6948169229927207
aggregated_ranked_features_gas-CO2_keep-CO2_post-prestimulus,mean,766,train,0.974320241691843,0.9743197143085331
aggregated_ranked_features_gas-CO2_keep-CO2_post-prestimulus,mean,766,val,0.6283783783783784,0.6283614116787655
aggregated_ranked_features_gas-CO2_keep-CO2_post-prestimulus,mean,766,test,0.6544117647058824,0.6442366560917236
aggregated_ranked_features_gas-CO2_keep-CO2_post-prestimulus,mean,767,train,0.974320241691843,0.974320183094767
aggregated_ranked_features_gas-CO2_keep-CO2_post-prestimulus,mean,767,val,0.6081081081081081,0.6074629595756356
aggregated_ranked_features_gas-CO2_keep-CO2_post-prestimulus,mean,767,test,0.6911764705882353,0.6828780812791473
aggregated_ranked_features_gas-CO2_keep-CO2_post-prestimulus,mean,768,train,0.9788519637462235,0.9788517707192406
aggregated_ranked_features_gas-CO2_keep-CO2_post-prestimulus,mean,768,val,0.6081081081081081,0.6078216374269005
aggregated_ranked_features_gas-CO2_keep-CO2_post-prestimulus,mean,768,test,0.6911764705882353,0.68125
aggregated_ranked_features_gas-CO2_keep-CO2_post-prestimulus,mean,769,train,0.9788519637462235,0.9788519637462235
aggregated_ranked_features_gas-CO2_keep-CO2_post-prestimulus,mean,769,val,0.6216216216216216,0.6215525114155251
aggregated_ranked_features_gas-CO2_keep-CO2_post-prestimulus,mean,769,test,0.6985294117647058,0.6896532531863973
aggregated_ranked_features_gas-CO2_keep-CO2_post-prestimulus,mean,770,train,0.9758308157099698,0.9758305951077035
aggregated_ranked_features_gas-CO2_keep-CO2_post-prestimulus,mean,770,val,0.6216216216216216,0.6215525114155251
aggregated_ranked_features_gas-CO2_keep-CO2_post-prestimulus,mean,770,test,0.6691176470588235,0.6555411718354253
aggregated_ranked_features_gas-CO2_keep-CO2_post-prestimulus,mean,771,train,0.9758308157099698,0.9758308157099698
aggregated_ranked_features_gas-CO2_keep-CO2_post-prestimulus,mean,771,val,0.6283783783783784,0.6282256222881937
aggregated_ranked_features_gas-CO2_keep-CO2_post-prestimulus,mean,771,test,0.6764705882352942,0.6719298245614035
aggregated_ranked_features_gas-CO2_keep-CO2_post-prestimulus,mean,772,train,0.9758308157099698,0.9758308157099698
aggregated_ranked_features_gas-CO2_keep-CO2_post-prestimulus,mean,772,val,0.6351351351351351,0.6350684931506849
aggregated_ranked_features_gas-CO2_keep-CO2_post-prestimulus,mean,772,test,0.6838235294117647,0.6745143874881727
aggregated_ranked_features_gas-CO2_keep-CO2_post-prestimulus,mean,773,train,0.974320241691843,0.974320183094767
aggregated_ranked_features_gas-CO2_keep-CO2_post-prestimulus,mean,773,val,0.6081081081081081,0.6074629595756356
aggregated_ranked_features_gas-CO2_keep-CO2_post-prestimulus,mean,773,test,0.7132352941176471,0.7086834733893558
aggregated_ranked_features_gas-CO2_keep-CO2_post-prestimulus,mean,774,train,0.974320241691843,0.9743197143085331
aggregated_ranked_features_gas-CO2_keep-CO2_post-prestimulus,mean,774,val,0.6351351351351351,0.6350684931506849
aggregated_ranked_features_gas-CO2_keep-CO2_post-prestimulus,mean,774,test,0.6838235294117647,0.6761008031016339
aggregated_ranked_features_gas-CO2_keep-CO2_post-prestimulus,mean,775,train,0.9758308157099698,0.9758305951077035
aggregated_ranked_features_gas-CO2_keep-CO2_post-prestimulus,mean,775,val,0.6216216216216216,0.6213450292397661
aggregated_ranked_features_gas-CO2_keep-CO2_post-prestimulus,mean,775,test,0.6985294117647058,0.6911658820271392
aggregated_ranked_features_gas-CO2_keep-CO2_post-prestimulus,mean,776,train,0.9803625377643505,0.9803624929548218
aggregated_ranked_features_gas-CO2_keep-CO2_post-prestimulus,mean,776,val,0.6351351351351351,0.6351351351351351
aggregated_ranked_features_gas-CO2_keep-CO2_post-prestimulus,mean,776,test,0.6617647058823529,0.6542882404951371
aggregated_ranked_features_gas-CO2_keep-CO2_post-prestimulus,mean,777,train,0.974320241691843,0.9743197143085331
aggregated_ranked_features_gas-CO2_keep-CO2_post-prestimulus,mean,777,val,0.6148648648648649,0.614424790895379
aggregated_ranked_features_gas-CO2_keep-CO2_post-prestimulus,mean,777,test,0.6544117647058824,0.6442366560917236
aggregated_ranked_features_gas-CO2_keep-CO2_post-prestimulus,mean,778,train,0.9773413897280967,0.9773413380247944
aggregated_ranked_features_gas-CO2_keep-CO2_post-prestimulus,mean,778,val,0.6148648648648649,0.614424790895379
aggregated_ranked_features_gas-CO2_keep-CO2_post-prestimulus,mean,778,test,0.6691176470588235,0.6638655462184875
aggregated_ranked_features_gas-CO2_keep-CO2_post-prestimulus,mean,779,train,0.9803625377643505,0.9803621344712312
aggregated_ranked_features_gas-CO2_keep-CO2_post-prestimulus,mean,779,val,0.6081081081081081,0.6080365296803653
aggregated_ranked_features_gas-CO2_keep-CO2_post-prestimulus,mean,779,test,0.6764705882352942,0.6677770375305352
aggregated_ranked_features_gas-CO2_keep-CO2_post-prestimulus,mean,780,train,0.972809667673716,0.972809667673716
aggregated_ranked_features_gas-CO2_keep-CO2_post-prestimulus,mean,780,val,0.6081081081081081,0.6074629595756356
aggregated_ranked_features_gas-CO2_keep-CO2_post-prestimulus,mean,780,test,0.6617647058823529,0.6508928571428572
aggregated_ranked_features_gas-CO2_keep-CO2_post-prestimulus,mean,781,train,0.9712990936555891,0.9712990281647397
aggregated_ranked_features_gas-CO2_keep-CO2_post-prestimulus,mean,781,val,0.6283783783783784,0.6283614116787655
aggregated_ranked_features_gas-CO2_keep-CO2_post-prestimulus,mean,781,test,0.7205882352941176,0.7156064274708342
aggregated_ranked_features_gas-CO2_keep-CO2_post-prestimulus,mean,782,train,0.9758308157099698,0.9758305951077035
aggregated_ranked_features_gas-CO2_keep-CO2_post-prestimulus,mean,782,val,0.6148648648648649,0.614424790895379
aggregated_ranked_features_gas-CO2_keep-CO2_post-prestimulus,mean,782,test,0.7132352941176471,0.7047921188846218
aggregated_ranked_features_gas-CO2_keep-CO2_post-prestimulus,median,1,train,0.7009063444108762,0.7008817730392873
aggregated_ranked_features_gas-CO2_keep-CO2_post-prestimulus,median,1,val,0.6216216216216216,0.6213450292397661
aggregated_ranked_features_gas-CO2_keep-CO2_post-prestimulus,median,1,test,0.5294117647058824,0.5210213515298261
aggregated_ranked_features_gas-CO2_keep-CO2_post-prestimulus,median,2,train,0.7628398791540786,0.7627483878331336
aggregated_ranked_features_gas-CO2_keep-CO2_post-prestimulus,median,2,val,0.6418918918918919,0.641744690568623
aggregated_ranked_features_gas-CO2_keep-CO2_post-prestimulus,median,2,test,0.5147058823529411,0.5146009085009734
aggregated_ranked_features_gas-CO2_keep-CO2_post-prestimulus,median,3,train,0.7900302114803626,0.7900067321626216
aggregated_ranked_features_gas-CO2_keep-CO2_post-prestimulus,median,3,val,0.6148648648648649,0.6134353663565962
aggregated_ranked_features_gas-CO2_keep-CO2_post-prestimulus,median,3,test,0.5808823529411765,0.580315088517135
aggregated_ranked_features_gas-CO2_keep-CO2_post-prestimulus,median,4,train,0.8157099697885196,0.8157032412351561
aggregated_ranked_features_gas-CO2_keep-CO2_post-prestimulus,median,4,val,0.6216216216216216,0.6198862594019445
aggregated_ranked_features_gas-CO2_keep-CO2_post-prestimulus,median,4,test,0.6544117647058824,0.6459706452506231
aggregated_ranked_features_gas-CO2_keep-CO2_post-prestimulus,median,5,train,0.8202416918429003,0.8202412816633694
aggregated_ranked_features_gas-CO2_keep-CO2_post-prestimulus,median,5,val,0.5743243243243243,0.5727443522888696
aggregated_ranked_features_gas-CO2_keep-CO2_post-prestimulus,median,5,test,0.6764705882352942,0.6677770375305352
aggregated_ranked_features_gas-CO2_keep-CO2_post-prestimulus,median,6,train,0.8489425981873112,0.8488750091314194
aggregated_ranked_features_gas-CO2_keep-CO2_post-prestimulus,median,6,val,0.5608108108108109,0.5603089720736779
aggregated_ranked_features_gas-CO2_keep-CO2_post-prestimulus,median,6,test,0.6617647058823529,0.6557340964120626
aggregated_ranked_features_gas-CO2_keep-CO2_post-prestimulus,median,7,train,0.8444108761329305,0.8443679058164031
aggregated_ranked_features_gas-CO2_keep-CO2_post-prestimulus,median,7,val,0.581081081081081,0.5807748538011696
aggregated_ranked_features_gas-CO2_keep-CO2_post-prestimulus,median,7,test,0.7132352941176471,0.7113469387755103
aggregated_ranked_features_gas-CO2_keep-CO2_post-prestimulus,median,8,train,0.8534743202416919,0.8534713110545712
aggregated_ranked_features_gas-CO2_keep-CO2_post-prestimulus,median,8,val,0.5743243243243243,0.5738379267791033
aggregated_ranked_features_gas-CO2_keep-CO2_post-prestimulus,median,8,test,0.7058823529411765,0.7027322404371584
aggregated_ranked_features_gas-CO2_keep-CO2_post-prestimulus,median,9,train,0.8595166163141994,0.8593751070687043
aggregated_ranked_features_gas-CO2_keep-CO2_post-prestimulus,median,9,val,0.5608108108108109,0.5607907592567227
aggregated_ranked_features_gas-CO2_keep-CO2_post-prestimulus,median,9,test,0.6764705882352942,0.6747118938899761
aggregated_ranked_features_gas-CO2_keep-CO2_post-prestimulus,median,10,train,0.8595166163141994,0.8594444533228012
aggregated_ranked_features_gas-CO2_keep-CO2_post-prestimulus,median,10,val,0.5878378378378378,0.5873668814845285
aggregated_ranked_features_gas-CO2_keep-CO2_post-prestimulus,median,10,test,0.6764705882352942,0.6747118938899761
aggregated_ranked_features_gas-CO2_keep-CO2_post-prestimulus,median,11,train,0.8564954682779456,0.8563771601089789
aggregated_ranked_features_gas-CO2_keep-CO2_post-prestimulus,median,11,val,0.5945945945945946,0.5934065934065934
aggregated_ranked_features_gas-CO2_keep-CO2_post-prestimulus,median,11,test,0.6617647058823529,0.6614718614718614
aggregated_ranked_features_gas-CO2_keep-CO2_post-prestimulus,median,12,train,0.8625377643504532,0.8624847343491411
aggregated_ranked_features_gas-CO2_keep-CO2_post-prestimulus,median,12,val,0.5878378378378378,0.5873668814845285
aggregated_ranked_features_gas-CO2_keep-CO2_post-prestimulus,median,12,test,0.6544117647058824,0.6542435224752529
aggregated_ranked_features_gas-CO2_keep-CO2_post-prestimulus,median,13,train,0.8761329305135952,0.8760775074877639
aggregated_ranked_features_gas-CO2_keep-CO2_post-prestimulus,median,13,val,0.581081081081081,0.5803914395463692
aggregated_ranked_features_gas-CO2_keep-CO2_post-prestimulus,median,13,test,0.6470588235294118,0.6458333333333333
aggregated_ranked_features_gas-CO2_keep-CO2_post-prestimulus,median,14,train,0.8761329305135952,0.8760775074877639
aggregated_ranked_features_gas-CO2_keep-CO2_post-prestimulus,median,14,val,0.5608108108108109,0.5603089720736779
aggregated_ranked_features_gas-CO2_keep-CO2_post-prestimulus,median,14,test,0.6764705882352942,0.6761904761904762
aggregated_ranked_features_gas-CO2_keep-CO2_post-prestimulus,median,15,train,0.879154078549849,0.8791143574526363
aggregated_ranked_features_gas-CO2_keep-CO2_post-prestimulus,median,15,val,0.5743243243243243,0.5733699382292381
aggregated_ranked_features_gas-CO2_keep-CO2_post-prestimulus,median,15,test,0.6617647058823529,0.6611050920910075
aggregated_ranked_features_gas-CO2_keep-CO2_post-prestimulus,median,16,train,0.879154078549849,0.8791143574526363
aggregated_ranked_features_gas-CO2_keep-CO2_post-prestimulus,median,16,val,0.5675675675675675,0.5668556795317359
aggregated_ranked_features_gas-CO2_keep-CO2_post-prestimulus,median,16,test,0.6544117647058824,0.6542435224752529
aggregated_ranked_features_gas-CO2_keep-CO2_post-prestimulus,median,17,train,0.8731117824773413,0.8730550076703922
aggregated_ranked_features_gas-CO2_keep-CO2_post-prestimulus,median,17,val,0.5675675675675675,0.5668556795317359
aggregated_ranked_features_gas-CO2_keep-CO2_post-prestimulus,median,17,test,0.6470588235294118,0.6469824789097989
aggregated_ranked_features_gas-CO2_keep-CO2_post-prestimulus,median,18,train,0.8897280966767371,0.8897258320307597
aggregated_ranked_features_gas-CO2_keep-CO2_post-prestimulus,median,18,val,0.6283783783783784,0.6282256222881937
aggregated_ranked_features_gas-CO2_keep-CO2_post-prestimulus,median,18,test,0.6617647058823529,0.6616915422885572
aggregated_ranked_features_gas-CO2_keep-CO2_post-prestimulus,median,19,train,0.8897280966767371,0.8897157658120243
aggregated_ranked_features_gas-CO2_keep-CO2_post-prestimulus,median,19,val,0.6351351351351351,0.6348684210526316
aggregated_ranked_features_gas-CO2_keep-CO2_post-prestimulus,median,19,test,0.6691176470588235,0.6690997566909975
aggregated_ranked_features_gas-CO2_keep-CO2_post-prestimulus,median,20,train,0.8957703927492447,0.8957511245814913
aggregated_ranked_features_gas-CO2_keep-CO2_post-prestimulus,median,20,val,0.6216216216216216,0.6205128205128205
aggregated_ranked_features_gas-CO2_keep-CO2_post-prestimulus,median,20,test,0.6691176470588235,0.6690997566909975
aggregated_ranked_features_gas-CO2_keep-CO2_post-prestimulus,median,21,train,0.8987915407854985,0.8987728311153612
aggregated_ranked_features_gas-CO2_keep-CO2_post-prestimulus,median,21,val,0.6283783783783784,0.6269990377125052
aggregated_ranked_features_gas-CO2_keep-CO2_post-prestimulus,median,21,test,0.6691176470588235,0.6690997566909975
aggregated_ranked_features_gas-CO2_keep-CO2_post-prestimulus,median,22,train,0.9033232628398792,0.9033091423615865
aggregated_ranked_features_gas-CO2_keep-CO2_post-prestimulus,median,22,val,0.6351351351351351,0.6345344796049022
aggregated_ranked_features_gas-CO2_keep-CO2_post-prestimulus,median,22,test,0.6617647058823529,0.6617647058823529
aggregated_ranked_features_gas-CO2_keep-CO2_post-prestimulus,median,23,train,0.9018126888217523,0.9018017092846792
aggregated_ranked_features_gas-CO2_keep-CO2_post-prestimulus,median,23,val,0.6351351351351351,0.6345344796049022
aggregated_ranked_features_gas-CO2_keep-CO2_post-prestimulus,median,23,test,0.6691176470588235,0.6690997566909975
aggregated_ranked_features_gas-CO2_keep-CO2_post-prestimulus,median,24,train,0.9093655589123867,0.9093523209639873
aggregated_ranked_features_gas-CO2_keep-CO2_post-prestimulus,median,24,val,0.6216216216216216,0.6213450292397661
aggregated_ranked_features_gas-CO2_keep-CO2_post-prestimulus,median,24,test,0.6470588235294118,0.6469824789097989
aggregated_ranked_features_gas-CO2_keep-CO2_post-prestimulus,median,25,train,0.9138972809667674,0.9138923688840511
aggregated_ranked_features_gas-CO2_keep-CO2_post-prestimulus,median,25,val,0.6283783783783784,0.6275451841683826
aggregated_ranked_features_gas-CO2_keep-CO2_post-prestimulus,median,25,test,0.6764705882352942,0.6764705882352942
aggregated_ranked_features_gas-CO2_keep-CO2_post-prestimulus,median,26,train,0.9078549848942599,0.9078547746341641
aggregated_ranked_features_gas-CO2_keep-CO2_post-prestimulus,median,26,val,0.6216216216216216,0.6213450292397661
aggregated_ranked_features_gas-CO2_keep-CO2_post-prestimulus,median,26,test,0.6617647058823529,0.6614718614718614
aggregated_ranked_features_gas-CO2_keep-CO2_post-prestimulus,median,27,train,0.9123867069486404,0.9123739102651878
aggregated_ranked_features_gas-CO2_keep-CO2_post-prestimulus,median,27,val,0.6351351351351351,0.6345344796049022
aggregated_ranked_features_gas-CO2_keep-CO2_post-prestimulus,median,27,test,0.6985294117647058,0.6981213794596937
aggregated_ranked_features_gas-CO2_keep-CO2_post-prestimulus,median,28,train,0.9154078549848943,0.9153954995663882
aggregated_ranked_features_gas-CO2_keep-CO2_post-prestimulus,median,28,val,0.6351351351351351,0.6345344796049022
aggregated_ranked_features_gas-CO2_keep-CO2_post-prestimulus,median,28,test,0.7205882352941176,0.7196180555555556
aggregated_ranked_features_gas-CO2_keep-CO2_post-prestimulus,median,29,train,0.9154078549848943,0.9153954995663882
aggregated_ranked_features_gas-CO2_keep-CO2_post-prestimulus,median,29,val,0.6486486486486487,0.6480702396195355
aggregated_ranked_features_gas-CO2_keep-CO2_post-prestimulus,median,29,test,0.7132352941176471,0.7128471658275134
aggregated_ranked_features_gas-CO2_keep-CO2_post-prestimulus,median,30,train,0.9199395770392749,0.9199379328442503
aggregated_ranked_features_gas-CO2_keep-CO2_post-prestimulus,median,30,val,0.6554054054054054,0.6546328071379548
aggregated_ranked_features_gas-CO2_keep-CO2_post-prestimulus,median,30,test,0.7352941176470589,0.7347778981581798
aggregated_ranked_features_gas-CO2_keep-CO2_post-prestimulus,median,31,train,0.9214501510574018,0.9214472831494108
aggregated_ranked_features_gas-CO2_keep-CO2_post-prestimulus,median,31,val,0.6486486486486487,0.6480702396195355
aggregated_ranked_features_gas-CO2_keep-CO2_post-prestimulus,median,31,test,0.7279411764705882,0.7275729521953331
aggregated_ranked_features_gas-CO2_keep-CO2_post-prestimulus,median,32,train,0.9229607250755287,0.9229591429255992
aggregated_ranked_features_gas-CO2_keep-CO2_post-prestimulus,median,32,val,0.6621621621621622,0.6616059996341687
aggregated_ranked_features_gas-CO2_keep-CO2_post-prestimulus,median,32,test,0.7205882352941176,0.7200433369447454
aggregated_ranked_features_gas-CO2_keep-CO2_post-prestimulus,median,33,train,0.9214501510574018,0.9214494341000365
aggregated_ranked_features_gas-CO2_keep-CO2_post-prestimulus,median,33,val,0.6486486486486487,0.6483918128654971
aggregated_ranked_features_gas-CO2_keep-CO2_post-prestimulus,median,33,test,0.7058823529411765,0.7048611111111112
aggregated_ranked_features_gas-CO2_keep-CO2_post-prestimulus,median,34,train,0.918429003021148,0.9184282584884995
aggregated_ranked_features_gas-CO2_keep-CO2_post-prestimulus,median,34,val,0.6554054054054054,0.6546328071379548
aggregated_ranked_features_gas-CO2_keep-CO2_post-prestimulus,median,34,test,0.7132352941176471,0.7124735729386893
aggregated_ranked_features_gas-CO2_keep-CO2_post-prestimulus,median,35,train,0.9229607250755287,0.9229605492843012
aggregated_ranked_features_gas-CO2_keep-CO2_post-prestimulus,median,35,val,0.6418918918918919,0.6414827003062298
aggregated_ranked_features_gas-CO2_keep-CO2_post-prestimulus,median,35,test,0.7205882352941176,0.7196180555555556
aggregated_ranked_features_gas-CO2_keep-CO2_post-prestimulus,median,36,train,0.9244712990936556,0.9244712990936556
aggregated_ranked_features_gas-CO2_keep-CO2_post-prestimulus,median,36,val,0.6418918918918919,0.6414827003062298
aggregated_ranked_features_gas-CO2_keep-CO2_post-prestimulus,median,36,test,0.7132352941176471,0.7124735729386893
aggregated_ranked_features_gas-CO2_keep-CO2_post-prestimulus,median,37,train,0.9229607250755287,0.9229605492843012
aggregated_ranked_features_gas-CO2_keep-CO2_post-prestimulus,median,37,val,0.6554054054054054,0.6550116550116549
aggregated_ranked_features_gas-CO2_keep-CO2_post-prestimulus,median,37,test,0.7132352941176471,0.7124735729386893
aggregated_ranked_features_gas-CO2_keep-CO2_post-prestimulus,median,38,train,0.9244712990936556,0.9244706097115736
aggregated_ranked_features_gas-CO2_keep-CO2_post-prestimulus,median,38,val,0.6756756756756757,0.6754385964912281
aggregated_ranked_features_gas-CO2_keep-CO2_post-prestimulus,median,38,test,0.7279411764705882,0.7275729521953331
aggregated_ranked_features_gas-CO2_keep-CO2_post-prestimulus,median,39,train,0.9274924471299094,0.9274917853231106
aggregated_ranked_features_gas-CO2_keep-CO2_post-prestimulus,median,39,val,0.668918918918919,0.6685406097170803
aggregated_ranked_features_gas-CO2_keep-CO2_post-prestimulus,median,39,test,0.7132352941176471,0.7124735729386893
aggregated_ranked_features_gas-CO2_keep-CO2_post-prestimulus,median,40,train,0.9290030211480362,0.9290015630882973
aggregated_ranked_features_gas-CO2_keep-CO2_post-prestimulus,median,40,val,0.6554054054054054,0.6550116550116549
aggregated_ranked_features_gas-CO2_keep-CO2_post-prestimulus,median,40,test,0.7205882352941176,0.7203463203463203
aggregated_ranked_features_gas-CO2_keep-CO2_post-prestimulus,median,41,train,0.9290030211480362,0.9290015630882973
aggregated_ranked_features_gas-CO2_keep-CO2_post-prestimulus,median,41,val,0.6486486486486487,0.6483918128654971
aggregated_ranked_features_gas-CO2_keep-CO2_post-prestimulus,median,41,test,0.7205882352941176,0.7203463203463203
aggregated_ranked_features_gas-CO2_keep-CO2_post-prestimulus,median,42,train,0.9290030211480362,0.9290015630882973
aggregated_ranked_features_gas-CO2_keep-CO2_post-prestimulus,median,42,val,0.6621621621621622,0.6619152046783625
aggregated_ranked_features_gas-CO2_keep-CO2_post-prestimulus,median,42,test,0.7132352941176471,0.7128471658275134
aggregated_ranked_features_gas-CO2_keep-CO2_post-prestimulus,median,43,train,0.9274924471299094,0.9274897998302254
aggregated_ranked_features_gas-CO2_keep-CO2_post-prestimulus,median,43,val,0.668918918918919,0.6687828271294816
aggregated_ranked_features_gas-CO2_keep-CO2_post-prestimulus,median,43,test,0.7132352941176471,0.7128471658275134
aggregated_ranked_features_gas-CO2_keep-CO2_post-prestimulus,median,44,train,0.9305135951661632,0.9305129609346476
aggregated_ranked_features_gas-CO2_keep-CO2_post-prestimulus,median,44,val,0.6418918918918919,0.6414827003062298
aggregated_ranked_features_gas-CO2_keep-CO2_post-prestimulus,median,44,test,0.7279411764705882,0.7278087304592415
aggregated_ranked_features_gas-CO2_keep-CO2_post-prestimulus,median,45,train,0.93202416918429,0.9320240140743834
aggregated_ranked_features_gas-CO2_keep-CO2_post-prestimulus,median,45,val,0.6486486486486487,0.6483918128654971
aggregated_ranked_features_gas-CO2_keep-CO2_post-prestimulus,median,45,test,0.6985294117647058,0.6977286279611861
aggregated_ranked_features_gas-CO2_keep-CO2_post-prestimulus,median,46,train,0.9290030211480362,0.9290015630882973
aggregated_ranked_features_gas-CO2_keep-CO2_post-prestimulus,median,46,val,0.6486486486486487,0.6483918128654971
aggregated_ranked_features_gas-CO2_keep-CO2_post-prestimulus,median,46,test,0.7132352941176471,0.7128471658275134
aggregated_ranked_features_gas-CO2_keep-CO2_post-prestimulus,median,47,train,0.9259818731117825,0.9259817042143286
aggregated_ranked_features_gas-CO2_keep-CO2_post-prestimulus,median,47,val,0.6486486486486487,0.6483918128654971
aggregated_ranked_features_gas-CO2_keep-CO2_post-prestimulus,median,47,test,0.7279411764705882,0.7275729521953331
aggregated_ranked_features_gas-CO2_keep-CO2_post-prestimulus,median,48,train,0.9274924471299094,0.9274897998302254
aggregated_ranked_features_gas-CO2_keep-CO2_post-prestimulus,median,48,val,0.6486486486486487,0.6483918128654971
aggregated_ranked_features_gas-CO2_keep-CO2_post-prestimulus,median,48,test,0.7279411764705882,0.7272185179161923
aggregated_ranked_features_gas-CO2_keep-CO2_post-prestimulus,median,49,train,0.9259818731117825,0.9259817042143286
aggregated_ranked_features_gas-CO2_keep-CO2_post-prestimulus,median,49,val,0.6486486486486487,0.6483918128654971
aggregated_ranked_features_gas-CO2_keep-CO2_post-prestimulus,median,49,test,0.7205882352941176,0.7200433369447454
aggregated_ranked_features_gas-CO2_keep-CO2_post-prestimulus,median,50,train,0.9259818731117825,0.9259817042143286
aggregated_ranked_features_gas-CO2_keep-CO2_post-prestimulus,median,50,val,0.6554054054054054,0.6552637588490523
aggregated_ranked_features_gas-CO2_keep-CO2_post-prestimulus,median,50,test,0.7132352941176471,0.7119739342926962
aggregated_ranked_features_gas-CO2_keep-CO2_post-prestimulus,median,51,train,0.9305135951661632,0.9305129609346476
aggregated_ranked_features_gas-CO2_keep-CO2_post-prestimulus,median,51,val,0.6418918918918919,0.641744690568623
aggregated_ranked_features_gas-CO2_keep-CO2_post-prestimulus,median,51,test,0.7132352941176471,0.7119739342926962
aggregated_ranked_features_gas-CO2_keep-CO2_post-prestimulus,median,52,train,0.9274924471299094,0.9274924471299094
aggregated_ranked_features_gas-CO2_keep-CO2_post-prestimulus,median,52,val,0.6486486486486487,0.6483918128654971
aggregated_ranked_features_gas-CO2_keep-CO2_post-prestimulus,median,52,test,0.6985294117647058,0.6972033668205267
aggregated_ranked_features_gas-CO2_keep-CO2_post-prestimulus,median,53,train,0.9305135951661632,0.9305129609346476
aggregated_ranked_features_gas-CO2_keep-CO2_post-prestimulus,median,53,val,0.6486486486486487,0.6483918128654971
aggregated_ranked_features_gas-CO2_keep-CO2_post-prestimulus,median,53,test,0.7205882352941176,0.7196180555555556
aggregated_ranked_features_gas-CO2_keep-CO2_post-prestimulus,median,54,train,0.9274924471299094,0.9274924471299094
aggregated_ranked_features_gas-CO2_keep-CO2_post-prestimulus,median,54,val,0.6554054054054054,0.6550116550116549
aggregated_ranked_features_gas-CO2_keep-CO2_post-prestimulus,median,54,test,0.7132352941176471,0.7124735729386893
aggregated_ranked_features_gas-CO2_keep-CO2_post-prestimulus,median,55,train,0.9290030211480362,0.9290015630882973
aggregated_ranked_features_gas-CO2_keep-CO2_post-prestimulus,median,55,val,0.6418918918918919,0.641744690568623
aggregated_ranked_features_gas-CO2_keep-CO2_post-prestimulus,median,55,test,0.6985294117647058,0.6981213794596937
aggregated_ranked_features_gas-CO2_keep-CO2_post-prestimulus,median,56,train,0.9305135951661632,0.9305129609346476
aggregated_ranked_features_gas-CO2_keep-CO2_post-prestimulus,median,56,val,0.6486486486486487,0.6485844748858447
aggregated_ranked_features_gas-CO2_keep-CO2_post-prestimulus,median,56,test,0.6985294117647058,0.6977286279611861
aggregated_ranked_features_gas-CO2_keep-CO2_post-prestimulus,median,57,train,0.9305135951661632,0.9305129609346476
aggregated_ranked_features_gas-CO2_keep-CO2_post-prestimulus,median,57,val,0.6351351351351351,0.6348684210526316
aggregated_ranked_features_gas-CO2_keep-CO2_post-prestimulus,median,57,test,0.6985294117647058,0.6972033668205267
aggregated_ranked_features_gas-CO2_keep-CO2_post-prestimulus,median,58,train,0.9365558912386707,0.9365535748514472
aggregated_ranked_features_gas-CO2_keep-CO2_post-prestimulus,median,58,val,0.6351351351351351,0.6348684210526316
aggregated_ranked_features_gas-CO2_keep-CO2_post-prestimulus,median,58,test,0.7058823529411765,0.7042835398999783
aggregated_ranked_features_gas-CO2_keep-CO2_post-prestimulus,median,59,train,0.9365558912386707,0.9365535748514472
aggregated_ranked_features_gas-CO2_keep-CO2_post-prestimulus,median,59,val,0.6351351351351351,0.6348684210526316
aggregated_ranked_features_gas-CO2_keep-CO2_post-prestimulus,median,59,test,0.7132352941176471,0.7119739342926962
aggregated_ranked_features_gas-CO2_keep-CO2_post-prestimulus,median,60,train,0.9410876132930514,0.9410874788644656
aggregated_ranked_features_gas-CO2_keep-CO2_post-prestimulus,median,60,val,0.6486486486486487,0.6483918128654971
aggregated_ranked_features_gas-CO2_keep-CO2_post-prestimulus,median,60,test,0.7205882352941176,0.7175956284153006
aggregated_ranked_features_gas-CO2_keep-CO2_post-prestimulus,median,61,train,0.9441087613293051,0.9441086337944931
aggregated_ranked_features_gas-CO2_keep-CO2_post-prestimulus,median,61,val,0.6418918918918919,0.641744690568623
aggregated_ranked_features_gas-CO2_keep-CO2_post-prestimulus,median,61,test,0.6985294117647058,0.6948169229927207
aggregated_ranked_features_gas-CO2_keep-CO2_post-prestimulus,median,62,train,0.9410876132930514,0.9410874788644656
aggregated_ranked_features_gas-CO2_keep-CO2_post-prestimulus,median,62,val,0.6216216216216216,0.6215525114155251
aggregated_ranked_features_gas-CO2_keep-CO2_post-prestimulus,median,62,test,0.7058823529411765,0.7035745422842197
aggregated_ranked_features_gas-CO2_keep-CO2_post-prestimulus,median,63,train,0.9410876132930514,0.9410874788644656
aggregated_ranked_features_gas-CO2_keep-CO2_post-prestimulus,median,63,val,0.6418918918918919,0.6414827003062298
aggregated_ranked_features_gas-CO2_keep-CO2_post-prestimulus,median,63,test,0.6911764705882353,0.6878688524590164
aggregated_ranked_features_gas-CO2_keep-CO2_post-prestimulus,median,64,train,0.9425981873111783,0.9425981873111783
aggregated_ranked_features_gas-CO2_keep-CO2_post-prestimulus,median,64,val,0.6351351351351351,0.6348684210526316
aggregated_ranked_features_gas-CO2_keep-CO2_post-prestimulus,median,64,test,0.6985294117647058,0.6957494407158836
aggregated_ranked_features_gas-CO2_keep-CO2_post-prestimulus,median,65,train,0.945619335347432,0.945619335347432
aggregated_ranked_features_gas-CO2_keep-CO2_post-prestimulus,median,65,val,0.6351351351351351,0.6348684210526316
aggregated_ranked_features_gas-CO2_keep-CO2_post-prestimulus,median,65,test,0.6985294117647058,0.6957494407158836
aggregated_ranked_features_gas-CO2_keep-CO2_post-prestimulus,median,66,train,0.9425981873111783,0.9425976633807959
aggregated_ranked_features_gas-CO2_keep-CO2_post-prestimulus,median,66,val,0.6351351351351351,0.6350684931506849
aggregated_ranked_features_gas-CO2_keep-CO2_post-prestimulus,median,66,test,0.7132352941176471,0.7097039023589294
aggregated_ranked_features_gas-CO2_keep-CO2_post-prestimulus,median,67,train,0.945619335347432,0.945617349872669
aggregated_ranked_features_gas-CO2_keep-CO2_post-prestimulus,median,67,val,0.6216216216216216,0.6213450292397661
aggregated_ranked_features_gas-CO2_keep-CO2_post-prestimulus,median,67,test,0.6911764705882353,0.6887532693984306
aggregated_ranked_features_gas-CO2_keep-CO2_post-prestimulus,median,68,train,0.9486404833836858,0.94864001460387
aggregated_ranked_features_gas-CO2_keep-CO2_post-prestimulus,median,68,val,0.6148648648648649,0.6147065540077643
aggregated_ranked_features_gas-CO2_keep-CO2_post-prestimulus,median,68,test,0.7058823529411765,0.7035745422842197
aggregated_ranked_features_gas-CO2_keep-CO2_post-prestimulus,median,69,train,0.9486404833836858,0.9486404833836858
aggregated_ranked_features_gas-CO2_keep-CO2_post-prestimulus,median,69,val,0.6216216216216216,0.6215525114155251
aggregated_ranked_features_gas-CO2_keep-CO2_post-prestimulus,median,69,test,0.6985294117647058,0.6957494407158836
aggregated_ranked_features_gas-CO2_keep-CO2_post-prestimulus,median,70,train,0.945619335347432,0.945618838992333
aggregated_ranked_features_gas-CO2_keep-CO2_post-prestimulus,median,70,val,0.6216216216216216,0.6213450292397661
aggregated_ranked_features_gas-CO2_keep-CO2_post-prestimulus,median,70,test,0.7058823529411765,0.7035745422842197
aggregated_ranked_features_gas-CO2_keep-CO2_post-prestimulus,median,71,train,0.9486404833836858,0.94864001460387
aggregated_ranked_features_gas-CO2_keep-CO2_post-prestimulus,median,71,val,0.6148648648648649,0.614424790895379
aggregated_ranked_features_gas-CO2_keep-CO2_post-prestimulus,median,71,test,0.7205882352941176,0.7175956284153006
aggregated_ranked_features_gas-CO2_keep-CO2_post-prestimulus,median,72,train,0.9441087613293051,0.9441086337944931
aggregated_ranked_features_gas-CO2_keep-CO2_post-prestimulus,median,72,val,0.6148648648648649,0.6147065540077643
aggregated_ranked_features_gas-CO2_keep-CO2_post-prestimulus,median,72,test,0.6985294117647058,0.6957494407158836
aggregated_ranked_features_gas-CO2_keep-CO2_post-prestimulus,median,73,train,0.945619335347432,0.945618838992333
aggregated_ranked_features_gas-CO2_keep-CO2_post-prestimulus,median,73,val,0.6148648648648649,0.6147065540077643
aggregated_ranked_features_gas-CO2_keep-CO2_post-prestimulus,median,73,test,0.7132352941176471,0.7113469387755103
aggregated_ranked_features_gas-CO2_keep-CO2_post-prestimulus,median,74,train,0.947129909365559,0.9471288235763916
aggregated_ranked_features_gas-CO2_keep-CO2_post-prestimulus,median,74,val,0.6283783783783784,0.6282256222881937
aggregated_ranked_features_gas-CO2_keep-CO2_post-prestimulus,median,74,test,0.7132352941176471,0.7113469387755103
aggregated_ranked_features_gas-CO2_keep-CO2_post-prestimulus,median,75,train,0.9441087613293051,0.9441086337944931
aggregated_ranked_features_gas-CO2_keep-CO2_post-prestimulus,median,75,val,0.6283783783783784,0.6283614116787655
aggregated_ranked_features_gas-CO2_keep-CO2_post-prestimulus,median,75,test,0.6911764705882353,0.6878688524590164
aggregated_ranked_features_gas-CO2_keep-CO2_post-prestimulus,median,76,train,0.9486404833836858,0.9486404833836858
aggregated_ranked_features_gas-CO2_keep-CO2_post-prestimulus,median,76,val,0.6216216216216216,0.6215525114155251
aggregated_ranked_features_gas-CO2_keep-CO2_post-prestimulus,median,76,test,0.6838235294117647,0.6799299436265119
aggregated_ranked_features_gas-CO2_keep-CO2_post-prestimulus,median,77,train,0.9501510574018127,0.9501509436545478
aggregated_ranked_features_gas-CO2_keep-CO2_post-prestimulus,median,77,val,0.6283783783783784,0.6282256222881937
aggregated_ranked_features_gas-CO2_keep-CO2_post-prestimulus,median,77,test,0.6764705882352942,0.6730054644808743
aggregated_ranked_features_gas-CO2_keep-CO2_post-prestimulus,median,78,train,0.9486404833836858,0.9486404833836858
aggregated_ranked_features_gas-CO2_keep-CO2_post-prestimulus,median,78,val,0.6148648648648649,0.6148472811943569
aggregated_ranked_features_gas-CO2_keep-CO2_post-prestimulus,median,78,test,0.6985294117647058,0.6957494407158836
aggregated_ranked_features_gas-CO2_keep-CO2_post-prestimulus,median,79,train,0.9486404833836858,0.9486404833836858
aggregated_ranked_features_gas-CO2_keep-CO2_post-prestimulus,median,79,val,0.6148648648648649,0.6148472811943569
aggregated_ranked_features_gas-CO2_keep-CO2_post-prestimulus,median,79,test,0.6764705882352942,0.6719298245614035
aggregated_ranked_features_gas-CO2_keep-CO2_post-prestimulus,median,80,train,0.9486404833836858,0.94864001460387
aggregated_ranked_features_gas-CO2_keep-CO2_post-prestimulus,median,80,val,0.6148648648648649,0.6148472811943569
aggregated_ranked_features_gas-CO2_keep-CO2_post-prestimulus,median,80,test,0.6911764705882353,0.6887532693984306
aggregated_ranked_features_gas-CO2_keep-CO2_post-prestimulus,median,81,train,0.947129909365559,0.9471297887245205
aggregated_ranked_features_gas-CO2_keep-CO2_post-prestimulus,median,81,val,0.6283783783783784,0.6282256222881937
aggregated_ranked_features_gas-CO2_keep-CO2_post-prestimulus,median,81,test,0.6985294117647058,0.6965442176870749
aggregated_ranked_features_gas-CO2_keep-CO2_post-prestimulus,median,82,train,0.9531722054380665,0.9531720985845753
aggregated_ranked_features_gas-CO2_keep-CO2_post-prestimulus,median,82,val,0.6216216216216216,0.6215525114155251
aggregated_ranked_features_gas-CO2_keep-CO2_post-prestimulus,median,82,test,0.6911764705882353,0.6887532693984306
aggregated_ranked_features_gas-CO2_keep-CO2_post-prestimulus,median,83,train,0.9501510574018127,0.9501509436545478
aggregated_ranked_features_gas-CO2_keep-CO2_post-prestimulus,median,83,val,0.6283783783783784,0.6282256222881937
aggregated_ranked_features_gas-CO2_keep-CO2_post-prestimulus,median,83,test,0.6838235294117647,0.6809079500190975
aggregated_ranked_features_gas-CO2_keep-CO2_post-prestimulus,median,84,train,0.947129909365559,0.9471297887245205
aggregated_ranked_features_gas-CO2_keep-CO2_post-prestimulus,median,84,val,0.6148648648648649,0.6148472811943569
aggregated_ranked_features_gas-CO2_keep-CO2_post-prestimulus,median,84,test,0.6838235294117647,0.6799299436265119
aggregated_ranked_features_gas-CO2_keep-CO2_post-prestimulus,median,85,train,0.947129909365559,0.9471297887245205
aggregated_ranked_features_gas-CO2_keep-CO2_post-prestimulus,median,85,val,0.6148648648648649,0.6148472811943569
aggregated_ranked_features_gas-CO2_keep-CO2_post-prestimulus,median,85,test,0.6985294117647058,0.6957494407158836
aggregated_ranked_features_gas-CO2_keep-CO2_post-prestimulus,median,86,train,0.947129909365559,0.9471297887245205
aggregated_ranked_features_gas-CO2_keep-CO2_post-prestimulus,median,86,val,0.6081081081081081,0.6081081081081081
aggregated_ranked_features_gas-CO2_keep-CO2_post-prestimulus,median,86,test,0.6985294117647058,0.6957494407158836
aggregated_ranked_features_gas-CO2_keep-CO2_post-prestimulus,median,87,train,0.947129909365559,0.9471297887245205
aggregated_ranked_features_gas-CO2_keep-CO2_post-prestimulus,median,87,val,0.6081081081081081,0.6081081081081081
aggregated_ranked_features_gas-CO2_keep-CO2_post-prestimulus,median,87,test,0.6691176470588235,0.6650429642603033
aggregated_ranked_features_gas-CO2_keep-CO2_post-prestimulus,median,88,train,0.9501510574018127,0.9501509436545478
aggregated_ranked_features_gas-CO2_keep-CO2_post-prestimulus,median,88,val,0.6148648648648649,0.6148472811943569
aggregated_ranked_features_gas-CO2_keep-CO2_post-prestimulus,median,88,test,0.6470588235294118,0.6421052631578947
aggregated_ranked_features_gas-CO2_keep-CO2_post-prestimulus,median,89,train,0.9501510574018127,0.9501500336577406
aggregated_ranked_features_gas-CO2_keep-CO2_post-prestimulus,median,89,val,0.6081081081081081,0.6080365296803653
aggregated_ranked_features_gas-CO2_keep-CO2_post-prestimulus,median,89,test,0.6691176470588235,0.6638655462184875
aggregated_ranked_features_gas-CO2_keep-CO2_post-prestimulus,median,90,train,0.9486404833836858,0.94864001460387
aggregated_ranked_features_gas-CO2_keep-CO2_post-prestimulus,median,90,val,0.6081081081081081,0.6080365296803653
aggregated_ranked_features_gas-CO2_keep-CO2_post-prestimulus,median,90,test,0.6691176470588235,0.6650429642603033
aggregated_ranked_features_gas-CO2_keep-CO2_post-prestimulus,median,91,train,0.9501510574018127,0.9501500336577406
aggregated_ranked_features_gas-CO2_keep-CO2_post-prestimulus,median,91,val,0.5945945945945946,0.5942982456140351
aggregated_ranked_features_gas-CO2_keep-CO2_post-prestimulus,median,91,test,0.6691176470588235,0.6650429642603033
aggregated_ranked_features_gas-CO2_keep-CO2_post-prestimulus,median,92,train,0.9501510574018127,0.9501500336577406
aggregated_ranked_features_gas-CO2_keep-CO2_post-prestimulus,median,92,val,0.5945945945945946,0.5942982456140351
aggregated_ranked_features_gas-CO2_keep-CO2_post-prestimulus,median,92,test,0.6470588235294118,0.6407660136473696
aggregated_ranked_features_gas-CO2_keep-CO2_post-prestimulus,median,93,train,0.9501510574018127,0.9501509436545478
aggregated_ranked_features_gas-CO2_keep-CO2_post-prestimulus,median,93,val,0.5945945945945946,0.5942982456140351
aggregated_ranked_features_gas-CO2_keep-CO2_post-prestimulus,median,93,test,0.6470588235294118,0.6407660136473696
aggregated_ranked_features_gas-CO2_keep-CO2_post-prestimulus,median,94,train,0.9501510574018127,0.9501509436545478
aggregated_ranked_features_gas-CO2_keep-CO2_post-prestimulus,median,94,val,0.5945945945945946,0.5942982456140351
aggregated_ranked_features_gas-CO2_keep-CO2_post-prestimulus,median,94,test,0.6470588235294118,0.6407660136473696
aggregated_ranked_features_gas-CO2_keep-CO2_post-prestimulus,median,95,train,0.9501510574018127,0.9501500336577406
aggregated_ranked_features_gas-CO2_keep-CO2_post-prestimulus,median,95,val,0.6013513513513513,0.6011874857273349
aggregated_ranked_features_gas-CO2_keep-CO2_post-prestimulus,median,95,test,0.6617647058823529,0.6557340964120626
aggregated_ranked_features_gas-CO2_keep-CO2_post-prestimulus,median,96,train,0.947129909365559,0.9471297887245205
aggregated_ranked_features_gas-CO2_keep-CO2_post-prestimulus,median,96,val,0.6013513513513513,0.6011874857273349
aggregated_ranked_features_gas-CO2_keep-CO2_post-prestimulus,median,96,test,0.6617647058823529,0.6570175438596491
aggregated_ranked_features_gas-CO2_keep-CO2_post-prestimulus,median,97,train,0.9501510574018127,0.9501509436545478
aggregated_ranked_features_gas-CO2_keep-CO2_post-prestimulus,median,97,val,0.6013513513513513,0.6011874857273349
aggregated_ranked_features_gas-CO2_keep-CO2_post-prestimulus,median,97,test,0.6691176470588235,0.6625310173697271
aggregated_ranked_features_gas-CO2_keep-CO2_post-prestimulus,median,98,train,0.9486404833836858,0.9486404833836858
aggregated_ranked_features_gas-CO2_keep-CO2_post-prestimulus,median,98,val,0.6013513513513513,0.6011874857273349
aggregated_ranked_features_gas-CO2_keep-CO2_post-prestimulus,median,98,test,0.6691176470588235,0.6638655462184875
aggregated_ranked_features_gas-CO2_keep-CO2_post-prestimulus,median,99,train,0.9501510574018127,0.9501509436545478
aggregated_ranked_features_gas-CO2_keep-CO2_post-prestimulus,median,99,val,0.5878378378378378,0.5873668814845285
aggregated_ranked_features_gas-CO2_keep-CO2_post-prestimulus,median,99,test,0.6617647058823529,0.6557340964120626
aggregated_ranked_features_gas-CO2_keep-CO2_post-prestimulus,median,100,train,0.9486404833836858,0.94864001460387
aggregated_ranked_features_gas-CO2_keep-CO2_post-prestimulus,median,100,val,0.6013513513513513,0.6013331507099484
aggregated_ranked_features_gas-CO2_keep-CO2_post-prestimulus,median,100,test,0.6691176470588235,0.6625310173697271
aggregated_ranked_features_gas-CO2_keep-CO2_post-prestimulus,median,101,train,0.9516616314199395,0.9516616314199395
aggregated_ranked_features_gas-CO2_keep-CO2_post-prestimulus,median,101,val,0.6216216216216216,0.6216216216216216
aggregated_ranked_features_gas-CO2_keep-CO2_post-prestimulus,median,101,test,0.6691176470588235,0.6625310173697271
aggregated_ranked_features_gas-CO2_keep-CO2_post-prestimulus,median,102,train,0.9501510574018127,0.9501509436545478
aggregated_ranked_features_gas-CO2_keep-CO2_post-prestimulus,median,102,val,0.6148648648648649,0.6148472811943569
aggregated_ranked_features_gas-CO2_keep-CO2_post-prestimulus,median,102,test,0.6764705882352942,0.6719298245614035
aggregated_ranked_features_gas-CO2_keep-CO2_post-prestimulus,median,103,train,0.947129909365559,0.9471297887245205
aggregated_ranked_features_gas-CO2_keep-CO2_post-prestimulus,median,103,val,0.6081081081081081,0.6080365296803653
aggregated_ranked_features_gas-CO2_keep-CO2_post-prestimulus,median,103,test,0.6764705882352942,0.6707021791767555
aggregated_ranked_features_gas-CO2_keep-CO2_post-prestimulus,median,104,train,0.9501510574018127,0.9501509436545478
aggregated_ranked_features_gas-CO2_keep-CO2_post-prestimulus,median,104,val,0.6148648648648649,0.6148472811943569
aggregated_ranked_features_gas-CO2_keep-CO2_post-prestimulus,median,104,test,0.6838235294117647,0.6788048552754435
aggregated_ranked_features_gas-CO2_keep-CO2_post-prestimulus,median,105,train,0.9486404833836858,0.94864001460387
aggregated_ranked_features_gas-CO2_keep-CO2_post-prestimulus,median,105,val,0.6081081081081081,0.6081081081081081
aggregated_ranked_features_gas-CO2_keep-CO2_post-prestimulus,median,105,test,0.6838235294117647,0.6788048552754435
aggregated_ranked_features_gas-CO2_keep-CO2_post-prestimulus,median,106,train,0.9531722054380665,0.9531720985845753
aggregated_ranked_features_gas-CO2_keep-CO2_post-prestimulus,median,106,val,0.6081081081081081,0.6081081081081081
aggregated_ranked_features_gas-CO2_keep-CO2_post-prestimulus,median,106,test,0.6911764705882353,0.6856702619414483
aggregated_ranked_features_gas-CO2_keep-CO2_post-prestimulus,median,107,train,0.9501510574018127,0.9501500336577406
aggregated_ranked_features_gas-CO2_keep-CO2_post-prestimulus,median,107,val,0.6081081081081081,0.6081081081081081
aggregated_ranked_features_gas-CO2_keep-CO2_post-prestimulus,median,107,test,0.6911764705882353,0.6856702619414483
aggregated_ranked_features_gas-CO2_keep-CO2_post-prestimulus,median,108,train,0.9501510574018127,0.9501500336577406
aggregated_ranked_features_gas-CO2_keep-CO2_post-prestimulus,median,108,val,0.6081081081081081,0.6081081081081081
aggregated_ranked_features_gas-CO2_keep-CO2_post-prestimulus,median,108,test,0.6838235294117647,0.6788048552754435
aggregated_ranked_features_gas-CO2_keep-CO2_post-prestimulus,median,109,train,0.9531722054380665,0.9531712437390898
aggregated_ranked_features_gas-CO2_keep-CO2_post-prestimulus,median,109,val,0.6148648648648649,0.6148472811943569
aggregated_ranked_features_gas-CO2_keep-CO2_post-prestimulus,median,109,test,0.6985294117647058,0.6937441643323996
aggregated_ranked_features_gas-CO2_keep-CO2_post-prestimulus,median,110,train,0.9561933534743202,0.9561932535146027
aggregated_ranked_features_gas-CO2_keep-CO2_post-prestimulus,median,110,val,0.6148648648648649,0.6148472811943569
aggregated_ranked_features_gas-CO2_keep-CO2_post-prestimulus,median,110,test,0.6911764705882353,0.6856702619414483
aggregated_ranked_features_gas-CO2_keep-CO2_post-prestimulus,median,111,train,0.9531722054380665,0.9531720985845753
aggregated_ranked_features_gas-CO2_keep-CO2_post-prestimulus,median,111,val,0.6081081081081081,0.6081081081081081
aggregated_ranked_features_gas-CO2_keep-CO2_post-prestimulus,median,111,test,0.6838235294117647,0.6775296388199614
aggregated_ranked_features_gas-CO2_keep-CO2_post-prestimulus,median,112,train,0.947129909365559,0.9471268931744173
aggregated_ranked_features_gas-CO2_keep-CO2_post-prestimulus,median,112,val,0.6081081081081081,0.6081081081081081
aggregated_ranked_features_gas-CO2_keep-CO2_post-prestimulus,median,112,test,0.6764705882352942,0.6730054644808743
aggregated_ranked_features_gas-CO2_keep-CO2_post-prestimulus,median,113,train,0.947129909365559,0.9471288235763916
aggregated_ranked_features_gas-CO2_keep-CO2_post-prestimulus,median,113,val,0.5945945945945946,0.5942982456140351
aggregated_ranked_features_gas-CO2_keep-CO2_post-prestimulus,median,113,test,0.7058823529411765,0.7027322404371584
aggregated_ranked_features_gas-CO2_keep-CO2_post-prestimulus,median,114,train,0.947129909365559,0.9471288235763916
aggregated_ranked_features_gas-CO2_keep-CO2_post-prestimulus,median,114,val,0.6013513513513513,0.6011874857273349
aggregated_ranked_features_gas-CO2_keep-CO2_post-prestimulus,median,114,test,0.7132352941176471,0.7105909314126699
aggregated_ranked_features_gas-CO2_keep-CO2_post-prestimulus,median,115,train,0.947129909365559,0.9471288235763916
aggregated_ranked_features_gas-CO2_keep-CO2_post-prestimulus,median,115,val,0.6013513513513513,0.6013331507099484
aggregated_ranked_features_gas-CO2_keep-CO2_post-prestimulus,median,115,test,0.7132352941176471,0.7113469387755103
aggregated_ranked_features_gas-CO2_keep-CO2_post-prestimulus,median,116,train,0.9486404833836858,0.94864001460387
aggregated_ranked_features_gas-CO2_keep-CO2_post-prestimulus,median,116,val,0.6081081081081081,0.6080365296803653
aggregated_ranked_features_gas-CO2_keep-CO2_post-prestimulus,median,116,test,0.6985294117647058,0.6957494407158836
aggregated_ranked_features_gas-CO2_keep-CO2_post-prestimulus,median,117,train,0.947129909365559,0.9471288235763916
aggregated_ranked_features_gas-CO2_keep-CO2_post-prestimulus,median,117,val,0.6013513513513513,0.6013331507099484
aggregated_ranked_features_gas-CO2_keep-CO2_post-prestimulus,median,117,test,0.6911764705882353,0.6878688524590164
aggregated_ranked_features_gas-CO2_keep-CO2_post-prestimulus,median,118,train,0.947129909365559,0.9471297887245205
aggregated_ranked_features_gas-CO2_keep-CO2_post-prestimulus,median,118,val,0.6013513513513513,0.6013331507099484
aggregated_ranked_features_gas-CO2_keep-CO2_post-prestimulus,median,118,test,0.6838235294117647,0.6817414965986395
aggregated_ranked_features_gas-CO2_keep-CO2_post-prestimulus,median,119,train,0.947129909365559,0.9471288235763916
aggregated_ranked_features_gas-CO2_keep-CO2_post-prestimulus,median,119,val,0.6013513513513513,0.6013331507099484
aggregated_ranked_features_gas-CO2_keep-CO2_post-prestimulus,median,119,test,0.7132352941176471,0.7105909314126699
aggregated_ranked_features_gas-CO2_keep-CO2_post-prestimulus,median,120,train,0.947129909365559,0.9471297887245205
aggregated_ranked_features_gas-CO2_keep-CO2_post-prestimulus,median,120,val,0.6216216216216216,0.6213450292397661
aggregated_ranked_features_gas-CO2_keep-CO2_post-prestimulus,median,120,test,0.6911764705882353,0.6868421052631579
aggregated_ranked_features_gas-CO2_keep-CO2_post-prestimulus,median,121,train,0.9486404833836858,0.94864001460387
aggregated_ranked_features_gas-CO2_keep-CO2_post-prestimulus,median,121,val,0.6148648648648649,0.6148472811943569
aggregated_ranked_features_gas-CO2_keep-CO2_post-prestimulus,median,121,test,0.6911764705882353,0.6878688524590164
aggregated_ranked_features_gas-CO2_keep-CO2_post-prestimulus,median,122,train,0.947129909365559,0.9471288235763916
aggregated_ranked_features_gas-CO2_keep-CO2_post-prestimulus,median,122,val,0.6081081081081081,0.6080365296803653
aggregated_ranked_features_gas-CO2_keep-CO2_post-prestimulus,median,122,test,0.6838235294117647,0.6799299436265119
aggregated_ranked_features_gas-CO2_keep-CO2_post-prestimulus,median,123,train,0.947129909365559,0.9471288235763916
aggregated_ranked_features_gas-CO2_keep-CO2_post-prestimulus,median,123,val,0.6148648648648649,0.6148472811943569
aggregated_ranked_features_gas-CO2_keep-CO2_post-prestimulus,median,123,test,0.6911764705882353,0.6878688524590164
aggregated_ranked_features_gas-CO2_keep-CO2_post-prestimulus,median,124,train,0.9516616314199395,0.9516616314199395
aggregated_ranked_features_gas-CO2_keep-CO2_post-prestimulus,median,124,val,0.6013513513513513,0.6013331507099484
aggregated_ranked_features_gas-CO2_keep-CO2_post-prestimulus,median,124,test,0.6911764705882353,0.6828780812791473
aggregated_ranked_features_gas-CO2_keep-CO2_post-prestimulus,median,125,train,0.9501510574018127,0.9501509436545478
aggregated_ranked_features_gas-CO2_keep-CO2_post-prestimulus,median,125,val,0.6081081081081081,0.6081081081081081
aggregated_ranked_features_gas-CO2_keep-CO2_post-prestimulus,median,125,test,0.6985294117647058,0.6911658820271392
aggregated_ranked_features_gas-CO2_keep-CO2_post-prestimulus,median,126,train,0.9486404833836858,0.94864001460387
aggregated_ranked_features_gas-CO2_keep-CO2_post-prestimulus,median,126,val,0.6081081081081081,0.6080365296803653
aggregated_ranked_features_gas-CO2_keep-CO2_post-prestimulus,median,126,test,0.7058823529411765,0.6993810786914235
aggregated_ranked_features_gas-CO2_keep-CO2_post-prestimulus,median,127,train,0.9516616314199395,0.9516616314199395
aggregated_ranked_features_gas-CO2_keep-CO2_post-prestimulus,median,127,val,0.6013513513513513,0.6013331507099484
aggregated_ranked_features_gas-CO2_keep-CO2_post-prestimulus,median,127,test,0.7058823529411765,0.6993810786914235
aggregated_ranked_features_gas-CO2_keep-CO2_post-prestimulus,median,128,train,0.9546827794561934,0.9546823658269441
aggregated_ranked_features_gas-CO2_keep-CO2_post-prestimulus,median,128,val,0.6013513513513513,0.6013331507099484
aggregated_ranked_features_gas-CO2_keep-CO2_post-prestimulus,median,128,test,0.6911764705882353,0.6828780812791473
aggregated_ranked_features_gas-CO2_keep-CO2_post-prestimulus,median,129,train,0.9561933534743202,0.9561924538204388
aggregated_ranked_features_gas-CO2_keep-CO2_post-prestimulus,median,129,val,0.6013513513513513,0.6011874857273349
aggregated_ranked_features_gas-CO2_keep-CO2_post-prestimulus,median,129,test,0.7058823529411765,0.6993810786914235
aggregated_ranked_features_gas-CO2_keep-CO2_post-prestimulus,median,130,train,0.9531722054380665,0.9531720985845753
aggregated_ranked_features_gas-CO2_keep-CO2_post-prestimulus,median,130,val,0.5945945945945946,0.5945945945945946
aggregated_ranked_features_gas-CO2_keep-CO2_post-prestimulus,median,130,test,0.6764705882352942,0.6693191865605659
aggregated_ranked_features_gas-CO2_keep-CO2_post-prestimulus,median,131,train,0.9531722054380665,0.9531720985845753
aggregated_ranked_features_gas-CO2_keep-CO2_post-prestimulus,median,131,val,0.5945945945945946,0.5945945945945946
aggregated_ranked_features_gas-CO2_keep-CO2_post-prestimulus,median,131,test,0.6838235294117647,0.6775296388199614
aggregated_ranked_features_gas-CO2_keep-CO2_post-prestimulus,median,132,train,0.9531722054380665,0.9531720985845753
aggregated_ranked_features_gas-CO2_keep-CO2_post-prestimulus,median,132,val,0.6013513513513513,0.6013331507099484
aggregated_ranked_features_gas-CO2_keep-CO2_post-prestimulus,median,132,test,0.6911764705882353,0.6843501326259946
aggregated_ranked_features_gas-CO2_keep-CO2_post-prestimulus,median,133,train,0.9531722054380665,0.9531720985845753
aggregated_ranked_features_gas-CO2_keep-CO2_post-prestimulus,median,133,val,0.6013513513513513,0.6013331507099484
aggregated_ranked_features_gas-CO2_keep-CO2_post-prestimulus,median,133,test,0.6911764705882353,0.6843501326259946
aggregated_ranked_features_gas-CO2_keep-CO2_post-prestimulus,median,134,train,0.9516616314199395,0.9516616314199395
aggregated_ranked_features_gas-CO2_keep-CO2_post-prestimulus,median,134,val,0.5945945945945946,0.5945945945945946
aggregated_ranked_features_gas-CO2_keep-CO2_post-prestimulus,median,134,test,0.6985294117647058,0.6911658820271392
aggregated_ranked_features_gas-CO2_keep-CO2_post-prestimulus,median,135,train,0.9516616314199395,0.9516616314199395
aggregated_ranked_features_gas-CO2_keep-CO2_post-prestimulus,median,135,val,0.5945945945945946,0.5945945945945946
aggregated_ranked_features_gas-CO2_keep-CO2_post-prestimulus,median,135,test,0.6911764705882353,0.6843501326259946
aggregated_ranked_features_gas-CO2_keep-CO2_post-prestimulus,median,136,train,0.9516616314199395,0.9516616314199395
aggregated_ranked_features_gas-CO2_keep-CO2_post-prestimulus,median,136,val,0.6081081081081081,0.6080365296803653
aggregated_ranked_features_gas-CO2_keep-CO2_post-prestimulus,median,136,test,0.7132352941176471,0.7062309609526447
aggregated_ranked_features_gas-CO2_keep-CO2_post-prestimulus,median,137,train,0.9501510574018127,0.9501509436545478
aggregated_ranked_features_gas-CO2_keep-CO2_post-prestimulus,median,137,val,0.6013513513513513,0.6013331507099484
aggregated_ranked_features_gas-CO2_keep-CO2_post-prestimulus,median,137,test,0.7058823529411765,0.6979791250277593
aggregated_ranked_features_gas-CO2_keep-CO2_post-prestimulus,median,138,train,0.9516616314199395,0.9516616314199395
aggregated_ranked_features_gas-CO2_keep-CO2_post-prestimulus,median,138,val,0.5945945945945946,0.5945205479452055
aggregated_ranked_features_gas-CO2_keep-CO2_post-prestimulus,median,138,test,0.6985294117647058,0.6896532531863973
aggregated_ranked_features_gas-CO2_keep-CO2_post-prestimulus,median,139,train,0.9486404833836858,0.9486386082130763
aggregated_ranked_features_gas-CO2_keep-CO2_post-prestimulus,median,139,val,0.6013513513513513,0.6011874857273349
aggregated_ranked_features_gas-CO2_keep-CO2_post-prestimulus,median,139,test,0.7058823529411765,0.6979791250277593
aggregated_ranked_features_gas-CO2_keep-CO2_post-prestimulus,median,140,train,0.9546827794561934,0.9546827794561934
aggregated_ranked_features_gas-CO2_keep-CO2_post-prestimulus,median,140,val,0.6148648648648649,0.6148472811943569
aggregated_ranked_features_gas-CO2_keep-CO2_post-prestimulus,median,140,test,0.6985294117647058,0.6896532531863973
aggregated_ranked_features_gas-CO2_keep-CO2_post-prestimulus,median,141,train,0.9546827794561934,0.9546827794561934
aggregated_ranked_features_gas-CO2_keep-CO2_post-prestimulus,median,141,val,0.6081081081081081,0.6080365296803653
aggregated_ranked_features_gas-CO2_keep-CO2_post-prestimulus,median,141,test,0.6985294117647058,0.6896532531863973
aggregated_ranked_features_gas-CO2_keep-CO2_post-prestimulus,median,142,train,0.9546827794561934,0.9546827794561934
aggregated_ranked_features_gas-CO2_keep-CO2_post-prestimulus,median,142,val,0.6013513513513513,0.6013331507099484
aggregated_ranked_features_gas-CO2_keep-CO2_post-prestimulus,median,142,test,0.6985294117647058,0.6896532531863973
aggregated_ranked_features_gas-CO2_keep-CO2_post-prestimulus,median,143,train,0.9546827794561934,0.9546827794561934
aggregated_ranked_features_gas-CO2_keep-CO2_post-prestimulus,median,143,val,0.6081081081081081,0.6080365296803653
aggregated_ranked_features_gas-CO2_keep-CO2_post-prestimulus,median,143,test,0.6985294117647058,0.6896532531863973
aggregated_ranked_features_gas-CO2_keep-CO2_post-prestimulus,median,144,train,0.9546827794561934,0.9546827794561934
aggregated_ranked_features_gas-CO2_keep-CO2_post-prestimulus,median,144,val,0.6013513513513513,0.6013331507099484
aggregated_ranked_features_gas-CO2_keep-CO2_post-prestimulus,median,144,test,0.6985294117647058,0.6911658820271392
aggregated_ranked_features_gas-CO2_keep-CO2_post-prestimulus,median,145,train,0.9516616314199395,0.9516611902154071
aggregated_ranked_features_gas-CO2_keep-CO2_post-prestimulus,median,145,val,0.6081081081081081,0.6080365296803653
aggregated_ranked_features_gas-CO2_keep-CO2_post-prestimulus,median,145,test,0.7058823529411765,0.6993810786914235
aggregated_ranked_features_gas-CO2_keep-CO2_post-prestimulus,median,146,train,0.9516616314199395,0.9516611902154071
aggregated_ranked_features_gas-CO2_keep-CO2_post-prestimulus,median,146,val,0.6081081081081081,0.6080365296803653
aggregated_ranked_features_gas-CO2_keep-CO2_post-prestimulus,median,146,test,0.7058823529411765,0.6993810786914235
aggregated_ranked_features_gas-CO2_keep-CO2_post-prestimulus,median,147,train,0.9501510574018127,0.9501500336577406
aggregated_ranked_features_gas-CO2_keep-CO2_post-prestimulus,median,147,val,0.6148648648648649,0.6148472811943569
aggregated_ranked_features_gas-CO2_keep-CO2_post-prestimulus,median,147,test,0.6985294117647058,0.6911658820271392
aggregated_ranked_features_gas-CO2_keep-CO2_post-prestimulus,median,148,train,0.9501510574018127,0.9501500336577406
aggregated_ranked_features_gas-CO2_keep-CO2_post-prestimulus,median,148,val,0.6081081081081081,0.6080365296803653
aggregated_ranked_features_gas-CO2_keep-CO2_post-prestimulus,median,148,test,0.6985294117647058,0.6911658820271392
aggregated_ranked_features_gas-CO2_keep-CO2_post-prestimulus,median,149,train,0.9516616314199395,0.9516611902154071
aggregated_ranked_features_gas-CO2_keep-CO2_post-prestimulus,median,149,val,0.6081081081081081,0.6081081081081081
aggregated_ranked_features_gas-CO2_keep-CO2_post-prestimulus,median,149,test,0.6985294117647058,0.6911658820271392
aggregated_ranked_features_gas-CO2_keep-CO2_post-prestimulus,median,150,train,0.9501510574018127,0.9501509436545478
aggregated_ranked_features_gas-CO2_keep-CO2_post-prestimulus,median,150,val,0.6216216216216216,0.6216216216216216
aggregated_ranked_features_gas-CO2_keep-CO2_post-prestimulus,median,150,test,0.6985294117647058,0.6925282602701958
aggregated_ranked_features_gas-CO2_keep-CO2_post-prestimulus,median,151,train,0.9501510574018127,0.9501509436545478
aggregated_ranked_features_gas-CO2_keep-CO2_post-prestimulus,median,151,val,0.6081081081081081,0.6080365296803653
aggregated_ranked_features_gas-CO2_keep-CO2_post-prestimulus,median,151,test,0.6985294117647058,0.6925282602701958
aggregated_ranked_features_gas-CO2_keep-CO2_post-prestimulus,median,152,train,0.9486404833836858,0.94864001460387
aggregated_ranked_features_gas-CO2_keep-CO2_post-prestimulus,median,152,val,0.6081081081081081,0.6080365296803653
aggregated_ranked_features_gas-CO2_keep-CO2_post-prestimulus,median,152,test,0.7058823529411765,0.7006383447061413
aggregated_ranked_features_gas-CO2_keep-CO2_post-prestimulus,median,153,train,0.9501510574018127,0.9501509436545478
aggregated_ranked_features_gas-CO2_keep-CO2_post-prestimulus,median,153,val,0.6081081081081081,0.6080365296803653
aggregated_ranked_features_gas-CO2_keep-CO2_post-prestimulus,median,153,test,0.6985294117647058,0.6925282602701958
aggregated_ranked_features_gas-CO2_keep-CO2_post-prestimulus,median,154,train,0.9501510574018127,0.9501509436545478
aggregated_ranked_features_gas-CO2_keep-CO2_post-prestimulus,median,154,val,0.6081081081081081,0.6080365296803653
aggregated_ranked_features_gas-CO2_keep-CO2_post-prestimulus,median,154,test,0.7058823529411765,0.6993810786914235
aggregated_ranked_features_gas-CO2_keep-CO2_post-prestimulus,median,155,train,0.947129909365559,0.9471288235763916
aggregated_ranked_features_gas-CO2_keep-CO2_post-prestimulus,median,155,val,0.6148648648648649,0.6148472811943569
aggregated_ranked_features_gas-CO2_keep-CO2_post-prestimulus,median,155,test,0.7058823529411765,0.7006383447061413
aggregated_ranked_features_gas-CO2_keep-CO2_post-prestimulus,median,156,train,0.9516616314199395,0.9516611902154071
aggregated_ranked_features_gas-CO2_keep-CO2_post-prestimulus,median,156,val,0.6081081081081081,0.6080365296803653
aggregated_ranked_features_gas-CO2_keep-CO2_post-prestimulus,median,156,test,0.7132352941176471,0.7075268817204301
aggregated_ranked_features_gas-CO2_keep-CO2_post-prestimulus,median,157,train,0.9501510574018127,0.9501509436545478
aggregated_ranked_features_gas-CO2_keep-CO2_post-prestimulus,median,157,val,0.6148648648648649,0.6147065540077643
aggregated_ranked_features_gas-CO2_keep-CO2_post-prestimulus,median,157,test,0.7058823529411765,0.6993810786914235
aggregated_ranked_features_gas-CO2_keep-CO2_post-prestimulus,median,158,train,0.9501510574018127,0.9501509436545478
aggregated_ranked_features_gas-CO2_keep-CO2_post-prestimulus,median,158,val,0.6216216216216216,0.6215525114155251
aggregated_ranked_features_gas-CO2_keep-CO2_post-prestimulus,median,158,test,0.7058823529411765,0.7006383447061413
aggregated_ranked_features_gas-CO2_keep-CO2_post-prestimulus,median,159,train,0.9501510574018127,0.9501509436545478
aggregated_ranked_features_gas-CO2_keep-CO2_post-prestimulus,median,159,val,0.6283783783783784,0.6283614116787655
aggregated_ranked_features_gas-CO2_keep-CO2_post-prestimulus,median,159,test,0.6911764705882353,0.6856702619414483
aggregated_ranked_features_gas-CO2_keep-CO2_post-prestimulus,median,160,train,0.9531722054380665,0.9531720985845753
aggregated_ranked_features_gas-CO2_keep-CO2_post-prestimulus,median,160,val,0.6283783783783784,0.6283614116787655
aggregated_ranked_features_gas-CO2_keep-CO2_post-prestimulus,median,160,test,0.6985294117647058,0.6925282602701958
aggregated_ranked_features_gas-CO2_keep-CO2_post-prestimulus,median,161,train,0.9516616314199395,0.9516611902154071
aggregated_ranked_features_gas-CO2_keep-CO2_post-prestimulus,median,161,val,0.6216216216216216,0.6215525114155251
aggregated_ranked_features_gas-CO2_keep-CO2_post-prestimulus,median,161,test,0.6911764705882353,0.6856702619414483
aggregated_ranked_features_gas-CO2_keep-CO2_post-prestimulus,median,162,train,0.9501510574018127,0.9501509436545478
aggregated_ranked_features_gas-CO2_keep-CO2_post-prestimulus,median,162,val,0.6283783783783784,0.6283614116787655
aggregated_ranked_features_gas-CO2_keep-CO2_post-prestimulus,median,162,test,0.7058823529411765,0.7006383447061413
aggregated_ranked_features_gas-CO2_keep-CO2_post-prestimulus,median,163,train,0.9501510574018127,0.9501500336577406
aggregated_ranked_features_gas-CO2_keep-CO2_post-prestimulus,median,163,val,0.6216216216216216,0.6215525114155251
aggregated_ranked_features_gas-CO2_keep-CO2_post-prestimulus,median,163,test,0.6911764705882353,0.6868421052631579
aggregated_ranked_features_gas-CO2_keep-CO2_post-prestimulus,median,164,train,0.9501510574018127,0.9501500336577406
aggregated_ranked_features_gas-CO2_keep-CO2_post-prestimulus,median,164,val,0.6081081081081081,0.6080365296803653
aggregated_ranked_features_gas-CO2_keep-CO2_post-prestimulus,median,164,test,0.6838235294117647,0.6788048552754435
aggregated_ranked_features_gas-CO2_keep-CO2_post-prestimulus,median,165,train,0.9516616314199395,0.9516598665534836
aggregated_ranked_features_gas-CO2_keep-CO2_post-prestimulus,median,165,val,0.6216216216216216,0.6215525114155251
aggregated_ranked_features_gas-CO2_keep-CO2_post-prestimulus,median,165,test,0.6911764705882353,0.6856702619414483
aggregated_ranked_features_gas-CO2_keep-CO2_post-prestimulus,median,166,train,0.947129909365559,0.9471288235763916
aggregated_ranked_features_gas-CO2_keep-CO2_post-prestimulus,median,166,val,0.6351351351351351,0.6351351351351351
aggregated_ranked_features_gas-CO2_keep-CO2_post-prestimulus,median,166,test,0.6764705882352942,0.6707021791767555
aggregated_ranked_features_gas-CO2_keep-CO2_post-prestimulus,median,167,train,0.9516616314199395,0.9516611902154071
aggregated_ranked_features_gas-CO2_keep-CO2_post-prestimulus,median,167,val,0.6013513513513513,0.6013331507099484
aggregated_ranked_features_gas-CO2_keep-CO2_post-prestimulus,median,167,test,0.6911764705882353,0.6856702619414483
aggregated_ranked_features_gas-CO2_keep-CO2_post-prestimulus,median,168,train,0.9546827794561934,0.9546827794561934
aggregated_ranked_features_gas-CO2_keep-CO2_post-prestimulus,median,168,val,0.6081081081081081,0.6081081081081081
aggregated_ranked_features_gas-CO2_keep-CO2_post-prestimulus,median,168,test,0.7058823529411765,0.7006383447061413
aggregated_ranked_features_gas-CO2_keep-CO2_post-prestimulus,median,169,train,0.9516616314199395,0.9516611902154071
aggregated_ranked_features_gas-CO2_keep-CO2_post-prestimulus,median,169,val,0.6013513513513513,0.6013331507099484
aggregated_ranked_features_gas-CO2_keep-CO2_post-prestimulus,median,169,test,0.6985294117647058,0.6925282602701958
aggregated_ranked_features_gas-CO2_keep-CO2_post-prestimulus,median,170,train,0.9531722054380665,0.9531720985845753
aggregated_ranked_features_gas-CO2_keep-CO2_post-prestimulus,median,170,val,0.6013513513513513,0.6011874857273349
aggregated_ranked_features_gas-CO2_keep-CO2_post-prestimulus,median,170,test,0.7132352941176471,0.7075268817204301
aggregated_ranked_features_gas-CO2_keep-CO2_post-prestimulus,median,171,train,0.9516616314199395,0.9516611902154071
aggregated_ranked_features_gas-CO2_keep-CO2_post-prestimulus,median,171,val,0.6081081081081081,0.6081081081081081
aggregated_ranked_features_gas-CO2_keep-CO2_post-prestimulus,median,171,test,0.6985294117647058,0.6937441643323996
aggregated_ranked_features_gas-CO2_keep-CO2_post-prestimulus,median,172,train,0.9516616314199395,0.9516616314199395
aggregated_ranked_features_gas-CO2_keep-CO2_post-prestimulus,median,172,val,0.5945945945945946,0.5945205479452055
aggregated_ranked_features_gas-CO2_keep-CO2_post-prestimulus,median,172,test,0.7058823529411765,0.6993810786914235
aggregated_ranked_features_gas-CO2_keep-CO2_post-prestimulus,median,173,train,0.9501510574018127,0.9501500336577406
aggregated_ranked_features_gas-CO2_keep-CO2_post-prestimulus,median,173,val,0.6283783783783784,0.6283614116787655
aggregated_ranked_features_gas-CO2_keep-CO2_post-prestimulus,median,173,test,0.6985294117647058,0.6911658820271392
aggregated_ranked_features_gas-CO2_keep-CO2_post-prestimulus,median,174,train,0.9531722054380665,0.9531720985845753
aggregated_ranked_features_gas-CO2_keep-CO2_post-prestimulus,median,174,val,0.6148648648648649,0.6148472811943569
aggregated_ranked_features_gas-CO2_keep-CO2_post-prestimulus,median,174,test,0.7132352941176471,0.7062309609526447
aggregated_ranked_features_gas-CO2_keep-CO2_post-prestimulus,median,175,train,0.9516616314199395,0.9516611902154071
aggregated_ranked_features_gas-CO2_keep-CO2_post-prestimulus,median,175,val,0.6148648648648649,0.6148472811943569
aggregated_ranked_features_gas-CO2_keep-CO2_post-prestimulus,median,175,test,0.7058823529411765,0.6993810786914235
aggregated_ranked_features_gas-CO2_keep-CO2_post-prestimulus,median,176,train,0.9531722054380665,0.9531720985845753
aggregated_ranked_features_gas-CO2_keep-CO2_post-prestimulus,median,176,val,0.6148648648648649,0.6148472811943569
aggregated_ranked_features_gas-CO2_keep-CO2_post-prestimulus,median,176,test,0.7058823529411765,0.6993810786914235
aggregated_ranked_features_gas-CO2_keep-CO2_post-prestimulus,median,177,train,0.9531722054380665,0.9531720985845753
aggregated_ranked_features_gas-CO2_keep-CO2_post-prestimulus,median,177,val,0.6216216216216216,0.6215525114155251
aggregated_ranked_features_gas-CO2_keep-CO2_post-prestimulus,median,177,test,0.6838235294117647,0.6775296388199614
aggregated_ranked_features_gas-CO2_keep-CO2_post-prestimulus,median,178,train,0.9516616314199395,0.9516611902154071
aggregated_ranked_features_gas-CO2_keep-CO2_post-prestimulus,median,178,val,0.6283783783783784,0.6279537456008044
aggregated_ranked_features_gas-CO2_keep-CO2_post-prestimulus,median,178,test,0.6911764705882353,0.6843501326259946
aggregated_ranked_features_gas-CO2_keep-CO2_post-prestimulus,median,179,train,0.9546827794561934,0.9546827794561934
aggregated_ranked_features_gas-CO2_keep-CO2_post-prestimulus,median,179,val,0.6283783783783784,0.6282256222881937
aggregated_ranked_features_gas-CO2_keep-CO2_post-prestimulus,median,179,test,0.7058823529411765,0.6993810786914235
aggregated_ranked_features_gas-CO2_keep-CO2_post-prestimulus,median,180,train,0.9501510574018127,0.9501509436545478
aggregated_ranked_features_gas-CO2_keep-CO2_post-prestimulus,median,180,val,0.6148648648648649,0.6147065540077643
aggregated_ranked_features_gas-CO2_keep-CO2_post-prestimulus,median,180,test,0.7058823529411765,0.6993810786914235
aggregated_ranked_features_gas-CO2_keep-CO2_post-prestimulus,median,181,train,0.9546827794561934,0.9546827794561934
aggregated_ranked_features_gas-CO2_keep-CO2_post-prestimulus,median,181,val,0.6216216216216216,0.6215525114155251
aggregated_ranked_features_gas-CO2_keep-CO2_post-prestimulus,median,181,test,0.6838235294117647,0.6775296388199614
aggregated_ranked_features_gas-CO2_keep-CO2_post-prestimulus,median,182,train,0.9516616314199395,0.9516616314199395
aggregated_ranked_features_gas-CO2_keep-CO2_post-prestimulus,median,182,val,0.6013513513513513,0.6013331507099484
aggregated_ranked_features_gas-CO2_keep-CO2_post-prestimulus,median,182,test,0.6985294117647058,0.6925282602701958
aggregated_ranked_features_gas-CO2_keep-CO2_post-prestimulus,median,183,train,0.9516616314199395,0.9516616314199395
aggregated_ranked_features_gas-CO2_keep-CO2_post-prestimulus,median,183,val,0.6148648648648649,0.6148472811943569
aggregated_ranked_features_gas-CO2_keep-CO2_post-prestimulus,median,183,test,0.6911764705882353,0.6843501326259946
aggregated_ranked_features_gas-CO2_keep-CO2_post-prestimulus,median,184,train,0.9531722054380665,0.9531720985845753
aggregated_ranked_features_gas-CO2_keep-CO2_post-prestimulus,median,184,val,0.6148648648648649,0.6148472811943569
aggregated_ranked_features_gas-CO2_keep-CO2_post-prestimulus,median,184,test,0.6911764705882353,0.6856702619414483
aggregated_ranked_features_gas-CO2_keep-CO2_post-prestimulus,median,185,train,0.9501510574018127,0.9501500336577406
aggregated_ranked_features_gas-CO2_keep-CO2_post-prestimulus,median,185,val,0.6148648648648649,0.6148472811943569
aggregated_ranked_features_gas-CO2_keep-CO2_post-prestimulus,median,185,test,0.6985294117647058,0.6925282602701958
aggregated_ranked_features_gas-CO2_keep-CO2_post-prestimulus,median,186,train,0.9531722054380665,0.9531720985845753
aggregated_ranked_features_gas-CO2_keep-CO2_post-prestimulus,median,186,val,0.6081081081081081,0.6081081081081081
aggregated_ranked_features_gas-CO2_keep-CO2_post-prestimulus,median,186,test,0.6911764705882353,0.6843501326259946
aggregated_ranked_features_gas-CO2_keep-CO2_post-prestimulus,median,187,train,0.9546827794561934,0.9546827794561934
aggregated_ranked_features_gas-CO2_keep-CO2_post-prestimulus,median,187,val,0.6148648648648649,0.6148472811943569
aggregated_ranked_features_gas-CO2_keep-CO2_post-prestimulus,median,187,test,0.7058823529411765,0.7006383447061413
aggregated_ranked_features_gas-CO2_keep-CO2_post-prestimulus,median,188,train,0.9531722054380665,0.9531720985845753
aggregated_ranked_features_gas-CO2_keep-CO2_post-prestimulus,median,188,val,0.6013513513513513,0.6013331507099484
aggregated_ranked_features_gas-CO2_keep-CO2_post-prestimulus,median,188,test,0.7058823529411765,0.6993810786914235
aggregated_ranked_features_gas-CO2_keep-CO2_post-prestimulus,median,189,train,0.9561933534743202,0.9561932535146027
aggregated_ranked_features_gas-CO2_keep-CO2_post-prestimulus,median,189,val,0.6013513513513513,0.6013331507099484
aggregated_ranked_features_gas-CO2_keep-CO2_post-prestimulus,median,189,test,0.6838235294117647,0.6788048552754435
aggregated_ranked_features_gas-CO2_keep-CO2_post-prestimulus,median,190,train,0.9561933534743202,0.9561932535146027
aggregated_ranked_features_gas-CO2_keep-CO2_post-prestimulus,median,190,val,0.6013513513513513,0.6013331507099484
aggregated_ranked_features_gas-CO2_keep-CO2_post-prestimulus,median,190,test,0.7058823529411765,0.6993810786914235
aggregated_ranked_features_gas-CO2_keep-CO2_post-prestimulus,median,191,train,0.9561933534743202,0.9561932535146027
aggregated_ranked_features_gas-CO2_keep-CO2_post-prestimulus,median,191,val,0.6081081081081081,0.6080365296803653
aggregated_ranked_features_gas-CO2_keep-CO2_post-prestimulus,median,191,test,0.7058823529411765,0.7006383447061413
aggregated_ranked_features_gas-CO2_keep-CO2_post-prestimulus,median,192,train,0.9577039274924471,0.9577039274924471
aggregated_ranked_features_gas-CO2_keep-CO2_post-prestimulus,median,192,val,0.6013513513513513,0.6013331507099484
aggregated_ranked_features_gas-CO2_keep-CO2_post-prestimulus,median,192,test,0.6764705882352942,0.6707021791767555
aggregated_ranked_features_gas-CO2_keep-CO2_post-prestimulus,median,193,train,0.9561933534743202,0.9561932535146027
aggregated_ranked_features_gas-CO2_keep-CO2_post-prestimulus,median,193,val,0.6013513513513513,0.6011874857273349
aggregated_ranked_features_gas-CO2_keep-CO2_post-prestimulus,median,193,test,0.6838235294117647,0.6761008031016339
aggregated_ranked_features_gas-CO2_keep-CO2_post-prestimulus,median,194,train,0.9546827794561934,0.9546827794561934
aggregated_ranked_features_gas-CO2_keep-CO2_post-prestimulus,median,194,val,0.6148648648648649,0.6148472811943569
aggregated_ranked_features_gas-CO2_keep-CO2_post-prestimulus,median,194,test,0.6985294117647058,0.6937441643323996
aggregated_ranked_features_gas-CO2_keep-CO2_post-prestimulus,median,195,train,0.9531722054380665,0.9531720985845753
aggregated_ranked_features_gas-CO2_keep-CO2_post-prestimulus,median,195,val,0.6013513513513513,0.6013331507099484
aggregated_ranked_features_gas-CO2_keep-CO2_post-prestimulus,median,195,test,0.6985294117647058,0.6925282602701958
aggregated_ranked_features_gas-CO2_keep-CO2_post-prestimulus,median,196,train,0.9561933534743202,0.9561932535146027
aggregated_ranked_features_gas-CO2_keep-CO2_post-prestimulus,median,196,val,0.6148648648648649,0.6148472811943569
aggregated_ranked_features_gas-CO2_keep-CO2_post-prestimulus,median,196,test,0.7132352941176471,0.7075268817204301
aggregated_ranked_features_gas-CO2_keep-CO2_post-prestimulus,median,197,train,0.959214501510574,0.9592144084446301
aggregated_ranked_features_gas-CO2_keep-CO2_post-prestimulus,median,197,val,0.6081081081081081,0.6078216374269005
aggregated_ranked_features_gas-CO2_keep-CO2_post-prestimulus,median,197,test,0.6911764705882353,0.6856702619414483
aggregated_ranked_features_gas-CO2_keep-CO2_post-prestimulus,median,198,train,0.959214501510574,0.9592144084446301
aggregated_ranked_features_gas-CO2_keep-CO2_post-prestimulus,median,198,val,0.6081081081081081,0.6078216374269005
aggregated_ranked_features_gas-CO2_keep-CO2_post-prestimulus,median,198,test,0.6911764705882353,0.6856702619414483
aggregated_ranked_features_gas-CO2_keep-CO2_post-prestimulus,median,199,train,0.9577039274924471,0.9577039274924471
aggregated_ranked_features_gas-CO2_keep-CO2_post-prestimulus,median,199,val,0.6283783783783784,0.6282256222881937
aggregated_ranked_features_gas-CO2_keep-CO2_post-prestimulus,median,199,test,0.6911764705882353,0.6856702619414483
aggregated_ranked_features_gas-CO2_keep-CO2_post-prestimulus,median,200,train,0.959214501510574,0.9592144084446301
aggregated_ranked_features_gas-CO2_keep-CO2_post-prestimulus,median,200,val,0.6148648648648649,0.614424790895379
aggregated_ranked_features_gas-CO2_keep-CO2_post-prestimulus,median,200,test,0.6911764705882353,0.6856702619414483
aggregated_ranked_features_gas-CO2_keep-CO2_post-prestimulus,median,201,train,0.959214501510574,0.9592144084446301
aggregated_ranked_features_gas-CO2_keep-CO2_post-prestimulus,median,201,val,0.6148648648648649,0.6147065540077643
aggregated_ranked_features_gas-CO2_keep-CO2_post-prestimulus,median,201,test,0.6985294117647058,0.6925282602701958
aggregated_ranked_features_gas-CO2_keep-CO2_post-prestimulus,median,202,train,0.959214501510574,0.9592144084446301
aggregated_ranked_features_gas-CO2_keep-CO2_post-prestimulus,median,202,val,0.6216216216216216,0.6213450292397661
aggregated_ranked_features_gas-CO2_keep-CO2_post-prestimulus,median,202,test,0.6838235294117647,0.6761008031016339
aggregated_ranked_features_gas-CO2_keep-CO2_post-prestimulus,median,203,train,0.959214501510574,0.9592144084446301
aggregated_ranked_features_gas-CO2_keep-CO2_post-prestimulus,median,203,val,0.6148648648648649,0.6147065540077643
aggregated_ranked_features_gas-CO2_keep-CO2_post-prestimulus,median,203,test,0.6691176470588235,0.6625310173697271
aggregated_ranked_features_gas-CO2_keep-CO2_post-prestimulus,median,204,train,0.959214501510574,0.9592144084446301
aggregated_ranked_features_gas-CO2_keep-CO2_post-prestimulus,median,204,val,0.6148648648648649,0.6147065540077643
aggregated_ranked_features_gas-CO2_keep-CO2_post-prestimulus,median,204,test,0.6764705882352942,0.6677770375305352
aggregated_ranked_features_gas-CO2_keep-CO2_post-prestimulus,median,205,train,0.959214501510574,0.9592144084446301
aggregated_ranked_features_gas-CO2_keep-CO2_post-prestimulus,median,205,val,0.6148648648648649,0.6148472811943569
aggregated_ranked_features_gas-CO2_keep-CO2_post-prestimulus,median,205,test,0.6985294117647058,0.6911658820271392
aggregated_ranked_features_gas-CO2_keep-CO2_post-prestimulus,median,206,train,0.959214501510574,0.9592144084446301
aggregated_ranked_features_gas-CO2_keep-CO2_post-prestimulus,median,206,val,0.6216216216216216,0.6215525114155251
aggregated_ranked_features_gas-CO2_keep-CO2_post-prestimulus,median,206,test,0.6911764705882353,0.6828780812791473
aggregated_ranked_features_gas-CO2_keep-CO2_post-prestimulus,median,207,train,0.959214501510574,0.9592144084446301
aggregated_ranked_features_gas-CO2_keep-CO2_post-prestimulus,median,207,val,0.6148648648648649,0.6147065540077643
aggregated_ranked_features_gas-CO2_keep-CO2_post-prestimulus,median,207,test,0.6764705882352942,0.6693191865605659
aggregated_ranked_features_gas-CO2_keep-CO2_post-prestimulus,median,208,train,0.959214501510574,0.9592144084446301
aggregated_ranked_features_gas-CO2_keep-CO2_post-prestimulus,median,208,val,0.6148648648648649,0.6147065540077643
aggregated_ranked_features_gas-CO2_keep-CO2_post-prestimulus,median,208,test,0.6911764705882353,0.6843501326259946
aggregated_ranked_features_gas-CO2_keep-CO2_post-prestimulus,median,209,train,0.959214501510574,0.9592144084446301
aggregated_ranked_features_gas-CO2_keep-CO2_post-prestimulus,median,209,val,0.6148648648648649,0.6147065540077643
aggregated_ranked_features_gas-CO2_keep-CO2_post-prestimulus,median,209,test,0.6691176470588235,0.6575457445022663
aggregated_ranked_features_gas-CO2_keep-CO2_post-prestimulus,median,210,train,0.959214501510574,0.9592144084446301
aggregated_ranked_features_gas-CO2_keep-CO2_post-prestimulus,median,210,val,0.6216216216216216,0.6215525114155251
aggregated_ranked_features_gas-CO2_keep-CO2_post-prestimulus,median,210,test,0.6838235294117647,0.6745143874881727
aggregated_ranked_features_gas-CO2_keep-CO2_post-prestimulus,median,211,train,0.959214501510574,0.9592144084446301
aggregated_ranked_features_gas-CO2_keep-CO2_post-prestimulus,median,211,val,0.6148648648648649,0.6148472811943569
aggregated_ranked_features_gas-CO2_keep-CO2_post-prestimulus,median,211,test,0.6838235294117647,0.6745143874881727
aggregated_ranked_features_gas-CO2_keep-CO2_post-prestimulus,median,212,train,0.9577039274924471,0.9577039274924471
aggregated_ranked_features_gas-CO2_keep-CO2_post-prestimulus,median,212,val,0.6148648648648649,0.6148472811943569
aggregated_ranked_features_gas-CO2_keep-CO2_post-prestimulus,median,212,test,0.6764705882352942,0.6693191865605659
aggregated_ranked_features_gas-CO2_keep-CO2_post-prestimulus,median,213,train,0.959214501510574,0.9592144084446301
aggregated_ranked_features_gas-CO2_keep-CO2_post-prestimulus,median,213,val,0.6148648648648649,0.6148472811943569
aggregated_ranked_features_gas-CO2_keep-CO2_post-prestimulus,median,213,test,0.6691176470588235,0.6625310173697271
aggregated_ranked_features_gas-CO2_keep-CO2_post-prestimulus,median,214,train,0.959214501510574,0.9592144084446301
aggregated_ranked_features_gas-CO2_keep-CO2_post-prestimulus,median,214,val,0.6148648648648649,0.6148472811943569
aggregated_ranked_features_gas-CO2_keep-CO2_post-prestimulus,median,214,test,0.6838235294117647,0.6788048552754435
aggregated_ranked_features_gas-CO2_keep-CO2_post-prestimulus,median,215,train,0.9577039274924471,0.9577039274924471
aggregated_ranked_features_gas-CO2_keep-CO2_post-prestimulus,median,215,val,0.6081081081081081,0.6081081081081081
aggregated_ranked_features_gas-CO2_keep-CO2_post-prestimulus,median,215,test,0.6911764705882353,0.6856702619414483
aggregated_ranked_features_gas-CO2_keep-CO2_post-prestimulus,median,216,train,0.9577039274924471,0.9577039274924471
aggregated_ranked_features_gas-CO2_keep-CO2_post-prestimulus,median,216,val,0.6148648648648649,0.6148472811943569
aggregated_ranked_features_gas-CO2_keep-CO2_post-prestimulus,median,216,test,0.6691176470588235,0.6625310173697271
aggregated_ranked_features_gas-CO2_keep-CO2_post-prestimulus,median,217,train,0.9607250755287009,0.9607247170500182
aggregated_ranked_features_gas-CO2_keep-CO2_post-prestimulus,median,217,val,0.6148648648648649,0.6148472811943569
aggregated_ranked_features_gas-CO2_keep-CO2_post-prestimulus,median,217,test,0.6691176470588235,0.6625310173697271
aggregated_ranked_features_gas-CO2_keep-CO2_post-prestimulus,median,218,train,0.959214501510574,0.9592144084446301
aggregated_ranked_features_gas-CO2_keep-CO2_post-prestimulus,median,218,val,0.6216216216216216,0.6216216216216216
aggregated_ranked_features_gas-CO2_keep-CO2_post-prestimulus,median,218,test,0.6838235294117647,0.6761008031016339
aggregated_ranked_features_gas-CO2_keep-CO2_post-prestimulus,median,219,train,0.959214501510574,0.9592144084446301
aggregated_ranked_features_gas-CO2_keep-CO2_post-prestimulus,median,219,val,0.6216216216216216,0.6216216216216216
aggregated_ranked_features_gas-CO2_keep-CO2_post-prestimulus,median,219,test,0.6838235294117647,0.6775296388199614
aggregated_ranked_features_gas-CO2_keep-CO2_post-prestimulus,median,220,train,0.9577039274924471,0.9577039274924471
aggregated_ranked_features_gas-CO2_keep-CO2_post-prestimulus,median,220,val,0.6081081081081081,0.6080365296803653
aggregated_ranked_features_gas-CO2_keep-CO2_post-prestimulus,median,220,test,0.6985294117647058,0.6925282602701958
aggregated_ranked_features_gas-CO2_keep-CO2_post-prestimulus,median,221,train,0.9577039274924471,0.9577039274924471
aggregated_ranked_features_gas-CO2_keep-CO2_post-prestimulus,median,221,val,0.6148648648648649,0.6148472811943569
aggregated_ranked_features_gas-CO2_keep-CO2_post-prestimulus,median,221,test,0.6911764705882353,0.6856702619414483
aggregated_ranked_features_gas-CO2_keep-CO2_post-prestimulus,median,222,train,0.959214501510574,0.9592144084446301
aggregated_ranked_features_gas-CO2_keep-CO2_post-prestimulus,median,222,val,0.6081081081081081,0.6080365296803653
aggregated_ranked_features_gas-CO2_keep-CO2_post-prestimulus,median,222,test,0.6838235294117647,0.6788048552754435
aggregated_ranked_features_gas-CO2_keep-CO2_post-prestimulus,median,223,train,0.9577039274924471,0.9577023832342981
aggregated_ranked_features_gas-CO2_keep-CO2_post-prestimulus,median,223,val,0.6148648648648649,0.6148472811943569
aggregated_ranked_features_gas-CO2_keep-CO2_post-prestimulus,median,223,test,0.6911764705882353,0.6868421052631579
aggregated_ranked_features_gas-CO2_keep-CO2_post-prestimulus,median,224,train,0.959214501510574,0.9592144084446301
aggregated_ranked_features_gas-CO2_keep-CO2_post-prestimulus,median,224,val,0.6216216216216216,0.6216216216216216
aggregated_ranked_features_gas-CO2_keep-CO2_post-prestimulus,median,224,test,0.6838235294117647,0.6799299436265119
aggregated_ranked_features_gas-CO2_keep-CO2_post-prestimulus,median,225,train,0.9607250755287009,0.9607247170500182
aggregated_ranked_features_gas-CO2_keep-CO2_post-prestimulus,median,225,val,0.6216216216216216,0.6216216216216216
aggregated_ranked_features_gas-CO2_keep-CO2_post-prestimulus,median,225,test,0.6838235294117647,0.6788048552754435
aggregated_ranked_features_gas-CO2_keep-CO2_post-prestimulus,median,226,train,0.959214501510574,0.9592144084446301
aggregated_ranked_features_gas-CO2_keep-CO2_post-prestimulus,median,226,val,0.6216216216216216,0.6216216216216216
aggregated_ranked_features_gas-CO2_keep-CO2_post-prestimulus,median,226,test,0.6911764705882353,0.6868421052631579
aggregated_ranked_features_gas-CO2_keep-CO2_post-prestimulus,median,227,train,0.959214501510574,0.9592144084446301
aggregated_ranked_features_gas-CO2_keep-CO2_post-prestimulus,median,227,val,0.6216216216216216,0.6216216216216216
aggregated_ranked_features_gas-CO2_keep-CO2_post-prestimulus,median,227,test,0.6911764705882353,0.6868421052631579
aggregated_ranked_features_gas-CO2_keep-CO2_post-prestimulus,median,228,train,0.9607250755287009,0.9607247170500182
aggregated_ranked_features_gas-CO2_keep-CO2_post-prestimulus,median,228,val,0.6148648648648649,0.6148472811943569
aggregated_ranked_features_gas-CO2_keep-CO2_post-prestimulus,median,228,test,0.6838235294117647,0.6799299436265119
aggregated_ranked_features_gas-CO2_keep-CO2_post-prestimulus,median,229,train,0.959214501510574,0.9592144084446301
aggregated_ranked_features_gas-CO2_keep-CO2_post-prestimulus,median,229,val,0.6216216216216216,0.6216216216216216
aggregated_ranked_features_gas-CO2_keep-CO2_post-prestimulus,median,229,test,0.6838235294117647,0.6799299436265119
aggregated_ranked_features_gas-CO2_keep-CO2_post-prestimulus,median,230,train,0.959214501510574,0.9592144084446301
aggregated_ranked_features_gas-CO2_keep-CO2_post-prestimulus,median,230,val,0.6283783783783784,0.6283614116787655
aggregated_ranked_features_gas-CO2_keep-CO2_post-prestimulus,median,230,test,0.6691176470588235,0.6638655462184875
aggregated_ranked_features_gas-CO2_keep-CO2_post-prestimulus,median,231,train,0.9607250755287009,0.9607247170500182
aggregated_ranked_features_gas-CO2_keep-CO2_post-prestimulus,median,231,val,0.6216216216216216,0.6215525114155251
aggregated_ranked_features_gas-CO2_keep-CO2_post-prestimulus,median,231,test,0.6838235294117647,0.6799299436265119
aggregated_ranked_features_gas-CO2_keep-CO2_post-prestimulus,median,232,train,0.959214501510574,0.9592144084446301
aggregated_ranked_features_gas-CO2_keep-CO2_post-prestimulus,median,232,val,0.6351351351351351,0.6350684931506849
aggregated_ranked_features_gas-CO2_keep-CO2_post-prestimulus,median,232,test,0.6985294117647058,0.6948169229927207
aggregated_ranked_features_gas-CO2_keep-CO2_post-prestimulus,median,233,train,0.959214501510574,0.9592144084446301
aggregated_ranked_features_gas-CO2_keep-CO2_post-prestimulus,median,233,val,0.6216216216216216,0.6215525114155251
aggregated_ranked_features_gas-CO2_keep-CO2_post-prestimulus,median,233,test,0.6985294117647058,0.6948169229927207
aggregated_ranked_features_gas-CO2_keep-CO2_post-prestimulus,median,234,train,0.959214501510574,0.9592144084446301
aggregated_ranked_features_gas-CO2_keep-CO2_post-prestimulus,median,234,val,0.6216216216216216,0.6215525114155251
aggregated_ranked_features_gas-CO2_keep-CO2_post-prestimulus,median,234,test,0.6691176470588235,0.6638655462184875
aggregated_ranked_features_gas-CO2_keep-CO2_post-prestimulus,median,235,train,0.9622356495468278,0.9622355633746574
aggregated_ranked_features_gas-CO2_keep-CO2_post-prestimulus,median,235,val,0.6283783783783784,0.6283614116787655
aggregated_ranked_features_gas-CO2_keep-CO2_post-prestimulus,median,235,test,0.7058823529411765,0.7017543859649122
aggregated_ranked_features_gas-CO2_keep-CO2_post-prestimulus,median,236,train,0.959214501510574,0.9592144084446301
aggregated_ranked_features_gas-CO2_keep-CO2_post-prestimulus,median,236,val,0.6283783783783784,0.6283614116787655
aggregated_ranked_features_gas-CO2_keep-CO2_post-prestimulus,median,236,test,0.6911764705882353,0.6878688524590164
aggregated_ranked_features_gas-CO2_keep-CO2_post-prestimulus,median,237,train,0.9607250755287009,0.9607247170500182
aggregated_ranked_features_gas-CO2_keep-CO2_post-prestimulus,median,237,val,0.6351351351351351,0.6350684931506849
aggregated_ranked_features_gas-CO2_keep-CO2_post-prestimulus,median,237,test,0.6911764705882353,0.6878688524590164
aggregated_ranked_features_gas-CO2_keep-CO2_post-prestimulus,median,238,train,0.959214501510574,0.9592144084446301
aggregated_ranked_features_gas-CO2_keep-CO2_post-prestimulus,median,238,val,0.6351351351351351,0.6350684931506849
aggregated_ranked_features_gas-CO2_keep-CO2_post-prestimulus,median,238,test,0.6911764705882353,0.6878688524590164
aggregated_ranked_features_gas-CO2_keep-CO2_post-prestimulus,median,239,train,0.9622356495468278,0.9622355633746574
aggregated_ranked_features_gas-CO2_keep-CO2_post-prestimulus,median,239,val,0.6351351351351351,0.6350684931506849
aggregated_ranked_features_gas-CO2_keep-CO2_post-prestimulus,median,239,test,0.6911764705882353,0.6878688524590164
aggregated_ranked_features_gas-CO2_keep-CO2_post-prestimulus,median,240,train,0.9607250755287009,0.9607250755287009
aggregated_ranked_features_gas-CO2_keep-CO2_post-prestimulus,median,240,val,0.6351351351351351,0.6350684931506849
aggregated_ranked_features_gas-CO2_keep-CO2_post-prestimulus,median,240,test,0.6838235294117647,0.6799299436265119
aggregated_ranked_features_gas-CO2_keep-CO2_post-prestimulus,median,241,train,0.9607250755287009,0.9607247170500182
aggregated_ranked_features_gas-CO2_keep-CO2_post-prestimulus,median,241,val,0.6351351351351351,0.6350684931506849
aggregated_ranked_features_gas-CO2_keep-CO2_post-prestimulus,median,241,test,0.6764705882352942,0.6719298245614035
aggregated_ranked_features_gas-CO2_keep-CO2_post-prestimulus,median,242,train,0.959214501510574,0.9592144084446301
aggregated_ranked_features_gas-CO2_keep-CO2_post-prestimulus,median,242,val,0.6351351351351351,0.6350684931506849
aggregated_ranked_features_gas-CO2_keep-CO2_post-prestimulus,median,242,test,0.6911764705882353,0.6878688524590164
aggregated_ranked_features_gas-CO2_keep-CO2_post-prestimulus,median,243,train,0.9622356495468278,0.9622348739831369
aggregated_ranked_features_gas-CO2_keep-CO2_post-prestimulus,median,243,val,0.6351351351351351,0.6350684931506849
aggregated_ranked_features_gas-CO2_keep-CO2_post-prestimulus,median,243,test,0.6838235294117647,0.6799299436265119
aggregated_ranked_features_gas-CO2_keep-CO2_post-prestimulus,median,244,train,0.9577039274924471,0.9577039274924471
aggregated_ranked_features_gas-CO2_keep-CO2_post-prestimulus,median,244,val,0.6283783783783784,0.6283614116787655
aggregated_ranked_features_gas-CO2_keep-CO2_post-prestimulus,median,244,test,0.6985294117647058,0.6948169229927207
aggregated_ranked_features_gas-CO2_keep-CO2_post-prestimulus,median,245,train,0.9622356495468278,0.9622348739831369
aggregated_ranked_features_gas-CO2_keep-CO2_post-prestimulus,median,245,val,0.6351351351351351,0.6350684931506849
aggregated_ranked_features_gas-CO2_keep-CO2_post-prestimulus,median,245,test,0.6911764705882353,0.6878688524590164
aggregated_ranked_features_gas-CO2_keep-CO2_post-prestimulus,median,246,train,0.9622356495468278,0.9622348739831369
aggregated_ranked_features_gas-CO2_keep-CO2_post-prestimulus,median,246,val,0.6283783783783784,0.6283614116787655
aggregated_ranked_features_gas-CO2_keep-CO2_post-prestimulus,median,246,test,0.6838235294117647,0.6799299436265119
aggregated_ranked_features_gas-CO2_keep-CO2_post-prestimulus,median,247,train,0.9607250755287009,0.9607247170500182
aggregated_ranked_features_gas-CO2_keep-CO2_post-prestimulus,median,247,val,0.6283783783783784,0.6283614116787655
aggregated_ranked_features_gas-CO2_keep-CO2_post-prestimulus,median,247,test,0.6838235294117647,0.6799299436265119
aggregated_ranked_features_gas-CO2_keep-CO2_post-prestimulus,median,248,train,0.9607250755287009,0.9607250755287009
aggregated_ranked_features_gas-CO2_keep-CO2_post-prestimulus,median,248,val,0.6216216216216216,0.6215525114155251
aggregated_ranked_features_gas-CO2_keep-CO2_post-prestimulus,median,248,test,0.7058823529411765,0.7006383447061413
aggregated_ranked_features_gas-CO2_keep-CO2_post-prestimulus,median,249,train,0.959214501510574,0.9592144084446301
aggregated_ranked_features_gas-CO2_keep-CO2_post-prestimulus,median,249,val,0.6351351351351351,0.6350684931506849
aggregated_ranked_features_gas-CO2_keep-CO2_post-prestimulus,median,249,test,0.6838235294117647,0.6788048552754435
aggregated_ranked_features_gas-CO2_keep-CO2_post-prestimulus,median,250,train,0.9607250755287009,0.9607247170500182
aggregated_ranked_features_gas-CO2_keep-CO2_post-prestimulus,median,250,val,0.6283783783783784,0.6283614116787655
aggregated_ranked_features_gas-CO2_keep-CO2_post-prestimulus,median,250,test,0.6911764705882353,0.6868421052631579
aggregated_ranked_features_gas-CO2_keep-CO2_post-prestimulus,median,251,train,0.9622356495468278,0.9622355633746574
aggregated_ranked_features_gas-CO2_keep-CO2_post-prestimulus,median,251,val,0.6351351351351351,0.6348684210526316
aggregated_ranked_features_gas-CO2_keep-CO2_post-prestimulus,median,251,test,0.6838235294117647,0.6788048552754435
aggregated_ranked_features_gas-CO2_keep-CO2_post-prestimulus,median,252,train,0.9637462235649547,0.9637458926615553
aggregated_ranked_features_gas-CO2_keep-CO2_post-prestimulus,median,252,val,0.6216216216216216,0.6213450292397661
aggregated_ranked_features_gas-CO2_keep-CO2_post-prestimulus,median,252,test,0.6985294117647058,0.6937441643323996
aggregated_ranked_features_gas-CO2_keep-CO2_post-prestimulus,median,253,train,0.959214501510574,0.9592144084446301
aggregated_ranked_features_gas-CO2_keep-CO2_post-prestimulus,median,253,val,0.6351351351351351,0.6350684931506849
aggregated_ranked_features_gas-CO2_keep-CO2_post-prestimulus,median,253,test,0.6838235294117647,0.6775296388199614
aggregated_ranked_features_gas-CO2_keep-CO2_post-prestimulus,median,254,train,0.9637462235649547,0.9637448999151127
aggregated_ranked_features_gas-CO2_keep-CO2_post-prestimulus,median,254,val,0.6148648648648649,0.6147065540077643
aggregated_ranked_features_gas-CO2_keep-CO2_post-prestimulus,median,254,test,0.6617647058823529,0.6542882404951371
aggregated_ranked_features_gas-CO2_keep-CO2_post-prestimulus,median,255,train,0.9577039274924471,0.9577039274924471
aggregated_ranked_features_gas-CO2_keep-CO2_post-prestimulus,median,255,val,0.6081081081081081,0.6080365296803653
aggregated_ranked_features_gas-CO2_keep-CO2_post-prestimulus,median,255,test,0.6838235294117647,0.6788048552754435
aggregated_ranked_features_gas-CO2_keep-CO2_post-prestimulus,median,256,train,0.9607250755287009,0.9607247170500182
aggregated_ranked_features_gas-CO2_keep-CO2_post-prestimulus,median,256,val,0.6283783783783784,0.6279537456008044
aggregated_ranked_features_gas-CO2_keep-CO2_post-prestimulus,median,256,test,0.6617647058823529,0.6557340964120626
aggregated_ranked_features_gas-CO2_keep-CO2_post-prestimulus,median,257,train,0.959214501510574,0.9592144084446301
aggregated_ranked_features_gas-CO2_keep-CO2_post-prestimulus,median,257,val,0.6013513513513513,0.6008958361899539
aggregated_ranked_features_gas-CO2_keep-CO2_post-prestimulus,median,257,test,0.6838235294117647,0.6788048552754435
aggregated_ranked_features_gas-CO2_keep-CO2_post-prestimulus,median,258,train,0.9622356495468278,0.9622348739831369
aggregated_ranked_features_gas-CO2_keep-CO2_post-prestimulus,median,258,val,0.6013513513513513,0.6008958361899539
aggregated_ranked_features_gas-CO2_keep-CO2_post-prestimulus,median,258,test,0.6985294117647058,0.6925282602701958
aggregated_ranked_features_gas-CO2_keep-CO2_post-prestimulus,median,259,train,0.9637462235649547,0.9637458926615553
aggregated_ranked_features_gas-CO2_keep-CO2_post-prestimulus,median,259,val,0.6081081081081081,0.6078216374269005
aggregated_ranked_features_gas-CO2_keep-CO2_post-prestimulus,median,259,test,0.6838235294117647,0.6761008031016339
aggregated_ranked_features_gas-CO2_keep-CO2_post-prestimulus,median,260,train,0.9607250755287009,0.9607247170500182
aggregated_ranked_features_gas-CO2_keep-CO2_post-prestimulus,median,260,val,0.6283783783783784,0.6279537456008044
aggregated_ranked_features_gas-CO2_keep-CO2_post-prestimulus,median,260,test,0.6838235294117647,0.6775296388199614
aggregated_ranked_features_gas-CO2_keep-CO2_post-prestimulus,median,261,train,0.9577039274924471,0.9577039274924471
aggregated_ranked_features_gas-CO2_keep-CO2_post-prestimulus,median,261,val,0.6148648648648649,0.6148472811943569
aggregated_ranked_features_gas-CO2_keep-CO2_post-prestimulus,median,261,test,0.6985294117647058,0.6957494407158836
aggregated_ranked_features_gas-CO2_keep-CO2_post-prestimulus,median,262,train,0.9622356495468278,0.9622348739831369
aggregated_ranked_features_gas-CO2_keep-CO2_post-prestimulus,median,262,val,0.6148648648648649,0.6148472811943569
aggregated_ranked_features_gas-CO2_keep-CO2_post-prestimulus,median,262,test,0.6617647058823529,0.6557340964120626
aggregated_ranked_features_gas-CO2_keep-CO2_post-prestimulus,median,263,train,0.9622356495468278,0.9622355633746574
aggregated_ranked_features_gas-CO2_keep-CO2_post-prestimulus,median,263,val,0.6081081081081081,0.6074629595756356
aggregated_ranked_features_gas-CO2_keep-CO2_post-prestimulus,median,263,test,0.6617647058823529,0.6557340964120626
aggregated_ranked_features_gas-CO2_keep-CO2_post-prestimulus,median,264,train,0.9577039274924471,0.9577039274924471
aggregated_ranked_features_gas-CO2_keep-CO2_post-prestimulus,median,264,val,0.6081081081081081,0.6078216374269005
aggregated_ranked_features_gas-CO2_keep-CO2_post-prestimulus,median,264,test,0.6691176470588235,0.6610357241761284
aggregated_ranked_features_gas-CO2_keep-CO2_post-prestimulus,median,265,train,0.9607250755287009,0.9607247170500182
aggregated_ranked_features_gas-CO2_keep-CO2_post-prestimulus,median,265,val,0.6216216216216216,0.6213450292397661
aggregated_ranked_features_gas-CO2_keep-CO2_post-prestimulus,median,265,test,0.6764705882352942,0.6707021791767555
aggregated_ranked_features_gas-CO2_keep-CO2_post-prestimulus,median,266,train,0.9577039274924471,0.9577039274924471
aggregated_ranked_features_gas-CO2_keep-CO2_post-prestimulus,median,266,val,0.6148648648648649,0.614424790895379
aggregated_ranked_features_gas-CO2_keep-CO2_post-prestimulus,median,266,test,0.6470588235294118,0.6392572944297081
aggregated_ranked_features_gas-CO2_keep-CO2_post-prestimulus,median,267,train,0.9577039274924471,0.9577039274924471
aggregated_ranked_features_gas-CO2_keep-CO2_post-prestimulus,median,267,val,0.6283783783783784,0.6283614116787655
aggregated_ranked_features_gas-CO2_keep-CO2_post-prestimulus,median,267,test,0.6764705882352942,0.6719298245614035
aggregated_ranked_features_gas-CO2_keep-CO2_post-prestimulus,median,268,train,0.9637462235649547,0.9637448999151127
aggregated_ranked_features_gas-CO2_keep-CO2_post-prestimulus,median,268,val,0.6418918918918919,0.641744690568623
aggregated_ranked_features_gas-CO2_keep-CO2_post-prestimulus,median,268,test,0.6691176470588235,0.6625310173697271
aggregated_ranked_features_gas-CO2_keep-CO2_post-prestimulus,median,269,train,0.959214501510574,0.9592144084446301
aggregated_ranked_features_gas-CO2_keep-CO2_post-prestimulus,median,269,val,0.6081081081081081,0.6074629595756356
aggregated_ranked_features_gas-CO2_keep-CO2_post-prestimulus,median,269,test,0.6764705882352942,0.6677770375305352
aggregated_ranked_features_gas-CO2_keep-CO2_post-prestimulus,median,270,train,0.9622356495468278,0.9622355633746574
aggregated_ranked_features_gas-CO2_keep-CO2_post-prestimulus,median,270,val,0.6216216216216216,0.6213450292397661
aggregated_ranked_features_gas-CO2_keep-CO2_post-prestimulus,median,270,test,0.6838235294117647,0.6799299436265119
aggregated_ranked_features_gas-CO2_keep-CO2_post-prestimulus,median,271,train,0.9577039274924471,0.9577035414384811
aggregated_ranked_features_gas-CO2_keep-CO2_post-prestimulus,median,271,val,0.6081081081081081,0.6078216374269005
aggregated_ranked_features_gas-CO2_keep-CO2_post-prestimulus,median,271,test,0.6838235294117647,0.6775296388199614
aggregated_ranked_features_gas-CO2_keep-CO2_post-prestimulus,median,272,train,0.9622356495468278,0.9622355633746574
aggregated_ranked_features_gas-CO2_keep-CO2_post-prestimulus,median,272,val,0.6081081081081081,0.6078216374269005
aggregated_ranked_features_gas-CO2_keep-CO2_post-prestimulus,median,272,test,0.6691176470588235,0.6650429642603033
aggregated_ranked_features_gas-CO2_keep-CO2_post-prestimulus,median,273,train,0.9577039274924471,0.9577039274924471
aggregated_ranked_features_gas-CO2_keep-CO2_post-prestimulus,median,273,val,0.6081081081081081,0.6078216374269005
aggregated_ranked_features_gas-CO2_keep-CO2_post-prestimulus,median,273,test,0.6470588235294118,0.6392572944297081
aggregated_ranked_features_gas-CO2_keep-CO2_post-prestimulus,median,274,train,0.9607250755287009,0.9607247170500182
aggregated_ranked_features_gas-CO2_keep-CO2_post-prestimulus,median,274,val,0.6216216216216216,0.6213450292397661
aggregated_ranked_features_gas-CO2_keep-CO2_post-prestimulus,median,274,test,0.6617647058823529,0.6557340964120626
aggregated_ranked_features_gas-CO2_keep-CO2_post-prestimulus,median,275,train,0.959214501510574,0.9592144084446301
aggregated_ranked_features_gas-CO2_keep-CO2_post-prestimulus,median,275,val,0.6148648648648649,0.614424790895379
aggregated_ranked_features_gas-CO2_keep-CO2_post-prestimulus,median,275,test,0.6691176470588235,0.6610357241761284
aggregated_ranked_features_gas-CO2_keep-CO2_post-prestimulus,median,276,train,0.9561933534743202,0.9561932535146027
aggregated_ranked_features_gas-CO2_keep-CO2_post-prestimulus,median,276,val,0.6148648648648649,0.614424790895379
aggregated_ranked_features_gas-CO2_keep-CO2_post-prestimulus,median,276,test,0.6764705882352942,0.6693191865605659
aggregated_ranked_features_gas-CO2_keep-CO2_post-prestimulus,median,277,train,0.9637462235649547,0.9637458926615553
aggregated_ranked_features_gas-CO2_keep-CO2_post-prestimulus,median,277,val,0.6148648648648649,0.614424790895379
aggregated_ranked_features_gas-CO2_keep-CO2_post-prestimulus,median,277,test,0.6985294117647058,0.6925282602701958
aggregated_ranked_features_gas-CO2_keep-CO2_post-prestimulus,median,278,train,0.9637462235649547,0.9637458926615553
aggregated_ranked_features_gas-CO2_keep-CO2_post-prestimulus,median,278,val,0.6148648648648649,0.614424790895379
aggregated_ranked_features_gas-CO2_keep-CO2_post-prestimulus,median,278,test,0.6691176470588235,0.6625310173697271
aggregated_ranked_features_gas-CO2_keep-CO2_post-prestimulus,median,279,train,0.9637462235649547,0.9637462235649547
aggregated_ranked_features_gas-CO2_keep-CO2_post-prestimulus,median,279,val,0.6148648648648649,0.6147065540077643
aggregated_ranked_features_gas-CO2_keep-CO2_post-prestimulus,median,279,test,0.6617647058823529,0.6557340964120626
aggregated_ranked_features_gas-CO2_keep-CO2_post-prestimulus,median,280,train,0.959214501510574,0.9592144084446301
aggregated_ranked_features_gas-CO2_keep-CO2_post-prestimulus,median,280,val,0.6216216216216216,0.6215525114155251
aggregated_ranked_features_gas-CO2_keep-CO2_post-prestimulus,median,280,test,0.6617647058823529,0.6557340964120626
aggregated_ranked_features_gas-CO2_keep-CO2_post-prestimulus,median,281,train,0.9637462235649547,0.9637458926615553
aggregated_ranked_features_gas-CO2_keep-CO2_post-prestimulus,median,281,val,0.6216216216216216,0.6213450292397661
aggregated_ranked_features_gas-CO2_keep-CO2_post-prestimulus,median,281,test,0.6617647058823529,0.6570175438596491
aggregated_ranked_features_gas-CO2_keep-CO2_post-prestimulus,median,282,train,0.9577039274924471,0.9577039274924471
aggregated_ranked_features_gas-CO2_keep-CO2_post-prestimulus,median,282,val,0.6148648648648649,0.6148472811943569
aggregated_ranked_features_gas-CO2_keep-CO2_post-prestimulus,median,282,test,0.6764705882352942,0.6677770375305352
aggregated_ranked_features_gas-CO2_keep-CO2_post-prestimulus,median,283,train,0.959214501510574,0.9592144084446301
aggregated_ranked_features_gas-CO2_keep-CO2_post-prestimulus,median,283,val,0.6351351351351351,0.6350684931506849
aggregated_ranked_features_gas-CO2_keep-CO2_post-prestimulus,median,283,test,0.6985294117647058,0.6896532531863973
aggregated_ranked_features_gas-CO2_keep-CO2_post-prestimulus,median,284,train,0.9622356495468278,0.9622355633746574
aggregated_ranked_features_gas-CO2_keep-CO2_post-prestimulus,median,284,val,0.6216216216216216,0.6213450292397661
aggregated_ranked_features_gas-CO2_keep-CO2_post-prestimulus,median,284,test,0.6911764705882353,0.6843501326259946
aggregated_ranked_features_gas-CO2_keep-CO2_post-prestimulus,median,285,train,0.9682779456193353,0.9682772941458351
aggregated_ranked_features_gas-CO2_keep-CO2_post-prestimulus,median,285,val,0.6013513513513513,0.6004575611988103
aggregated_ranked_features_gas-CO2_keep-CO2_post-prestimulus,median,285,test,0.6838235294117647,0.6745143874881727
aggregated_ranked_features_gas-CO2_keep-CO2_post-prestimulus,median,286,train,0.959214501510574,0.9592144084446301
aggregated_ranked_features_gas-CO2_keep-CO2_post-prestimulus,median,286,val,0.6216216216216216,0.6215525114155251
aggregated_ranked_features_gas-CO2_keep-CO2_post-prestimulus,median,286,test,0.6911764705882353,0.6843501326259946
aggregated_ranked_features_gas-CO2_keep-CO2_post-prestimulus,median,287,train,0.959214501510574,0.9592144084446301
aggregated_ranked_features_gas-CO2_keep-CO2_post-prestimulus,median,287,val,0.6283783783783784,0.6282256222881937
aggregated_ranked_features_gas-CO2_keep-CO2_post-prestimulus,median,287,test,0.6985294117647058,0.6925282602701958
aggregated_ranked_features_gas-CO2_keep-CO2_post-prestimulus,median,288,train,0.9577039274924471,0.9577039274924471
aggregated_ranked_features_gas-CO2_keep-CO2_post-prestimulus,median,288,val,0.5945945945945946,0.5942982456140351
aggregated_ranked_features_gas-CO2_keep-CO2_post-prestimulus,median,288,test,0.6397058823529411,0.6309055663251177
aggregated_ranked_features_gas-CO2_keep-CO2_post-prestimulus,median,289,train,0.9607250755287009,0.9607250755287009
aggregated_ranked_features_gas-CO2_keep-CO2_post-prestimulus,median,289,val,0.6283783783783784,0.6279537456008044
aggregated_ranked_features_gas-CO2_keep-CO2_post-prestimulus,median,289,test,0.6764705882352942,0.6677770375305352
aggregated_ranked_features_gas-CO2_keep-CO2_post-prestimulus,median,290,train,0.9637462235649547,0.9637448999151127
aggregated_ranked_features_gas-CO2_keep-CO2_post-prestimulus,median,290,val,0.6013513513513513,0.6011874857273349
aggregated_ranked_features_gas-CO2_keep-CO2_post-prestimulus,median,290,test,0.6911764705882353,0.6856702619414483
aggregated_ranked_features_gas-CO2_keep-CO2_post-prestimulus,median,291,train,0.9652567975830816,0.9652560840644859
aggregated_ranked_features_gas-CO2_keep-CO2_post-prestimulus,median,291,val,0.6081081081081081,0.6074629595756356
aggregated_ranked_features_gas-CO2_keep-CO2_post-prestimulus,median,291,test,0.6838235294117647,0.6745143874881727
aggregated_ranked_features_gas-CO2_keep-CO2_post-prestimulus,median,292,train,0.9577039274924471,0.9577039274924471
aggregated_ranked_features_gas-CO2_keep-CO2_post-prestimulus,median,292,val,0.6283783783783784,0.6279537456008044
aggregated_ranked_features_gas-CO2_keep-CO2_post-prestimulus,median,292,test,0.6617647058823529,0.6526759937819231
aggregated_ranked_features_gas-CO2_keep-CO2_post-prestimulus,median,293,train,0.9652567975830816,0.9652560840644859
aggregated_ranked_features_gas-CO2_keep-CO2_post-prestimulus,median,293,val,0.6081081081081081,0.6074629595756356
aggregated_ranked_features_gas-CO2_keep-CO2_post-prestimulus,median,293,test,0.6985294117647058,0.6937441643323996
aggregated_ranked_features_gas-CO2_keep-CO2_post-prestimulus,median,294,train,0.9622356495468278,0.9622355633746574
aggregated_ranked_features_gas-CO2_keep-CO2_post-prestimulus,median,294,val,0.6351351351351351,0.6348684210526316
aggregated_ranked_features_gas-CO2_keep-CO2_post-prestimulus,median,294,test,0.6911764705882353,0.6843501326259946
aggregated_ranked_features_gas-CO2_keep-CO2_post-prestimulus,median,295,train,0.9607250755287009,0.9607250755287009
aggregated_ranked_features_gas-CO2_keep-CO2_post-prestimulus,median,295,val,0.6081081081081081,0.6078216374269005
aggregated_ranked_features_gas-CO2_keep-CO2_post-prestimulus,median,295,test,0.6617647058823529,0.6570175438596491
aggregated_ranked_features_gas-CO2_keep-CO2_post-prestimulus,median,296,train,0.9607250755287009,0.9607250755287009
aggregated_ranked_features_gas-CO2_keep-CO2_post-prestimulus,median,296,val,0.6148648648648649,0.6148472811943569
aggregated_ranked_features_gas-CO2_keep-CO2_post-prestimulus,median,296,test,0.6911764705882353,0.6856702619414483
aggregated_ranked_features_gas-CO2_keep-CO2_post-prestimulus,median,297,train,0.9622356495468278,0.9622355633746574
aggregated_ranked_features_gas-CO2_keep-CO2_post-prestimulus,median,297,val,0.6148648648648649,0.6140013726835964
aggregated_ranked_features_gas-CO2_keep-CO2_post-prestimulus,median,297,test,0.6617647058823529,0.6542882404951371
aggregated_ranked_features_gas-CO2_keep-CO2_post-prestimulus,median,298,train,0.9637462235649547,0.9637458926615553
aggregated_ranked_features_gas-CO2_keep-CO2_post-prestimulus,median,298,val,0.6283783783783784,0.6279537456008044
aggregated_ranked_features_gas-CO2_keep-CO2_post-prestimulus,median,298,test,0.6470588235294118,0.6407660136473696
aggregated_ranked_features_gas-CO2_keep-CO2_post-prestimulus,median,299,train,0.9622356495468278,0.9622355633746574
aggregated_ranked_features_gas-CO2_keep-CO2_post-prestimulus,median,299,val,0.6418918918918919,0.641744690568623
aggregated_ranked_features_gas-CO2_keep-CO2_post-prestimulus,median,299,test,0.6764705882352942,0.6719298245614035
aggregated_ranked_features_gas-CO2_keep-CO2_post-prestimulus,median,300,train,0.9667673716012085,0.9667670682730924
aggregated_ranked_features_gas-CO2_keep-CO2_post-prestimulus,median,300,val,0.6283783783783784,0.6282256222881937
aggregated_ranked_features_gas-CO2_keep-CO2_post-prestimulus,median,300,test,0.6911764705882353,0.6843501326259946
aggregated_ranked_features_gas-CO2_keep-CO2_post-prestimulus,median,301,train,0.9667673716012085,0.9667673716012085
aggregated_ranked_features_gas-CO2_keep-CO2_post-prestimulus,median,301,val,0.6216216216216216,0.6213450292397661
aggregated_ranked_features_gas-CO2_keep-CO2_post-prestimulus,median,301,test,0.6838235294117647,0.6761008031016339
aggregated_ranked_features_gas-CO2_keep-CO2_post-prestimulus,median,302,train,0.9652567975830816,0.9652560840644859
aggregated_ranked_features_gas-CO2_keep-CO2_post-prestimulus,median,302,val,0.6283783783783784,0.6282256222881937
aggregated_ranked_features_gas-CO2_keep-CO2_post-prestimulus,median,302,test,0.6691176470588235,0.6625310173697271
aggregated_ranked_features_gas-CO2_keep-CO2_post-prestimulus,median,303,train,0.9652567975830816,0.9652560840644859
aggregated_ranked_features_gas-CO2_keep-CO2_post-prestimulus,median,303,val,0.6081081081081081,0.6080365296803653
aggregated_ranked_features_gas-CO2_keep-CO2_post-prestimulus,median,303,test,0.6764705882352942,0.6707021791767555
aggregated_ranked_features_gas-CO2_keep-CO2_post-prestimulus,median,304,train,0.9667673716012085,0.9667661582555199
aggregated_ranked_features_gas-CO2_keep-CO2_post-prestimulus,median,304,val,0.6148648648648649,0.6147065540077643
aggregated_ranked_features_gas-CO2_keep-CO2_post-prestimulus,median,304,test,0.7058823529411765,0.6993810786914235
aggregated_ranked_features_gas-CO2_keep-CO2_post-prestimulus,median,305,train,0.9622356495468278,0.9622355633746574
aggregated_ranked_features_gas-CO2_keep-CO2_post-prestimulus,median,305,val,0.6216216216216216,0.6215525114155251
aggregated_ranked_features_gas-CO2_keep-CO2_post-prestimulus,median,305,test,0.7058823529411765,0.7006383447061413
aggregated_ranked_features_gas-CO2_keep-CO2_post-prestimulus,median,306,train,0.9637462235649547,0.9637462235649547
aggregated_ranked_features_gas-CO2_keep-CO2_post-prestimulus,median,306,val,0.6013513513513513,0.6011874857273349
aggregated_ranked_features_gas-CO2_keep-CO2_post-prestimulus,median,306,test,0.6764705882352942,0.6677770375305352
aggregated_ranked_features_gas-CO2_keep-CO2_post-prestimulus,median,307,train,0.9622356495468278,0.9622355633746574
aggregated_ranked_features_gas-CO2_keep-CO2_post-prestimulus,median,307,val,0.6216216216216216,0.6209987195902689
aggregated_ranked_features_gas-CO2_keep-CO2_post-prestimulus,median,307,test,0.6691176470588235,0.6610357241761284
aggregated_ranked_features_gas-CO2_keep-CO2_post-prestimulus,median,308,train,0.9637462235649547,0.9637462235649547
aggregated_ranked_features_gas-CO2_keep-CO2_post-prestimulus,median,308,val,0.6283783783783784,0.6282256222881937
aggregated_ranked_features_gas-CO2_keep-CO2_post-prestimulus,median,308,test,0.7058823529411765,0.7006383447061413
aggregated_ranked_features_gas-CO2_keep-CO2_post-prestimulus,median,309,train,0.9622356495468278,0.9622355633746574
aggregated_ranked_features_gas-CO2_keep-CO2_post-prestimulus,median,309,val,0.6283783783783784,0.6282256222881937
aggregated_ranked_features_gas-CO2_keep-CO2_post-prestimulus,median,309,test,0.6691176470588235,0.6610357241761284
aggregated_ranked_features_gas-CO2_keep-CO2_post-prestimulus,median,310,train,0.9682779456193353,0.9682778732347123
aggregated_ranked_features_gas-CO2_keep-CO2_post-prestimulus,median,310,val,0.6216216216216216,0.6213450292397661
aggregated_ranked_features_gas-CO2_keep-CO2_post-prestimulus,median,310,test,0.6911764705882353,0.6856702619414483
aggregated_ranked_features_gas-CO2_keep-CO2_post-prestimulus,median,311,train,0.9652567975830816,0.9652567183046848
aggregated_ranked_features_gas-CO2_keep-CO2_post-prestimulus,median,311,val,0.6148648648648649,0.6148472811943569
aggregated_ranked_features_gas-CO2_keep-CO2_post-prestimulus,median,311,test,0.6764705882352942,0.6719298245614035
aggregated_ranked_features_gas-CO2_keep-CO2_post-prestimulus,median,312,train,0.9622356495468278,0.9622355633746574
aggregated_ranked_features_gas-CO2_keep-CO2_post-prestimulus,median,312,val,0.6283783783783784,0.6283614116787655
aggregated_ranked_features_gas-CO2_keep-CO2_post-prestimulus,median,312,test,0.6764705882352942,0.6677770375305352
aggregated_ranked_features_gas-CO2_keep-CO2_post-prestimulus,median,313,train,0.9637462235649547,0.9637462235649547
aggregated_ranked_features_gas-CO2_keep-CO2_post-prestimulus,median,313,val,0.6216216216216216,0.6215525114155251
aggregated_ranked_features_gas-CO2_keep-CO2_post-prestimulus,median,313,test,0.6838235294117647,0.6788048552754435
aggregated_ranked_features_gas-CO2_keep-CO2_post-prestimulus,median,314,train,0.9697885196374623,0.9697882438846295
aggregated_ranked_features_gas-CO2_keep-CO2_post-prestimulus,median,314,val,0.6283783783783784,0.6279537456008044
aggregated_ranked_features_gas-CO2_keep-CO2_post-prestimulus,median,314,test,0.6911764705882353,0.6828780812791473
aggregated_ranked_features_gas-CO2_keep-CO2_post-prestimulus,median,315,train,0.9652567975830816,0.9652560840644859
aggregated_ranked_features_gas-CO2_keep-CO2_post-prestimulus,median,315,val,0.6283783783783784,0.6282256222881937
aggregated_ranked_features_gas-CO2_keep-CO2_post-prestimulus,median,315,test,0.6617647058823529,0.6542882404951371
aggregated_ranked_features_gas-CO2_keep-CO2_post-prestimulus,median,316,train,0.9607250755287009,0.9607250755287009
aggregated_ranked_features_gas-CO2_keep-CO2_post-prestimulus,median,316,val,0.6283783783783784,0.6282256222881937
aggregated_ranked_features_gas-CO2_keep-CO2_post-prestimulus,median,316,test,0.6838235294117647,0.6788048552754435
aggregated_ranked_features_gas-CO2_keep-CO2_post-prestimulus,median,317,train,0.9682779456193353,0.9682778732347123
aggregated_ranked_features_gas-CO2_keep-CO2_post-prestimulus,median,317,val,0.6283783783783784,0.6279537456008044
aggregated_ranked_features_gas-CO2_keep-CO2_post-prestimulus,median,317,test,0.6838235294117647,0.6788048552754435
aggregated_ranked_features_gas-CO2_keep-CO2_post-prestimulus,median,318,train,0.9637462235649547,0.9637462235649547
aggregated_ranked_features_gas-CO2_keep-CO2_post-prestimulus,median,318,val,0.6418918918918919,0.641875542163174
aggregated_ranked_features_gas-CO2_keep-CO2_post-prestimulus,median,318,test,0.6691176470588235,0.6625310173697271
aggregated_ranked_features_gas-CO2_keep-CO2_post-prestimulus,median,319,train,0.9637462235649547,0.9637458926615553
aggregated_ranked_features_gas-CO2_keep-CO2_post-prestimulus,median,319,val,0.6283783783783784,0.6279537456008044
aggregated_ranked_features_gas-CO2_keep-CO2_post-prestimulus,median,319,test,0.6911764705882353,0.6856702619414483
aggregated_ranked_features_gas-CO2_keep-CO2_post-prestimulus,median,320,train,0.9682779456193353,0.9682772941458351
aggregated_ranked_features_gas-CO2_keep-CO2_post-prestimulus,median,320,val,0.6283783783783784,0.6283614116787655
aggregated_ranked_features_gas-CO2_keep-CO2_post-prestimulus,median,320,test,0.6911764705882353,0.6856702619414483
aggregated_ranked_features_gas-CO2_keep-CO2_post-prestimulus,median,321,train,0.9622356495468278,0.9622355633746574
aggregated_ranked_features_gas-CO2_keep-CO2_post-prestimulus,median,321,val,0.6216216216216216,0.6215525114155251
aggregated_ranked_features_gas-CO2_keep-CO2_post-prestimulus,median,321,test,0.6838235294117647,0.6775296388199614
aggregated_ranked_features_gas-CO2_keep-CO2_post-prestimulus,median,322,train,0.9622356495468278,0.9622355633746574
aggregated_ranked_features_gas-CO2_keep-CO2_post-prestimulus,median,322,val,0.6081081081081081,0.6080365296803653
aggregated_ranked_features_gas-CO2_keep-CO2_post-prestimulus,median,322,test,0.6911764705882353,0.6868421052631579
aggregated_ranked_features_gas-CO2_keep-CO2_post-prestimulus,median,323,train,0.9667673716012085,0.9667670682730924
aggregated_ranked_features_gas-CO2_keep-CO2_post-prestimulus,median,323,val,0.6418918918918919,0.641875542163174
aggregated_ranked_features_gas-CO2_keep-CO2_post-prestimulus,median,323,test,0.6764705882352942,0.6693191865605659
aggregated_ranked_features_gas-CO2_keep-CO2_post-prestimulus,median,324,train,0.9652567975830816,0.9652567183046848
aggregated_ranked_features_gas-CO2_keep-CO2_post-prestimulus,median,324,val,0.6283783783783784,0.6282256222881937
aggregated_ranked_features_gas-CO2_keep-CO2_post-prestimulus,median,324,test,0.6985294117647058,0.6925282602701958
aggregated_ranked_features_gas-CO2_keep-CO2_post-prestimulus,median,325,train,0.9652567975830816,0.9652567183046848
aggregated_ranked_features_gas-CO2_keep-CO2_post-prestimulus,median,325,val,0.6216216216216216,0.6215525114155251
aggregated_ranked_features_gas-CO2_keep-CO2_post-prestimulus,median,325,test,0.6985294117647058,0.6925282602701958
aggregated_ranked_features_gas-CO2_keep-CO2_post-prestimulus,median,326,train,0.9682779456193353,0.9682778732347123
aggregated_ranked_features_gas-CO2_keep-CO2_post-prestimulus,median,326,val,0.6216216216216216,0.6215525114155251
aggregated_ranked_features_gas-CO2_keep-CO2_post-prestimulus,median,326,test,0.6764705882352942,0.6719298245614035
aggregated_ranked_features_gas-CO2_keep-CO2_post-prestimulus,median,327,train,0.9637462235649547,0.9637458926615553
aggregated_ranked_features_gas-CO2_keep-CO2_post-prestimulus,median,327,val,0.6216216216216216,0.6215525114155251
aggregated_ranked_features_gas-CO2_keep-CO2_post-prestimulus,median,327,test,0.6911764705882353,0.6868421052631579
aggregated_ranked_features_gas-CO2_keep-CO2_post-prestimulus,median,328,train,0.9697885196374623,0.9697882438846295
aggregated_ranked_features_gas-CO2_keep-CO2_post-prestimulus,median,328,val,0.6081081081081081,0.6074629595756356
aggregated_ranked_features_gas-CO2_keep-CO2_post-prestimulus,median,328,test,0.6544117647058824,0.6512249686255251
aggregated_ranked_features_gas-CO2_keep-CO2_post-prestimulus,median,329,train,0.9607250755287009,0.9607250755287009
aggregated_ranked_features_gas-CO2_keep-CO2_post-prestimulus,median,329,val,0.6148648648648649,0.614424790895379
aggregated_ranked_features_gas-CO2_keep-CO2_post-prestimulus,median,329,test,0.6691176470588235,0.6650429642603033
aggregated_ranked_features_gas-CO2_keep-CO2_post-prestimulus,median,330,train,0.9697885196374623,0.9697874165959273
aggregated_ranked_features_gas-CO2_keep-CO2_post-prestimulus,median,330,val,0.6216216216216216,0.6215525114155251
aggregated_ranked_features_gas-CO2_keep-CO2_post-prestimulus,median,330,test,0.6838235294117647,0.6775296388199614
aggregated_ranked_features_gas-CO2_keep-CO2_post-prestimulus,median,331,train,0.9652567975830816,0.9652560840644859
aggregated_ranked_features_gas-CO2_keep-CO2_post-prestimulus,median,331,val,0.6283783783783784,0.6283614116787655
aggregated_ranked_features_gas-CO2_keep-CO2_post-prestimulus,median,331,test,0.6911764705882353,0.68125
aggregated_ranked_features_gas-CO2_keep-CO2_post-prestimulus,median,332,train,0.9682779456193353,0.9682772941458351
aggregated_ranked_features_gas-CO2_keep-CO2_post-prestimulus,median,332,val,0.6148648648648649,0.6147065540077643
aggregated_ranked_features_gas-CO2_keep-CO2_post-prestimulus,median,332,test,0.6838235294117647,0.6775296388199614
aggregated_ranked_features_gas-CO2_keep-CO2_post-prestimulus,median,333,train,0.9697885196374623,0.9697860376807361
aggregated_ranked_features_gas-CO2_keep-CO2_post-prestimulus,median,333,val,0.6148648648648649,0.6147065540077643
aggregated_ranked_features_gas-CO2_keep-CO2_post-prestimulus,median,333,test,0.6691176470588235,0.6625310173697271
aggregated_ranked_features_gas-CO2_keep-CO2_post-prestimulus,median,334,train,0.9697885196374623,0.9697860376807361
aggregated_ranked_features_gas-CO2_keep-CO2_post-prestimulus,median,334,val,0.6216216216216216,0.6215525114155251
aggregated_ranked_features_gas-CO2_keep-CO2_post-prestimulus,median,334,test,0.6911764705882353,0.6843501326259946
aggregated_ranked_features_gas-CO2_keep-CO2_post-prestimulus,median,335,train,0.9682779456193353,0.9682772941458351
aggregated_ranked_features_gas-CO2_keep-CO2_post-prestimulus,median,335,val,0.6351351351351351,0.6350684931506849
aggregated_ranked_features_gas-CO2_keep-CO2_post-prestimulus,median,335,test,0.6911764705882353,0.6856702619414483
aggregated_ranked_features_gas-CO2_keep-CO2_post-prestimulus,median,336,train,0.9667673716012085,0.9667670682730924
aggregated_ranked_features_gas-CO2_keep-CO2_post-prestimulus,median,336,val,0.6216216216216216,0.6209987195902689
aggregated_ranked_features_gas-CO2_keep-CO2_post-prestimulus,median,336,test,0.6838235294117647,0.6788048552754435
aggregated_ranked_features_gas-CO2_keep-CO2_post-prestimulus,median,337,train,0.9682779456193353,0.9682778732347123
aggregated_ranked_features_gas-CO2_keep-CO2_post-prestimulus,median,337,val,0.6351351351351351,0.6348684210526316
aggregated_ranked_features_gas-CO2_keep-CO2_post-prestimulus,median,337,test,0.6764705882352942,0.6693191865605659
aggregated_ranked_features_gas-CO2_keep-CO2_post-prestimulus,median,338,train,0.9697885196374623,0.9697885196374623
aggregated_ranked_features_gas-CO2_keep-CO2_post-prestimulus,median,338,val,0.6283783783783784,0.6282256222881937
aggregated_ranked_features_gas-CO2_keep-CO2_post-prestimulus,median,338,test,0.6691176470588235,0.6638655462184875
aggregated_ranked_features_gas-CO2_keep-CO2_post-prestimulus,median,339,train,0.9682779456193353,0.9682772941458351
aggregated_ranked_features_gas-CO2_keep-CO2_post-prestimulus,median,339,val,0.6351351351351351,0.6351351351351351
aggregated_ranked_features_gas-CO2_keep-CO2_post-prestimulus,median,339,test,0.6544117647058824,0.6489262371615312
aggregated_ranked_features_gas-CO2_keep-CO2_post-prestimulus,median,340,train,0.9667673716012085,0.9667673716012085
aggregated_ranked_features_gas-CO2_keep-CO2_post-prestimulus,median,340,val,0.6351351351351351,0.6348684210526316
aggregated_ranked_features_gas-CO2_keep-CO2_post-prestimulus,median,340,test,0.6838235294117647,0.6775296388199614
aggregated_ranked_features_gas-CO2_keep-CO2_post-prestimulus,median,341,train,0.9712990936555891,0.971298504227184
aggregated_ranked_features_gas-CO2_keep-CO2_post-prestimulus,median,341,val,0.6216216216216216,0.6213450292397661
aggregated_ranked_features_gas-CO2_keep-CO2_post-prestimulus,median,341,test,0.6985294117647058,0.6911658820271392
aggregated_ranked_features_gas-CO2_keep-CO2_post-prestimulus,median,342,train,0.9667673716012085,0.9667661582555199
aggregated_ranked_features_gas-CO2_keep-CO2_post-prestimulus,median,342,val,0.6148648648648649,0.614424790895379
aggregated_ranked_features_gas-CO2_keep-CO2_post-prestimulus,median,342,test,0.6691176470588235,0.6625310173697271
aggregated_ranked_features_gas-CO2_keep-CO2_post-prestimulus,median,343,train,0.9697885196374623,0.9697874165959273
aggregated_ranked_features_gas-CO2_keep-CO2_post-prestimulus,median,343,val,0.6283783783783784,0.6283614116787655
aggregated_ranked_features_gas-CO2_keep-CO2_post-prestimulus,median,343,test,0.6764705882352942,0.6707021791767555
aggregated_ranked_features_gas-CO2_keep-CO2_post-prestimulus,median,344,train,0.9667673716012085,0.9667670682730924
aggregated_ranked_features_gas-CO2_keep-CO2_post-prestimulus,median,344,val,0.6216216216216216,0.6216216216216216
aggregated_ranked_features_gas-CO2_keep-CO2_post-prestimulus,median,344,test,0.6838235294117647,0.6745143874881727
aggregated_ranked_features_gas-CO2_keep-CO2_post-prestimulus,median,345,train,0.9682779456193353,0.9682778732347123
aggregated_ranked_features_gas-CO2_keep-CO2_post-prestimulus,median,345,val,0.6351351351351351,0.6348684210526316
aggregated_ranked_features_gas-CO2_keep-CO2_post-prestimulus,median,345,test,0.6911764705882353,0.6868421052631579
aggregated_ranked_features_gas-CO2_keep-CO2_post-prestimulus,median,346,train,0.9652567975830816,0.9652567183046848
aggregated_ranked_features_gas-CO2_keep-CO2_post-prestimulus,median,346,val,0.6418918918918919,0.641875542163174
aggregated_ranked_features_gas-CO2_keep-CO2_post-prestimulus,median,346,test,0.6838235294117647,0.6775296388199614
aggregated_ranked_features_gas-CO2_keep-CO2_post-prestimulus,median,347,train,0.972809667673716,0.9728094194961665
aggregated_ranked_features_gas-CO2_keep-CO2_post-prestimulus,median,347,val,0.6283783783783784,0.6279537456008044
aggregated_ranked_features_gas-CO2_keep-CO2_post-prestimulus,median,347,test,0.6764705882352942,0.6707021791767555
aggregated_ranked_features_gas-CO2_keep-CO2_post-prestimulus,median,348,train,0.9682779456193353,0.9682761359046503
aggregated_ranked_features_gas-CO2_keep-CO2_post-prestimulus,median,348,val,0.6283783783783784,0.6283614116787655
aggregated_ranked_features_gas-CO2_keep-CO2_post-prestimulus,median,348,test,0.7132352941176471,0.7075268817204301
aggregated_ranked_features_gas-CO2_keep-CO2_post-prestimulus,median,349,train,0.9712990936555891,0.971298504227184
aggregated_ranked_features_gas-CO2_keep-CO2_post-prestimulus,median,349,val,0.6148648648648649,0.6147065540077643
aggregated_ranked_features_gas-CO2_keep-CO2_post-prestimulus,median,349,test,0.6397058823529411,0.6339869281045751
aggregated_ranked_features_gas-CO2_keep-CO2_post-prestimulus,median,350,train,0.9652567975830816,0.9652548155146171
aggregated_ranked_features_gas-CO2_keep-CO2_post-prestimulus,median,350,val,0.6148648648648649,0.6148472811943569
aggregated_ranked_features_gas-CO2_keep-CO2_post-prestimulus,median,350,test,0.6911764705882353,0.6856702619414483
aggregated_ranked_features_gas-CO2_keep-CO2_post-prestimulus,median,351,train,0.9682779456193353,0.9682778732347123
aggregated_ranked_features_gas-CO2_keep-CO2_post-prestimulus,median,351,val,0.6283783783783784,0.6283614116787655
aggregated_ranked_features_gas-CO2_keep-CO2_post-prestimulus,median,351,test,0.6691176470588235,0.6650429642603033
aggregated_ranked_features_gas-CO2_keep-CO2_post-prestimulus,median,352,train,0.9652567975830816,0.9652560840644859
aggregated_ranked_features_gas-CO2_keep-CO2_post-prestimulus,median,352,val,0.6283783783783784,0.6282256222881937
aggregated_ranked_features_gas-CO2_keep-CO2_post-prestimulus,median,352,test,0.6911764705882353,0.6868421052631579
aggregated_ranked_features_gas-CO2_keep-CO2_post-prestimulus,median,353,train,0.9667673716012085,0.9667670682730924
aggregated_ranked_features_gas-CO2_keep-CO2_post-prestimulus,median,353,val,0.6216216216216216,0.6209987195902689
aggregated_ranked_features_gas-CO2_keep-CO2_post-prestimulus,median,353,test,0.7132352941176471,0.7086834733893558
aggregated_ranked_features_gas-CO2_keep-CO2_post-prestimulus,median,354,train,0.9652567975830816,0.9652560840644859
aggregated_ranked_features_gas-CO2_keep-CO2_post-prestimulus,median,354,val,0.6148648648648649,0.6147065540077643
aggregated_ranked_features_gas-CO2_keep-CO2_post-prestimulus,median,354,test,0.6691176470588235,0.6650429642603033
aggregated_ranked_features_gas-CO2_keep-CO2_post-prestimulus,median,355,train,0.9712990936555891,0.9712974562946837
aggregated_ranked_features_gas-CO2_keep-CO2_post-prestimulus,median,355,val,0.6418918918918919,0.6410889956531687
aggregated_ranked_features_gas-CO2_keep-CO2_post-prestimulus,median,355,test,0.6617647058823529,0.6557340964120626
aggregated_ranked_features_gas-CO2_keep-CO2_post-prestimulus,median,356,train,0.9682779456193353,0.9682772941458351
aggregated_ranked_features_gas-CO2_keep-CO2_post-prestimulus,median,356,val,0.6283783783783784,0.6282256222881937
aggregated_ranked_features_gas-CO2_keep-CO2_post-prestimulus,median,356,test,0.6691176470588235,0.6638655462184875
aggregated_ranked_features_gas-CO2_keep-CO2_post-prestimulus,median,357,train,0.9712990936555891,0.9712990281647397
aggregated_ranked_features_gas-CO2_keep-CO2_post-prestimulus,median,357,val,0.6418918918918919,0.641744690568623
aggregated_ranked_features_gas-CO2_keep-CO2_post-prestimulus,median,357,test,0.7058823529411765,0.7006383447061413
aggregated_ranked_features_gas-CO2_keep-CO2_post-prestimulus,median,358,train,0.9697885196374623,0.9697882438846295
aggregated_ranked_features_gas-CO2_keep-CO2_post-prestimulus,median,358,val,0.6283783783783784,0.6282256222881937
aggregated_ranked_features_gas-CO2_keep-CO2_post-prestimulus,median,358,test,0.6691176470588235,0.6660664593223113
aggregated_ranked_features_gas-CO2_keep-CO2_post-prestimulus,median,359,train,0.9652567975830816,0.9652560840644859
aggregated_ranked_features_gas-CO2_keep-CO2_post-prestimulus,median,359,val,0.6351351351351351,0.6350684931506849
aggregated_ranked_features_gas-CO2_keep-CO2_post-prestimulus,median,359,test,0.6691176470588235,0.6625310173697271
aggregated_ranked_features_gas-CO2_keep-CO2_post-prestimulus,median,360,train,0.9697885196374623,0.9697882438846295
aggregated_ranked_features_gas-CO2_keep-CO2_post-prestimulus,median,360,val,0.6351351351351351,0.6348684210526316
aggregated_ranked_features_gas-CO2_keep-CO2_post-prestimulus,median,360,test,0.6911764705882353,0.6878688524590164
aggregated_ranked_features_gas-CO2_keep-CO2_post-prestimulus,median,361,train,0.9697885196374623,0.9697882438846295
aggregated_ranked_features_gas-CO2_keep-CO2_post-prestimulus,median,361,val,0.6081081081081081,0.6080365296803653
aggregated_ranked_features_gas-CO2_keep-CO2_post-prestimulus,median,361,test,0.6617647058823529,0.6542882404951371
aggregated_ranked_features_gas-CO2_keep-CO2_post-prestimulus,median,362,train,0.972809667673716,0.972809667673716
aggregated_ranked_features_gas-CO2_keep-CO2_post-prestimulus,median,362,val,0.6283783783783784,0.6283614116787655
aggregated_ranked_features_gas-CO2_keep-CO2_post-prestimulus,median,362,test,0.6617647058823529,0.6570175438596491
aggregated_ranked_features_gas-CO2_keep-CO2_post-prestimulus,median,363,train,0.9697885196374623,0.9697882438846295
aggregated_ranked_features_gas-CO2_keep-CO2_post-prestimulus,median,363,val,0.6216216216216216,0.6216216216216216
aggregated_ranked_features_gas-CO2_keep-CO2_post-prestimulus,median,363,test,0.6838235294117647,0.6788048552754435
aggregated_ranked_features_gas-CO2_keep-CO2_post-prestimulus,median,364,train,0.9682779456193353,0.9682772941458351
aggregated_ranked_features_gas-CO2_keep-CO2_post-prestimulus,median,364,val,0.6283783783783784,0.6282256222881937
aggregated_ranked_features_gas-CO2_keep-CO2_post-prestimulus,median,364,test,0.6617647058823529,0.6557340964120626
aggregated_ranked_features_gas-CO2_keep-CO2_post-prestimulus,median,365,train,0.9682779456193353,0.9682772941458351
aggregated_ranked_features_gas-CO2_keep-CO2_post-prestimulus,median,365,val,0.6351351351351351,0.6350684931506849
aggregated_ranked_features_gas-CO2_keep-CO2_post-prestimulus,median,365,test,0.6617647058823529,0.6570175438596491
aggregated_ranked_features_gas-CO2_keep-CO2_post-prestimulus,median,366,train,0.9712990936555891,0.971298504227184
aggregated_ranked_features_gas-CO2_keep-CO2_post-prestimulus,median,366,val,0.6283783783783784,0.6283614116787655
aggregated_ranked_features_gas-CO2_keep-CO2_post-prestimulus,median,366,test,0.7132352941176471,0.7062309609526447
aggregated_ranked_features_gas-CO2_keep-CO2_post-prestimulus,median,367,train,0.9697885196374623,0.9697885196374623
aggregated_ranked_features_gas-CO2_keep-CO2_post-prestimulus,median,367,val,0.6351351351351351,0.6350684931506849
aggregated_ranked_features_gas-CO2_keep-CO2_post-prestimulus,median,367,test,0.6838235294117647,0.6775296388199614
aggregated_ranked_features_gas-CO2_keep-CO2_post-prestimulus,median,368,train,0.9622356495468278,0.9622348739831369
aggregated_ranked_features_gas-CO2_keep-CO2_post-prestimulus,median,368,val,0.6148648648648649,0.614424790895379
aggregated_ranked_features_gas-CO2_keep-CO2_post-prestimulus,median,368,test,0.6985294117647058,0.6937441643323996
aggregated_ranked_features_gas-CO2_keep-CO2_post-prestimulus,median,369,train,0.9712990936555891,0.9712990281647397
aggregated_ranked_features_gas-CO2_keep-CO2_post-prestimulus,median,369,val,0.6351351351351351,0.6351351351351351
aggregated_ranked_features_gas-CO2_keep-CO2_post-prestimulus,median,369,test,0.6911764705882353,0.6828780812791473
aggregated_ranked_features_gas-CO2_keep-CO2_post-prestimulus,median,370,train,0.9712990936555891,0.9712990281647397
aggregated_ranked_features_gas-CO2_keep-CO2_post-prestimulus,median,370,val,0.6216216216216216,0.6215525114155251
aggregated_ranked_features_gas-CO2_keep-CO2_post-prestimulus,median,370,test,0.6911764705882353,0.6868421052631579
aggregated_ranked_features_gas-CO2_keep-CO2_post-prestimulus,median,371,train,0.9682779456193353,0.9682778732347123
aggregated_ranked_features_gas-CO2_keep-CO2_post-prestimulus,median,371,val,0.6351351351351351,0.6348684210526316
aggregated_ranked_features_gas-CO2_keep-CO2_post-prestimulus,median,371,test,0.6911764705882353,0.6868421052631579
aggregated_ranked_features_gas-CO2_keep-CO2_post-prestimulus,median,372,train,0.9712990936555891,0.971298504227184
aggregated_ranked_features_gas-CO2_keep-CO2_post-prestimulus,median,372,val,0.6013513513513513,0.6013331507099484
aggregated_ranked_features_gas-CO2_keep-CO2_post-prestimulus,median,372,test,0.6838235294117647,0.6799299436265119
aggregated_ranked_features_gas-CO2_keep-CO2_post-prestimulus,median,373,train,0.9697885196374623,0.9697882438846295
aggregated_ranked_features_gas-CO2_keep-CO2_post-prestimulus,median,373,val,0.6148648648648649,0.6147065540077643
aggregated_ranked_features_gas-CO2_keep-CO2_post-prestimulus,median,373,test,0.6838235294117647,0.6775296388199614
aggregated_ranked_features_gas-CO2_keep-CO2_post-prestimulus,median,374,train,0.9682779456193353,0.9682778732347123
aggregated_ranked_features_gas-CO2_keep-CO2_post-prestimulus,median,374,val,0.6351351351351351,0.6350684931506849
aggregated_ranked_features_gas-CO2_keep-CO2_post-prestimulus,median,374,test,0.6764705882352942,0.6693191865605659
aggregated_ranked_features_gas-CO2_keep-CO2_post-prestimulus,median,375,train,0.9697885196374623,0.9697885196374623
aggregated_ranked_features_gas-CO2_keep-CO2_post-prestimulus,median,375,val,0.6013513513513513,0.6013331507099484
aggregated_ranked_features_gas-CO2_keep-CO2_post-prestimulus,median,375,test,0.6911764705882353,0.6868421052631579
aggregated_ranked_features_gas-CO2_keep-CO2_post-prestimulus,median,376,train,0.9667673716012085,0.9667670682730924
aggregated_ranked_features_gas-CO2_keep-CO2_post-prestimulus,median,376,val,0.6081081081081081,0.6080365296803653
aggregated_ranked_features_gas-CO2_keep-CO2_post-prestimulus,median,376,test,0.7058823529411765,0.6979791250277593
aggregated_ranked_features_gas-CO2_keep-CO2_post-prestimulus,median,377,train,0.972809667673716,0.9728094194961665
aggregated_ranked_features_gas-CO2_keep-CO2_post-prestimulus,median,377,val,0.6216216216216216,0.6215525114155251
aggregated_ranked_features_gas-CO2_keep-CO2_post-prestimulus,median,377,test,0.6617647058823529,0.6557340964120626
aggregated_ranked_features_gas-CO2_keep-CO2_post-prestimulus,median,378,train,0.9697885196374623,0.9697882438846295
aggregated_ranked_features_gas-CO2_keep-CO2_post-prestimulus,median,378,val,0.6418918918918919,0.641744690568623
aggregated_ranked_features_gas-CO2_keep-CO2_post-prestimulus,median,378,test,0.6764705882352942,0.6730054644808743
aggregated_ranked_features_gas-CO2_keep-CO2_post-prestimulus,median,379,train,0.9697885196374623,0.9697882438846295
aggregated_ranked_features_gas-CO2_keep-CO2_post-prestimulus,median,379,val,0.6148648648648649,0.6148472811943569
aggregated_ranked_features_gas-CO2_keep-CO2_post-prestimulus,median,379,test,0.6985294117647058,0.6925282602701958
aggregated_ranked_features_gas-CO2_keep-CO2_post-prestimulus,median,380,train,0.9712990936555891,0.9712990281647397
aggregated_ranked_features_gas-CO2_keep-CO2_post-prestimulus,median,380,val,0.6081081081081081,0.6078216374269005
aggregated_ranked_features_gas-CO2_keep-CO2_post-prestimulus,median,380,test,0.6617647058823529,0.6542882404951371
aggregated_ranked_features_gas-CO2_keep-CO2_post-prestimulus,median,381,train,0.9712990936555891,0.971298504227184
aggregated_ranked_features_gas-CO2_keep-CO2_post-prestimulus,median,381,val,0.6283783783783784,0.6282256222881937
aggregated_ranked_features_gas-CO2_keep-CO2_post-prestimulus,median,381,test,0.6617647058823529,0.6557340964120626
aggregated_ranked_features_gas-CO2_keep-CO2_post-prestimulus,median,382,train,0.9712990936555891,0.971298504227184
aggregated_ranked_features_gas-CO2_keep-CO2_post-prestimulus,median,382,val,0.6216216216216216,0.6213450292397661
aggregated_ranked_features_gas-CO2_keep-CO2_post-prestimulus,median,382,test,0.6838235294117647,0.6788048552754435
aggregated_ranked_features_gas-CO2_keep-CO2_post-prestimulus,median,383,train,0.9682779456193353,0.9682778732347123
aggregated_ranked_features_gas-CO2_keep-CO2_post-prestimulus,median,383,val,0.6216216216216216,0.6215525114155251
aggregated_ranked_features_gas-CO2_keep-CO2_post-prestimulus,median,383,test,0.7058823529411765,0.7006383447061413
aggregated_ranked_features_gas-CO2_keep-CO2_post-prestimulus,median,384,train,0.9712990936555891,0.971298504227184
aggregated_ranked_features_gas-CO2_keep-CO2_post-prestimulus,median,384,val,0.6216216216216216,0.6213450292397661
aggregated_ranked_features_gas-CO2_keep-CO2_post-prestimulus,median,384,test,0.6838235294117647,0.6775296388199614
aggregated_ranked_features_gas-CO2_keep-CO2_post-prestimulus,median,385,train,0.9712990936555891,0.9712990281647397
aggregated_ranked_features_gas-CO2_keep-CO2_post-prestimulus,median,385,val,0.6283783783783784,0.6279537456008044
aggregated_ranked_features_gas-CO2_keep-CO2_post-prestimulus,median,385,test,0.6838235294117647,0.6775296388199614
aggregated_ranked_features_gas-CO2_keep-CO2_post-prestimulus,median,386,train,0.9682779456193353,0.9682778732347123
aggregated_ranked_features_gas-CO2_keep-CO2_post-prestimulus,median,386,val,0.6216216216216216,0.6215525114155251
aggregated_ranked_features_gas-CO2_keep-CO2_post-prestimulus,median,386,test,0.6911764705882353,0.6868421052631579
aggregated_ranked_features_gas-CO2_keep-CO2_post-prestimulus,median,387,train,0.9697885196374623,0.9697885196374623
aggregated_ranked_features_gas-CO2_keep-CO2_post-prestimulus,median,387,val,0.6216216216216216,0.6215525114155251
aggregated_ranked_features_gas-CO2_keep-CO2_post-prestimulus,median,387,test,0.6617647058823529,0.6557340964120626
aggregated_ranked_features_gas-CO2_keep-CO2_post-prestimulus,median,388,train,0.9667673716012085,0.9667670682730924
aggregated_ranked_features_gas-CO2_keep-CO2_post-prestimulus,median,388,val,0.6148648648648649,0.6148472811943569
aggregated_ranked_features_gas-CO2_keep-CO2_post-prestimulus,median,388,test,0.6764705882352942,0.6693191865605659
aggregated_ranked_features_gas-CO2_keep-CO2_post-prestimulus,median,389,train,0.972809667673716,0.9728094194961665
aggregated_ranked_features_gas-CO2_keep-CO2_post-prestimulus,median,389,val,0.6081081081081081,0.6078216374269005
aggregated_ranked_features_gas-CO2_keep-CO2_post-prestimulus,median,389,test,0.6838235294117647,0.6745143874881727
aggregated_ranked_features_gas-CO2_keep-CO2_post-prestimulus,median,390,train,0.9667673716012085,0.9667670682730924
aggregated_ranked_features_gas-CO2_keep-CO2_post-prestimulus,median,390,val,0.6081081081081081,0.6078216374269005
aggregated_ranked_features_gas-CO2_keep-CO2_post-prestimulus,median,390,test,0.6911764705882353,0.68125
aggregated_ranked_features_gas-CO2_keep-CO2_post-prestimulus,median,391,train,0.972809667673716,0.9728094194961665
aggregated_ranked_features_gas-CO2_keep-CO2_post-prestimulus,median,391,val,0.6216216216216216,0.6213450292397661
aggregated_ranked_features_gas-CO2_keep-CO2_post-prestimulus,median,391,test,0.6838235294117647,0.6775296388199614
aggregated_ranked_features_gas-CO2_keep-CO2_post-prestimulus,median,392,train,0.974320241691843,0.9743197143085331
aggregated_ranked_features_gas-CO2_keep-CO2_post-prestimulus,median,392,val,0.6351351351351351,0.6351351351351351
aggregated_ranked_features_gas-CO2_keep-CO2_post-prestimulus,median,392,test,0.6911764705882353,0.6828780812791473
aggregated_ranked_features_gas-CO2_keep-CO2_post-prestimulus,median,393,train,0.9712990936555891,0.971298504227184
aggregated_ranked_features_gas-CO2_keep-CO2_post-prestimulus,median,393,val,0.6013513513513513,0.6013331507099484
aggregated_ranked_features_gas-CO2_keep-CO2_post-prestimulus,median,393,test,0.6691176470588235,0.6593755217899482
aggregated_ranked_features_gas-CO2_keep-CO2_post-prestimulus,median,394,train,0.9697885196374623,0.9697882438846295
aggregated_ranked_features_gas-CO2_keep-CO2_post-prestimulus,median,394,val,0.6418918918918919,0.641744690568623
aggregated_ranked_features_gas-CO2_keep-CO2_post-prestimulus,median,394,test,0.6764705882352942,0.6707021791767555
aggregated_ranked_features_gas-CO2_keep-CO2_post-prestimulus,median,395,train,0.972809667673716,0.9728094194961665
aggregated_ranked_features_gas-CO2_keep-CO2_post-prestimulus,median,395,val,0.6283783783783784,0.6282256222881937
aggregated_ranked_features_gas-CO2_keep-CO2_post-prestimulus,median,395,test,0.6838235294117647,0.6761008031016339
aggregated_ranked_features_gas-CO2_keep-CO2_post-prestimulus,median,396,train,0.9712990936555891,0.971298504227184
aggregated_ranked_features_gas-CO2_keep-CO2_post-prestimulus,median,396,val,0.6081081081081081,0.6078216374269005
aggregated_ranked_features_gas-CO2_keep-CO2_post-prestimulus,median,396,test,0.6911764705882353,0.6828780812791473
aggregated_ranked_features_gas-CO2_keep-CO2_post-prestimulus,median,397,train,0.9682779456193353,0.9682778732347123
aggregated_ranked_features_gas-CO2_keep-CO2_post-prestimulus,median,397,val,0.6283783783783784,0.6282256222881937
aggregated_ranked_features_gas-CO2_keep-CO2_post-prestimulus,median,397,test,0.6911764705882353,0.6828780812791473
aggregated_ranked_features_gas-CO2_keep-CO2_post-prestimulus,median,398,train,0.9697885196374623,0.9697885196374623
aggregated_ranked_features_gas-CO2_keep-CO2_post-prestimulus,median,398,val,0.6418918918918919,0.6414827003062298
aggregated_ranked_features_gas-CO2_keep-CO2_post-prestimulus,median,398,test,0.6764705882352942,0.6719298245614035
aggregated_ranked_features_gas-CO2_keep-CO2_post-prestimulus,median,399,train,0.9712990936555891,0.9712990281647397
aggregated_ranked_features_gas-CO2_keep-CO2_post-prestimulus,median,399,val,0.6081081081081081,0.6080365296803653
aggregated_ranked_features_gas-CO2_keep-CO2_post-prestimulus,median,399,test,0.6985294117647058,0.6911658820271392
aggregated_ranked_features_gas-CO2_keep-CO2_post-prestimulus,median,400,train,0.9712990936555891,0.9712990281647397
aggregated_ranked_features_gas-CO2_keep-CO2_post-prestimulus,median,400,val,0.6283783783783784,0.6279537456008044
aggregated_ranked_features_gas-CO2_keep-CO2_post-prestimulus,median,400,test,0.6838235294117647,0.6761008031016339
aggregated_ranked_features_gas-CO2_keep-CO2_post-prestimulus,median,401,train,0.9682779456193353,0.9682778732347123
aggregated_ranked_features_gas-CO2_keep-CO2_post-prestimulus,median,401,val,0.6216216216216216,0.6216216216216216
aggregated_ranked_features_gas-CO2_keep-CO2_post-prestimulus,median,401,test,0.6617647058823529,0.6526759937819231
aggregated_ranked_features_gas-CO2_keep-CO2_post-prestimulus,median,402,train,0.9712990936555891,0.9712990281647397
aggregated_ranked_features_gas-CO2_keep-CO2_post-prestimulus,median,402,val,0.6081081081081081,0.6080365296803653
aggregated_ranked_features_gas-CO2_keep-CO2_post-prestimulus,median,402,test,0.7132352941176471,0.7062309609526447
aggregated_ranked_features_gas-CO2_keep-CO2_post-prestimulus,median,403,train,0.9667673716012085,0.9667673716012085
aggregated_ranked_features_gas-CO2_keep-CO2_post-prestimulus,median,403,val,0.6283783783783784,0.6283614116787655
aggregated_ranked_features_gas-CO2_keep-CO2_post-prestimulus,median,403,test,0.6838235294117647,0.6745143874881727
aggregated_ranked_features_gas-CO2_keep-CO2_post-prestimulus,median,404,train,0.972809667673716,0.9728094194961665
aggregated_ranked_features_gas-CO2_keep-CO2_post-prestimulus,median,404,val,0.6013513513513513,0.6013331507099484
aggregated_ranked_features_gas-CO2_keep-CO2_post-prestimulus,median,404,test,0.7058823529411765,0.6979791250277593
aggregated_ranked_features_gas-CO2_keep-CO2_post-prestimulus,median,405,train,0.9697885196374623,0.9697882438846295
aggregated_ranked_features_gas-CO2_keep-CO2_post-prestimulus,median,405,val,0.6351351351351351,0.6348684210526316
aggregated_ranked_features_gas-CO2_keep-CO2_post-prestimulus,median,405,test,0.7058823529411765,0.6993810786914235
aggregated_ranked_features_gas-CO2_keep-CO2_post-prestimulus,median,406,train,0.9712990936555891,0.9712990281647397
aggregated_ranked_features_gas-CO2_keep-CO2_post-prestimulus,median,406,val,0.6418918918918919,0.6414827003062298
aggregated_ranked_features_gas-CO2_keep-CO2_post-prestimulus,median,406,test,0.6764705882352942,0.6660714285714285
aggregated_ranked_features_gas-CO2_keep-CO2_post-prestimulus,median,407,train,0.9712990936555891,0.9712990281647397
aggregated_ranked_features_gas-CO2_keep-CO2_post-prestimulus,median,407,val,0.6283783783783784,0.6282256222881937
aggregated_ranked_features_gas-CO2_keep-CO2_post-prestimulus,median,407,test,0.6985294117647058,0.6925282602701958
aggregated_ranked_features_gas-CO2_keep-CO2_post-prestimulus,median,408,train,0.9712990936555891,0.9712990281647397
aggregated_ranked_features_gas-CO2_keep-CO2_post-prestimulus,median,408,val,0.6283783783783784,0.6283614116787655
aggregated_ranked_features_gas-CO2_keep-CO2_post-prestimulus,median,408,test,0.6838235294117647,0.6788048552754435
aggregated_ranked_features_gas-CO2_keep-CO2_post-prestimulus,median,409,train,0.9697885196374623,0.9697885196374623
aggregated_ranked_features_gas-CO2_keep-CO2_post-prestimulus,median,409,val,0.6216216216216216,0.6213450292397661
aggregated_ranked_features_gas-CO2_keep-CO2_post-prestimulus,median,409,test,0.6985294117647058,0.6925282602701958
aggregated_ranked_features_gas-CO2_keep-CO2_post-prestimulus,median,410,train,0.9712990936555891,0.9712990281647397
aggregated_ranked_features_gas-CO2_keep-CO2_post-prestimulus,median,410,val,0.6081081081081081,0.6078216374269005
aggregated_ranked_features_gas-CO2_keep-CO2_post-prestimulus,median,410,test,0.6764705882352942,0.6707021791767555
aggregated_ranked_features_gas-CO2_keep-CO2_post-prestimulus,median,411,train,0.9682779456193353,0.9682778732347123
aggregated_ranked_features_gas-CO2_keep-CO2_post-prestimulus,median,411,val,0.6216216216216216,0.6213450292397661
aggregated_ranked_features_gas-CO2_keep-CO2_post-prestimulus,median,411,test,0.6911764705882353,0.68125
aggregated_ranked_features_gas-CO2_keep-CO2_post-prestimulus,median,412,train,0.9682779456193353,0.9682778732347123
aggregated_ranked_features_gas-CO2_keep-CO2_post-prestimulus,median,412,val,0.6148648648648649,0.6134353663565962
aggregated_ranked_features_gas-CO2_keep-CO2_post-prestimulus,median,412,test,0.6764705882352942,0.6719298245614035
aggregated_ranked_features_gas-CO2_keep-CO2_post-prestimulus,median,413,train,0.9682779456193353,0.9682778732347123
aggregated_ranked_features_gas-CO2_keep-CO2_post-prestimulus,median,413,val,0.6216216216216216,0.6215525114155251
aggregated_ranked_features_gas-CO2_keep-CO2_post-prestimulus,median,413,test,0.6838235294117647,0.6727659336354989
aggregated_ranked_features_gas-CO2_keep-CO2_post-prestimulus,median,414,train,0.9697885196374623,0.9697882438846295
aggregated_ranked_features_gas-CO2_keep-CO2_post-prestimulus,median,414,val,0.6283783783783784,0.6283614116787655
aggregated_ranked_features_gas-CO2_keep-CO2_post-prestimulus,median,414,test,0.6764705882352942,0.6719298245614035
aggregated_ranked_features_gas-CO2_keep-CO2_post-prestimulus,median,415,train,0.9682779456193353,0.9682778732347123
aggregated_ranked_features_gas-CO2_keep-CO2_post-prestimulus,median,415,val,0.6216216216216216,0.6213450292397661
aggregated_ranked_features_gas-CO2_keep-CO2_post-prestimulus,median,415,test,0.6838235294117647,0.6761008031016339
aggregated_ranked_features_gas-CO2_keep-CO2_post-prestimulus,median,416,train,0.9758308157099698,0.9758308157099698
aggregated_ranked_features_gas-CO2_keep-CO2_post-prestimulus,median,416,val,0.6351351351351351,0.6350684931506849
aggregated_ranked_features_gas-CO2_keep-CO2_post-prestimulus,median,416,test,0.6838235294117647,0.6788048552754435
aggregated_ranked_features_gas-CO2_keep-CO2_post-prestimulus,median,417,train,0.974320241691843,0.974320183094767
aggregated_ranked_features_gas-CO2_keep-CO2_post-prestimulus,median,417,val,0.6148648648648649,0.6148472811943569
aggregated_ranked_features_gas-CO2_keep-CO2_post-prestimulus,median,417,test,0.6985294117647058,0.6911658820271392
aggregated_ranked_features_gas-CO2_keep-CO2_post-prestimulus,median,418,train,0.9773413897280967,0.9773409243898821
aggregated_ranked_features_gas-CO2_keep-CO2_post-prestimulus,median,418,val,0.6283783783783784,0.6282256222881937
aggregated_ranked_features_gas-CO2_keep-CO2_post-prestimulus,median,418,test,0.6911764705882353,0.68125
aggregated_ranked_features_gas-CO2_keep-CO2_post-prestimulus,median,419,train,0.972809667673716,0.972809667673716
aggregated_ranked_features_gas-CO2_keep-CO2_post-prestimulus,median,419,val,0.6418918918918919,0.6410889956531687
aggregated_ranked_features_gas-CO2_keep-CO2_post-prestimulus,median,419,test,0.6911764705882353,0.6828780812791473
aggregated_ranked_features_gas-CO2_keep-CO2_post-prestimulus,median,420,train,0.9697885196374623,0.9697882438846295
aggregated_ranked_features_gas-CO2_keep-CO2_post-prestimulus,median,420,val,0.6148648648648649,0.614424790895379
aggregated_ranked_features_gas-CO2_keep-CO2_post-prestimulus,median,420,test,0.6838235294117647,0.6745143874881727
aggregated_ranked_features_gas-CO2_keep-CO2_post-prestimulus,median,421,train,0.9667673716012085,0.9667670682730924
aggregated_ranked_features_gas-CO2_keep-CO2_post-prestimulus,median,421,val,0.6013513513513513,0.6013331507099484
aggregated_ranked_features_gas-CO2_keep-CO2_post-prestimulus,median,421,test,0.6985294117647058,0.6879861227687314
aggregated_ranked_features_gas-CO2_keep-CO2_post-prestimulus,median,422,train,0.972809667673716,0.972809667673716
aggregated_ranked_features_gas-CO2_keep-CO2_post-prestimulus,median,422,val,0.6283783783783784,0.6282256222881937
aggregated_ranked_features_gas-CO2_keep-CO2_post-prestimulus,median,422,test,0.7058823529411765,0.6979791250277593
aggregated_ranked_features_gas-CO2_keep-CO2_post-prestimulus,median,423,train,0.9682779456193353,0.9682778732347123
aggregated_ranked_features_gas-CO2_keep-CO2_post-prestimulus,median,423,val,0.6351351351351351,0.6351351351351351
aggregated_ranked_features_gas-CO2_keep-CO2_post-prestimulus,median,423,test,0.7058823529411765,0.6993810786914235
aggregated_ranked_features_gas-CO2_keep-CO2_post-prestimulus,median,424,train,0.9697885196374623,0.9697885196374623
aggregated_ranked_features_gas-CO2_keep-CO2_post-prestimulus,median,424,val,0.6216216216216216,0.6216216216216216
aggregated_ranked_features_gas-CO2_keep-CO2_post-prestimulus,median,424,test,0.6617647058823529,0.6570175438596491
aggregated_ranked_features_gas-CO2_keep-CO2_post-prestimulus,median,425,train,0.9667673716012085,0.9667673716012085
aggregated_ranked_features_gas-CO2_keep-CO2_post-prestimulus,median,425,val,0.6148648648648649,0.6148472811943569
aggregated_ranked_features_gas-CO2_keep-CO2_post-prestimulus,median,425,test,0.6911764705882353,0.6856702619414483
aggregated_ranked_features_gas-CO2_keep-CO2_post-prestimulus,median,426,train,0.9697885196374623,0.9697874165959273
aggregated_ranked_features_gas-CO2_keep-CO2_post-prestimulus,median,426,val,0.6216216216216216,0.6215525114155251
aggregated_ranked_features_gas-CO2_keep-CO2_post-prestimulus,median,426,test,0.7058823529411765,0.7006383447061413
aggregated_ranked_features_gas-CO2_keep-CO2_post-prestimulus,median,427,train,0.9712990936555891,0.9712990281647397
aggregated_ranked_features_gas-CO2_keep-CO2_post-prestimulus,median,427,val,0.6148648648648649,0.6147065540077643
aggregated_ranked_features_gas-CO2_keep-CO2_post-prestimulus,median,427,test,0.6838235294117647,0.6775296388199614
aggregated_ranked_features_gas-CO2_keep-CO2_post-prestimulus,median,428,train,0.9758308157099698,0.9758308157099698
aggregated_ranked_features_gas-CO2_keep-CO2_post-prestimulus,median,428,val,0.6283783783783784,0.6283614116787655
aggregated_ranked_features_gas-CO2_keep-CO2_post-prestimulus,median,428,test,0.6691176470588235,0.6593755217899482
aggregated_ranked_features_gas-CO2_keep-CO2_post-prestimulus,median,429,train,0.9712990936555891,0.9712990281647397
aggregated_ranked_features_gas-CO2_keep-CO2_post-prestimulus,median,429,val,0.6283783783783784,0.6282256222881937
aggregated_ranked_features_gas-CO2_keep-CO2_post-prestimulus,median,429,test,0.6838235294117647,0.6761008031016339
aggregated_ranked_features_gas-CO2_keep-CO2_post-prestimulus,median,430,train,0.9712990936555891,0.9712990281647397
aggregated_ranked_features_gas-CO2_keep-CO2_post-prestimulus,median,430,val,0.6216216216216216,0.6216216216216216
aggregated_ranked_features_gas-CO2_keep-CO2_post-prestimulus,median,430,test,0.6764705882352942,0.6707021791767555
aggregated_ranked_features_gas-CO2_keep-CO2_post-prestimulus,median,431,train,0.9697885196374623,0.9697885196374623
aggregated_ranked_features_gas-CO2_keep-CO2_post-prestimulus,median,431,val,0.6148648648648649,0.6148472811943569
aggregated_ranked_features_gas-CO2_keep-CO2_post-prestimulus,median,431,test,0.7058823529411765,0.6979791250277593
aggregated_ranked_features_gas-CO2_keep-CO2_post-prestimulus,median,432,train,0.9697885196374623,0.9697882438846295
aggregated_ranked_features_gas-CO2_keep-CO2_post-prestimulus,median,432,val,0.6216216216216216,0.6215525114155251
aggregated_ranked_features_gas-CO2_keep-CO2_post-prestimulus,median,432,test,0.6691176470588235,0.6625310173697271
aggregated_ranked_features_gas-CO2_keep-CO2_post-prestimulus,median,433,train,0.972809667673716,0.9728094194961665
aggregated_ranked_features_gas-CO2_keep-CO2_post-prestimulus,median,433,val,0.6283783783783784,0.6283614116787655
aggregated_ranked_features_gas-CO2_keep-CO2_post-prestimulus,median,433,test,0.6838235294117647,0.6761008031016339
aggregated_ranked_features_gas-CO2_keep-CO2_post-prestimulus,median,434,train,0.974320241691843,0.974320183094767
aggregated_ranked_features_gas-CO2_keep-CO2_post-prestimulus,median,434,val,0.6216216216216216,0.6213450292397661
aggregated_ranked_features_gas-CO2_keep-CO2_post-prestimulus,median,434,test,0.7132352941176471,0.7062309609526447
aggregated_ranked_features_gas-CO2_keep-CO2_post-prestimulus,median,435,train,0.9652567975830816,0.9652560840644859
aggregated_ranked_features_gas-CO2_keep-CO2_post-prestimulus,median,435,val,0.6351351351351351,0.6348684210526316
aggregated_ranked_features_gas-CO2_keep-CO2_post-prestimulus,median,435,test,0.6764705882352942,0.6719298245614035
aggregated_ranked_features_gas-CO2_keep-CO2_post-prestimulus,median,436,train,0.972809667673716,0.972809667673716
aggregated_ranked_features_gas-CO2_keep-CO2_post-prestimulus,median,436,val,0.6148648648648649,0.6148472811943569
aggregated_ranked_features_gas-CO2_keep-CO2_post-prestimulus,median,436,test,0.6838235294117647,0.6745143874881727
aggregated_ranked_features_gas-CO2_keep-CO2_post-prestimulus,median,437,train,0.972809667673716,0.9728094194961665
aggregated_ranked_features_gas-CO2_keep-CO2_post-prestimulus,median,437,val,0.6351351351351351,0.6350684931506849
aggregated_ranked_features_gas-CO2_keep-CO2_post-prestimulus,median,437,test,0.6838235294117647,0.6745143874881727
aggregated_ranked_features_gas-CO2_keep-CO2_post-prestimulus,median,438,train,0.972809667673716,0.972809667673716
aggregated_ranked_features_gas-CO2_keep-CO2_post-prestimulus,median,438,val,0.6418918918918919,0.641744690568623
aggregated_ranked_features_gas-CO2_keep-CO2_post-prestimulus,median,438,test,0.6911764705882353,0.6856702619414483
aggregated_ranked_features_gas-CO2_keep-CO2_post-prestimulus,median,439,train,0.9697885196374623,0.9697885196374623
aggregated_ranked_features_gas-CO2_keep-CO2_post-prestimulus,median,439,val,0.6081081081081081,0.6081081081081081
aggregated_ranked_features_gas-CO2_keep-CO2_post-prestimulus,median,439,test,0.6617647058823529,0.6557340964120626
aggregated_ranked_features_gas-CO2_keep-CO2_post-prestimulus,median,440,train,0.9682779456193353,0.9682778732347123
aggregated_ranked_features_gas-CO2_keep-CO2_post-prestimulus,median,440,val,0.6351351351351351,0.6348684210526316
aggregated_ranked_features_gas-CO2_keep-CO2_post-prestimulus,median,440,test,0.6911764705882353,0.68125
aggregated_ranked_features_gas-CO2_keep-CO2_post-prestimulus,median,441,train,0.974320241691843,0.974320183094767
aggregated_ranked_features_gas-CO2_keep-CO2_post-prestimulus,median,441,val,0.6418918918918919,0.6414827003062298
aggregated_ranked_features_gas-CO2_keep-CO2_post-prestimulus,median,441,test,0.6764705882352942,0.6677770375305352
aggregated_ranked_features_gas-CO2_keep-CO2_post-prestimulus,median,442,train,0.9712990936555891,0.9712990281647397
aggregated_ranked_features_gas-CO2_keep-CO2_post-prestimulus,median,442,val,0.6283783783783784,0.6282256222881937
aggregated_ranked_features_gas-CO2_keep-CO2_post-prestimulus,median,442,test,0.6911764705882353,0.6843501326259946
aggregated_ranked_features_gas-CO2_keep-CO2_post-prestimulus,median,443,train,0.9712990936555891,0.9712990281647397
aggregated_ranked_features_gas-CO2_keep-CO2_post-prestimulus,median,443,val,0.6148648648648649,0.6148472811943569
aggregated_ranked_features_gas-CO2_keep-CO2_post-prestimulus,median,443,test,0.7132352941176471,0.7062309609526447
aggregated_ranked_features_gas-CO2_keep-CO2_post-prestimulus,median,444,train,0.9758308157099698,0.9758305951077035
aggregated_ranked_features_gas-CO2_keep-CO2_post-prestimulus,median,444,val,0.6486486486486487,0.6485844748858447
aggregated_ranked_features_gas-CO2_keep-CO2_post-prestimulus,median,444,test,0.7205882352941176,0.7144120247568524
aggregated_ranked_features_gas-CO2_keep-CO2_post-prestimulus,median,445,train,0.974320241691843,0.9743197143085331
aggregated_ranked_features_gas-CO2_keep-CO2_post-prestimulus,median,445,val,0.6283783783783784,0.6283614116787655
aggregated_ranked_features_gas-CO2_keep-CO2_post-prestimulus,median,445,test,0.6911764705882353,0.6856702619414483
aggregated_ranked_features_gas-CO2_keep-CO2_post-prestimulus,median,446,train,0.972809667673716,0.972809667673716
aggregated_ranked_features_gas-CO2_keep-CO2_post-prestimulus,median,446,val,0.6148648648648649,0.6148472811943569
aggregated_ranked_features_gas-CO2_keep-CO2_post-prestimulus,median,446,test,0.6764705882352942,0.6660714285714285
aggregated_ranked_features_gas-CO2_keep-CO2_post-prestimulus,median,447,train,0.9697885196374623,0.9697885196374623
aggregated_ranked_features_gas-CO2_keep-CO2_post-prestimulus,median,447,val,0.6081081081081081,0.6080365296803653
aggregated_ranked_features_gas-CO2_keep-CO2_post-prestimulus,median,447,test,0.6985294117647058,0.6925282602701958
aggregated_ranked_features_gas-CO2_keep-CO2_post-prestimulus,median,448,train,0.9773413897280967,0.9773413380247944
aggregated_ranked_features_gas-CO2_keep-CO2_post-prestimulus,median,448,val,0.6283783783783784,0.6282256222881937
aggregated_ranked_features_gas-CO2_keep-CO2_post-prestimulus,median,448,test,0.6985294117647058,0.6896532531863973
aggregated_ranked_features_gas-CO2_keep-CO2_post-prestimulus,median,449,train,0.9712990936555891,0.9712990281647397
aggregated_ranked_features_gas-CO2_keep-CO2_post-prestimulus,median,449,val,0.6351351351351351,0.6348684210526316
aggregated_ranked_features_gas-CO2_keep-CO2_post-prestimulus,median,449,test,0.6470588235294118,0.6407660136473696
aggregated_ranked_features_gas-CO2_keep-CO2_post-prestimulus,median,450,train,0.9697885196374623,0.9697885196374623
aggregated_ranked_features_gas-CO2_keep-CO2_post-prestimulus,median,450,val,0.6283783783783784,0.6283614116787655
aggregated_ranked_features_gas-CO2_keep-CO2_post-prestimulus,median,450,test,0.6691176470588235,0.6610357241761284
aggregated_ranked_features_gas-CO2_keep-CO2_post-prestimulus,median,451,train,0.974320241691843,0.9743197143085331
aggregated_ranked_features_gas-CO2_keep-CO2_post-prestimulus,median,451,val,0.6216216216216216,0.6215525114155251
aggregated_ranked_features_gas-CO2_keep-CO2_post-prestimulus,median,451,test,0.6838235294117647,0.6745143874881727
aggregated_ranked_features_gas-CO2_keep-CO2_post-prestimulus,median,452,train,0.9712990936555891,0.9712990281647397
aggregated_ranked_features_gas-CO2_keep-CO2_post-prestimulus,median,452,val,0.6013513513513513,0.6013331507099484
aggregated_ranked_features_gas-CO2_keep-CO2_post-prestimulus,median,452,test,0.7132352941176471,0.7062309609526447
aggregated_ranked_features_gas-CO2_keep-CO2_post-prestimulus,median,453,train,0.9758308157099698,0.9758299332767417
aggregated_ranked_features_gas-CO2_keep-CO2_post-prestimulus,median,453,val,0.6351351351351351,0.6350684931506849
aggregated_ranked_features_gas-CO2_keep-CO2_post-prestimulus,median,453,test,0.6838235294117647,0.6761008031016339
aggregated_ranked_features_gas-CO2_keep-CO2_post-prestimulus,median,454,train,0.974320241691843,0.974320183094767
aggregated_ranked_features_gas-CO2_keep-CO2_post-prestimulus,median,454,val,0.6283783783783784,0.6283614116787655
aggregated_ranked_features_gas-CO2_keep-CO2_post-prestimulus,median,454,test,0.6764705882352942,0.6707021791767555
aggregated_ranked_features_gas-CO2_keep-CO2_post-prestimulus,median,455,train,0.974320241691843,0.974320183094767
aggregated_ranked_features_gas-CO2_keep-CO2_post-prestimulus,median,455,val,0.6148648648648649,0.6148472811943569
aggregated_ranked_features_gas-CO2_keep-CO2_post-prestimulus,median,455,test,0.6764705882352942,0.6660714285714285
aggregated_ranked_features_gas-CO2_keep-CO2_post-prestimulus,median,456,train,0.9712990936555891,0.9712990281647397
aggregated_ranked_features_gas-CO2_keep-CO2_post-prestimulus,median,456,val,0.6148648648648649,0.6148472811943569
aggregated_ranked_features_gas-CO2_keep-CO2_post-prestimulus,median,456,test,0.7058823529411765,0.6993810786914235
aggregated_ranked_features_gas-CO2_keep-CO2_post-prestimulus,median,457,train,0.9773413897280967,0.9773413380247944
aggregated_ranked_features_gas-CO2_keep-CO2_post-prestimulus,median,457,val,0.6013513513513513,0.6013331507099484
aggregated_ranked_features_gas-CO2_keep-CO2_post-prestimulus,median,457,test,0.6764705882352942,0.6693191865605659
aggregated_ranked_features_gas-CO2_keep-CO2_post-prestimulus,median,458,train,0.972809667673716,0.9728094194961665
aggregated_ranked_features_gas-CO2_keep-CO2_post-prestimulus,median,458,val,0.6148648648648649,0.6147065540077643
aggregated_ranked_features_gas-CO2_keep-CO2_post-prestimulus,median,458,test,0.6764705882352942,0.6707021791767555
aggregated_ranked_features_gas-CO2_keep-CO2_post-prestimulus,median,459,train,0.9712990936555891,0.9712990281647397
aggregated_ranked_features_gas-CO2_keep-CO2_post-prestimulus,median,459,val,0.6283783783783784,0.6283614116787655
aggregated_ranked_features_gas-CO2_keep-CO2_post-prestimulus,median,459,test,0.6691176470588235,0.6593755217899482
aggregated_ranked_features_gas-CO2_keep-CO2_post-prestimulus,median,460,train,0.972809667673716,0.9728094194961665
aggregated_ranked_features_gas-CO2_keep-CO2_post-prestimulus,median,460,val,0.6216216216216216,0.6215525114155251
aggregated_ranked_features_gas-CO2_keep-CO2_post-prestimulus,median,460,test,0.7132352941176471,0.7075268817204301
aggregated_ranked_features_gas-CO2_keep-CO2_post-prestimulus,median,461,train,0.972809667673716,0.9728094194961665
aggregated_ranked_features_gas-CO2_keep-CO2_post-prestimulus,median,461,val,0.6216216216216216,0.6215525114155251
aggregated_ranked_features_gas-CO2_keep-CO2_post-prestimulus,median,461,test,0.6764705882352942,0.6660714285714285
aggregated_ranked_features_gas-CO2_keep-CO2_post-prestimulus,median,462,train,0.9712990936555891,0.9712990281647397
aggregated_ranked_features_gas-CO2_keep-CO2_post-prestimulus,median,462,val,0.6418918918918919,0.641875542163174
aggregated_ranked_features_gas-CO2_keep-CO2_post-prestimulus,median,462,test,0.6985294117647058,0.6879861227687314
aggregated_ranked_features_gas-CO2_keep-CO2_post-prestimulus,median,463,train,0.9712990936555891,0.9712990281647397
aggregated_ranked_features_gas-CO2_keep-CO2_post-prestimulus,median,463,val,0.6418918918918919,0.641875542163174
aggregated_ranked_features_gas-CO2_keep-CO2_post-prestimulus,median,463,test,0.6838235294117647,0.6799299436265119
aggregated_ranked_features_gas-CO2_keep-CO2_post-prestimulus,median,464,train,0.9758308157099698,0.9758308157099698
aggregated_ranked_features_gas-CO2_keep-CO2_post-prestimulus,median,464,val,0.6216216216216216,0.6216216216216216
aggregated_ranked_features_gas-CO2_keep-CO2_post-prestimulus,median,464,test,0.7205882352941176,0.7144120247568524
aggregated_ranked_features_gas-CO2_keep-CO2_post-prestimulus,median,465,train,0.974320241691843,0.9743197143085331
aggregated_ranked_features_gas-CO2_keep-CO2_post-prestimulus,median,465,val,0.6216216216216216,0.6216216216216216
aggregated_ranked_features_gas-CO2_keep-CO2_post-prestimulus,median,465,test,0.6838235294117647,0.6761008031016339
aggregated_ranked_features_gas-CO2_keep-CO2_post-prestimulus,median,466,train,0.9697885196374623,0.9697882438846295
aggregated_ranked_features_gas-CO2_keep-CO2_post-prestimulus,median,466,val,0.6081081081081081,0.6080365296803653
aggregated_ranked_features_gas-CO2_keep-CO2_post-prestimulus,median,466,test,0.6911764705882353,0.6828780812791473
aggregated_ranked_features_gas-CO2_keep-CO2_post-prestimulus,median,467,train,0.9758308157099698,0.9758308157099698
aggregated_ranked_features_gas-CO2_keep-CO2_post-prestimulus,median,467,val,0.6351351351351351,0.6351351351351351
aggregated_ranked_features_gas-CO2_keep-CO2_post-prestimulus,median,467,test,0.6911764705882353,0.6868421052631579
aggregated_ranked_features_gas-CO2_keep-CO2_post-prestimulus,median,468,train,0.972809667673716,0.972809667673716
aggregated_ranked_features_gas-CO2_keep-CO2_post-prestimulus,median,468,val,0.6216216216216216,0.6215525114155251
aggregated_ranked_features_gas-CO2_keep-CO2_post-prestimulus,median,468,test,0.6985294117647058,0.6925282602701958
aggregated_ranked_features_gas-CO2_keep-CO2_post-prestimulus,median,469,train,0.9712990936555891,0.9712990281647397
aggregated_ranked_features_gas-CO2_keep-CO2_post-prestimulus,median,469,val,0.6148648648648649,0.6148472811943569
aggregated_ranked_features_gas-CO2_keep-CO2_post-prestimulus,median,469,test,0.6838235294117647,0.6775296388199614
aggregated_ranked_features_gas-CO2_keep-CO2_post-prestimulus,median,470,train,0.9712990936555891,0.9712990281647397
aggregated_ranked_features_gas-CO2_keep-CO2_post-prestimulus,median,470,val,0.6351351351351351,0.6350684931506849
aggregated_ranked_features_gas-CO2_keep-CO2_post-prestimulus,median,470,test,0.6838235294117647,0.6775296388199614
aggregated_ranked_features_gas-CO2_keep-CO2_post-prestimulus,median,471,train,0.9712990936555891,0.9712990281647397
aggregated_ranked_features_gas-CO2_keep-CO2_post-prestimulus,median,471,val,0.6418918918918919,0.641744690568623
aggregated_ranked_features_gas-CO2_keep-CO2_post-prestimulus,median,471,test,0.7058823529411765,0.6964285714285714
aggregated_ranked_features_gas-CO2_keep-CO2_post-prestimulus,median,472,train,0.9712990936555891,0.9712990281647397
aggregated_ranked_features_gas-CO2_keep-CO2_post-prestimulus,median,472,val,0.6351351351351351,0.6350684931506849
aggregated_ranked_features_gas-CO2_keep-CO2_post-prestimulus,median,472,test,0.6985294117647058,0.6896532531863973
aggregated_ranked_features_gas-CO2_keep-CO2_post-prestimulus,median,473,train,0.972809667673716,0.972809667673716
aggregated_ranked_features_gas-CO2_keep-CO2_post-prestimulus,median,473,val,0.6081081081081081,0.6080365296803653
aggregated_ranked_features_gas-CO2_keep-CO2_post-prestimulus,median,473,test,0.6617647058823529,0.6526759937819231
aggregated_ranked_features_gas-CO2_keep-CO2_post-prestimulus,median,474,train,0.974320241691843,0.974320183094767
aggregated_ranked_features_gas-CO2_keep-CO2_post-prestimulus,median,474,val,0.6148648648648649,0.6148472811943569
aggregated_ranked_features_gas-CO2_keep-CO2_post-prestimulus,median,474,test,0.6985294117647058,0.6896532531863973
aggregated_ranked_features_gas-CO2_keep-CO2_post-prestimulus,median,475,train,0.9712990936555891,0.9712990281647397
aggregated_ranked_features_gas-CO2_keep-CO2_post-prestimulus,median,475,val,0.6216216216216216,0.6216216216216216
aggregated_ranked_features_gas-CO2_keep-CO2_post-prestimulus,median,475,test,0.7279411764705882,0.72129603987815
aggregated_ranked_features_gas-CO2_keep-CO2_post-prestimulus,median,476,train,0.9712990936555891,0.9712990281647397
aggregated_ranked_features_gas-CO2_keep-CO2_post-prestimulus,median,476,val,0.6216216216216216,0.6216216216216216
aggregated_ranked_features_gas-CO2_keep-CO2_post-prestimulus,median,476,test,0.6764705882352942,0.6707021791767555
aggregated_ranked_features_gas-CO2_keep-CO2_post-prestimulus,median,477,train,0.9758308157099698,0.9758305951077035
aggregated_ranked_features_gas-CO2_keep-CO2_post-prestimulus,median,477,val,0.6418918918918919,0.641875542163174
aggregated_ranked_features_gas-CO2_keep-CO2_post-prestimulus,median,477,test,0.6911764705882353,0.68125
aggregated_ranked_features_gas-CO2_keep-CO2_post-prestimulus,median,478,train,0.9758308157099698,0.9758305951077035
aggregated_ranked_features_gas-CO2_keep-CO2_post-prestimulus,median,478,val,0.6081081081081081,0.6078216374269005
aggregated_ranked_features_gas-CO2_keep-CO2_post-prestimulus,median,478,test,0.6764705882352942,0.6677770375305352
aggregated_ranked_features_gas-CO2_keep-CO2_post-prestimulus,median,479,train,0.972809667673716,0.972809667673716
aggregated_ranked_features_gas-CO2_keep-CO2_post-prestimulus,median,479,val,0.6351351351351351,0.6351351351351351
aggregated_ranked_features_gas-CO2_keep-CO2_post-prestimulus,median,479,test,0.7132352941176471,0.7086834733893558
aggregated_ranked_features_gas-CO2_keep-CO2_post-prestimulus,median,480,train,0.972809667673716,0.9728094194961665
aggregated_ranked_features_gas-CO2_keep-CO2_post-prestimulus,median,480,val,0.6418918918918919,0.641875542163174
aggregated_ranked_features_gas-CO2_keep-CO2_post-prestimulus,median,480,test,0.6911764705882353,0.6843501326259946
aggregated_ranked_features_gas-CO2_keep-CO2_post-prestimulus,median,481,train,0.9758308157099698,0.9758308157099698
aggregated_ranked_features_gas-CO2_keep-CO2_post-prestimulus,median,481,val,0.6148648648648649,0.6148472811943569
aggregated_ranked_features_gas-CO2_keep-CO2_post-prestimulus,median,481,test,0.6617647058823529,0.6526759937819231
aggregated_ranked_features_gas-CO2_keep-CO2_post-prestimulus,median,482,train,0.972809667673716,0.9728094194961665
aggregated_ranked_features_gas-CO2_keep-CO2_post-prestimulus,median,482,val,0.6283783783783784,0.6282256222881937
aggregated_ranked_features_gas-CO2_keep-CO2_post-prestimulus,median,482,test,0.6911764705882353,0.6856702619414483
aggregated_ranked_features_gas-CO2_keep-CO2_post-prestimulus,median,483,train,0.974320241691843,0.974320183094767
aggregated_ranked_features_gas-CO2_keep-CO2_post-prestimulus,median,483,val,0.6216216216216216,0.6216216216216216
aggregated_ranked_features_gas-CO2_keep-CO2_post-prestimulus,median,483,test,0.6911764705882353,0.68125
aggregated_ranked_features_gas-CO2_keep-CO2_post-prestimulus,median,484,train,0.972809667673716,0.972809667673716
aggregated_ranked_features_gas-CO2_keep-CO2_post-prestimulus,median,484,val,0.6351351351351351,0.6350684931506849
aggregated_ranked_features_gas-CO2_keep-CO2_post-prestimulus,median,484,test,0.6838235294117647,0.6761008031016339
aggregated_ranked_features_gas-CO2_keep-CO2_post-prestimulus,median,485,train,0.974320241691843,0.974320183094767
aggregated_ranked_features_gas-CO2_keep-CO2_post-prestimulus,median,485,val,0.6351351351351351,0.6350684931506849
aggregated_ranked_features_gas-CO2_keep-CO2_post-prestimulus,median,485,test,0.6691176470588235,0.6610357241761284
aggregated_ranked_features_gas-CO2_keep-CO2_post-prestimulus,median,486,train,0.9712990936555891,0.9712990281647397
aggregated_ranked_features_gas-CO2_keep-CO2_post-prestimulus,median,486,val,0.6216216216216216,0.6213450292397661
aggregated_ranked_features_gas-CO2_keep-CO2_post-prestimulus,median,486,test,0.7058823529411765,0.6993810786914235
aggregated_ranked_features_gas-CO2_keep-CO2_post-prestimulus,median,487,train,0.9773413897280967,0.9773413380247944
aggregated_ranked_features_gas-CO2_keep-CO2_post-prestimulus,median,487,val,0.6081081081081081,0.6081081081081081
aggregated_ranked_features_gas-CO2_keep-CO2_post-prestimulus,median,487,test,0.6911764705882353,0.6856702619414483
aggregated_ranked_features_gas-CO2_keep-CO2_post-prestimulus,median,488,train,0.9712990936555891,0.971298504227184
aggregated_ranked_features_gas-CO2_keep-CO2_post-prestimulus,median,488,val,0.6148648648648649,0.6147065540077643
aggregated_ranked_features_gas-CO2_keep-CO2_post-prestimulus,median,488,test,0.6911764705882353,0.6843501326259946
aggregated_ranked_features_gas-CO2_keep-CO2_post-prestimulus,median,489,train,0.974320241691843,0.974320183094767
aggregated_ranked_features_gas-CO2_keep-CO2_post-prestimulus,median,489,val,0.6283783783783784,0.6283614116787655
aggregated_ranked_features_gas-CO2_keep-CO2_post-prestimulus,median,489,test,0.7058823529411765,0.7017543859649122
aggregated_ranked_features_gas-CO2_keep-CO2_post-prestimulus,median,490,train,0.972809667673716,0.972809667673716
aggregated_ranked_features_gas-CO2_keep-CO2_post-prestimulus,median,490,val,0.6216216216216216,0.6216216216216216
aggregated_ranked_features_gas-CO2_keep-CO2_post-prestimulus,median,490,test,0.6911764705882353,0.6828780812791473
aggregated_ranked_features_gas-CO2_keep-CO2_post-prestimulus,median,491,train,0.9758308157099698,0.9758308157099698
aggregated_ranked_features_gas-CO2_keep-CO2_post-prestimulus,median,491,val,0.6216216216216216,0.6216216216216216
aggregated_ranked_features_gas-CO2_keep-CO2_post-prestimulus,median,491,test,0.7058823529411765,0.7006383447061413
aggregated_ranked_features_gas-CO2_keep-CO2_post-prestimulus,median,492,train,0.972809667673716,0.9728094194961665
aggregated_ranked_features_gas-CO2_keep-CO2_post-prestimulus,median,492,val,0.6486486486486487,0.6486486486486487
aggregated_ranked_features_gas-CO2_keep-CO2_post-prestimulus,median,492,test,0.6911764705882353,0.68125
aggregated_ranked_features_gas-CO2_keep-CO2_post-prestimulus,median,493,train,0.9712990936555891,0.971298504227184
aggregated_ranked_features_gas-CO2_keep-CO2_post-prestimulus,median,493,val,0.6418918918918919,0.641875542163174
aggregated_ranked_features_gas-CO2_keep-CO2_post-prestimulus,median,493,test,0.6985294117647058,0.6896532531863973
aggregated_ranked_features_gas-CO2_keep-CO2_post-prestimulus,median,494,train,0.974320241691843,0.974320183094767
aggregated_ranked_features_gas-CO2_keep-CO2_post-prestimulus,median,494,val,0.6081081081081081,0.6081081081081081
aggregated_ranked_features_gas-CO2_keep-CO2_post-prestimulus,median,494,test,0.7058823529411765,0.7006383447061413
aggregated_ranked_features_gas-CO2_keep-CO2_post-prestimulus,median,495,train,0.9697885196374623,0.9697885196374623
aggregated_ranked_features_gas-CO2_keep-CO2_post-prestimulus,median,495,val,0.6148648648648649,0.6148472811943569
aggregated_ranked_features_gas-CO2_keep-CO2_post-prestimulus,median,495,test,0.6691176470588235,0.6575457445022663
aggregated_ranked_features_gas-CO2_keep-CO2_post-prestimulus,median,496,train,0.972809667673716,0.972809667673716
aggregated_ranked_features_gas-CO2_keep-CO2_post-prestimulus,median,496,val,0.6148648648648649,0.6147065540077643
aggregated_ranked_features_gas-CO2_keep-CO2_post-prestimulus,median,496,test,0.7058823529411765,0.6993810786914235
aggregated_ranked_features_gas-CO2_keep-CO2_post-prestimulus,median,497,train,0.9758308157099698,0.9758308157099698
aggregated_ranked_features_gas-CO2_keep-CO2_post-prestimulus,median,497,val,0.6283783783783784,0.6283614116787655
aggregated_ranked_features_gas-CO2_keep-CO2_post-prestimulus,median,497,test,0.7132352941176471,0.7062309609526447
aggregated_ranked_features_gas-CO2_keep-CO2_post-prestimulus,median,498,train,0.9758308157099698,0.9758308157099698
aggregated_ranked_features_gas-CO2_keep-CO2_post-prestimulus,median,498,val,0.6216216216216216,0.6215525114155251
aggregated_ranked_features_gas-CO2_keep-CO2_post-prestimulus,median,498,test,0.6985294117647058,0.6925282602701958
aggregated_ranked_features_gas-CO2_keep-CO2_post-prestimulus,median,499,train,0.9712990936555891,0.971298504227184
aggregated_ranked_features_gas-CO2_keep-CO2_post-prestimulus,median,499,val,0.6148648648648649,0.6148472811943569
aggregated_ranked_features_gas-CO2_keep-CO2_post-prestimulus,median,499,test,0.7132352941176471,0.7086834733893558
aggregated_ranked_features_gas-CO2_keep-CO2_post-prestimulus,median,500,train,0.9712990936555891,0.9712990281647397
aggregated_ranked_features_gas-CO2_keep-CO2_post-prestimulus,median,500,val,0.6418918918918919,0.641875542163174
aggregated_ranked_features_gas-CO2_keep-CO2_post-prestimulus,median,500,test,0.7205882352941176,0.7156064274708342
aggregated_ranked_features_gas-CO2_keep-CO2_post-prestimulus,median,501,train,0.974320241691843,0.974320183094767
aggregated_ranked_features_gas-CO2_keep-CO2_post-prestimulus,median,501,val,0.6283783783783784,0.6283614116787655
aggregated_ranked_features_gas-CO2_keep-CO2_post-prestimulus,median,501,test,0.6985294117647058,0.6896532531863973
aggregated_ranked_features_gas-CO2_keep-CO2_post-prestimulus,median,502,train,0.972809667673716,0.9728094194961665
aggregated_ranked_features_gas-CO2_keep-CO2_post-prestimulus,median,502,val,0.6081081081081081,0.6080365296803653
aggregated_ranked_features_gas-CO2_keep-CO2_post-prestimulus,median,502,test,0.7132352941176471,0.7062309609526447
aggregated_ranked_features_gas-CO2_keep-CO2_post-prestimulus,median,503,train,0.9788519637462235,0.9788519637462235
aggregated_ranked_features_gas-CO2_keep-CO2_post-prestimulus,median,503,val,0.6283783783783784,0.6282256222881937
aggregated_ranked_features_gas-CO2_keep-CO2_post-prestimulus,median,503,test,0.6911764705882353,0.6843501326259946
aggregated_ranked_features_gas-CO2_keep-CO2_post-prestimulus,median,504,train,0.972809667673716,0.9728094194961665
aggregated_ranked_features_gas-CO2_keep-CO2_post-prestimulus,median,504,val,0.6081081081081081,0.6080365296803653
aggregated_ranked_features_gas-CO2_keep-CO2_post-prestimulus,median,504,test,0.6911764705882353,0.6828780812791473
aggregated_ranked_features_gas-CO2_keep-CO2_post-prestimulus,median,505,train,0.974320241691843,0.9743197143085331
aggregated_ranked_features_gas-CO2_keep-CO2_post-prestimulus,median,505,val,0.6081081081081081,0.6080365296803653
aggregated_ranked_features_gas-CO2_keep-CO2_post-prestimulus,median,505,test,0.7058823529411765,0.6993810786914235
aggregated_ranked_features_gas-CO2_keep-CO2_post-prestimulus,median,506,train,0.974320241691843,0.974320183094767
aggregated_ranked_features_gas-CO2_keep-CO2_post-prestimulus,median,506,val,0.6148648648648649,0.6148472811943569
aggregated_ranked_features_gas-CO2_keep-CO2_post-prestimulus,median,506,test,0.6617647058823529,0.6542882404951371
aggregated_ranked_features_gas-CO2_keep-CO2_post-prestimulus,median,507,train,0.9758308157099698,0.9758305951077035
aggregated_ranked_features_gas-CO2_keep-CO2_post-prestimulus,median,507,val,0.6148648648648649,0.6148472811943569
aggregated_ranked_features_gas-CO2_keep-CO2_post-prestimulus,median,507,test,0.6911764705882353,0.68125
aggregated_ranked_features_gas-CO2_keep-CO2_post-prestimulus,median,508,train,0.9712990936555891,0.9712990281647397
aggregated_ranked_features_gas-CO2_keep-CO2_post-prestimulus,median,508,val,0.6148648648648649,0.6147065540077643
aggregated_ranked_features_gas-CO2_keep-CO2_post-prestimulus,median,508,test,0.7058823529411765,0.7006383447061413
aggregated_ranked_features_gas-CO2_keep-CO2_post-prestimulus,median,509,train,0.972809667673716,0.972809667673716
aggregated_ranked_features_gas-CO2_keep-CO2_post-prestimulus,median,509,val,0.6283783783783784,0.6283614116787655
aggregated_ranked_features_gas-CO2_keep-CO2_post-prestimulus,median,509,test,0.6911764705882353,0.6843501326259946
aggregated_ranked_features_gas-CO2_keep-CO2_post-prestimulus,median,510,train,0.974320241691843,0.974320183094767
aggregated_ranked_features_gas-CO2_keep-CO2_post-prestimulus,median,510,val,0.6216216216216216,0.6216216216216216
aggregated_ranked_features_gas-CO2_keep-CO2_post-prestimulus,median,510,test,0.7058823529411765,0.6979791250277593
aggregated_ranked_features_gas-CO2_keep-CO2_post-prestimulus,median,511,train,0.974320241691843,0.974320183094767
aggregated_ranked_features_gas-CO2_keep-CO2_post-prestimulus,median,511,val,0.6216216216216216,0.6216216216216216
aggregated_ranked_features_gas-CO2_keep-CO2_post-prestimulus,median,511,test,0.7205882352941176,0.7156064274708342
aggregated_ranked_features_gas-CO2_keep-CO2_post-prestimulus,median,512,train,0.974320241691843,0.974320183094767
aggregated_ranked_features_gas-CO2_keep-CO2_post-prestimulus,median,512,val,0.6283783783783784,0.6282256222881937
aggregated_ranked_features_gas-CO2_keep-CO2_post-prestimulus,median,512,test,0.6838235294117647,0.6761008031016339
aggregated_ranked_features_gas-CO2_keep-CO2_post-prestimulus,median,513,train,0.9773413897280967,0.9773413380247944
aggregated_ranked_features_gas-CO2_keep-CO2_post-prestimulus,median,513,val,0.6013513513513513,0.6008958361899539
aggregated_ranked_features_gas-CO2_keep-CO2_post-prestimulus,median,513,test,0.6544117647058824,0.6489262371615312
aggregated_ranked_features_gas-CO2_keep-CO2_post-prestimulus,median,514,train,0.9788519637462235,0.9788519637462235
aggregated_ranked_features_gas-CO2_keep-CO2_post-prestimulus,median,514,val,0.6081081081081081,0.6081081081081081
aggregated_ranked_features_gas-CO2_keep-CO2_post-prestimulus,median,514,test,0.7279411764705882,0.7225255031706644
aggregated_ranked_features_gas-CO2_keep-CO2_post-prestimulus,median,515,train,0.974320241691843,0.974320183094767
aggregated_ranked_features_gas-CO2_keep-CO2_post-prestimulus,median,515,val,0.6216216216216216,0.6216216216216216
aggregated_ranked_features_gas-CO2_keep-CO2_post-prestimulus,median,515,test,0.6985294117647058,0.6925282602701958
aggregated_ranked_features_gas-CO2_keep-CO2_post-prestimulus,median,516,train,0.9773413897280967,0.9773413380247944
aggregated_ranked_features_gas-CO2_keep-CO2_post-prestimulus,median,516,val,0.6283783783783784,0.6283614116787655
aggregated_ranked_features_gas-CO2_keep-CO2_post-prestimulus,median,516,test,0.6911764705882353,0.6828780812791473
aggregated_ranked_features_gas-CO2_keep-CO2_post-prestimulus,median,517,train,0.9773413897280967,0.9773413380247944
aggregated_ranked_features_gas-CO2_keep-CO2_post-prestimulus,median,517,val,0.6351351351351351,0.6351351351351351
aggregated_ranked_features_gas-CO2_keep-CO2_post-prestimulus,median,517,test,0.7279411764705882,0.72129603987815
aggregated_ranked_features_gas-CO2_keep-CO2_post-prestimulus,median,518,train,0.974320241691843,0.974320183094767
aggregated_ranked_features_gas-CO2_keep-CO2_post-prestimulus,median,518,val,0.6216216216216216,0.6216216216216216
aggregated_ranked_features_gas-CO2_keep-CO2_post-prestimulus,median,518,test,0.7132352941176471,0.7075268817204301
aggregated_ranked_features_gas-CO2_keep-CO2_post-prestimulus,median,519,train,0.9788519637462235,0.9788517707192406
aggregated_ranked_features_gas-CO2_keep-CO2_post-prestimulus,median,519,val,0.6013513513513513,0.6013331507099484
aggregated_ranked_features_gas-CO2_keep-CO2_post-prestimulus,median,519,test,0.6911764705882353,0.6868421052631579
aggregated_ranked_features_gas-CO2_keep-CO2_post-prestimulus,median,520,train,0.974320241691843,0.974320183094767
aggregated_ranked_features_gas-CO2_keep-CO2_post-prestimulus,median,520,val,0.6216216216216216,0.6216216216216216
aggregated_ranked_features_gas-CO2_keep-CO2_post-prestimulus,median,520,test,0.7132352941176471,0.7062309609526447
aggregated_ranked_features_gas-CO2_keep-CO2_post-prestimulus,median,521,train,0.9758308157099698,0.9758305951077035
aggregated_ranked_features_gas-CO2_keep-CO2_post-prestimulus,median,521,val,0.6148648648648649,0.6148472811943569
aggregated_ranked_features_gas-CO2_keep-CO2_post-prestimulus,median,521,test,0.6764705882352942,0.6677770375305352
aggregated_ranked_features_gas-CO2_keep-CO2_post-prestimulus,median,522,train,0.972809667673716,0.9728094194961665
aggregated_ranked_features_gas-CO2_keep-CO2_post-prestimulus,median,522,val,0.6148648648648649,0.6148472811943569
aggregated_ranked_features_gas-CO2_keep-CO2_post-prestimulus,median,522,test,0.6764705882352942,0.6677770375305352
aggregated_ranked_features_gas-CO2_keep-CO2_post-prestimulus,median,523,train,0.972809667673716,0.972809667673716
aggregated_ranked_features_gas-CO2_keep-CO2_post-prestimulus,median,523,val,0.5945945945945946,0.5945205479452055
aggregated_ranked_features_gas-CO2_keep-CO2_post-prestimulus,median,523,test,0.7058823529411765,0.6993810786914235
aggregated_ranked_features_gas-CO2_keep-CO2_post-prestimulus,median,524,train,0.9758308157099698,0.9758308157099698
aggregated_ranked_features_gas-CO2_keep-CO2_post-prestimulus,median,524,val,0.6216216216216216,0.6216216216216216
aggregated_ranked_features_gas-CO2_keep-CO2_post-prestimulus,median,524,test,0.6985294117647058,0.6948169229927207
aggregated_ranked_features_gas-CO2_keep-CO2_post-prestimulus,median,525,train,0.9773413897280967,0.9773409243898821
aggregated_ranked_features_gas-CO2_keep-CO2_post-prestimulus,median,525,val,0.6351351351351351,0.6350684931506849
aggregated_ranked_features_gas-CO2_keep-CO2_post-prestimulus,median,525,test,0.6617647058823529,0.6542882404951371
aggregated_ranked_features_gas-CO2_keep-CO2_post-prestimulus,median,526,train,0.9758308157099698,0.9758305951077035
aggregated_ranked_features_gas-CO2_keep-CO2_post-prestimulus,median,526,val,0.6148648648648649,0.6147065540077643
aggregated_ranked_features_gas-CO2_keep-CO2_post-prestimulus,median,526,test,0.7205882352941176,0.7156064274708342
aggregated_ranked_features_gas-CO2_keep-CO2_post-prestimulus,median,527,train,0.9773413897280967,0.9773413380247944
aggregated_ranked_features_gas-CO2_keep-CO2_post-prestimulus,median,527,val,0.6351351351351351,0.6350684931506849
aggregated_ranked_features_gas-CO2_keep-CO2_post-prestimulus,median,527,test,0.6911764705882353,0.6843501326259946
aggregated_ranked_features_gas-CO2_keep-CO2_post-prestimulus,median,528,train,0.9773413897280967,0.9773413380247944
aggregated_ranked_features_gas-CO2_keep-CO2_post-prestimulus,median,528,val,0.6283783783783784,0.6283614116787655
aggregated_ranked_features_gas-CO2_keep-CO2_post-prestimulus,median,528,test,0.7058823529411765,0.6993810786914235
aggregated_ranked_features_gas-CO2_keep-CO2_post-prestimulus,median,529,train,0.9758308157099698,0.9758308157099698
aggregated_ranked_features_gas-CO2_keep-CO2_post-prestimulus,median,529,val,0.6148648648648649,0.6147065540077643
aggregated_ranked_features_gas-CO2_keep-CO2_post-prestimulus,median,529,test,0.7058823529411765,0.7006383447061413
aggregated_ranked_features_gas-CO2_keep-CO2_post-prestimulus,median,530,train,0.9773413897280967,0.9773413380247944
aggregated_ranked_features_gas-CO2_keep-CO2_post-prestimulus,median,530,val,0.6216216216216216,0.6215525114155251
aggregated_ranked_features_gas-CO2_keep-CO2_post-prestimulus,median,530,test,0.7205882352941176,0.7144120247568524
aggregated_ranked_features_gas-CO2_keep-CO2_post-prestimulus,median,531,train,0.9758308157099698,0.9758305951077035
aggregated_ranked_features_gas-CO2_keep-CO2_post-prestimulus,median,531,val,0.6081081081081081,0.6081081081081081
aggregated_ranked_features_gas-CO2_keep-CO2_post-prestimulus,median,531,test,0.7132352941176471,0.7075268817204301
aggregated_ranked_features_gas-CO2_keep-CO2_post-prestimulus,median,532,train,0.9758308157099698,0.9758305951077035
aggregated_ranked_features_gas-CO2_keep-CO2_post-prestimulus,median,532,val,0.6148648648648649,0.6148472811943569
aggregated_ranked_features_gas-CO2_keep-CO2_post-prestimulus,median,532,test,0.6985294117647058,0.6937441643323996
aggregated_ranked_features_gas-CO2_keep-CO2_post-prestimulus,median,533,train,0.974320241691843,0.9743197143085331
aggregated_ranked_features_gas-CO2_keep-CO2_post-prestimulus,median,533,val,0.6148648648648649,0.6147065540077643
aggregated_ranked_features_gas-CO2_keep-CO2_post-prestimulus,median,533,test,0.6838235294117647,0.6727659336354989
aggregated_ranked_features_gas-CO2_keep-CO2_post-prestimulus,median,534,train,0.9788519637462235,0.9788517707192406
aggregated_ranked_features_gas-CO2_keep-CO2_post-prestimulus,median,534,val,0.6148648648648649,0.6147065540077643
aggregated_ranked_features_gas-CO2_keep-CO2_post-prestimulus,median,534,test,0.6911764705882353,0.6794612794612794
aggregated_ranked_features_gas-CO2_keep-CO2_post-prestimulus,median,535,train,0.9758308157099698,0.9758305951077035
aggregated_ranked_features_gas-CO2_keep-CO2_post-prestimulus,median,535,val,0.6216216216216216,0.6215525114155251
aggregated_ranked_features_gas-CO2_keep-CO2_post-prestimulus,median,535,test,0.6691176470588235,0.6555411718354253
aggregated_ranked_features_gas-CO2_keep-CO2_post-prestimulus,median,536,train,0.9773413897280967,0.9773413380247944
aggregated_ranked_features_gas-CO2_keep-CO2_post-prestimulus,median,536,val,0.6081081081081081,0.6078216374269005
aggregated_ranked_features_gas-CO2_keep-CO2_post-prestimulus,median,536,test,0.6911764705882353,0.6828780812791473
aggregated_ranked_features_gas-CO2_keep-CO2_post-prestimulus,median,537,train,0.9758308157099698,0.9758308157099698
aggregated_ranked_features_gas-CO2_keep-CO2_post-prestimulus,median,537,val,0.6148648648648649,0.6148472811943569
aggregated_ranked_features_gas-CO2_keep-CO2_post-prestimulus,median,537,test,0.6911764705882353,0.68125
aggregated_ranked_features_gas-CO2_keep-CO2_post-prestimulus,median,538,train,0.974320241691843,0.974320183094767
aggregated_ranked_features_gas-CO2_keep-CO2_post-prestimulus,median,538,val,0.6081081081081081,0.6081081081081081
aggregated_ranked_features_gas-CO2_keep-CO2_post-prestimulus,median,538,test,0.6838235294117647,0.6761008031016339
aggregated_ranked_features_gas-CO2_keep-CO2_post-prestimulus,median,539,train,0.974320241691843,0.974320183094767
aggregated_ranked_features_gas-CO2_keep-CO2_post-prestimulus,median,539,val,0.6148648648648649,0.6147065540077643
aggregated_ranked_features_gas-CO2_keep-CO2_post-prestimulus,median,539,test,0.7279411764705882,0.7225255031706644
aggregated_ranked_features_gas-CO2_keep-CO2_post-prestimulus,median,540,train,0.9712990936555891,0.9712990281647397
aggregated_ranked_features_gas-CO2_keep-CO2_post-prestimulus,median,540,val,0.6081081081081081,0.6081081081081081
aggregated_ranked_features_gas-CO2_keep-CO2_post-prestimulus,median,540,test,0.6911764705882353,0.6843501326259946
aggregated_ranked_features_gas-CO2_keep-CO2_post-prestimulus,median,541,train,0.9758308157099698,0.9758305951077035
aggregated_ranked_features_gas-CO2_keep-CO2_post-prestimulus,median,541,val,0.6081081081081081,0.6081081081081081
aggregated_ranked_features_gas-CO2_keep-CO2_post-prestimulus,median,541,test,0.6985294117647058,0.6937441643323996
aggregated_ranked_features_gas-CO2_keep-CO2_post-prestimulus,median,542,train,0.9788519637462235,0.9788519637462235
aggregated_ranked_features_gas-CO2_keep-CO2_post-prestimulus,median,542,val,0.6351351351351351,0.6350684931506849
aggregated_ranked_features_gas-CO2_keep-CO2_post-prestimulus,median,542,test,0.7058823529411765,0.6993810786914235
aggregated_ranked_features_gas-CO2_keep-CO2_post-prestimulus,median,543,train,0.974320241691843,0.974320183094767
aggregated_ranked_features_gas-CO2_keep-CO2_post-prestimulus,median,543,val,0.6216216216216216,0.6216216216216216
aggregated_ranked_features_gas-CO2_keep-CO2_post-prestimulus,median,543,test,0.6691176470588235,0.6575457445022663
aggregated_ranked_features_gas-CO2_keep-CO2_post-prestimulus,median,544,train,0.9758308157099698,0.9758305951077035
aggregated_ranked_features_gas-CO2_keep-CO2_post-prestimulus,median,544,val,0.6081081081081081,0.6080365296803653
aggregated_ranked_features_gas-CO2_keep-CO2_post-prestimulus,median,544,test,0.6838235294117647,0.6761008031016339
aggregated_ranked_features_gas-CO2_keep-CO2_post-prestimulus,median,545,train,0.974320241691843,0.974320183094767
aggregated_ranked_features_gas-CO2_keep-CO2_post-prestimulus,median,545,val,0.6081081081081081,0.6080365296803653
aggregated_ranked_features_gas-CO2_keep-CO2_post-prestimulus,median,545,test,0.6838235294117647,0.6775296388199614
aggregated_ranked_features_gas-CO2_keep-CO2_post-prestimulus,median,546,train,0.9712990936555891,0.9712990281647397
aggregated_ranked_features_gas-CO2_keep-CO2_post-prestimulus,median,546,val,0.6216216216216216,0.6215525114155251
aggregated_ranked_features_gas-CO2_keep-CO2_post-prestimulus,median,546,test,0.6838235294117647,0.6775296388199614
aggregated_ranked_features_gas-CO2_keep-CO2_post-prestimulus,median,547,train,0.974320241691843,0.974320183094767
aggregated_ranked_features_gas-CO2_keep-CO2_post-prestimulus,median,547,val,0.6081081081081081,0.6081081081081081
aggregated_ranked_features_gas-CO2_keep-CO2_post-prestimulus,median,547,test,0.6764705882352942,0.6660714285714285
aggregated_ranked_features_gas-CO2_keep-CO2_post-prestimulus,median,548,train,0.9773413897280967,0.9773413380247944
aggregated_ranked_features_gas-CO2_keep-CO2_post-prestimulus,median,548,val,0.6081081081081081,0.6078216374269005
aggregated_ranked_features_gas-CO2_keep-CO2_post-prestimulus,median,548,test,0.6911764705882353,0.68125
aggregated_ranked_features_gas-CO2_keep-CO2_post-prestimulus,median,549,train,0.9697885196374623,0.9697882438846295
aggregated_ranked_features_gas-CO2_keep-CO2_post-prestimulus,median,549,val,0.6148648648648649,0.6148472811943569
aggregated_ranked_features_gas-CO2_keep-CO2_post-prestimulus,median,549,test,0.6838235294117647,0.6775296388199614
aggregated_ranked_features_gas-CO2_keep-CO2_post-prestimulus,median,550,train,0.9803625377643505,0.9803621344712312
aggregated_ranked_features_gas-CO2_keep-CO2_post-prestimulus,median,550,val,0.6216216216216216,0.6216216216216216
aggregated_ranked_features_gas-CO2_keep-CO2_post-prestimulus,median,550,test,0.6911764705882353,0.6843501326259946
aggregated_ranked_features_gas-CO2_keep-CO2_post-prestimulus,median,551,train,0.9758308157099698,0.9758308157099698
aggregated_ranked_features_gas-CO2_keep-CO2_post-prestimulus,median,551,val,0.5945945945945946,0.5945205479452055
aggregated_ranked_features_gas-CO2_keep-CO2_post-prestimulus,median,551,test,0.6764705882352942,0.6660714285714285
aggregated_ranked_features_gas-CO2_keep-CO2_post-prestimulus,median,552,train,0.9758308157099698,0.9758308157099698
aggregated_ranked_features_gas-CO2_keep-CO2_post-prestimulus,median,552,val,0.6148648648648649,0.6147065540077643
aggregated_ranked_features_gas-CO2_keep-CO2_post-prestimulus,median,552,test,0.6764705882352942,0.6677770375305352
aggregated_ranked_features_gas-CO2_keep-CO2_post-prestimulus,median,553,train,0.9773413897280967,0.9773409243898821
aggregated_ranked_features_gas-CO2_keep-CO2_post-prestimulus,median,553,val,0.6216216216216216,0.6213450292397661
aggregated_ranked_features_gas-CO2_keep-CO2_post-prestimulus,median,553,test,0.7205882352941176,0.7156064274708342
aggregated_ranked_features_gas-CO2_keep-CO2_post-prestimulus,median,554,train,0.974320241691843,0.974320183094767
aggregated_ranked_features_gas-CO2_keep-CO2_post-prestimulus,median,554,val,0.6418918918918919,0.641875542163174
aggregated_ranked_features_gas-CO2_keep-CO2_post-prestimulus,median,554,test,0.6838235294117647,0.6745143874881727
aggregated_ranked_features_gas-CO2_keep-CO2_post-prestimulus,median,555,train,0.9803625377643505,0.9803624929548218
aggregated_ranked_features_gas-CO2_keep-CO2_post-prestimulus,median,555,val,0.6081081081081081,0.6078216374269005
aggregated_ranked_features_gas-CO2_keep-CO2_post-prestimulus,median,555,test,0.7058823529411765,0.7006383447061413
aggregated_ranked_features_gas-CO2_keep-CO2_post-prestimulus,median,556,train,0.9773413897280967,0.9773413380247944
aggregated_ranked_features_gas-CO2_keep-CO2_post-prestimulus,median,556,val,0.6216216216216216,0.6216216216216216
aggregated_ranked_features_gas-CO2_keep-CO2_post-prestimulus,median,556,test,0.6985294117647058,0.6911658820271392
aggregated_ranked_features_gas-CO2_keep-CO2_post-prestimulus,median,557,train,0.9773413897280967,0.9773413380247944
aggregated_ranked_features_gas-CO2_keep-CO2_post-prestimulus,median,557,val,0.6013513513513513,0.6008958361899539
aggregated_ranked_features_gas-CO2_keep-CO2_post-prestimulus,median,557,test,0.7132352941176471,0.7075268817204301
aggregated_ranked_features_gas-CO2_keep-CO2_post-prestimulus,median,558,train,0.9758308157099698,0.9758308157099698
aggregated_ranked_features_gas-CO2_keep-CO2_post-prestimulus,median,558,val,0.6283783783783784,0.6283614116787655
aggregated_ranked_features_gas-CO2_keep-CO2_post-prestimulus,median,558,test,0.6911764705882353,0.6828780812791473
aggregated_ranked_features_gas-CO2_keep-CO2_post-prestimulus,median,559,train,0.9758308157099698,0.9758305951077035
aggregated_ranked_features_gas-CO2_keep-CO2_post-prestimulus,median,559,val,0.6081081081081081,0.6080365296803653
aggregated_ranked_features_gas-CO2_keep-CO2_post-prestimulus,median,559,test,0.6691176470588235,0.6575457445022663
aggregated_ranked_features_gas-CO2_keep-CO2_post-prestimulus,median,560,train,0.972809667673716,0.9728094194961665
aggregated_ranked_features_gas-CO2_keep-CO2_post-prestimulus,median,560,val,0.6283783783783784,0.6282256222881937
aggregated_ranked_features_gas-CO2_keep-CO2_post-prestimulus,median,560,test,0.7058823529411765,0.7006383447061413
aggregated_ranked_features_gas-CO2_keep-CO2_post-prestimulus,median,561,train,0.9758308157099698,0.9758308157099698
aggregated_ranked_features_gas-CO2_keep-CO2_post-prestimulus,median,561,val,0.6081081081081081,0.6081081081081081
aggregated_ranked_features_gas-CO2_keep-CO2_post-prestimulus,median,561,test,0.6911764705882353,0.68125
aggregated_ranked_features_gas-CO2_keep-CO2_post-prestimulus,median,562,train,0.9758308157099698,0.9758305951077035
aggregated_ranked_features_gas-CO2_keep-CO2_post-prestimulus,median,562,val,0.5878378378378378,0.5876684174469058
aggregated_ranked_features_gas-CO2_keep-CO2_post-prestimulus,median,562,test,0.7132352941176471,0.7075268817204301
aggregated_ranked_features_gas-CO2_keep-CO2_post-prestimulus,median,563,train,0.9758308157099698,0.9758305951077035
aggregated_ranked_features_gas-CO2_keep-CO2_post-prestimulus,median,563,val,0.6148648648648649,0.6147065540077643
aggregated_ranked_features_gas-CO2_keep-CO2_post-prestimulus,median,563,test,0.6985294117647058,0.6911658820271392
aggregated_ranked_features_gas-CO2_keep-CO2_post-prestimulus,median,564,train,0.9712990936555891,0.9712990281647397
aggregated_ranked_features_gas-CO2_keep-CO2_post-prestimulus,median,564,val,0.6081081081081081,0.6080365296803653
aggregated_ranked_features_gas-CO2_keep-CO2_post-prestimulus,median,564,test,0.6911764705882353,0.6828780812791473
aggregated_ranked_features_gas-CO2_keep-CO2_post-prestimulus,median,565,train,0.9758308157099698,0.9758308157099698
aggregated_ranked_features_gas-CO2_keep-CO2_post-prestimulus,median,565,val,0.6148648648648649,0.6147065540077643
aggregated_ranked_features_gas-CO2_keep-CO2_post-prestimulus,median,565,test,0.7205882352941176,0.7144120247568524
aggregated_ranked_features_gas-CO2_keep-CO2_post-prestimulus,median,566,train,0.974320241691843,0.974320183094767
aggregated_ranked_features_gas-CO2_keep-CO2_post-prestimulus,median,566,val,0.6351351351351351,0.6350684931506849
aggregated_ranked_features_gas-CO2_keep-CO2_post-prestimulus,median,566,test,0.7058823529411765,0.6979791250277593
aggregated_ranked_features_gas-CO2_keep-CO2_post-prestimulus,median,567,train,0.9773413897280967,0.9773413380247944
aggregated_ranked_features_gas-CO2_keep-CO2_post-prestimulus,median,567,val,0.6216216216216216,0.6215525114155251
aggregated_ranked_features_gas-CO2_keep-CO2_post-prestimulus,median,567,test,0.7205882352941176,0.7156064274708342
aggregated_ranked_features_gas-CO2_keep-CO2_post-prestimulus,median,568,train,0.972809667673716,0.972809667673716
aggregated_ranked_features_gas-CO2_keep-CO2_post-prestimulus,median,568,val,0.6081081081081081,0.6080365296803653
aggregated_ranked_features_gas-CO2_keep-CO2_post-prestimulus,median,568,test,0.6985294117647058,0.6948169229927207
aggregated_ranked_features_gas-CO2_keep-CO2_post-prestimulus,median,569,train,0.9758308157099698,0.9758308157099698
aggregated_ranked_features_gas-CO2_keep-CO2_post-prestimulus,median,569,val,0.6351351351351351,0.6351351351351351
aggregated_ranked_features_gas-CO2_keep-CO2_post-prestimulus,median,569,test,0.6985294117647058,0.6925282602701958
aggregated_ranked_features_gas-CO2_keep-CO2_post-prestimulus,median,570,train,0.9788519637462235,0.9788517707192406
aggregated_ranked_features_gas-CO2_keep-CO2_post-prestimulus,median,570,val,0.6283783783783784,0.6282256222881937
aggregated_ranked_features_gas-CO2_keep-CO2_post-prestimulus,median,570,test,0.6764705882352942,0.6621499548328816
aggregated_ranked_features_gas-CO2_keep-CO2_post-prestimulus,median,571,train,0.9773413897280967,0.9773413380247944
aggregated_ranked_features_gas-CO2_keep-CO2_post-prestimulus,median,571,val,0.6351351351351351,0.6350684931506849
aggregated_ranked_features_gas-CO2_keep-CO2_post-prestimulus,median,571,test,0.6985294117647058,0.6925282602701958
aggregated_ranked_features_gas-CO2_keep-CO2_post-prestimulus,median,572,train,0.9758308157099698,0.9758308157099698
aggregated_ranked_features_gas-CO2_keep-CO2_post-prestimulus,median,572,val,0.6216216216216216,0.6213450292397661
aggregated_ranked_features_gas-CO2_keep-CO2_post-prestimulus,median,572,test,0.6838235294117647,0.6775296388199614
aggregated_ranked_features_gas-CO2_keep-CO2_post-prestimulus,median,573,train,0.9773413897280967,0.9773413380247944
aggregated_ranked_features_gas-CO2_keep-CO2_post-prestimulus,median,573,val,0.6081081081081081,0.6081081081081081
aggregated_ranked_features_gas-CO2_keep-CO2_post-prestimulus,median,573,test,0.6911764705882353,0.6843501326259946
aggregated_ranked_features_gas-CO2_keep-CO2_post-prestimulus,median,574,train,0.9773413897280967,0.9773413380247944
aggregated_ranked_features_gas-CO2_keep-CO2_post-prestimulus,median,574,val,0.6081081081081081,0.6080365296803653
aggregated_ranked_features_gas-CO2_keep-CO2_post-prestimulus,median,574,test,0.6764705882352942,0.6641975308641975
aggregated_ranked_features_gas-CO2_keep-CO2_post-prestimulus,median,575,train,0.972809667673716,0.972809667673716
aggregated_ranked_features_gas-CO2_keep-CO2_post-prestimulus,median,575,val,0.5878378378378378,0.5878190202255399
aggregated_ranked_features_gas-CO2_keep-CO2_post-prestimulus,median,575,test,0.6911764705882353,0.68125
aggregated_ranked_features_gas-CO2_keep-CO2_post-prestimulus,median,576,train,0.9758308157099698,0.9758305951077035
aggregated_ranked_features_gas-CO2_keep-CO2_post-prestimulus,median,576,val,0.6216216216216216,0.6215525114155251
aggregated_ranked_features_gas-CO2_keep-CO2_post-prestimulus,median,576,test,0.6617647058823529,0.6557340964120626
aggregated_ranked_features_gas-CO2_keep-CO2_post-prestimulus,median,577,train,0.972809667673716,0.972809667673716
aggregated_ranked_features_gas-CO2_keep-CO2_post-prestimulus,median,577,val,0.6081081081081081,0.6080365296803653
aggregated_ranked_features_gas-CO2_keep-CO2_post-prestimulus,median,577,test,0.6838235294117647,0.6745143874881727
aggregated_ranked_features_gas-CO2_keep-CO2_post-prestimulus,median,578,train,0.972809667673716,0.9728094194961665
aggregated_ranked_features_gas-CO2_keep-CO2_post-prestimulus,median,578,val,0.6081081081081081,0.6080365296803653
aggregated_ranked_features_gas-CO2_keep-CO2_post-prestimulus,median,578,test,0.7205882352941176,0.7166666666666667
aggregated_ranked_features_gas-CO2_keep-CO2_post-prestimulus,median,579,train,0.974320241691843,0.9743197143085331
aggregated_ranked_features_gas-CO2_keep-CO2_post-prestimulus,median,579,val,0.6148648648648649,0.6148472811943569
aggregated_ranked_features_gas-CO2_keep-CO2_post-prestimulus,median,579,test,0.7058823529411765,0.6979791250277593
aggregated_ranked_features_gas-CO2_keep-CO2_post-prestimulus,median,580,train,0.9788519637462235,0.9788517707192406
aggregated_ranked_features_gas-CO2_keep-CO2_post-prestimulus,median,580,val,0.6081081081081081,0.6081081081081081
aggregated_ranked_features_gas-CO2_keep-CO2_post-prestimulus,median,580,test,0.7058823529411765,0.7006383447061413
aggregated_ranked_features_gas-CO2_keep-CO2_post-prestimulus,median,581,train,0.9773413897280967,0.9773413380247944
aggregated_ranked_features_gas-CO2_keep-CO2_post-prestimulus,median,581,val,0.6148648648648649,0.6147065540077643
aggregated_ranked_features_gas-CO2_keep-CO2_post-prestimulus,median,581,test,0.7132352941176471,0.7062309609526447
aggregated_ranked_features_gas-CO2_keep-CO2_post-prestimulus,median,582,train,0.9788519637462235,0.9788517707192406
aggregated_ranked_features_gas-CO2_keep-CO2_post-prestimulus,median,582,val,0.6148648648648649,0.614424790895379
aggregated_ranked_features_gas-CO2_keep-CO2_post-prestimulus,median,582,test,0.7058823529411765,0.7006383447061413
aggregated_ranked_features_gas-CO2_keep-CO2_post-prestimulus,median,583,train,0.9758308157099698,0.9758308157099698
aggregated_ranked_features_gas-CO2_keep-CO2_post-prestimulus,median,583,val,0.6081081081081081,0.6078216374269005
aggregated_ranked_features_gas-CO2_keep-CO2_post-prestimulus,median,583,test,0.6911764705882353,0.6794612794612794
aggregated_ranked_features_gas-CO2_keep-CO2_post-prestimulus,median,584,train,0.974320241691843,0.974320183094767
aggregated_ranked_features_gas-CO2_keep-CO2_post-prestimulus,median,584,val,0.6148648648648649,0.6147065540077643
aggregated_ranked_features_gas-CO2_keep-CO2_post-prestimulus,median,584,test,0.6617647058823529,0.6508928571428572
aggregated_ranked_features_gas-CO2_keep-CO2_post-prestimulus,median,585,train,0.9758308157099698,0.9758308157099698
aggregated_ranked_features_gas-CO2_keep-CO2_post-prestimulus,median,585,val,0.6013513513513513,0.6011874857273349
aggregated_ranked_features_gas-CO2_keep-CO2_post-prestimulus,median,585,test,0.7058823529411765,0.6993810786914235
aggregated_ranked_features_gas-CO2_keep-CO2_post-prestimulus,median,586,train,0.9788519637462235,0.9788519637462235
aggregated_ranked_features_gas-CO2_keep-CO2_post-prestimulus,median,586,val,0.6081081081081081,0.6080365296803653
aggregated_ranked_features_gas-CO2_keep-CO2_post-prestimulus,median,586,test,0.6985294117647058,0.6911658820271392
aggregated_ranked_features_gas-CO2_keep-CO2_post-prestimulus,median,587,train,0.9758308157099698,0.9758305951077035
aggregated_ranked_features_gas-CO2_keep-CO2_post-prestimulus,median,587,val,0.5878378378378378,0.5878190202255399
aggregated_ranked_features_gas-CO2_keep-CO2_post-prestimulus,median,587,test,0.7058823529411765,0.6993810786914235
aggregated_ranked_features_gas-CO2_keep-CO2_post-prestimulus,median,588,train,0.972809667673716,0.972809667673716
aggregated_ranked_features_gas-CO2_keep-CO2_post-prestimulus,median,588,val,0.6013513513513513,0.6013331507099484
aggregated_ranked_features_gas-CO2_keep-CO2_post-prestimulus,median,588,test,0.6911764705882353,0.68125
aggregated_ranked_features_gas-CO2_keep-CO2_post-prestimulus,median,589,train,0.9788519637462235,0.9788519637462235
aggregated_ranked_features_gas-CO2_keep-CO2_post-prestimulus,median,589,val,0.6283783783783784,0.6283614116787655
aggregated_ranked_features_gas-CO2_keep-CO2_post-prestimulus,median,589,test,0.6985294117647058,0.6911658820271392
aggregated_ranked_features_gas-CO2_keep-CO2_post-prestimulus,median,590,train,0.9773413897280967,0.9773413380247944
aggregated_ranked_features_gas-CO2_keep-CO2_post-prestimulus,median,590,val,0.6351351351351351,0.6348684210526316
aggregated_ranked_features_gas-CO2_keep-CO2_post-prestimulus,median,590,test,0.6764705882352942,0.6693191865605659
aggregated_ranked_features_gas-CO2_keep-CO2_post-prestimulus,median,591,train,0.974320241691843,0.9743197143085331
aggregated_ranked_features_gas-CO2_keep-CO2_post-prestimulus,median,591,val,0.6216216216216216,0.6216216216216216
aggregated_ranked_features_gas-CO2_keep-CO2_post-prestimulus,median,591,test,0.7132352941176471,0.7075268817204301
aggregated_ranked_features_gas-CO2_keep-CO2_post-prestimulus,median,592,train,0.9697885196374623,0.9697874165959273
aggregated_ranked_features_gas-CO2_keep-CO2_post-prestimulus,median,592,val,0.6081081081081081,0.6080365296803653
aggregated_ranked_features_gas-CO2_keep-CO2_post-prestimulus,median,592,test,0.6691176470588235,0.6638655462184875
aggregated_ranked_features_gas-CO2_keep-CO2_post-prestimulus,median,593,train,0.9788519637462235,0.9788519637462235
aggregated_ranked_features_gas-CO2_keep-CO2_post-prestimulus,median,593,val,0.5878378378378378,0.5878190202255399
aggregated_ranked_features_gas-CO2_keep-CO2_post-prestimulus,median,593,test,0.6617647058823529,0.6508928571428572
aggregated_ranked_features_gas-CO2_keep-CO2_post-prestimulus,median,594,train,0.9758308157099698,0.9758305951077035
aggregated_ranked_features_gas-CO2_keep-CO2_post-prestimulus,median,594,val,0.6148648648648649,0.6148472811943569
aggregated_ranked_features_gas-CO2_keep-CO2_post-prestimulus,median,594,test,0.6838235294117647,0.6727659336354989
aggregated_ranked_features_gas-CO2_keep-CO2_post-prestimulus,median,595,train,0.972809667673716,0.9728094194961665
aggregated_ranked_features_gas-CO2_keep-CO2_post-prestimulus,median,595,val,0.6148648648648649,0.6148472811943569
aggregated_ranked_features_gas-CO2_keep-CO2_post-prestimulus,median,595,test,0.6764705882352942,0.6707021791767555
aggregated_ranked_features_gas-CO2_keep-CO2_post-prestimulus,median,596,train,0.9773413897280967,0.9773413380247944
aggregated_ranked_features_gas-CO2_keep-CO2_post-prestimulus,median,596,val,0.6148648648648649,0.6148472811943569
aggregated_ranked_features_gas-CO2_keep-CO2_post-prestimulus,median,596,test,0.6911764705882353,0.6868421052631579
aggregated_ranked_features_gas-CO2_keep-CO2_post-prestimulus,median,597,train,0.9773413897280967,0.9773413380247944
aggregated_ranked_features_gas-CO2_keep-CO2_post-prestimulus,median,597,val,0.5945945945945946,0.5945205479452055
aggregated_ranked_features_gas-CO2_keep-CO2_post-prestimulus,median,597,test,0.6911764705882353,0.6856702619414483
aggregated_ranked_features_gas-CO2_keep-CO2_post-prestimulus,median,598,train,0.9788519637462235,0.9788517707192406
aggregated_ranked_features_gas-CO2_keep-CO2_post-prestimulus,median,598,val,0.5945945945945946,0.5945205479452055
aggregated_ranked_features_gas-CO2_keep-CO2_post-prestimulus,median,598,test,0.6985294117647058,0.6911658820271392
aggregated_ranked_features_gas-CO2_keep-CO2_post-prestimulus,median,599,train,0.9773413897280967,0.9773409243898821
aggregated_ranked_features_gas-CO2_keep-CO2_post-prestimulus,median,599,val,0.6013513513513513,0.6013331507099484
aggregated_ranked_features_gas-CO2_keep-CO2_post-prestimulus,median,599,test,0.6911764705882353,0.6843501326259946
aggregated_ranked_features_gas-CO2_keep-CO2_post-prestimulus,median,600,train,0.9773413897280967,0.9773413380247944
aggregated_ranked_features_gas-CO2_keep-CO2_post-prestimulus,median,600,val,0.6216216216216216,0.6216216216216216
aggregated_ranked_features_gas-CO2_keep-CO2_post-prestimulus,median,600,test,0.6691176470588235,0.6610357241761284
aggregated_ranked_features_gas-CO2_keep-CO2_post-prestimulus,median,601,train,0.9788519637462235,0.9788517707192406
aggregated_ranked_features_gas-CO2_keep-CO2_post-prestimulus,median,601,val,0.6013513513513513,0.6011874857273349
aggregated_ranked_features_gas-CO2_keep-CO2_post-prestimulus,median,601,test,0.7058823529411765,0.6964285714285714
aggregated_ranked_features_gas-CO2_keep-CO2_post-prestimulus,median,602,train,0.974320241691843,0.974320183094767
aggregated_ranked_features_gas-CO2_keep-CO2_post-prestimulus,median,602,val,0.6013513513513513,0.6013331507099484
aggregated_ranked_features_gas-CO2_keep-CO2_post-prestimulus,median,602,test,0.7058823529411765,0.6993810786914235
aggregated_ranked_features_gas-CO2_keep-CO2_post-prestimulus,median,603,train,0.9758308157099698,0.9758305951077035
aggregated_ranked_features_gas-CO2_keep-CO2_post-prestimulus,median,603,val,0.6013513513513513,0.6013331507099484
aggregated_ranked_features_gas-CO2_keep-CO2_post-prestimulus,median,603,test,0.6911764705882353,0.6828780812791473
aggregated_ranked_features_gas-CO2_keep-CO2_post-prestimulus,median,604,train,0.9773413897280967,0.9773413380247944
aggregated_ranked_features_gas-CO2_keep-CO2_post-prestimulus,median,604,val,0.6148648648648649,0.614424790895379
aggregated_ranked_features_gas-CO2_keep-CO2_post-prestimulus,median,604,test,0.6764705882352942,0.6677770375305352
aggregated_ranked_features_gas-CO2_keep-CO2_post-prestimulus,median,605,train,0.974320241691843,0.9743197143085331
aggregated_ranked_features_gas-CO2_keep-CO2_post-prestimulus,median,605,val,0.6216216216216216,0.6216216216216216
aggregated_ranked_features_gas-CO2_keep-CO2_post-prestimulus,median,605,test,0.6617647058823529,0.6508928571428572
aggregated_ranked_features_gas-CO2_keep-CO2_post-prestimulus,median,606,train,0.9758308157099698,0.9758308157099698
aggregated_ranked_features_gas-CO2_keep-CO2_post-prestimulus,median,606,val,0.6081081081081081,0.6080365296803653
aggregated_ranked_features_gas-CO2_keep-CO2_post-prestimulus,median,606,test,0.6764705882352942,0.6693191865605659
aggregated_ranked_features_gas-CO2_keep-CO2_post-prestimulus,median,607,train,0.972809667673716,0.9728094194961665
aggregated_ranked_features_gas-CO2_keep-CO2_post-prestimulus,median,607,val,0.6216216216216216,0.6216216216216216
aggregated_ranked_features_gas-CO2_keep-CO2_post-prestimulus,median,607,test,0.7058823529411765,0.6979791250277593
aggregated_ranked_features_gas-CO2_keep-CO2_post-prestimulus,median,608,train,0.9788519637462235,0.9788519637462235
aggregated_ranked_features_gas-CO2_keep-CO2_post-prestimulus,median,608,val,0.6216216216216216,0.6215525114155251
aggregated_ranked_features_gas-CO2_keep-CO2_post-prestimulus,median,608,test,0.6911764705882353,0.6828780812791473
aggregated_ranked_features_gas-CO2_keep-CO2_post-prestimulus,median,609,train,0.972809667673716,0.9728094194961665
aggregated_ranked_features_gas-CO2_keep-CO2_post-prestimulus,median,609,val,0.6148648648648649,0.6148472811943569
aggregated_ranked_features_gas-CO2_keep-CO2_post-prestimulus,median,609,test,0.6764705882352942,0.6693191865605659
aggregated_ranked_features_gas-CO2_keep-CO2_post-prestimulus,median,610,train,0.9803625377643505,0.9803624929548218
aggregated_ranked_features_gas-CO2_keep-CO2_post-prestimulus,median,610,val,0.6148648648648649,0.6147065540077643
aggregated_ranked_features_gas-CO2_keep-CO2_post-prestimulus,median,610,test,0.6544117647058824,0.6423255553690337
aggregated_ranked_features_gas-CO2_keep-CO2_post-prestimulus,median,611,train,0.974320241691843,0.974320183094767
aggregated_ranked_features_gas-CO2_keep-CO2_post-prestimulus,median,611,val,0.6351351351351351,0.6348684210526316
aggregated_ranked_features_gas-CO2_keep-CO2_post-prestimulus,median,611,test,0.6985294117647058,0.6896532531863973
aggregated_ranked_features_gas-CO2_keep-CO2_post-prestimulus,median,612,train,0.9803625377643505,0.9803624929548218
aggregated_ranked_features_gas-CO2_keep-CO2_post-prestimulus,median,612,val,0.6081081081081081,0.6081081081081081
aggregated_ranked_features_gas-CO2_keep-CO2_post-prestimulus,median,612,test,0.7058823529411765,0.6993810786914235
aggregated_ranked_features_gas-CO2_keep-CO2_post-prestimulus,median,613,train,0.9788519637462235,0.9788519637462235
aggregated_ranked_features_gas-CO2_keep-CO2_post-prestimulus,median,613,val,0.6216216216216216,0.6216216216216216
aggregated_ranked_features_gas-CO2_keep-CO2_post-prestimulus,median,613,test,0.6764705882352942,0.6693191865605659
aggregated_ranked_features_gas-CO2_keep-CO2_post-prestimulus,median,614,train,0.9758308157099698,0.9758308157099698
aggregated_ranked_features_gas-CO2_keep-CO2_post-prestimulus,median,614,val,0.6148648648648649,0.614424790895379
aggregated_ranked_features_gas-CO2_keep-CO2_post-prestimulus,median,614,test,0.6911764705882353,0.6843501326259946
aggregated_ranked_features_gas-CO2_keep-CO2_post-prestimulus,median,615,train,0.9773413897280967,0.9773413380247944
aggregated_ranked_features_gas-CO2_keep-CO2_post-prestimulus,median,615,val,0.6283783783783784,0.6283614116787655
aggregated_ranked_features_gas-CO2_keep-CO2_post-prestimulus,median,615,test,0.6691176470588235,0.6593755217899482
aggregated_ranked_features_gas-CO2_keep-CO2_post-prestimulus,median,616,train,0.9758308157099698,0.9758308157099698
aggregated_ranked_features_gas-CO2_keep-CO2_post-prestimulus,median,616,val,0.6216216216216216,0.6216216216216216
aggregated_ranked_features_gas-CO2_keep-CO2_post-prestimulus,median,616,test,0.7132352941176471,0.7047921188846218
aggregated_ranked_features_gas-CO2_keep-CO2_post-prestimulus,median,617,train,0.9758308157099698,0.9758308157099698
aggregated_ranked_features_gas-CO2_keep-CO2_post-prestimulus,median,617,val,0.6216216216216216,0.6216216216216216
aggregated_ranked_features_gas-CO2_keep-CO2_post-prestimulus,median,617,test,0.6838235294117647,0.6775296388199614
aggregated_ranked_features_gas-CO2_keep-CO2_post-prestimulus,median,618,train,0.9758308157099698,0.9758305951077035
aggregated_ranked_features_gas-CO2_keep-CO2_post-prestimulus,median,618,val,0.6148648648648649,0.614424790895379
aggregated_ranked_features_gas-CO2_keep-CO2_post-prestimulus,median,618,test,0.7132352941176471,0.7075268817204301
aggregated_ranked_features_gas-CO2_keep-CO2_post-prestimulus,median,619,train,0.9788519637462235,0.9788517707192406
aggregated_ranked_features_gas-CO2_keep-CO2_post-prestimulus,median,619,val,0.6081081081081081,0.6078216374269005
aggregated_ranked_features_gas-CO2_keep-CO2_post-prestimulus,median,619,test,0.6764705882352942,0.6693191865605659
aggregated_ranked_features_gas-CO2_keep-CO2_post-prestimulus,median,620,train,0.9788519637462235,0.9788519637462235
aggregated_ranked_features_gas-CO2_keep-CO2_post-prestimulus,median,620,val,0.6013513513513513,0.6008958361899539
aggregated_ranked_features_gas-CO2_keep-CO2_post-prestimulus,median,620,test,0.7132352941176471,0.7062309609526447
aggregated_ranked_features_gas-CO2_keep-CO2_post-prestimulus,median,621,train,0.9758308157099698,0.9758308157099698
aggregated_ranked_features_gas-CO2_keep-CO2_post-prestimulus,median,621,val,0.6081081081081081,0.6078216374269005
aggregated_ranked_features_gas-CO2_keep-CO2_post-prestimulus,median,621,test,0.6985294117647058,0.6925282602701958
aggregated_ranked_features_gas-CO2_keep-CO2_post-prestimulus,median,622,train,0.9712990936555891,0.9712974562946837
aggregated_ranked_features_gas-CO2_keep-CO2_post-prestimulus,median,622,val,0.6148648648648649,0.6147065540077643
aggregated_ranked_features_gas-CO2_keep-CO2_post-prestimulus,median,622,test,0.6985294117647058,0.6925282602701958
aggregated_ranked_features_gas-CO2_keep-CO2_post-prestimulus,median,623,train,0.9758308157099698,0.9758305951077035
aggregated_ranked_features_gas-CO2_keep-CO2_post-prestimulus,median,623,val,0.6351351351351351,0.6351351351351351
aggregated_ranked_features_gas-CO2_keep-CO2_post-prestimulus,median,623,test,0.7058823529411765,0.6993810786914235
aggregated_ranked_features_gas-CO2_keep-CO2_post-prestimulus,median,624,train,0.9758308157099698,0.9758308157099698
aggregated_ranked_features_gas-CO2_keep-CO2_post-prestimulus,median,624,val,0.6081081081081081,0.6078216374269005
aggregated_ranked_features_gas-CO2_keep-CO2_post-prestimulus,median,624,test,0.6985294117647058,0.6937441643323996
aggregated_ranked_features_gas-CO2_keep-CO2_post-prestimulus,median,625,train,0.9758308157099698,0.9758305951077035
aggregated_ranked_features_gas-CO2_keep-CO2_post-prestimulus,median,625,val,0.6148648648648649,0.6148472811943569
aggregated_ranked_features_gas-CO2_keep-CO2_post-prestimulus,median,625,test,0.7426470588235294,0.7375241246208988
aggregated_ranked_features_gas-CO2_keep-CO2_post-prestimulus,median,626,train,0.9773413897280967,0.9773413380247944
aggregated_ranked_features_gas-CO2_keep-CO2_post-prestimulus,median,626,val,0.6148648648648649,0.6147065540077643
aggregated_ranked_features_gas-CO2_keep-CO2_post-prestimulus,median,626,test,0.6911764705882353,0.6856702619414483
aggregated_ranked_features_gas-CO2_keep-CO2_post-prestimulus,median,627,train,0.9758308157099698,0.9758308157099698
aggregated_ranked_features_gas-CO2_keep-CO2_post-prestimulus,median,627,val,0.6148648648648649,0.6147065540077643
aggregated_ranked_features_gas-CO2_keep-CO2_post-prestimulus,median,627,test,0.6838235294117647,0.6727659336354989
aggregated_ranked_features_gas-CO2_keep-CO2_post-prestimulus,median,628,train,0.974320241691843,0.974320183094767
aggregated_ranked_features_gas-CO2_keep-CO2_post-prestimulus,median,628,val,0.6081081081081081,0.6074629595756356
aggregated_ranked_features_gas-CO2_keep-CO2_post-prestimulus,median,628,test,0.6838235294117647,0.6775296388199614
aggregated_ranked_features_gas-CO2_keep-CO2_post-prestimulus,median,629,train,0.974320241691843,0.974320183094767
aggregated_ranked_features_gas-CO2_keep-CO2_post-prestimulus,median,629,val,0.5945945945945946,0.5945205479452055
aggregated_ranked_features_gas-CO2_keep-CO2_post-prestimulus,median,629,test,0.7058823529411765,0.7006383447061413
aggregated_ranked_features_gas-CO2_keep-CO2_post-prestimulus,median,630,train,0.9788519637462235,0.9788519637462235
aggregated_ranked_features_gas-CO2_keep-CO2_post-prestimulus,median,630,val,0.6081081081081081,0.6074629595756356
aggregated_ranked_features_gas-CO2_keep-CO2_post-prestimulus,median,630,test,0.6691176470588235,0.6625310173697271
aggregated_ranked_features_gas-CO2_keep-CO2_post-prestimulus,median,631,train,0.974320241691843,0.974320183094767
aggregated_ranked_features_gas-CO2_keep-CO2_post-prestimulus,median,631,val,0.6216216216216216,0.6213450292397661
aggregated_ranked_features_gas-CO2_keep-CO2_post-prestimulus,median,631,test,0.6838235294117647,0.6727659336354989
aggregated_ranked_features_gas-CO2_keep-CO2_post-prestimulus,median,632,train,0.9773413897280967,0.9773413380247944
aggregated_ranked_features_gas-CO2_keep-CO2_post-prestimulus,median,632,val,0.6283783783783784,0.6275451841683826
aggregated_ranked_features_gas-CO2_keep-CO2_post-prestimulus,median,632,test,0.6838235294117647,0.6788048552754435
aggregated_ranked_features_gas-CO2_keep-CO2_post-prestimulus,median,633,train,0.9788519637462235,0.9788519637462235
aggregated_ranked_features_gas-CO2_keep-CO2_post-prestimulus,median,633,val,0.6148648648648649,0.6147065540077643
aggregated_ranked_features_gas-CO2_keep-CO2_post-prestimulus,median,633,test,0.7132352941176471,0.7075268817204301
aggregated_ranked_features_gas-CO2_keep-CO2_post-prestimulus,median,634,train,0.972809667673716,0.972809667673716
aggregated_ranked_features_gas-CO2_keep-CO2_post-prestimulus,median,634,val,0.6148648648648649,0.614424790895379
aggregated_ranked_features_gas-CO2_keep-CO2_post-prestimulus,median,634,test,0.6838235294117647,0.6745143874881727
aggregated_ranked_features_gas-CO2_keep-CO2_post-prestimulus,median,635,train,0.974320241691843,0.974320183094767
aggregated_ranked_features_gas-CO2_keep-CO2_post-prestimulus,median,635,val,0.6081081081081081,0.6081081081081081
aggregated_ranked_features_gas-CO2_keep-CO2_post-prestimulus,median,635,test,0.6838235294117647,0.6775296388199614
aggregated_ranked_features_gas-CO2_keep-CO2_post-prestimulus,median,636,train,0.9773413897280967,0.9773413380247944
aggregated_ranked_features_gas-CO2_keep-CO2_post-prestimulus,median,636,val,0.6081081081081081,0.6078216374269005
aggregated_ranked_features_gas-CO2_keep-CO2_post-prestimulus,median,636,test,0.6544117647058824,0.6423255553690337
aggregated_ranked_features_gas-CO2_keep-CO2_post-prestimulus,median,637,train,0.9712990936555891,0.9712990281647397
aggregated_ranked_features_gas-CO2_keep-CO2_post-prestimulus,median,637,val,0.6148648648648649,0.6148472811943569
aggregated_ranked_features_gas-CO2_keep-CO2_post-prestimulus,median,637,test,0.6911764705882353,0.6868421052631579
aggregated_ranked_features_gas-CO2_keep-CO2_post-prestimulus,median,638,train,0.974320241691843,0.974320183094767
aggregated_ranked_features_gas-CO2_keep-CO2_post-prestimulus,median,638,val,0.6216216216216216,0.6215525114155251
aggregated_ranked_features_gas-CO2_keep-CO2_post-prestimulus,median,638,test,0.6985294117647058,0.6896532531863973
aggregated_ranked_features_gas-CO2_keep-CO2_post-prestimulus,median,639,train,0.9788519637462235,0.9788519637462235
aggregated_ranked_features_gas-CO2_keep-CO2_post-prestimulus,median,639,val,0.6283783783783784,0.6279537456008044
aggregated_ranked_features_gas-CO2_keep-CO2_post-prestimulus,median,639,test,0.7058823529411765,0.7006383447061413
aggregated_ranked_features_gas-CO2_keep-CO2_post-prestimulus,median,640,train,0.9788519637462235,0.9788519637462235
aggregated_ranked_features_gas-CO2_keep-CO2_post-prestimulus,median,640,val,0.6081081081081081,0.6080365296803653
aggregated_ranked_features_gas-CO2_keep-CO2_post-prestimulus,median,640,test,0.6838235294117647,0.6727659336354989
aggregated_ranked_features_gas-CO2_keep-CO2_post-prestimulus,median,641,train,0.9758308157099698,0.9758305951077035
aggregated_ranked_features_gas-CO2_keep-CO2_post-prestimulus,median,641,val,0.6081081081081081,0.6081081081081081
aggregated_ranked_features_gas-CO2_keep-CO2_post-prestimulus,median,641,test,0.7058823529411765,0.6993810786914235
aggregated_ranked_features_gas-CO2_keep-CO2_post-prestimulus,median,642,train,0.9788519637462235,0.9788519637462235
aggregated_ranked_features_gas-CO2_keep-CO2_post-prestimulus,median,642,val,0.6081081081081081,0.6080365296803653
aggregated_ranked_features_gas-CO2_keep-CO2_post-prestimulus,median,642,test,0.6911764705882353,0.68125
aggregated_ranked_features_gas-CO2_keep-CO2_post-prestimulus,median,643,train,0.9758308157099698,0.9758305951077035
aggregated_ranked_features_gas-CO2_keep-CO2_post-prestimulus,median,643,val,0.6216216216216216,0.6215525114155251
aggregated_ranked_features_gas-CO2_keep-CO2_post-prestimulus,median,643,test,0.6617647058823529,0.6508928571428572
aggregated_ranked_features_gas-CO2_keep-CO2_post-prestimulus,median,644,train,0.974320241691843,0.974320183094767
aggregated_ranked_features_gas-CO2_keep-CO2_post-prestimulus,median,644,val,0.6148648648648649,0.614424790895379
aggregated_ranked_features_gas-CO2_keep-CO2_post-prestimulus,median,644,test,0.6985294117647058,0.6948169229927207
aggregated_ranked_features_gas-CO2_keep-CO2_post-prestimulus,median,645,train,0.9803625377643505,0.9803624929548218
aggregated_ranked_features_gas-CO2_keep-CO2_post-prestimulus,median,645,val,0.6351351351351351,0.6350684931506849
aggregated_ranked_features_gas-CO2_keep-CO2_post-prestimulus,median,645,test,0.6617647058823529,0.6542882404951371
aggregated_ranked_features_gas-CO2_keep-CO2_post-prestimulus,median,646,train,0.974320241691843,0.974320183094767
aggregated_ranked_features_gas-CO2_keep-CO2_post-prestimulus,median,646,val,0.6148648648648649,0.6147065540077643
aggregated_ranked_features_gas-CO2_keep-CO2_post-prestimulus,median,646,test,0.6911764705882353,0.6843501326259946
aggregated_ranked_features_gas-CO2_keep-CO2_post-prestimulus,median,647,train,0.972809667673716,0.972809667673716
aggregated_ranked_features_gas-CO2_keep-CO2_post-prestimulus,median,647,val,0.6148648648648649,0.6148472811943569
aggregated_ranked_features_gas-CO2_keep-CO2_post-prestimulus,median,647,test,0.6985294117647058,0.6896532531863973
aggregated_ranked_features_gas-CO2_keep-CO2_post-prestimulus,median,648,train,0.9758308157099698,0.9758305951077035
aggregated_ranked_features_gas-CO2_keep-CO2_post-prestimulus,median,648,val,0.6081081081081081,0.6080365296803653
aggregated_ranked_features_gas-CO2_keep-CO2_post-prestimulus,median,648,test,0.6544117647058824,0.6459706452506231
aggregated_ranked_features_gas-CO2_keep-CO2_post-prestimulus,median,649,train,0.9773413897280967,0.9773413380247944
aggregated_ranked_features_gas-CO2_keep-CO2_post-prestimulus,median,649,val,0.6081081081081081,0.6074629595756356
aggregated_ranked_features_gas-CO2_keep-CO2_post-prestimulus,median,649,test,0.6911764705882353,0.6868421052631579
aggregated_ranked_features_gas-CO2_keep-CO2_post-prestimulus,median,650,train,0.9758308157099698,0.9758305951077035
aggregated_ranked_features_gas-CO2_keep-CO2_post-prestimulus,median,650,val,0.6148648648648649,0.614424790895379
aggregated_ranked_features_gas-CO2_keep-CO2_post-prestimulus,median,650,test,0.6764705882352942,0.6693191865605659
aggregated_ranked_features_gas-CO2_keep-CO2_post-prestimulus,median,651,train,0.972809667673716,0.9728094194961665
aggregated_ranked_features_gas-CO2_keep-CO2_post-prestimulus,median,651,val,0.6148648648648649,0.6148472811943569
aggregated_ranked_features_gas-CO2_keep-CO2_post-prestimulus,median,651,test,0.6985294117647058,0.6911658820271392
aggregated_ranked_features_gas-CO2_keep-CO2_post-prestimulus,median,652,train,0.9773413897280967,0.9773413380247944
aggregated_ranked_features_gas-CO2_keep-CO2_post-prestimulus,median,652,val,0.6148648648648649,0.6147065540077643
aggregated_ranked_features_gas-CO2_keep-CO2_post-prestimulus,median,652,test,0.6617647058823529,0.6526759937819231
aggregated_ranked_features_gas-CO2_keep-CO2_post-prestimulus,median,653,train,0.9773413897280967,0.9773413380247944
aggregated_ranked_features_gas-CO2_keep-CO2_post-prestimulus,median,653,val,0.6283783783783784,0.6283614116787655
aggregated_ranked_features_gas-CO2_keep-CO2_post-prestimulus,median,653,test,0.6911764705882353,0.68125
aggregated_ranked_features_gas-CO2_keep-CO2_post-prestimulus,median,654,train,0.9758308157099698,0.9758308157099698
aggregated_ranked_features_gas-CO2_keep-CO2_post-prestimulus,median,654,val,0.6351351351351351,0.6348684210526316
aggregated_ranked_features_gas-CO2_keep-CO2_post-prestimulus,median,654,test,0.6838235294117647,0.6761008031016339
aggregated_ranked_features_gas-CO2_keep-CO2_post-prestimulus,median,655,train,0.9758308157099698,0.9758308157099698
aggregated_ranked_features_gas-CO2_keep-CO2_post-prestimulus,median,655,val,0.6013513513513513,0.6013331507099484
aggregated_ranked_features_gas-CO2_keep-CO2_post-prestimulus,median,655,test,0.7058823529411765,0.6979791250277593
aggregated_ranked_features_gas-CO2_keep-CO2_post-prestimulus,median,656,train,0.9758308157099698,0.9758305951077035
aggregated_ranked_features_gas-CO2_keep-CO2_post-prestimulus,median,656,val,0.6148648648648649,0.6147065540077643
aggregated_ranked_features_gas-CO2_keep-CO2_post-prestimulus,median,656,test,0.6764705882352942,0.6660714285714285
aggregated_ranked_features_gas-CO2_keep-CO2_post-prestimulus,median,657,train,0.9773413897280967,0.9773413380247944
aggregated_ranked_features_gas-CO2_keep-CO2_post-prestimulus,median,657,val,0.6148648648648649,0.6147065540077643
aggregated_ranked_features_gas-CO2_keep-CO2_post-prestimulus,median,657,test,0.7058823529411765,0.6979791250277593
aggregated_ranked_features_gas-CO2_keep-CO2_post-prestimulus,median,658,train,0.972809667673716,0.9728094194961665
aggregated_ranked_features_gas-CO2_keep-CO2_post-prestimulus,median,658,val,0.6148648648648649,0.6148472811943569
aggregated_ranked_features_gas-CO2_keep-CO2_post-prestimulus,median,658,test,0.6838235294117647,0.6727659336354989
aggregated_ranked_features_gas-CO2_keep-CO2_post-prestimulus,median,659,train,0.9788519637462235,0.9788519637462235
aggregated_ranked_features_gas-CO2_keep-CO2_post-prestimulus,median,659,val,0.6283783783783784,0.6282256222881937
aggregated_ranked_features_gas-CO2_keep-CO2_post-prestimulus,median,659,test,0.6544117647058824,0.6442366560917236
aggregated_ranked_features_gas-CO2_keep-CO2_post-prestimulus,median,660,train,0.9712990936555891,0.9712990281647397
aggregated_ranked_features_gas-CO2_keep-CO2_post-prestimulus,median,660,val,0.6081081081081081,0.6078216374269005
aggregated_ranked_features_gas-CO2_keep-CO2_post-prestimulus,median,660,test,0.7058823529411765,0.7006383447061413
aggregated_ranked_features_gas-CO2_keep-CO2_post-prestimulus,median,661,train,0.9773413897280967,0.9773413380247944
aggregated_ranked_features_gas-CO2_keep-CO2_post-prestimulus,median,661,val,0.6216216216216216,0.6215525114155251
aggregated_ranked_features_gas-CO2_keep-CO2_post-prestimulus,median,661,test,0.6838235294117647,0.6775296388199614
aggregated_ranked_features_gas-CO2_keep-CO2_post-prestimulus,median,662,train,0.974320241691843,0.974320183094767
aggregated_ranked_features_gas-CO2_keep-CO2_post-prestimulus,median,662,val,0.6216216216216216,0.6213450292397661
aggregated_ranked_features_gas-CO2_keep-CO2_post-prestimulus,median,662,test,0.7058823529411765,0.6979791250277593
aggregated_ranked_features_gas-CO2_keep-CO2_post-prestimulus,median,663,train,0.974320241691843,0.974320183094767
aggregated_ranked_features_gas-CO2_keep-CO2_post-prestimulus,median,663,val,0.6283783783783784,0.6279537456008044
aggregated_ranked_features_gas-CO2_keep-CO2_post-prestimulus,median,663,test,0.6838235294117647,0.6761008031016339
aggregated_ranked_features_gas-CO2_keep-CO2_post-prestimulus,median,664,train,0.9773413897280967,0.9773413380247944
aggregated_ranked_features_gas-CO2_keep-CO2_post-prestimulus,median,664,val,0.6148648648648649,0.6147065540077643
aggregated_ranked_features_gas-CO2_keep-CO2_post-prestimulus,median,664,test,0.6985294117647058,0.6911658820271392
aggregated_ranked_features_gas-CO2_keep-CO2_post-prestimulus,median,665,train,0.9758308157099698,0.9758305951077035
aggregated_ranked_features_gas-CO2_keep-CO2_post-prestimulus,median,665,val,0.6216216216216216,0.6213450292397661
aggregated_ranked_features_gas-CO2_keep-CO2_post-prestimulus,median,665,test,0.6985294117647058,0.6911658820271392
aggregated_ranked_features_gas-CO2_keep-CO2_post-prestimulus,median,666,train,0.972809667673716,0.9728094194961665
aggregated_ranked_features_gas-CO2_keep-CO2_post-prestimulus,median,666,val,0.6148648648648649,0.6147065540077643
aggregated_ranked_features_gas-CO2_keep-CO2_post-prestimulus,median,666,test,0.7058823529411765,0.7006383447061413
aggregated_ranked_features_gas-CO2_keep-CO2_post-prestimulus,median,667,train,0.9788519637462235,0.9788519637462235
aggregated_ranked_features_gas-CO2_keep-CO2_post-prestimulus,median,667,val,0.6148648648648649,0.614424790895379
aggregated_ranked_features_gas-CO2_keep-CO2_post-prestimulus,median,667,test,0.7058823529411765,0.7017543859649122
aggregated_ranked_features_gas-CO2_keep-CO2_post-prestimulus,median,668,train,0.974320241691843,0.974320183094767
aggregated_ranked_features_gas-CO2_keep-CO2_post-prestimulus,median,668,val,0.6486486486486487,0.6485844748858447
aggregated_ranked_features_gas-CO2_keep-CO2_post-prestimulus,median,668,test,0.6764705882352942,0.6677770375305352
aggregated_ranked_features_gas-CO2_keep-CO2_post-prestimulus,median,669,train,0.9773413897280967,0.9773413380247944
aggregated_ranked_features_gas-CO2_keep-CO2_post-prestimulus,median,669,val,0.6148648648648649,0.6147065540077643
aggregated_ranked_features_gas-CO2_keep-CO2_post-prestimulus,median,669,test,0.6911764705882353,0.6843501326259946
aggregated_ranked_features_gas-CO2_keep-CO2_post-prestimulus,median,670,train,0.972809667673716,0.9728094194961665
aggregated_ranked_features_gas-CO2_keep-CO2_post-prestimulus,median,670,val,0.6283783783783784,0.6283614116787655
aggregated_ranked_features_gas-CO2_keep-CO2_post-prestimulus,median,670,test,0.6911764705882353,0.6856702619414483
aggregated_ranked_features_gas-CO2_keep-CO2_post-prestimulus,median,671,train,0.9788519637462235,0.9788517707192406
aggregated_ranked_features_gas-CO2_keep-CO2_post-prestimulus,median,671,val,0.6148648648648649,0.6147065540077643
aggregated_ranked_features_gas-CO2_keep-CO2_post-prestimulus,median,671,test,0.6838235294117647,0.6727659336354989
aggregated_ranked_features_gas-CO2_keep-CO2_post-prestimulus,median,672,train,0.972809667673716,0.9728094194961665
aggregated_ranked_features_gas-CO2_keep-CO2_post-prestimulus,median,672,val,0.6148648648648649,0.614424790895379
aggregated_ranked_features_gas-CO2_keep-CO2_post-prestimulus,median,672,test,0.6985294117647058,0.6911658820271392
aggregated_ranked_features_gas-CO2_keep-CO2_post-prestimulus,median,673,train,0.974320241691843,0.9743197143085331
aggregated_ranked_features_gas-CO2_keep-CO2_post-prestimulus,median,673,val,0.6148648648648649,0.6148472811943569
aggregated_ranked_features_gas-CO2_keep-CO2_post-prestimulus,median,673,test,0.6838235294117647,0.6727659336354989
aggregated_ranked_features_gas-CO2_keep-CO2_post-prestimulus,median,674,train,0.9773413897280967,0.9773409243898821
aggregated_ranked_features_gas-CO2_keep-CO2_post-prestimulus,median,674,val,0.6351351351351351,0.6345344796049022
aggregated_ranked_features_gas-CO2_keep-CO2_post-prestimulus,median,674,test,0.6838235294117647,0.6745143874881727
aggregated_ranked_features_gas-CO2_keep-CO2_post-prestimulus,median,675,train,0.9773413897280967,0.9773413380247944
aggregated_ranked_features_gas-CO2_keep-CO2_post-prestimulus,median,675,val,0.6486486486486487,0.6485844748858447
aggregated_ranked_features_gas-CO2_keep-CO2_post-prestimulus,median,675,test,0.6838235294117647,0.6761008031016339
aggregated_ranked_features_gas-CO2_keep-CO2_post-prestimulus,median,676,train,0.9758308157099698,0.9758308157099698
aggregated_ranked_features_gas-CO2_keep-CO2_post-prestimulus,median,676,val,0.6081081081081081,0.6080365296803653
aggregated_ranked_features_gas-CO2_keep-CO2_post-prestimulus,median,676,test,0.6764705882352942,0.6677770375305352
aggregated_ranked_features_gas-CO2_keep-CO2_post-prestimulus,median,677,train,0.974320241691843,0.9743197143085331
aggregated_ranked_features_gas-CO2_keep-CO2_post-prestimulus,median,677,val,0.6486486486486487,0.6483918128654971
aggregated_ranked_features_gas-CO2_keep-CO2_post-prestimulus,median,677,test,0.6838235294117647,0.6727659336354989
aggregated_ranked_features_gas-CO2_keep-CO2_post-prestimulus,median,678,train,0.9773413897280967,0.9773413380247944
aggregated_ranked_features_gas-CO2_keep-CO2_post-prestimulus,median,678,val,0.6148648648648649,0.6148472811943569
aggregated_ranked_features_gas-CO2_keep-CO2_post-prestimulus,median,678,test,0.6985294117647058,0.6925282602701958
aggregated_ranked_features_gas-CO2_keep-CO2_post-prestimulus,median,679,train,0.974320241691843,0.974320183094767
aggregated_ranked_features_gas-CO2_keep-CO2_post-prestimulus,median,679,val,0.6216216216216216,0.6213450292397661
aggregated_ranked_features_gas-CO2_keep-CO2_post-prestimulus,median,679,test,0.6911764705882353,0.6843501326259946
aggregated_ranked_features_gas-CO2_keep-CO2_post-prestimulus,median,680,train,0.9773413897280967,0.9773409243898821
aggregated_ranked_features_gas-CO2_keep-CO2_post-prestimulus,median,680,val,0.6216216216216216,0.6215525114155251
aggregated_ranked_features_gas-CO2_keep-CO2_post-prestimulus,median,680,test,0.6764705882352942,0.6677770375305352
aggregated_ranked_features_gas-CO2_keep-CO2_post-prestimulus,median,681,train,0.9773413897280967,0.9773413380247944
aggregated_ranked_features_gas-CO2_keep-CO2_post-prestimulus,median,681,val,0.6283783783783784,0.6283614116787655
aggregated_ranked_features_gas-CO2_keep-CO2_post-prestimulus,median,681,test,0.6985294117647058,0.6911658820271392
aggregated_ranked_features_gas-CO2_keep-CO2_post-prestimulus,median,682,train,0.9758308157099698,0.9758308157099698
aggregated_ranked_features_gas-CO2_keep-CO2_post-prestimulus,median,682,val,0.5878378378378378,0.5878190202255399
aggregated_ranked_features_gas-CO2_keep-CO2_post-prestimulus,median,682,test,0.6838235294117647,0.6775296388199614
aggregated_ranked_features_gas-CO2_keep-CO2_post-prestimulus,median,683,train,0.972809667673716,0.972809667673716
aggregated_ranked_features_gas-CO2_keep-CO2_post-prestimulus,median,683,val,0.6148648648648649,0.6147065540077643
aggregated_ranked_features_gas-CO2_keep-CO2_post-prestimulus,median,683,test,0.6911764705882353,0.6843501326259946
aggregated_ranked_features_gas-CO2_keep-CO2_post-prestimulus,median,684,train,0.9758308157099698,0.9758305951077035
aggregated_ranked_features_gas-CO2_keep-CO2_post-prestimulus,median,684,val,0.6081081081081081,0.6080365296803653
aggregated_ranked_features_gas-CO2_keep-CO2_post-prestimulus,median,684,test,0.6764705882352942,0.6660714285714285
aggregated_ranked_features_gas-CO2_keep-CO2_post-prestimulus,median,685,train,0.9758308157099698,0.9758305951077035
aggregated_ranked_features_gas-CO2_keep-CO2_post-prestimulus,median,685,val,0.6148648648648649,0.6147065540077643
aggregated_ranked_features_gas-CO2_keep-CO2_post-prestimulus,median,685,test,0.6838235294117647,0.6708504530871842
aggregated_ranked_features_gas-CO2_keep-CO2_post-prestimulus,median,686,train,0.9788519637462235,0.9788519637462235
aggregated_ranked_features_gas-CO2_keep-CO2_post-prestimulus,median,686,val,0.6418918918918919,0.641875542163174
aggregated_ranked_features_gas-CO2_keep-CO2_post-prestimulus,median,686,test,0.6838235294117647,0.6745143874881727
aggregated_ranked_features_gas-CO2_keep-CO2_post-prestimulus,median,687,train,0.9758308157099698,0.9758308157099698
aggregated_ranked_features_gas-CO2_keep-CO2_post-prestimulus,median,687,val,0.6283783783783784,0.6282256222881937
aggregated_ranked_features_gas-CO2_keep-CO2_post-prestimulus,median,687,test,0.6838235294117647,0.6761008031016339
aggregated_ranked_features_gas-CO2_keep-CO2_post-prestimulus,median,688,train,0.9712990936555891,0.9712990281647397
aggregated_ranked_features_gas-CO2_keep-CO2_post-prestimulus,median,688,val,0.6283783783783784,0.6283614116787655
aggregated_ranked_features_gas-CO2_keep-CO2_post-prestimulus,median,688,test,0.6544117647058824,0.6402318905836664
aggregated_ranked_features_gas-CO2_keep-CO2_post-prestimulus,median,689,train,0.9758308157099698,0.9758308157099698
aggregated_ranked_features_gas-CO2_keep-CO2_post-prestimulus,median,689,val,0.6148648648648649,0.6148472811943569
aggregated_ranked_features_gas-CO2_keep-CO2_post-prestimulus,median,689,test,0.6838235294117647,0.6761008031016339
aggregated_ranked_features_gas-CO2_keep-CO2_post-prestimulus,median,690,train,0.9758308157099698,0.9758308157099698
aggregated_ranked_features_gas-CO2_keep-CO2_post-prestimulus,median,690,val,0.6148648648648649,0.6147065540077643
aggregated_ranked_features_gas-CO2_keep-CO2_post-prestimulus,median,690,test,0.6985294117647058,0.6911658820271392
aggregated_ranked_features_gas-CO2_keep-CO2_post-prestimulus,median,691,train,0.974320241691843,0.9743197143085331
aggregated_ranked_features_gas-CO2_keep-CO2_post-prestimulus,median,691,val,0.6216216216216216,0.6213450292397661
aggregated_ranked_features_gas-CO2_keep-CO2_post-prestimulus,median,691,test,0.6691176470588235,0.6610357241761284
aggregated_ranked_features_gas-CO2_keep-CO2_post-prestimulus,median,692,train,0.9712990936555891,0.971298504227184
aggregated_ranked_features_gas-CO2_keep-CO2_post-prestimulus,median,692,val,0.6013513513513513,0.6008958361899539
aggregated_ranked_features_gas-CO2_keep-CO2_post-prestimulus,median,692,test,0.6985294117647058,0.6937441643323996
aggregated_ranked_features_gas-CO2_keep-CO2_post-prestimulus,median,693,train,0.9712990936555891,0.9712990281647397
aggregated_ranked_features_gas-CO2_keep-CO2_post-prestimulus,median,693,val,0.6081081081081081,0.6080365296803653
aggregated_ranked_features_gas-CO2_keep-CO2_post-prestimulus,median,693,test,0.6764705882352942,0.6693191865605659
aggregated_ranked_features_gas-CO2_keep-CO2_post-prestimulus,median,694,train,0.974320241691843,0.974320183094767
aggregated_ranked_features_gas-CO2_keep-CO2_post-prestimulus,median,694,val,0.6216216216216216,0.6216216216216216
aggregated_ranked_features_gas-CO2_keep-CO2_post-prestimulus,median,694,test,0.7132352941176471,0.7047921188846218
aggregated_ranked_features_gas-CO2_keep-CO2_post-prestimulus,median,695,train,0.9758308157099698,0.9758308157099698
aggregated_ranked_features_gas-CO2_keep-CO2_post-prestimulus,median,695,val,0.6418918918918919,0.641875542163174
aggregated_ranked_features_gas-CO2_keep-CO2_post-prestimulus,median,695,test,0.6764705882352942,0.6677770375305352
aggregated_ranked_features_gas-CO2_keep-CO2_post-prestimulus,median,696,train,0.9758308157099698,0.9758308157099698
aggregated_ranked_features_gas-CO2_keep-CO2_post-prestimulus,median,696,val,0.6013513513513513,0.6011874857273349
aggregated_ranked_features_gas-CO2_keep-CO2_post-prestimulus,median,696,test,0.6838235294117647,0.6708504530871842
aggregated_ranked_features_gas-CO2_keep-CO2_post-prestimulus,median,697,train,0.974320241691843,0.974320183094767
aggregated_ranked_features_gas-CO2_keep-CO2_post-prestimulus,median,697,val,0.6216216216216216,0.6213450292397661
aggregated_ranked_features_gas-CO2_keep-CO2_post-prestimulus,median,697,test,0.6911764705882353,0.6843501326259946
aggregated_ranked_features_gas-CO2_keep-CO2_post-prestimulus,median,698,train,0.9788519637462235,0.9788517707192406
aggregated_ranked_features_gas-CO2_keep-CO2_post-prestimulus,median,698,val,0.6216216216216216,0.6209987195902689
aggregated_ranked_features_gas-CO2_keep-CO2_post-prestimulus,median,698,test,0.6985294117647058,0.6896532531863973
aggregated_ranked_features_gas-CO2_keep-CO2_post-prestimulus,median,699,train,0.9773413897280967,0.9773409243898821
aggregated_ranked_features_gas-CO2_keep-CO2_post-prestimulus,median,699,val,0.6148648648648649,0.6148472811943569
aggregated_ranked_features_gas-CO2_keep-CO2_post-prestimulus,median,699,test,0.6764705882352942,0.6677770375305352
aggregated_ranked_features_gas-CO2_keep-CO2_post-prestimulus,median,700,train,0.9758308157099698,0.9758305951077035
aggregated_ranked_features_gas-CO2_keep-CO2_post-prestimulus,median,700,val,0.6081081081081081,0.6080365296803653
aggregated_ranked_features_gas-CO2_keep-CO2_post-prestimulus,median,700,test,0.6544117647058824,0.6442366560917236
aggregated_ranked_features_gas-CO2_keep-CO2_post-prestimulus,median,701,train,0.9758308157099698,0.9758305951077035
aggregated_ranked_features_gas-CO2_keep-CO2_post-prestimulus,median,701,val,0.6283783783783784,0.6275451841683826
aggregated_ranked_features_gas-CO2_keep-CO2_post-prestimulus,median,701,test,0.7132352941176471,0.7075268817204301
aggregated_ranked_features_gas-CO2_keep-CO2_post-prestimulus,median,702,train,0.9758308157099698,0.9758305951077035
aggregated_ranked_features_gas-CO2_keep-CO2_post-prestimulus,median,702,val,0.6351351351351351,0.6348684210526316
aggregated_ranked_features_gas-CO2_keep-CO2_post-prestimulus,median,702,test,0.6838235294117647,0.6761008031016339
aggregated_ranked_features_gas-CO2_keep-CO2_post-prestimulus,median,703,train,0.974320241691843,0.9743197143085331
aggregated_ranked_features_gas-CO2_keep-CO2_post-prestimulus,median,703,val,0.6351351351351351,0.6345344796049022
aggregated_ranked_features_gas-CO2_keep-CO2_post-prestimulus,median,703,test,0.7058823529411765,0.6979791250277593
aggregated_ranked_features_gas-CO2_keep-CO2_post-prestimulus,median,704,train,0.9758308157099698,0.9758305951077035
aggregated_ranked_features_gas-CO2_keep-CO2_post-prestimulus,median,704,val,0.6283783783783784,0.6279537456008044
aggregated_ranked_features_gas-CO2_keep-CO2_post-prestimulus,median,704,test,0.7058823529411765,0.7017543859649122
aggregated_ranked_features_gas-CO2_keep-CO2_post-prestimulus,median,705,train,0.9788519637462235,0.9788517707192406
aggregated_ranked_features_gas-CO2_keep-CO2_post-prestimulus,median,705,val,0.6081081081081081,0.6078216374269005
aggregated_ranked_features_gas-CO2_keep-CO2_post-prestimulus,median,705,test,0.6764705882352942,0.6677770375305352
aggregated_ranked_features_gas-CO2_keep-CO2_post-prestimulus,median,706,train,0.9758308157099698,0.9758305951077035
aggregated_ranked_features_gas-CO2_keep-CO2_post-prestimulus,median,706,val,0.6216216216216216,0.6215525114155251
aggregated_ranked_features_gas-CO2_keep-CO2_post-prestimulus,median,706,test,0.6838235294117647,0.6788048552754435
aggregated_ranked_features_gas-CO2_keep-CO2_post-prestimulus,median,707,train,0.9773413897280967,0.9773413380247944
aggregated_ranked_features_gas-CO2_keep-CO2_post-prestimulus,median,707,val,0.6216216216216216,0.6213450292397661
aggregated_ranked_features_gas-CO2_keep-CO2_post-prestimulus,median,707,test,0.6764705882352942,0.6730054644808743
aggregated_ranked_features_gas-CO2_keep-CO2_post-prestimulus,median,708,train,0.974320241691843,0.974320183094767
aggregated_ranked_features_gas-CO2_keep-CO2_post-prestimulus,median,708,val,0.6148648648648649,0.614424790895379
aggregated_ranked_features_gas-CO2_keep-CO2_post-prestimulus,median,708,test,0.7279411764705882,0.7225255031706644
aggregated_ranked_features_gas-CO2_keep-CO2_post-prestimulus,median,709,train,0.974320241691843,0.974320183094767
aggregated_ranked_features_gas-CO2_keep-CO2_post-prestimulus,median,709,val,0.6216216216216216,0.6215525114155251
aggregated_ranked_features_gas-CO2_keep-CO2_post-prestimulus,median,709,test,0.6911764705882353,0.6794612794612794
aggregated_ranked_features_gas-CO2_keep-CO2_post-prestimulus,median,710,train,0.9773413897280967,0.9773413380247944
aggregated_ranked_features_gas-CO2_keep-CO2_post-prestimulus,median,710,val,0.6486486486486487,0.6486486486486487
aggregated_ranked_features_gas-CO2_keep-CO2_post-prestimulus,median,710,test,0.6838235294117647,0.6761008031016339
aggregated_ranked_features_gas-CO2_keep-CO2_post-prestimulus,median,711,train,0.9758308157099698,0.9758308157099698
aggregated_ranked_features_gas-CO2_keep-CO2_post-prestimulus,median,711,val,0.6081081081081081,0.6078216374269005
aggregated_ranked_features_gas-CO2_keep-CO2_post-prestimulus,median,711,test,0.6985294117647058,0.6925282602701958
aggregated_ranked_features_gas-CO2_keep-CO2_post-prestimulus,median,712,train,0.9773413897280967,0.9773413380247944
aggregated_ranked_features_gas-CO2_keep-CO2_post-prestimulus,median,712,val,0.6216216216216216,0.6213450292397661
aggregated_ranked_features_gas-CO2_keep-CO2_post-prestimulus,median,712,test,0.6911764705882353,0.6843501326259946
aggregated_ranked_features_gas-CO2_keep-CO2_post-prestimulus,median,713,train,0.974320241691843,0.9743197143085331
aggregated_ranked_features_gas-CO2_keep-CO2_post-prestimulus,median,713,val,0.6216216216216216,0.6215525114155251
aggregated_ranked_features_gas-CO2_keep-CO2_post-prestimulus,median,713,test,0.7058823529411765,0.7006383447061413
aggregated_ranked_features_gas-CO2_keep-CO2_post-prestimulus,median,714,train,0.9697885196374623,0.9697885196374623
aggregated_ranked_features_gas-CO2_keep-CO2_post-prestimulus,median,714,val,0.6216216216216216,0.6213450292397661
aggregated_ranked_features_gas-CO2_keep-CO2_post-prestimulus,median,714,test,0.6911764705882353,0.6828780812791473
aggregated_ranked_features_gas-CO2_keep-CO2_post-prestimulus,median,715,train,0.9788519637462235,0.9788517707192406
aggregated_ranked_features_gas-CO2_keep-CO2_post-prestimulus,median,715,val,0.6148648648648649,0.6148472811943569
aggregated_ranked_features_gas-CO2_keep-CO2_post-prestimulus,median,715,test,0.6911764705882353,0.6868421052631579
aggregated_ranked_features_gas-CO2_keep-CO2_post-prestimulus,median,716,train,0.9788519637462235,0.9788519637462235
aggregated_ranked_features_gas-CO2_keep-CO2_post-prestimulus,median,716,val,0.6418918918918919,0.641744690568623
aggregated_ranked_features_gas-CO2_keep-CO2_post-prestimulus,median,716,test,0.7132352941176471,0.7086834733893558
aggregated_ranked_features_gas-CO2_keep-CO2_post-prestimulus,median,717,train,0.9773413897280967,0.9773413380247944
aggregated_ranked_features_gas-CO2_keep-CO2_post-prestimulus,median,717,val,0.6013513513513513,0.6011874857273349
aggregated_ranked_features_gas-CO2_keep-CO2_post-prestimulus,median,717,test,0.6911764705882353,0.6843501326259946
aggregated_ranked_features_gas-CO2_keep-CO2_post-prestimulus,median,718,train,0.9758308157099698,0.9758308157099698
aggregated_ranked_features_gas-CO2_keep-CO2_post-prestimulus,median,718,val,0.6351351351351351,0.6350684931506849
aggregated_ranked_features_gas-CO2_keep-CO2_post-prestimulus,median,718,test,0.7132352941176471,0.7047921188846218
aggregated_ranked_features_gas-CO2_keep-CO2_post-prestimulus,median,719,train,0.9758308157099698,0.9758299332767417
aggregated_ranked_features_gas-CO2_keep-CO2_post-prestimulus,median,719,val,0.6351351351351351,0.6351351351351351
aggregated_ranked_features_gas-CO2_keep-CO2_post-prestimulus,median,719,test,0.7058823529411765,0.7006383447061413
aggregated_ranked_features_gas-CO2_keep-CO2_post-prestimulus,median,720,train,0.972809667673716,0.9728094194961665
aggregated_ranked_features_gas-CO2_keep-CO2_post-prestimulus,median,720,val,0.6148648648648649,0.6148472811943569
aggregated_ranked_features_gas-CO2_keep-CO2_post-prestimulus,median,720,test,0.7058823529411765,0.6979791250277593
aggregated_ranked_features_gas-CO2_keep-CO2_post-prestimulus,median,721,train,0.972809667673716,0.9728094194961665
aggregated_ranked_features_gas-CO2_keep-CO2_post-prestimulus,median,721,val,0.6081081081081081,0.6081081081081081
aggregated_ranked_features_gas-CO2_keep-CO2_post-prestimulus,median,721,test,0.6911764705882353,0.68125
aggregated_ranked_features_gas-CO2_keep-CO2_post-prestimulus,median,722,train,0.9773413897280967,0.9773413380247944
aggregated_ranked_features_gas-CO2_keep-CO2_post-prestimulus,median,722,val,0.6081081081081081,0.6078216374269005
aggregated_ranked_features_gas-CO2_keep-CO2_post-prestimulus,median,722,test,0.6838235294117647,0.6775296388199614
aggregated_ranked_features_gas-CO2_keep-CO2_post-prestimulus,median,723,train,0.974320241691843,0.9743197143085331
aggregated_ranked_features_gas-CO2_keep-CO2_post-prestimulus,median,723,val,0.6283783783783784,0.6282256222881937
aggregated_ranked_features_gas-CO2_keep-CO2_post-prestimulus,median,723,test,0.6838235294117647,0.6745143874881727
aggregated_ranked_features_gas-CO2_keep-CO2_post-prestimulus,median,724,train,0.9773413897280967,0.9773413380247944
aggregated_ranked_features_gas-CO2_keep-CO2_post-prestimulus,median,724,val,0.6216216216216216,0.6213450292397661
aggregated_ranked_features_gas-CO2_keep-CO2_post-prestimulus,median,724,test,0.7058823529411765,0.6993810786914235
aggregated_ranked_features_gas-CO2_keep-CO2_post-prestimulus,median,725,train,0.9758308157099698,0.9758305951077035
aggregated_ranked_features_gas-CO2_keep-CO2_post-prestimulus,median,725,val,0.6351351351351351,0.6348684210526316
aggregated_ranked_features_gas-CO2_keep-CO2_post-prestimulus,median,725,test,0.6764705882352942,0.6660714285714285
aggregated_ranked_features_gas-CO2_keep-CO2_post-prestimulus,median,726,train,0.9758308157099698,0.9758308157099698
aggregated_ranked_features_gas-CO2_keep-CO2_post-prestimulus,median,726,val,0.6148648648648649,0.6148472811943569
aggregated_ranked_features_gas-CO2_keep-CO2_post-prestimulus,median,726,test,0.6764705882352942,0.6660714285714285
aggregated_ranked_features_gas-CO2_keep-CO2_post-prestimulus,median,727,train,0.9758308157099698,0.9758308157099698
aggregated_ranked_features_gas-CO2_keep-CO2_post-prestimulus,median,727,val,0.6283783783783784,0.6282256222881937
aggregated_ranked_features_gas-CO2_keep-CO2_post-prestimulus,median,727,test,0.6470588235294118,0.6357142857142857
aggregated_ranked_features_gas-CO2_keep-CO2_post-prestimulus,median,728,train,0.974320241691843,0.974320183094767
aggregated_ranked_features_gas-CO2_keep-CO2_post-prestimulus,median,728,val,0.5945945945945946,0.5942982456140351
aggregated_ranked_features_gas-CO2_keep-CO2_post-prestimulus,median,728,test,0.6764705882352942,0.6707021791767555
aggregated_ranked_features_gas-CO2_keep-CO2_post-prestimulus,median,729,train,0.9758308157099698,0.9758305951077035
aggregated_ranked_features_gas-CO2_keep-CO2_post-prestimulus,median,729,val,0.6283783783783784,0.6282256222881937
aggregated_ranked_features_gas-CO2_keep-CO2_post-prestimulus,median,729,test,0.6764705882352942,0.6660714285714285
aggregated_ranked_features_gas-CO2_keep-CO2_post-prestimulus,median,730,train,0.974320241691843,0.9743197143085331
aggregated_ranked_features_gas-CO2_keep-CO2_post-prestimulus,median,730,val,0.6216216216216216,0.6213450292397661
aggregated_ranked_features_gas-CO2_keep-CO2_post-prestimulus,median,730,test,0.6911764705882353,0.6856702619414483
aggregated_ranked_features_gas-CO2_keep-CO2_post-prestimulus,median,731,train,0.9758308157099698,0.9758308157099698
aggregated_ranked_features_gas-CO2_keep-CO2_post-prestimulus,median,731,val,0.6081081081081081,0.6080365296803653
aggregated_ranked_features_gas-CO2_keep-CO2_post-prestimulus,median,731,test,0.6764705882352942,0.6693191865605659
aggregated_ranked_features_gas-CO2_keep-CO2_post-prestimulus,median,732,train,0.972809667673716,0.9728094194961665
aggregated_ranked_features_gas-CO2_keep-CO2_post-prestimulus,median,732,val,0.6081081081081081,0.6080365296803653
aggregated_ranked_features_gas-CO2_keep-CO2_post-prestimulus,median,732,test,0.6617647058823529,0.6526759937819231
aggregated_ranked_features_gas-CO2_keep-CO2_post-prestimulus,median,733,train,0.9773413897280967,0.9773409243898821
aggregated_ranked_features_gas-CO2_keep-CO2_post-prestimulus,median,733,val,0.6351351351351351,0.6348684210526316
aggregated_ranked_features_gas-CO2_keep-CO2_post-prestimulus,median,733,test,0.6985294117647058,0.6911658820271392
aggregated_ranked_features_gas-CO2_keep-CO2_post-prestimulus,median,734,train,0.9758308157099698,0.9758299332767417
aggregated_ranked_features_gas-CO2_keep-CO2_post-prestimulus,median,734,val,0.6148648648648649,0.614424790895379
aggregated_ranked_features_gas-CO2_keep-CO2_post-prestimulus,median,734,test,0.6470588235294118,0.6357142857142857
aggregated_ranked_features_gas-CO2_keep-CO2_post-prestimulus,median,735,train,0.974320241691843,0.9743197143085331
aggregated_ranked_features_gas-CO2_keep-CO2_post-prestimulus,median,735,val,0.6418918918918919,0.641875542163174
aggregated_ranked_features_gas-CO2_keep-CO2_post-prestimulus,median,735,test,0.6764705882352942,0.6660714285714285
aggregated_ranked_features_gas-CO2_keep-CO2_post-prestimulus,median,736,train,0.9773413897280967,0.9773413380247944
aggregated_ranked_features_gas-CO2_keep-CO2_post-prestimulus,median,736,val,0.6148648648648649,0.6147065540077643
aggregated_ranked_features_gas-CO2_keep-CO2_post-prestimulus,median,736,test,0.6691176470588235,0.6650429642603033
aggregated_ranked_features_gas-CO2_keep-CO2_post-prestimulus,median,737,train,0.974320241691843,0.974320183094767
aggregated_ranked_features_gas-CO2_keep-CO2_post-prestimulus,median,737,val,0.6351351351351351,0.6351351351351351
aggregated_ranked_features_gas-CO2_keep-CO2_post-prestimulus,median,737,test,0.7132352941176471,0.7097039023589294
aggregated_ranked_features_gas-CO2_keep-CO2_post-prestimulus,median,738,train,0.9788519637462235,0.9788517707192406
aggregated_ranked_features_gas-CO2_keep-CO2_post-prestimulus,median,738,val,0.6418918918918919,0.6414827003062298
aggregated_ranked_features_gas-CO2_keep-CO2_post-prestimulus,median,738,test,0.6764705882352942,0.6641975308641975
aggregated_ranked_features_gas-CO2_keep-CO2_post-prestimulus,median,739,train,0.972809667673716,0.9728094194961665
aggregated_ranked_features_gas-CO2_keep-CO2_post-prestimulus,median,739,val,0.6216216216216216,0.6213450292397661
aggregated_ranked_features_gas-CO2_keep-CO2_post-prestimulus,median,739,test,0.6764705882352942,0.6660714285714285
aggregated_ranked_features_gas-CO2_keep-CO2_post-prestimulus,median,740,train,0.972809667673716,0.972809667673716
aggregated_ranked_features_gas-CO2_keep-CO2_post-prestimulus,median,740,val,0.6216216216216216,0.6213450292397661
aggregated_ranked_features_gas-CO2_keep-CO2_post-prestimulus,median,740,test,0.6911764705882353,0.68125
aggregated_ranked_features_gas-CO2_keep-CO2_post-prestimulus,median,741,train,0.972809667673716,0.9728094194961665
aggregated_ranked_features_gas-CO2_keep-CO2_post-prestimulus,median,741,val,0.6148648648648649,0.6147065540077643
aggregated_ranked_features_gas-CO2_keep-CO2_post-prestimulus,median,741,test,0.6764705882352942,0.6707021791767555
aggregated_ranked_features_gas-CO2_keep-CO2_post-prestimulus,median,742,train,0.974320241691843,0.974320183094767
aggregated_ranked_features_gas-CO2_keep-CO2_post-prestimulus,median,742,val,0.6283783783783784,0.6279537456008044
aggregated_ranked_features_gas-CO2_keep-CO2_post-prestimulus,median,742,test,0.6985294117647058,0.6937441643323996
aggregated_ranked_features_gas-CO2_keep-CO2_post-prestimulus,median,743,train,0.9773413897280967,0.9773409243898821
aggregated_ranked_features_gas-CO2_keep-CO2_post-prestimulus,median,743,val,0.6351351351351351,0.6348684210526316
aggregated_ranked_features_gas-CO2_keep-CO2_post-prestimulus,median,743,test,0.6838235294117647,0.6727659336354989
aggregated_ranked_features_gas-CO2_keep-CO2_post-prestimulus,median,744,train,0.9758308157099698,0.9758299332767417
aggregated_ranked_features_gas-CO2_keep-CO2_post-prestimulus,median,744,val,0.6081081081081081,0.6080365296803653
aggregated_ranked_features_gas-CO2_keep-CO2_post-prestimulus,median,744,test,0.6838235294117647,0.6775296388199614
aggregated_ranked_features_gas-CO2_keep-CO2_post-prestimulus,median,745,train,0.9758308157099698,0.9758308157099698
aggregated_ranked_features_gas-CO2_keep-CO2_post-prestimulus,median,745,val,0.6283783783783784,0.6279537456008044
aggregated_ranked_features_gas-CO2_keep-CO2_post-prestimulus,median,745,test,0.6838235294117647,0.6788048552754435
aggregated_ranked_features_gas-CO2_keep-CO2_post-prestimulus,median,746,train,0.9788519637462235,0.9788517707192406
aggregated_ranked_features_gas-CO2_keep-CO2_post-prestimulus,median,746,val,0.6283783783783784,0.6282256222881937
aggregated_ranked_features_gas-CO2_keep-CO2_post-prestimulus,median,746,test,0.6985294117647058,0.6925282602701958
aggregated_ranked_features_gas-CO2_keep-CO2_post-prestimulus,median,747,train,0.9773413897280967,0.9773413380247944
aggregated_ranked_features_gas-CO2_keep-CO2_post-prestimulus,median,747,val,0.6351351351351351,0.6350684931506849
aggregated_ranked_features_gas-CO2_keep-CO2_post-prestimulus,median,747,test,0.6691176470588235,0.6593755217899482
aggregated_ranked_features_gas-CO2_keep-CO2_post-prestimulus,median,748,train,0.9788519637462235,0.9788517707192406
aggregated_ranked_features_gas-CO2_keep-CO2_post-prestimulus,median,748,val,0.6351351351351351,0.6351351351351351
aggregated_ranked_features_gas-CO2_keep-CO2_post-prestimulus,median,748,test,0.6764705882352942,0.6693191865605659
aggregated_ranked_features_gas-CO2_keep-CO2_post-prestimulus,median,749,train,0.9758308157099698,0.9758305951077035
aggregated_ranked_features_gas-CO2_keep-CO2_post-prestimulus,median,749,val,0.6216216216216216,0.6215525114155251
aggregated_ranked_features_gas-CO2_keep-CO2_post-prestimulus,median,749,test,0.6764705882352942,0.6677770375305352
aggregated_ranked_features_gas-CO2_keep-CO2_post-prestimulus,median,750,train,0.9712990936555891,0.971298504227184
aggregated_ranked_features_gas-CO2_keep-CO2_post-prestimulus,median,750,val,0.6148648648648649,0.614424790895379
aggregated_ranked_features_gas-CO2_keep-CO2_post-prestimulus,median,750,test,0.6838235294117647,0.6775296388199614
aggregated_ranked_features_gas-CO2_keep-CO2_post-prestimulus,median,751,train,0.9758308157099698,0.9758308157099698
aggregated_ranked_features_gas-CO2_keep-CO2_post-prestimulus,median,751,val,0.6283783783783784,0.6283614116787655
aggregated_ranked_features_gas-CO2_keep-CO2_post-prestimulus,median,751,test,0.6691176470588235,0.6575457445022663
aggregated_ranked_features_gas-CO2_keep-CO2_post-prestimulus,median,752,train,0.9758308157099698,0.9758305951077035
aggregated_ranked_features_gas-CO2_keep-CO2_post-prestimulus,median,752,val,0.6216216216216216,0.6215525114155251
aggregated_ranked_features_gas-CO2_keep-CO2_post-prestimulus,median,752,test,0.6911764705882353,0.6828780812791473
aggregated_ranked_features_gas-CO2_keep-CO2_post-prestimulus,median,753,train,0.9758308157099698,0.9758308157099698
aggregated_ranked_features_gas-CO2_keep-CO2_post-prestimulus,median,753,val,0.6216216216216216,0.6216216216216216
aggregated_ranked_features_gas-CO2_keep-CO2_post-prestimulus,median,753,test,0.6764705882352942,0.6621499548328816
aggregated_ranked_features_gas-CO2_keep-CO2_post-prestimulus,median,754,train,0.9712990936555891,0.9712990281647397
aggregated_ranked_features_gas-CO2_keep-CO2_post-prestimulus,median,754,val,0.6216216216216216,0.6205128205128205
aggregated_ranked_features_gas-CO2_keep-CO2_post-prestimulus,median,754,test,0.6911764705882353,0.6856702619414483
aggregated_ranked_features_gas-CO2_keep-CO2_post-prestimulus,median,755,train,0.9773413897280967,0.9773413380247944
aggregated_ranked_features_gas-CO2_keep-CO2_post-prestimulus,median,755,val,0.6148648648648649,0.614424790895379
aggregated_ranked_features_gas-CO2_keep-CO2_post-prestimulus,median,755,test,0.6764705882352942,0.6693191865605659
aggregated_ranked_features_gas-CO2_keep-CO2_post-prestimulus,median,756,train,0.9788519637462235,0.9788517707192406
aggregated_ranked_features_gas-CO2_keep-CO2_post-prestimulus,median,756,val,0.6013513513513513,0.6011874857273349
aggregated_ranked_features_gas-CO2_keep-CO2_post-prestimulus,median,756,test,0.6764705882352942,0.6660714285714285
aggregated_ranked_features_gas-CO2_keep-CO2_post-prestimulus,median,757,train,0.9773413897280967,0.9773413380247944
aggregated_ranked_features_gas-CO2_keep-CO2_post-prestimulus,median,757,val,0.6283783783783784,0.6282256222881937
aggregated_ranked_features_gas-CO2_keep-CO2_post-prestimulus,median,757,test,0.6838235294117647,0.6745143874881727
aggregated_ranked_features_gas-CO2_keep-CO2_post-prestimulus,median,758,train,0.974320241691843,0.9743197143085331
aggregated_ranked_features_gas-CO2_keep-CO2_post-prestimulus,median,758,val,0.6148648648648649,0.6147065540077643
aggregated_ranked_features_gas-CO2_keep-CO2_post-prestimulus,median,758,test,0.6691176470588235,0.6575457445022663
aggregated_ranked_features_gas-CO2_keep-CO2_post-prestimulus,median,759,train,0.974320241691843,0.9743197143085331
aggregated_ranked_features_gas-CO2_keep-CO2_post-prestimulus,median,759,val,0.6418918918918919,0.641875542163174
aggregated_ranked_features_gas-CO2_keep-CO2_post-prestimulus,median,759,test,0.7205882352941176,0.7144120247568524
aggregated_ranked_features_gas-CO2_keep-CO2_post-prestimulus,median,760,train,0.972809667673716,0.9728094194961665
aggregated_ranked_features_gas-CO2_keep-CO2_post-prestimulus,median,760,val,0.6216216216216216,0.6215525114155251
aggregated_ranked_features_gas-CO2_keep-CO2_post-prestimulus,median,760,test,0.7132352941176471,0.7047921188846218
aggregated_ranked_features_gas-CO2_keep-CO2_post-prestimulus,median,761,train,0.9773413897280967,0.9773409243898821
aggregated_ranked_features_gas-CO2_keep-CO2_post-prestimulus,median,761,val,0.6216216216216216,0.6213450292397661
aggregated_ranked_features_gas-CO2_keep-CO2_post-prestimulus,median,761,test,0.6617647058823529,0.6526759937819231
aggregated_ranked_features_gas-CO2_keep-CO2_post-prestimulus,median,762,train,0.974320241691843,0.9743197143085331
aggregated_ranked_features_gas-CO2_keep-CO2_post-prestimulus,median,762,val,0.6148648648648649,0.6147065540077643
aggregated_ranked_features_gas-CO2_keep-CO2_post-prestimulus,median,762,test,0.6764705882352942,0.6730054644808743
aggregated_ranked_features_gas-CO2_keep-CO2_post-prestimulus,median,763,train,0.9758308157099698,0.9758305951077035
aggregated_ranked_features_gas-CO2_keep-CO2_post-prestimulus,median,763,val,0.6148648648648649,0.6148472811943569
aggregated_ranked_features_gas-CO2_keep-CO2_post-prestimulus,median,763,test,0.6838235294117647,0.6745143874881727
aggregated_ranked_features_gas-CO2_keep-CO2_post-prestimulus,median,764,train,0.972809667673716,0.972809667673716
aggregated_ranked_features_gas-CO2_keep-CO2_post-prestimulus,median,764,val,0.6418918918918919,0.641744690568623
aggregated_ranked_features_gas-CO2_keep-CO2_post-prestimulus,median,764,test,0.6985294117647058,0.6937441643323996
aggregated_ranked_features_gas-CO2_keep-CO2_post-prestimulus,median,765,train,0.972809667673716,0.9728086749363345
aggregated_ranked_features_gas-CO2_keep-CO2_post-prestimulus,median,765,val,0.6148648648648649,0.6147065540077643
aggregated_ranked_features_gas-CO2_keep-CO2_post-prestimulus,median,765,test,0.6985294117647058,0.6911658820271392
aggregated_ranked_features_gas-CO2_keep-CO2_post-prestimulus,median,766,train,0.972809667673716,0.9728094194961665
aggregated_ranked_features_gas-CO2_keep-CO2_post-prestimulus,median,766,val,0.6283783783783784,0.6282256222881937
aggregated_ranked_features_gas-CO2_keep-CO2_post-prestimulus,median,766,test,0.6764705882352942,0.6660714285714285
aggregated_ranked_features_gas-CO2_keep-CO2_post-prestimulus,median,767,train,0.9712990936555891,0.9712990281647397
aggregated_ranked_features_gas-CO2_keep-CO2_post-prestimulus,median,767,val,0.6013513513513513,0.6011874857273349
aggregated_ranked_features_gas-CO2_keep-CO2_post-prestimulus,median,767,test,0.6764705882352942,0.6707021791767555
aggregated_ranked_features_gas-CO2_keep-CO2_post-prestimulus,median,768,train,0.9773413897280967,0.9773400970747503
aggregated_ranked_features_gas-CO2_keep-CO2_post-prestimulus,median,768,val,0.6283783783783784,0.6283614116787655
aggregated_ranked_features_gas-CO2_keep-CO2_post-prestimulus,median,768,test,0.6911764705882353,0.6828780812791473
aggregated_ranked_features_gas-CO2_keep-CO2_post-prestimulus,median,769,train,0.974320241691843,0.974320183094767
aggregated_ranked_features_gas-CO2_keep-CO2_post-prestimulus,median,769,val,0.6418918918918919,0.641744690568623
aggregated_ranked_features_gas-CO2_keep-CO2_post-prestimulus,median,769,test,0.6838235294117647,0.6745143874881727
aggregated_ranked_features_gas-CO2_keep-CO2_post-prestimulus,median,770,train,0.972809667673716,0.9728094194961665
aggregated_ranked_features_gas-CO2_keep-CO2_post-prestimulus,median,770,val,0.6351351351351351,0.6345344796049022
aggregated_ranked_features_gas-CO2_keep-CO2_post-prestimulus,median,770,test,0.6691176470588235,0.6593755217899482
aggregated_ranked_features_gas-CO2_keep-CO2_post-prestimulus,median,771,train,0.9758308157099698,0.9758305951077035
aggregated_ranked_features_gas-CO2_keep-CO2_post-prestimulus,median,771,val,0.6013513513513513,0.6013331507099484
aggregated_ranked_features_gas-CO2_keep-CO2_post-prestimulus,median,771,test,0.6911764705882353,0.6828780812791473
aggregated_ranked_features_gas-CO2_keep-CO2_post-prestimulus,median,772,train,0.9758308157099698,0.9758305951077035
aggregated_ranked_features_gas-CO2_keep-CO2_post-prestimulus,median,772,val,0.6216216216216216,0.6215525114155251
aggregated_ranked_features_gas-CO2_keep-CO2_post-prestimulus,median,772,test,0.6911764705882353,0.6828780812791473
aggregated_ranked_features_gas-CO2_keep-CO2_post-prestimulus,median,773,train,0.9788519637462235,0.9788517707192406
aggregated_ranked_features_gas-CO2_keep-CO2_post-prestimulus,median,773,val,0.6621621621621622,0.6621621621621622
aggregated_ranked_features_gas-CO2_keep-CO2_post-prestimulus,median,773,test,0.6691176470588235,0.6593755217899482
aggregated_ranked_features_gas-CO2_keep-CO2_post-prestimulus,median,774,train,0.974320241691843,0.974320183094767
aggregated_ranked_features_gas-CO2_keep-CO2_post-prestimulus,median,774,val,0.6351351351351351,0.6350684931506849
aggregated_ranked_features_gas-CO2_keep-CO2_post-prestimulus,median,774,test,0.6691176470588235,0.6575457445022663
aggregated_ranked_features_gas-CO2_keep-CO2_post-prestimulus,median,775,train,0.9773413897280967,0.9773413380247944
aggregated_ranked_features_gas-CO2_keep-CO2_post-prestimulus,median,775,val,0.6013513513513513,0.6004575611988103
aggregated_ranked_features_gas-CO2_keep-CO2_post-prestimulus,median,775,test,0.6911764705882353,0.6878688524590164
aggregated_ranked_features_gas-CO2_keep-CO2_post-prestimulus,median,776,train,0.9773413897280967,0.9773413380247944
aggregated_ranked_features_gas-CO2_keep-CO2_post-prestimulus,median,776,val,0.6351351351351351,0.6345344796049022
aggregated_ranked_features_gas-CO2_keep-CO2_post-prestimulus,median,776,test,0.6911764705882353,0.6843501326259946
aggregated_ranked_features_gas-CO2_keep-CO2_post-prestimulus,median,777,train,0.974320241691843,0.9743197143085331
aggregated_ranked_features_gas-CO2_keep-CO2_post-prestimulus,median,777,val,0.6418918918918919,0.641875542163174
aggregated_ranked_features_gas-CO2_keep-CO2_post-prestimulus,median,777,test,0.6838235294117647,0.6745143874881727
aggregated_ranked_features_gas-CO2_keep-CO2_post-prestimulus,median,778,train,0.974320241691843,0.9743197143085331
aggregated_ranked_features_gas-CO2_keep-CO2_post-prestimulus,median,778,val,0.6081081081081081,0.6078216374269005
aggregated_ranked_features_gas-CO2_keep-CO2_post-prestimulus,median,778,test,0.6985294117647058,0.6896532531863973
aggregated_ranked_features_gas-CO2_keep-CO2_post-prestimulus,median,779,train,0.972809667673716,0.972809667673716
aggregated_ranked_features_gas-CO2_keep-CO2_post-prestimulus,median,779,val,0.6486486486486487,0.6485844748858447
aggregated_ranked_features_gas-CO2_keep-CO2_post-prestimulus,median,779,test,0.6911764705882353,0.6828780812791473
aggregated_ranked_features_gas-CO2_keep-CO2_post-prestimulus,median,780,train,0.972809667673716,0.9728094194961665
aggregated_ranked_features_gas-CO2_keep-CO2_post-prestimulus,median,780,val,0.6216216216216216,0.6215525114155251
aggregated_ranked_features_gas-CO2_keep-CO2_post-prestimulus,median,780,test,0.7132352941176471,0.7086834733893558
aggregated_ranked_features_gas-CO2_keep-CO2_post-prestimulus,median,781,train,0.9773413897280967,0.9773413380247944
aggregated_ranked_features_gas-CO2_keep-CO2_post-prestimulus,median,781,val,0.6216216216216216,0.6209987195902689
aggregated_ranked_features_gas-CO2_keep-CO2_post-prestimulus,median,781,test,0.7132352941176471,0.7097039023589294
aggregated_ranked_features_gas-CO2_keep-CO2_post-prestimulus,median,782,train,0.974320241691843,0.974320183094767
aggregated_ranked_features_gas-CO2_keep-CO2_post-prestimulus,median,782,val,0.6148648648648649,0.614424790895379
aggregated_ranked_features_gas-CO2_keep-CO2_post-prestimulus,median,782,test,0.6397058823529411,0.6309055663251177
aggregated_ranked_features_gas-CO2_keep-CO2_post-prestimulus,product,1,train,0.7009063444108762,0.7008817730392873
aggregated_ranked_features_gas-CO2_keep-CO2_post-prestimulus,product,1,val,0.6216216216216216,0.6213450292397661
aggregated_ranked_features_gas-CO2_keep-CO2_post-prestimulus,product,1,test,0.5294117647058824,0.5210213515298261
aggregated_ranked_features_gas-CO2_keep-CO2_post-prestimulus,product,2,train,0.7522658610271903,0.7521210626775163
aggregated_ranked_features_gas-CO2_keep-CO2_post-prestimulus,product,2,val,0.5675675675675675,0.5668556795317359
aggregated_ranked_features_gas-CO2_keep-CO2_post-prestimulus,product,2,test,0.5220588235294118,0.5218261481040731
aggregated_ranked_features_gas-CO2_keep-CO2_post-prestimulus,product,3,train,0.7854984894259819,0.7854965315808689
aggregated_ranked_features_gas-CO2_keep-CO2_post-prestimulus,product,3,val,0.5608108108108109,0.560630280886047
aggregated_ranked_features_gas-CO2_keep-CO2_post-prestimulus,product,3,test,0.5588235294117647,0.5587280986372485
aggregated_ranked_features_gas-CO2_keep-CO2_post-prestimulus,product,4,train,0.7990936555891238,0.7990565154976572
aggregated_ranked_features_gas-CO2_keep-CO2_post-prestimulus,product,4,val,0.6013513513513513,0.6013331507099484
aggregated_ranked_features_gas-CO2_keep-CO2_post-prestimulus,product,4,test,0.6470588235294118,0.6357142857142857
aggregated_ranked_features_gas-CO2_keep-CO2_post-prestimulus,product,5,train,0.8262839879154078,0.8262804203224297
aggregated_ranked_features_gas-CO2_keep-CO2_post-prestimulus,product,5,val,0.6351351351351351,0.6348684210526316
aggregated_ranked_features_gas-CO2_keep-CO2_post-prestimulus,product,5,test,0.7058823529411765,0.7058187324248324
aggregated_ranked_features_gas-CO2_keep-CO2_post-prestimulus,product,6,train,0.8383685800604229,0.8383652606478259
aggregated_ranked_features_gas-CO2_keep-CO2_post-prestimulus,product,6,val,0.6418918918918919,0.6414827003062298
aggregated_ranked_features_gas-CO2_keep-CO2_post-prestimulus,product,6,test,0.7058823529411765,0.7058187324248324
aggregated_ranked_features_gas-CO2_keep-CO2_post-prestimulus,product,7,train,0.8368580060422961,0.8368341777351773
aggregated_ranked_features_gas-CO2_keep-CO2_post-prestimulus,product,7,val,0.6486486486486487,0.6483918128654971
aggregated_ranked_features_gas-CO2_keep-CO2_post-prestimulus,product,7,test,0.7058823529411765,0.7058187324248324
aggregated_ranked_features_gas-CO2_keep-CO2_post-prestimulus,product,8,train,0.8474320241691843,0.847428890891873
aggregated_ranked_features_gas-CO2_keep-CO2_post-prestimulus,product,8,val,0.6351351351351351,0.6345344796049022
aggregated_ranked_features_gas-CO2_keep-CO2_post-prestimulus,product,8,test,0.7205882352941176,0.7203463203463203
aggregated_ranked_features_gas-CO2_keep-CO2_post-prestimulus,product,9,train,0.8580060422960725,0.858000858000858
aggregated_ranked_features_gas-CO2_keep-CO2_post-prestimulus,product,9,val,0.6283783783783784,0.6275451841683826
aggregated_ranked_features_gas-CO2_keep-CO2_post-prestimulus,product,9,test,0.7132352941176471,0.7132197891321979
aggregated_ranked_features_gas-CO2_keep-CO2_post-prestimulus,product,10,train,0.8746223564954683,0.8746197816240145
aggregated_ranked_features_gas-CO2_keep-CO2_post-prestimulus,product,10,val,0.6283783783783784,0.6269990377125052
aggregated_ranked_features_gas-CO2_keep-CO2_post-prestimulus,product,10,test,0.7058823529411765,0.7056277056277056
aggregated_ranked_features_gas-CO2_keep-CO2_post-prestimulus,product,11,train,0.8746223564954683,0.8746197816240145
aggregated_ranked_features_gas-CO2_keep-CO2_post-prestimulus,product,11,val,0.6283783783783784,0.6269990377125052
aggregated_ranked_features_gas-CO2_keep-CO2_post-prestimulus,product,11,test,0.7132352941176471,0.7128471658275134
aggregated_ranked_features_gas-CO2_keep-CO2_post-prestimulus,product,12,train,0.8716012084592145,0.871593883423585
aggregated_ranked_features_gas-CO2_keep-CO2_post-prestimulus,product,12,val,0.6013513513513513,0.6004575611988103
aggregated_ranked_features_gas-CO2_keep-CO2_post-prestimulus,product,12,test,0.7426470588235294,0.7426331440929981
aggregated_ranked_features_gas-CO2_keep-CO2_post-prestimulus,product,13,train,0.8716012084592145,0.871593883423585
aggregated_ranked_features_gas-CO2_keep-CO2_post-prestimulus,product,13,val,0.6013513513513513,0.6004575611988103
aggregated_ranked_features_gas-CO2_keep-CO2_post-prestimulus,product,13,test,0.75,0.7499459225611076
aggregated_ranked_features_gas-CO2_keep-CO2_post-prestimulus,product,14,train,0.8731117824773413,0.8731013582590916
aggregated_ranked_features_gas-CO2_keep-CO2_post-prestimulus,product,14,val,0.6013513513513513,0.6004575611988103
aggregated_ranked_features_gas-CO2_keep-CO2_post-prestimulus,product,14,test,0.7426470588235294,0.7426331440929981
aggregated_ranked_features_gas-CO2_keep-CO2_post-prestimulus,product,15,train,0.877643504531722,0.8775963020030817
aggregated_ranked_features_gas-CO2_keep-CO2_post-prestimulus,product,15,val,0.6283783783783784,0.6279537456008044
aggregated_ranked_features_gas-CO2_keep-CO2_post-prestimulus,product,15,test,0.7205882352941176,0.7205882352941176
aggregated_ranked_features_gas-CO2_keep-CO2_post-prestimulus,product,16,train,0.8746223564954683,0.8745739884722936
aggregated_ranked_features_gas-CO2_keep-CO2_post-prestimulus,product,16,val,0.6283783783783784,0.6279537456008044
aggregated_ranked_features_gas-CO2_keep-CO2_post-prestimulus,product,16,test,0.7205882352941176,0.7205882352941176
aggregated_ranked_features_gas-CO2_keep-CO2_post-prestimulus,product,17,train,0.8761329305135952,0.8761046596552731
aggregated_ranked_features_gas-CO2_keep-CO2_post-prestimulus,product,17,val,0.6351351351351351,0.634065934065934
aggregated_ranked_features_gas-CO2_keep-CO2_post-prestimulus,product,17,test,0.6691176470588235,0.6690997566909975
aggregated_ranked_features_gas-CO2_keep-CO2_post-prestimulus,product,18,train,0.877643504531722,0.8776097123410549
aggregated_ranked_features_gas-CO2_keep-CO2_post-prestimulus,product,18,val,0.6351351351351351,0.634065934065934
aggregated_ranked_features_gas-CO2_keep-CO2_post-prestimulus,product,18,test,0.6838235294117647,0.6838064341713976
aggregated_ranked_features_gas-CO2_keep-CO2_post-prestimulus,product,19,train,0.8806646525679759,0.8806425919121423
aggregated_ranked_features_gas-CO2_keep-CO2_post-prestimulus,product,19,val,0.6486486486486487,0.6463235294117647
aggregated_ranked_features_gas-CO2_keep-CO2_post-prestimulus,product,19,test,0.6617647058823529,0.6617647058823529
aggregated_ranked_features_gas-CO2_keep-CO2_post-prestimulus,product,20,train,0.8821752265861027,0.8821483347940403
aggregated_ranked_features_gas-CO2_keep-CO2_post-prestimulus,product,20,val,0.6486486486486487,0.6463235294117647
aggregated_ranked_features_gas-CO2_keep-CO2_post-prestimulus,product,20,test,0.6617647058823529,0.6616915422885572
aggregated_ranked_features_gas-CO2_keep-CO2_post-prestimulus,product,21,train,0.8836858006042296,0.8836642984460121
aggregated_ranked_features_gas-CO2_keep-CO2_post-prestimulus,product,21,val,0.6486486486486487,0.6463235294117647
aggregated_ranked_features_gas-CO2_keep-CO2_post-prestimulus,product,21,test,0.6617647058823529,0.6616915422885572
aggregated_ranked_features_gas-CO2_keep-CO2_post-prestimulus,product,22,train,0.8836858006042296,0.8836642984460121
aggregated_ranked_features_gas-CO2_keep-CO2_post-prestimulus,product,22,val,0.6554054054054054,0.6534912546481201
aggregated_ranked_features_gas-CO2_keep-CO2_post-prestimulus,product,22,test,0.6617647058823529,0.6616915422885572
aggregated_ranked_features_gas-CO2_keep-CO2_post-prestimulus,product,23,train,0.8882175226586103,0.8881807806436887
aggregated_ranked_features_gas-CO2_keep-CO2_post-prestimulus,product,23,val,0.6283783783783784,0.6269990377125052
aggregated_ranked_features_gas-CO2_keep-CO2_post-prestimulus,product,23,test,0.6764705882352942,0.6761904761904762
aggregated_ranked_features_gas-CO2_keep-CO2_post-prestimulus,product,24,train,0.8882175226586103,0.8881920099328074
aggregated_ranked_features_gas-CO2_keep-CO2_post-prestimulus,product,24,val,0.6283783783783784,0.6269990377125052
aggregated_ranked_features_gas-CO2_keep-CO2_post-prestimulus,product,24,test,0.6764705882352942,0.6761904761904762
aggregated_ranked_features_gas-CO2_keep-CO2_post-prestimulus,product,25,train,0.8882175226586103,0.8881920099328074
aggregated_ranked_features_gas-CO2_keep-CO2_post-prestimulus,product,25,val,0.6283783783783784,0.6269990377125052
aggregated_ranked_features_gas-CO2_keep-CO2_post-prestimulus,product,25,test,0.6764705882352942,0.6761904761904762
aggregated_ranked_features_gas-CO2_keep-CO2_post-prestimulus,product,26,train,0.8912386706948641,0.8912138475021911
aggregated_ranked_features_gas-CO2_keep-CO2_post-prestimulus,product,26,val,0.6283783783783784,0.6269990377125052
aggregated_ranked_features_gas-CO2_keep-CO2_post-prestimulus,product,26,test,0.6764705882352942,0.6761904761904762
aggregated_ranked_features_gas-CO2_keep-CO2_post-prestimulus,product,27,train,0.8867069486404834,0.8866860049798819
aggregated_ranked_features_gas-CO2_keep-CO2_post-prestimulus,product,27,val,0.6216216216216216,0.6205128205128205
aggregated_ranked_features_gas-CO2_keep-CO2_post-prestimulus,product,27,test,0.6691176470588235,0.6689565640720506
aggregated_ranked_features_gas-CO2_keep-CO2_post-prestimulus,product,28,train,0.8851963746223565,0.885179606554384
aggregated_ranked_features_gas-CO2_keep-CO2_post-prestimulus,product,28,val,0.6351351351351351,0.6334617501375894
aggregated_ranked_features_gas-CO2_keep-CO2_post-prestimulus,product,28,test,0.6691176470588235,0.6689565640720506
aggregated_ranked_features_gas-CO2_keep-CO2_post-prestimulus,product,29,train,0.8867069486404834,0.8866860049798819
aggregated_ranked_features_gas-CO2_keep-CO2_post-prestimulus,product,29,val,0.6351351351351351,0.6334617501375894
aggregated_ranked_features_gas-CO2_keep-CO2_post-prestimulus,product,29,test,0.6838235294117647,0.6833955930918738
aggregated_ranked_features_gas-CO2_keep-CO2_post-prestimulus,product,30,train,0.8882175226586103,0.8881920099328074
aggregated_ranked_features_gas-CO2_keep-CO2_post-prestimulus,product,30,val,0.6351351351351351,0.6334617501375894
aggregated_ranked_features_gas-CO2_keep-CO2_post-prestimulus,product,30,test,0.6691176470588235,0.6689565640720506
aggregated_ranked_features_gas-CO2_keep-CO2_post-prestimulus,product,31,train,0.8882175226586103,0.8881920099328074
aggregated_ranked_features_gas-CO2_keep-CO2_post-prestimulus,product,31,val,0.6351351351351351,0.6334617501375894
aggregated_ranked_features_gas-CO2_keep-CO2_post-prestimulus,product,31,test,0.6838235294117647,0.682983682983683
aggregated_ranked_features_gas-CO2_keep-CO2_post-prestimulus,product,32,train,0.8897280966767371,0.8897077115137517
aggregated_ranked_features_gas-CO2_keep-CO2_post-prestimulus,product,32,val,0.6351351351351351,0.6334617501375894
aggregated_ranked_features_gas-CO2_keep-CO2_post-prestimulus,product,32,test,0.6838235294117647,0.682983682983683
aggregated_ranked_features_gas-CO2_keep-CO2_post-prestimulus,product,33,train,0.8882175226586103,0.8882011958555844
aggregated_ranked_features_gas-CO2_keep-CO2_post-prestimulus,product,33,val,0.6351351351351351,0.6334617501375894
aggregated_ranked_features_gas-CO2_keep-CO2_post-prestimulus,product,33,test,0.6764705882352942,0.675839653304442
aggregated_ranked_features_gas-CO2_keep-CO2_post-prestimulus,product,34,train,0.8882175226586103,0.8881920099328074
aggregated_ranked_features_gas-CO2_keep-CO2_post-prestimulus,product,34,val,0.6351351351351351,0.6334617501375894
aggregated_ranked_features_gas-CO2_keep-CO2_post-prestimulus,product,34,test,0.6764705882352942,0.675839653304442
aggregated_ranked_features_gas-CO2_keep-CO2_post-prestimulus,product,35,train,0.8867069486404834,0.8866860049798819
aggregated_ranked_features_gas-CO2_keep-CO2_post-prestimulus,product,35,val,0.6351351351351351,0.6334617501375894
aggregated_ranked_features_gas-CO2_keep-CO2_post-prestimulus,product,35,test,0.6764705882352942,0.675839653304442
aggregated_ranked_features_gas-CO2_keep-CO2_post-prestimulus,product,36,train,0.8882175226586103,0.8882011958555844
aggregated_ranked_features_gas-CO2_keep-CO2_post-prestimulus,product,36,val,0.6283783783783784,0.6269990377125052
aggregated_ranked_features_gas-CO2_keep-CO2_post-prestimulus,product,36,test,0.6764705882352942,0.675839653304442
aggregated_ranked_features_gas-CO2_keep-CO2_post-prestimulus,product,37,train,0.8882175226586103,0.8881920099328074
aggregated_ranked_features_gas-CO2_keep-CO2_post-prestimulus,product,37,val,0.6283783783783784,0.6269990377125052
aggregated_ranked_features_gas-CO2_keep-CO2_post-prestimulus,product,37,test,0.6764705882352942,0.675839653304442
aggregated_ranked_features_gas-CO2_keep-CO2_post-prestimulus,product,38,train,0.8897280966767371,0.8897077115137517
aggregated_ranked_features_gas-CO2_keep-CO2_post-prestimulus,product,38,val,0.6283783783783784,0.6269990377125052
aggregated_ranked_features_gas-CO2_keep-CO2_post-prestimulus,product,38,test,0.6838235294117647,0.682983682983683
aggregated_ranked_features_gas-CO2_keep-CO2_post-prestimulus,product,39,train,0.8882175226586103,0.8882011958555844
aggregated_ranked_features_gas-CO2_keep-CO2_post-prestimulus,product,39,val,0.6351351351351351,0.6334617501375894
aggregated_ranked_features_gas-CO2_keep-CO2_post-prestimulus,product,39,test,0.6838235294117647,0.6833955930918738
aggregated_ranked_features_gas-CO2_keep-CO2_post-prestimulus,product,40,train,0.8897280966767371,0.8897077115137517
aggregated_ranked_features_gas-CO2_keep-CO2_post-prestimulus,product,40,val,0.6351351351351351,0.6334617501375894
aggregated_ranked_features_gas-CO2_keep-CO2_post-prestimulus,product,40,test,0.6838235294117647,0.6833955930918738
aggregated_ranked_features_gas-CO2_keep-CO2_post-prestimulus,product,41,train,0.8897280966767371,0.8897077115137517
aggregated_ranked_features_gas-CO2_keep-CO2_post-prestimulus,product,41,val,0.6351351351351351,0.6334617501375894
aggregated_ranked_features_gas-CO2_keep-CO2_post-prestimulus,product,41,test,0.6838235294117647,0.6833955930918738
aggregated_ranked_features_gas-CO2_keep-CO2_post-prestimulus,product,42,train,0.8897280966767371,0.8897077115137517
aggregated_ranked_features_gas-CO2_keep-CO2_post-prestimulus,product,42,val,0.6351351351351351,0.6334617501375894
aggregated_ranked_features_gas-CO2_keep-CO2_post-prestimulus,product,42,test,0.6764705882352942,0.675839653304442
aggregated_ranked_features_gas-CO2_keep-CO2_post-prestimulus,product,43,train,0.8912386706948641,0.891234699745338
aggregated_ranked_features_gas-CO2_keep-CO2_post-prestimulus,product,43,val,0.6351351351351351,0.634065934065934
aggregated_ranked_features_gas-CO2_keep-CO2_post-prestimulus,product,43,test,0.7205882352941176,0.7190693629049794
aggregated_ranked_features_gas-CO2_keep-CO2_post-prestimulus,product,44,train,0.8912386706948641,0.891234699745338
aggregated_ranked_features_gas-CO2_keep-CO2_post-prestimulus,product,44,val,0.6351351351351351,0.634065934065934
aggregated_ranked_features_gas-CO2_keep-CO2_post-prestimulus,product,44,test,0.7205882352941176,0.7190693629049794
aggregated_ranked_features_gas-CO2_keep-CO2_post-prestimulus,product,45,train,0.8912386706948641,0.891234699745338
aggregated_ranked_features_gas-CO2_keep-CO2_post-prestimulus,product,45,val,0.6351351351351351,0.634065934065934
aggregated_ranked_features_gas-CO2_keep-CO2_post-prestimulus,product,45,test,0.7132352941176471,0.7119739342926962
aggregated_ranked_features_gas-CO2_keep-CO2_post-prestimulus,product,46,train,0.8912386706948641,0.891234699745338
aggregated_ranked_features_gas-CO2_keep-CO2_post-prestimulus,product,46,val,0.6351351351351351,0.634065934065934
aggregated_ranked_features_gas-CO2_keep-CO2_post-prestimulus,product,46,test,0.7132352941176471,0.7119739342926962
aggregated_ranked_features_gas-CO2_keep-CO2_post-prestimulus,product,47,train,0.8927492447129909,0.8927470421121089
aggregated_ranked_features_gas-CO2_keep-CO2_post-prestimulus,product,47,val,0.6351351351351351,0.634065934065934
aggregated_ranked_features_gas-CO2_keep-CO2_post-prestimulus,product,47,test,0.7132352941176471,0.7119739342926962
aggregated_ranked_features_gas-CO2_keep-CO2_post-prestimulus,product,48,train,0.8912386706948641,0.891234699745338
aggregated_ranked_features_gas-CO2_keep-CO2_post-prestimulus,product,48,val,0.6351351351351351,0.634065934065934
aggregated_ranked_features_gas-CO2_keep-CO2_post-prestimulus,product,48,test,0.7132352941176471,0.7119739342926962
aggregated_ranked_features_gas-CO2_keep-CO2_post-prestimulus,product,49,train,0.8912386706948641,0.891234699745338
aggregated_ranked_features_gas-CO2_keep-CO2_post-prestimulus,product,49,val,0.6351351351351351,0.634065934065934
aggregated_ranked_features_gas-CO2_keep-CO2_post-prestimulus,product,49,test,0.7132352941176471,0.7119739342926962
aggregated_ranked_features_gas-CO2_keep-CO2_post-prestimulus,product,50,train,0.8912386706948641,0.891234699745338
aggregated_ranked_features_gas-CO2_keep-CO2_post-prestimulus,product,50,val,0.6351351351351351,0.634065934065934
aggregated_ranked_features_gas-CO2_keep-CO2_post-prestimulus,product,50,test,0.7205882352941176,0.7190693629049794
aggregated_ranked_features_gas-CO2_keep-CO2_post-prestimulus,product,51,train,0.8912386706948641,0.891234699745338
aggregated_ranked_features_gas-CO2_keep-CO2_post-prestimulus,product,51,val,0.6351351351351351,0.634065934065934
aggregated_ranked_features_gas-CO2_keep-CO2_post-prestimulus,product,51,test,0.7058823529411765,0.7042835398999783
aggregated_ranked_features_gas-CO2_keep-CO2_post-prestimulus,product,52,train,0.8942598187311178,0.894258853596203
aggregated_ranked_features_gas-CO2_keep-CO2_post-prestimulus,product,52,val,0.6283783783783784,0.6279537456008044
aggregated_ranked_features_gas-CO2_keep-CO2_post-prestimulus,product,52,test,0.6985294117647058,0.6957494407158836
aggregated_ranked_features_gas-CO2_keep-CO2_post-prestimulus,product,53,train,0.8897280966767371,0.8897278450539997
aggregated_ranked_features_gas-CO2_keep-CO2_post-prestimulus,product,53,val,0.6216216216216216,0.6205128205128205
aggregated_ranked_features_gas-CO2_keep-CO2_post-prestimulus,product,53,test,0.6323529411764706,0.6310763888888888
aggregated_ranked_features_gas-CO2_keep-CO2_post-prestimulus,product,54,train,0.8942598187311178,0.8942598187311178
aggregated_ranked_features_gas-CO2_keep-CO2_post-prestimulus,product,54,val,0.6216216216216216,0.6209987195902689
aggregated_ranked_features_gas-CO2_keep-CO2_post-prestimulus,product,54,test,0.6470588235294118,0.6463705308775731
aggregated_ranked_features_gas-CO2_keep-CO2_post-prestimulus,product,55,train,0.8927492447129909,0.8927470421121089
aggregated_ranked_features_gas-CO2_keep-CO2_post-prestimulus,product,55,val,0.6216216216216216,0.6209987195902689
aggregated_ranked_features_gas-CO2_keep-CO2_post-prestimulus,product,55,test,0.6544117647058824,0.6539440203562341
aggregated_ranked_features_gas-CO2_keep-CO2_post-prestimulus,product,56,train,0.8942598187311178,0.894258853596203
aggregated_ranked_features_gas-CO2_keep-CO2_post-prestimulus,product,56,val,0.6216216216216216,0.6209987195902689
aggregated_ranked_features_gas-CO2_keep-CO2_post-prestimulus,product,56,test,0.6470588235294118,0.6458333333333333
aggregated_ranked_features_gas-CO2_keep-CO2_post-prestimulus,product,57,train,0.8987915407854985,0.8987894622748069
aggregated_ranked_features_gas-CO2_keep-CO2_post-prestimulus,product,57,val,0.6351351351351351,0.6345344796049022
aggregated_ranked_features_gas-CO2_keep-CO2_post-prestimulus,product,57,test,0.6544117647058824,0.6539440203562341
aggregated_ranked_features_gas-CO2_keep-CO2_post-prestimulus,product,58,train,0.8987915407854985,0.898791309844082
aggregated_ranked_features_gas-CO2_keep-CO2_post-prestimulus,product,58,val,0.6216216216216216,0.6209987195902689
aggregated_ranked_features_gas-CO2_keep-CO2_post-prestimulus,product,58,test,0.6470588235294118,0.6463705308775731
aggregated_ranked_features_gas-CO2_keep-CO2_post-prestimulus,product,59,train,0.9018126888217523,0.9018124647741094
aggregated_ranked_features_gas-CO2_keep-CO2_post-prestimulus,product,59,val,0.6216216216216216,0.6209987195902689
aggregated_ranked_features_gas-CO2_keep-CO2_post-prestimulus,product,59,test,0.6691176470588235,0.668669806724054
aggregated_ranked_features_gas-CO2_keep-CO2_post-prestimulus,product,60,train,0.9033232628398792,0.9033223804308141
aggregated_ranked_features_gas-CO2_keep-CO2_post-prestimulus,product,60,val,0.6216216216216216,0.6205128205128205
aggregated_ranked_features_gas-CO2_keep-CO2_post-prestimulus,product,60,test,0.6691176470588235,0.668669806724054
aggregated_ranked_features_gas-CO2_keep-CO2_post-prestimulus,product,61,train,0.904833836858006,0.9048336197041367
aggregated_ranked_features_gas-CO2_keep-CO2_post-prestimulus,product,61,val,0.6283783783783784,0.6275451841683826
aggregated_ranked_features_gas-CO2_keep-CO2_post-prestimulus,product,61,test,0.6691176470588235,0.668669806724054
aggregated_ranked_features_gas-CO2_keep-CO2_post-prestimulus,product,62,train,0.9018126888217523,0.9018124647741094
aggregated_ranked_features_gas-CO2_keep-CO2_post-prestimulus,product,62,val,0.6148648648648649,0.6140013726835964
aggregated_ranked_features_gas-CO2_keep-CO2_post-prestimulus,product,62,test,0.6764705882352942,0.675839653304442
aggregated_ranked_features_gas-CO2_keep-CO2_post-prestimulus,product,63,train,0.9063444108761329,0.9063444108761329
aggregated_ranked_features_gas-CO2_keep-CO2_post-prestimulus,product,63,val,0.6216216216216216,0.6209987195902689
aggregated_ranked_features_gas-CO2_keep-CO2_post-prestimulus,product,63,test,0.6691176470588235,0.6682387380061798
aggregated_ranked_features_gas-CO2_keep-CO2_post-prestimulus,product,64,train,0.9063444108761329,0.9063435560423512
aggregated_ranked_features_gas-CO2_keep-CO2_post-prestimulus,product,64,val,0.6216216216216216,0.6205128205128205
aggregated_ranked_features_gas-CO2_keep-CO2_post-prestimulus,product,64,test,0.6617647058823529,0.6614718614718614
aggregated_ranked_features_gas-CO2_keep-CO2_post-prestimulus,product,65,train,0.9063444108761329,0.9063435560423512
aggregated_ranked_features_gas-CO2_keep-CO2_post-prestimulus,product,65,val,0.6148648648648649,0.6140013726835964
aggregated_ranked_features_gas-CO2_keep-CO2_post-prestimulus,product,65,test,0.6691176470588235,0.668669806724054
aggregated_ranked_features_gas-CO2_keep-CO2_post-prestimulus,product,66,train,0.9093655589123867,0.9093655589123867
aggregated_ranked_features_gas-CO2_keep-CO2_post-prestimulus,product,66,val,0.6216216216216216,0.6209987195902689
aggregated_ranked_features_gas-CO2_keep-CO2_post-prestimulus,product,66,test,0.6544117647058824,0.6539440203562341
aggregated_ranked_features_gas-CO2_keep-CO2_post-prestimulus,product,67,train,0.9078549848942599,0.9078547746341641
aggregated_ranked_features_gas-CO2_keep-CO2_post-prestimulus,product,67,val,0.6216216216216216,0.6205128205128205
aggregated_ranked_features_gas-CO2_keep-CO2_post-prestimulus,product,67,test,0.6397058823529411,0.6395304808784551
aggregated_ranked_features_gas-CO2_keep-CO2_post-prestimulus,product,68,train,0.9063444108761329,0.9063435560423512
aggregated_ranked_features_gas-CO2_keep-CO2_post-prestimulus,product,68,val,0.6216216216216216,0.6209987195902689
aggregated_ranked_features_gas-CO2_keep-CO2_post-prestimulus,product,68,test,0.6397058823529411,0.6395304808784551
aggregated_ranked_features_gas-CO2_keep-CO2_post-prestimulus,product,69,train,0.904833836858006,0.904831882437505
aggregated_ranked_features_gas-CO2_keep-CO2_post-prestimulus,product,69,val,0.6351351351351351,0.634065934065934
aggregated_ranked_features_gas-CO2_keep-CO2_post-prestimulus,product,69,test,0.6397058823529411,0.6395304808784551
aggregated_ranked_features_gas-CO2_keep-CO2_post-prestimulus,product,70,train,0.904833836858006,0.904831882437505
aggregated_ranked_features_gas-CO2_keep-CO2_post-prestimulus,product,70,val,0.6148648648648649,0.614424790895379
aggregated_ranked_features_gas-CO2_keep-CO2_post-prestimulus,product,70,test,0.6470588235294118,0.6467532467532467
aggregated_ranked_features_gas-CO2_keep-CO2_post-prestimulus,product,71,train,0.9078549848942599,0.907853092518854
aggregated_ranked_features_gas-CO2_keep-CO2_post-prestimulus,product,71,val,0.6081081081081081,0.6074629595756356
aggregated_ranked_features_gas-CO2_keep-CO2_post-prestimulus,product,71,test,0.6397058823529411,0.6395304808784551
aggregated_ranked_features_gas-CO2_keep-CO2_post-prestimulus,product,72,train,0.9154078549848943,0.9154070828769624
aggregated_ranked_features_gas-CO2_keep-CO2_post-prestimulus,product,72,val,0.6486486486486487,0.6476190476190475
aggregated_ranked_features_gas-CO2_keep-CO2_post-prestimulus,product,72,test,0.6911764705882353,0.6909090909090909
aggregated_ranked_features_gas-CO2_keep-CO2_post-prestimulus,product,73,train,0.9244712990936556,0.9244706097115736
aggregated_ranked_features_gas-CO2_keep-CO2_post-prestimulus,product,73,val,0.6486486486486487,0.6480702396195355
aggregated_ranked_features_gas-CO2_keep-CO2_post-prestimulus,product,73,test,0.6911764705882353,0.6905742145178765
aggregated_ranked_features_gas-CO2_keep-CO2_post-prestimulus,product,74,train,0.9229607250755287,0.9229605492843012
aggregated_ranked_features_gas-CO2_keep-CO2_post-prestimulus,product,74,val,0.6554054054054054,0.6546328071379548
aggregated_ranked_features_gas-CO2_keep-CO2_post-prestimulus,product,74,test,0.6911764705882353,0.6905742145178765
aggregated_ranked_features_gas-CO2_keep-CO2_post-prestimulus,product,75,train,0.9244712990936556,0.9244712990936556
aggregated_ranked_features_gas-CO2_keep-CO2_post-prestimulus,product,75,val,0.6486486486486487,0.6483918128654971
aggregated_ranked_features_gas-CO2_keep-CO2_post-prestimulus,product,75,test,0.6985294117647058,0.6972033668205267
aggregated_ranked_features_gas-CO2_keep-CO2_post-prestimulus,product,76,train,0.9244712990936556,0.9244706097115736
aggregated_ranked_features_gas-CO2_keep-CO2_post-prestimulus,product,76,val,0.6486486486486487,0.6483918128654971
aggregated_ranked_features_gas-CO2_keep-CO2_post-prestimulus,product,76,test,0.7058823529411765,0.7048611111111112
aggregated_ranked_features_gas-CO2_keep-CO2_post-prestimulus,product,77,train,0.9290030211480362,0.9290015630882973
aggregated_ranked_features_gas-CO2_keep-CO2_post-prestimulus,product,77,val,0.6351351351351351,0.6350684931506849
aggregated_ranked_features_gas-CO2_keep-CO2_post-prestimulus,product,77,test,0.7205882352941176,0.7190693629049794
aggregated_ranked_features_gas-CO2_keep-CO2_post-prestimulus,product,78,train,0.9274924471299094,0.9274917853231106
aggregated_ranked_features_gas-CO2_keep-CO2_post-prestimulus,product,78,val,0.6418918918918919,0.641744690568623
aggregated_ranked_features_gas-CO2_keep-CO2_post-prestimulus,product,78,test,0.7352941176470589,0.734375
aggregated_ranked_features_gas-CO2_keep-CO2_post-prestimulus,product,79,train,0.9274924471299094,0.9274917853231106
aggregated_ranked_features_gas-CO2_keep-CO2_post-prestimulus,product,79,val,0.6351351351351351,0.6348684210526316
aggregated_ranked_features_gas-CO2_keep-CO2_post-prestimulus,product,79,test,0.7352941176470589,0.734375
aggregated_ranked_features_gas-CO2_keep-CO2_post-prestimulus,product,80,train,0.9290030211480362,0.929002859144356
aggregated_ranked_features_gas-CO2_keep-CO2_post-prestimulus,product,80,val,0.6418918918918919,0.641744690568623
aggregated_ranked_features_gas-CO2_keep-CO2_post-prestimulus,product,80,test,0.7205882352941176,0.7190693629049794
aggregated_ranked_features_gas-CO2_keep-CO2_post-prestimulus,product,81,train,0.9290030211480362,0.929002859144356
aggregated_ranked_features_gas-CO2_keep-CO2_post-prestimulus,product,81,val,0.6351351351351351,0.6350684931506849
aggregated_ranked_features_gas-CO2_keep-CO2_post-prestimulus,product,81,test,0.7352941176470589,0.734375
aggregated_ranked_features_gas-CO2_keep-CO2_post-prestimulus,product,82,train,0.9290030211480362,0.9289989708342176
aggregated_ranked_features_gas-CO2_keep-CO2_post-prestimulus,product,82,val,0.6486486486486487,0.6480702396195355
aggregated_ranked_features_gas-CO2_keep-CO2_post-prestimulus,product,82,test,0.6764705882352942,0.675839653304442
aggregated_ranked_features_gas-CO2_keep-CO2_post-prestimulus,product,83,train,0.9305135951661632,0.9305129609346476
aggregated_ranked_features_gas-CO2_keep-CO2_post-prestimulus,product,83,val,0.6486486486486487,0.6480702396195355
aggregated_ranked_features_gas-CO2_keep-CO2_post-prestimulus,product,83,test,0.6911764705882353,0.6909090909090909
aggregated_ranked_features_gas-CO2_keep-CO2_post-prestimulus,product,84,train,0.9305135951661632,0.9305129609346476
aggregated_ranked_features_gas-CO2_keep-CO2_post-prestimulus,product,84,val,0.6486486486486487,0.6480702396195355
aggregated_ranked_features_gas-CO2_keep-CO2_post-prestimulus,product,84,test,0.6985294117647058,0.698382647265646
aggregated_ranked_features_gas-CO2_keep-CO2_post-prestimulus,product,85,train,0.9305135951661632,0.9305129609346476
aggregated_ranked_features_gas-CO2_keep-CO2_post-prestimulus,product,85,val,0.6418918918918919,0.6414827003062298
aggregated_ranked_features_gas-CO2_keep-CO2_post-prestimulus,product,85,test,0.6911764705882353,0.6909090909090909
aggregated_ranked_features_gas-CO2_keep-CO2_post-prestimulus,product,86,train,0.9305135951661632,0.9305129609346476
aggregated_ranked_features_gas-CO2_keep-CO2_post-prestimulus,product,86,val,0.6351351351351351,0.6348684210526316
aggregated_ranked_features_gas-CO2_keep-CO2_post-prestimulus,product,86,test,0.6985294117647058,0.6981213794596937
aggregated_ranked_features_gas-CO2_keep-CO2_post-prestimulus,product,87,train,0.9335347432024169,0.93353231651104
aggregated_ranked_features_gas-CO2_keep-CO2_post-prestimulus,product,87,val,0.6418918918918919,0.6414827003062298
aggregated_ranked_features_gas-CO2_keep-CO2_post-prestimulus,product,87,test,0.7058823529411765,0.7048611111111112
aggregated_ranked_features_gas-CO2_keep-CO2_post-prestimulus,product,88,train,0.9350453172205438,0.9350439832509955
aggregated_ranked_features_gas-CO2_keep-CO2_post-prestimulus,product,88,val,0.6351351351351351,0.6348684210526316
aggregated_ranked_features_gas-CO2_keep-CO2_post-prestimulus,product,88,test,0.6911764705882353,0.6901041666666667
aggregated_ranked_features_gas-CO2_keep-CO2_post-prestimulus,product,89,train,0.9350453172205438,0.9350451690044108
aggregated_ranked_features_gas-CO2_keep-CO2_post-prestimulus,product,89,val,0.6351351351351351,0.6348684210526316
aggregated_ranked_features_gas-CO2_keep-CO2_post-prestimulus,product,89,test,0.6911764705882353,0.6901041666666667
aggregated_ranked_features_gas-CO2_keep-CO2_post-prestimulus,product,90,train,0.9365558912386707,0.9365558912386707
aggregated_ranked_features_gas-CO2_keep-CO2_post-prestimulus,product,90,val,0.6418918918918919,0.641744690568623
aggregated_ranked_features_gas-CO2_keep-CO2_post-prestimulus,product,90,test,0.6911764705882353,0.6901041666666667
aggregated_ranked_features_gas-CO2_keep-CO2_post-prestimulus,product,91,train,0.9350453172205438,0.9350451690044108
aggregated_ranked_features_gas-CO2_keep-CO2_post-prestimulus,product,91,val,0.6418918918918919,0.6414827003062298
aggregated_ranked_features_gas-CO2_keep-CO2_post-prestimulus,product,91,test,0.6911764705882353,0.6901041666666667
aggregated_ranked_features_gas-CO2_keep-CO2_post-prestimulus,product,92,train,0.9365558912386707,0.9365553121577218
aggregated_ranked_features_gas-CO2_keep-CO2_post-prestimulus,product,92,val,0.6418918918918919,0.641744690568623
aggregated_ranked_features_gas-CO2_keep-CO2_post-prestimulus,product,92,test,0.6838235294117647,0.6824327993483573
aggregated_ranked_features_gas-CO2_keep-CO2_post-prestimulus,product,93,train,0.9395770392749244,0.939576487769259
aggregated_ranked_features_gas-CO2_keep-CO2_post-prestimulus,product,93,val,0.6351351351351351,0.6345344796049022
aggregated_ranked_features_gas-CO2_keep-CO2_post-prestimulus,product,93,test,0.7058823529411765,0.7048611111111112
aggregated_ranked_features_gas-CO2_keep-CO2_post-prestimulus,product,94,train,0.9365558912386707,0.9365553121577218
aggregated_ranked_features_gas-CO2_keep-CO2_post-prestimulus,product,94,val,0.6486486486486487,0.6480702396195355
aggregated_ranked_features_gas-CO2_keep-CO2_post-prestimulus,product,94,test,0.7205882352941176,0.7196180555555556
aggregated_ranked_features_gas-CO2_keep-CO2_post-prestimulus,product,95,train,0.9305135951661632,0.9305129609346476
aggregated_ranked_features_gas-CO2_keep-CO2_post-prestimulus,product,95,val,0.6486486486486487,0.6483918128654971
aggregated_ranked_features_gas-CO2_keep-CO2_post-prestimulus,product,95,test,0.7132352941176471,0.7119739342926962
aggregated_ranked_features_gas-CO2_keep-CO2_post-prestimulus,product,96,train,0.93202416918429,0.9320240140743834
aggregated_ranked_features_gas-CO2_keep-CO2_post-prestimulus,product,96,val,0.6554054054054054,0.6550116550116549
aggregated_ranked_features_gas-CO2_keep-CO2_post-prestimulus,product,96,test,0.7058823529411765,0.7042835398999783
aggregated_ranked_features_gas-CO2_keep-CO2_post-prestimulus,product,97,train,0.9335347432024169,0.9335341365461847
aggregated_ranked_features_gas-CO2_keep-CO2_post-prestimulus,product,97,val,0.6486486486486487,0.6480702396195355
aggregated_ranked_features_gas-CO2_keep-CO2_post-prestimulus,product,97,test,0.7132352941176471,0.7113469387755103
aggregated_ranked_features_gas-CO2_keep-CO2_post-prestimulus,product,98,train,0.9350453172205438,0.9350439832509955
aggregated_ranked_features_gas-CO2_keep-CO2_post-prestimulus,product,98,val,0.6283783783783784,0.6275451841683826
aggregated_ranked_features_gas-CO2_keep-CO2_post-prestimulus,product,98,test,0.6911764705882353,0.6901041666666667
aggregated_ranked_features_gas-CO2_keep-CO2_post-prestimulus,product,99,train,0.9335347432024169,0.9335341365461847
aggregated_ranked_features_gas-CO2_keep-CO2_post-prestimulus,product,99,val,0.6418918918918919,0.6410889956531687
aggregated_ranked_features_gas-CO2_keep-CO2_post-prestimulus,product,99,test,0.6985294117647058,0.6972033668205267
aggregated_ranked_features_gas-CO2_keep-CO2_post-prestimulus,product,100,train,0.9335347432024169,0.93353231651104
aggregated_ranked_features_gas-CO2_keep-CO2_post-prestimulus,product,100,val,0.6418918918918919,0.6410889956531687
aggregated_ranked_features_gas-CO2_keep-CO2_post-prestimulus,product,100,test,0.6985294117647058,0.6965442176870749
aggregated_ranked_features_gas-CO2_keep-CO2_post-prestimulus,product,101,train,0.9350453172205438,0.9350416116142841
aggregated_ranked_features_gas-CO2_keep-CO2_post-prestimulus,product,101,val,0.6351351351351351,0.6345344796049022
aggregated_ranked_features_gas-CO2_keep-CO2_post-prestimulus,product,101,test,0.6911764705882353,0.6894977168949772
aggregated_ranked_features_gas-CO2_keep-CO2_post-prestimulus,product,102,train,0.9350453172205438,0.9350416116142841
aggregated_ranked_features_gas-CO2_keep-CO2_post-prestimulus,product,102,val,0.6351351351351351,0.634065934065934
aggregated_ranked_features_gas-CO2_keep-CO2_post-prestimulus,product,102,test,0.6985294117647058,0.6972033668205267
aggregated_ranked_features_gas-CO2_keep-CO2_post-prestimulus,product,103,train,0.9350453172205438,0.93503805383448
aggregated_ranked_features_gas-CO2_keep-CO2_post-prestimulus,product,103,val,0.6283783783783784,0.6279537456008044
aggregated_ranked_features_gas-CO2_keep-CO2_post-prestimulus,product,103,test,0.7132352941176471,0.7124735729386893
aggregated_ranked_features_gas-CO2_keep-CO2_post-prestimulus,product,104,train,0.9350453172205438,0.93503805383448
aggregated_ranked_features_gas-CO2_keep-CO2_post-prestimulus,product,104,val,0.6216216216216216,0.6209987195902689
aggregated_ranked_features_gas-CO2_keep-CO2_post-prestimulus,product,104,test,0.7058823529411765,0.705308775731311
aggregated_ranked_features_gas-CO2_keep-CO2_post-prestimulus,product,105,train,0.9365558912386707,0.9365466246747912
aggregated_ranked_features_gas-CO2_keep-CO2_post-prestimulus,product,105,val,0.6283783783783784,0.6275451841683826
aggregated_ranked_features_gas-CO2_keep-CO2_post-prestimulus,product,105,test,0.6985294117647058,0.6977286279611861
aggregated_ranked_features_gas-CO2_keep-CO2_post-prestimulus,product,106,train,0.9335347432024169,0.9335292828976194
aggregated_ranked_features_gas-CO2_keep-CO2_post-prestimulus,product,106,val,0.6283783783783784,0.6279537456008044
aggregated_ranked_features_gas-CO2_keep-CO2_post-prestimulus,product,106,test,0.7058823529411765,0.705308775731311
aggregated_ranked_features_gas-CO2_keep-CO2_post-prestimulus,product,107,train,0.9380664652567976,0.9380629320043175
aggregated_ranked_features_gas-CO2_keep-CO2_post-prestimulus,product,107,val,0.6486486486486487,0.6483918128654971
aggregated_ranked_features_gas-CO2_keep-CO2_post-prestimulus,product,107,test,0.6838235294117647,0.682983682983683
aggregated_ranked_features_gas-CO2_keep-CO2_post-prestimulus,product,108,train,0.9380664652567976,0.9380629320043175
aggregated_ranked_features_gas-CO2_keep-CO2_post-prestimulus,product,108,val,0.6351351351351351,0.6348684210526316
aggregated_ranked_features_gas-CO2_keep-CO2_post-prestimulus,product,108,test,0.6911764705882353,0.6905742145178765
aggregated_ranked_features_gas-CO2_keep-CO2_post-prestimulus,product,109,train,0.9410876132930514,0.9410842523943508
aggregated_ranked_features_gas-CO2_keep-CO2_post-prestimulus,product,109,val,0.6418918918918919,0.641744690568623
aggregated_ranked_features_gas-CO2_keep-CO2_post-prestimulus,product,109,test,0.6911764705882353,0.6901041666666667
aggregated_ranked_features_gas-CO2_keep-CO2_post-prestimulus,product,110,train,0.9380664652567976,0.9380629320043175
aggregated_ranked_features_gas-CO2_keep-CO2_post-prestimulus,product,110,val,0.6283783783783784,0.6282256222881937
aggregated_ranked_features_gas-CO2_keep-CO2_post-prestimulus,product,110,test,0.6985294117647058,0.6972033668205267
aggregated_ranked_features_gas-CO2_keep-CO2_post-prestimulus,product,111,train,0.9365558912386707,0.9365506791295458
aggregated_ranked_features_gas-CO2_keep-CO2_post-prestimulus,product,111,val,0.6283783783783784,0.6282256222881937
aggregated_ranked_features_gas-CO2_keep-CO2_post-prestimulus,product,111,test,0.7058823529411765,0.7042835398999783
aggregated_ranked_features_gas-CO2_keep-CO2_post-prestimulus,product,112,train,0.9380664652567976,0.9380629320043175
aggregated_ranked_features_gas-CO2_keep-CO2_post-prestimulus,product,112,val,0.6486486486486487,0.6485844748858447
aggregated_ranked_features_gas-CO2_keep-CO2_post-prestimulus,product,112,test,0.7058823529411765,0.7042835398999783
aggregated_ranked_features_gas-CO2_keep-CO2_post-prestimulus,product,113,train,0.9365558912386707,0.9365506791295458
aggregated_ranked_features_gas-CO2_keep-CO2_post-prestimulus,product,113,val,0.6486486486486487,0.6486486486486487
aggregated_ranked_features_gas-CO2_keep-CO2_post-prestimulus,product,113,test,0.6911764705882353,0.6894977168949772
aggregated_ranked_features_gas-CO2_keep-CO2_post-prestimulus,product,114,train,0.9395770392749244,0.9395720753614721
aggregated_ranked_features_gas-CO2_keep-CO2_post-prestimulus,product,114,val,0.6486486486486487,0.6485844748858447
aggregated_ranked_features_gas-CO2_keep-CO2_post-prestimulus,product,114,test,0.6838235294117647,0.6824327993483573
aggregated_ranked_features_gas-CO2_keep-CO2_post-prestimulus,product,115,train,0.9395770392749244,0.9395720753614721
aggregated_ranked_features_gas-CO2_keep-CO2_post-prestimulus,product,115,val,0.6486486486486487,0.6485844748858447
aggregated_ranked_features_gas-CO2_keep-CO2_post-prestimulus,product,115,test,0.6911764705882353,0.6894977168949772
aggregated_ranked_features_gas-CO2_keep-CO2_post-prestimulus,product,116,train,0.9395770392749244,0.9395720753614721
aggregated_ranked_features_gas-CO2_keep-CO2_post-prestimulus,product,116,val,0.6351351351351351,0.6350684931506849
aggregated_ranked_features_gas-CO2_keep-CO2_post-prestimulus,product,116,test,0.6985294117647058,0.6965442176870749
aggregated_ranked_features_gas-CO2_keep-CO2_post-prestimulus,product,117,train,0.9425981873111783,0.9425976633807959
aggregated_ranked_features_gas-CO2_keep-CO2_post-prestimulus,product,117,val,0.6351351351351351,0.6350684931506849
aggregated_ranked_features_gas-CO2_keep-CO2_post-prestimulus,product,117,test,0.7058823529411765,0.7027322404371584
aggregated_ranked_features_gas-CO2_keep-CO2_post-prestimulus,product,118,train,0.9441087613293051,0.9441086337944931
aggregated_ranked_features_gas-CO2_keep-CO2_post-prestimulus,product,118,val,0.6216216216216216,0.6215525114155251
aggregated_ranked_features_gas-CO2_keep-CO2_post-prestimulus,product,118,test,0.6764705882352942,0.6707021791767555
aggregated_ranked_features_gas-CO2_keep-CO2_post-prestimulus,product,119,train,0.9441087613293051,0.9441086337944931
aggregated_ranked_features_gas-CO2_keep-CO2_post-prestimulus,product,119,val,0.6216216216216216,0.6215525114155251
aggregated_ranked_features_gas-CO2_keep-CO2_post-prestimulus,product,119,test,0.6985294117647058,0.6937441643323996
aggregated_ranked_features_gas-CO2_keep-CO2_post-prestimulus,product,120,train,0.9441087613293051,0.9441086337944931
aggregated_ranked_features_gas-CO2_keep-CO2_post-prestimulus,product,120,val,0.6283783783783784,0.6282256222881937
aggregated_ranked_features_gas-CO2_keep-CO2_post-prestimulus,product,120,test,0.6911764705882353,0.6843501326259946
aggregated_ranked_features_gas-CO2_keep-CO2_post-prestimulus,product,121,train,0.9410876132930514,0.9410864034136935
aggregated_ranked_features_gas-CO2_keep-CO2_post-prestimulus,product,121,val,0.6283783783783784,0.6282256222881937
aggregated_ranked_features_gas-CO2_keep-CO2_post-prestimulus,product,121,test,0.6838235294117647,0.6775296388199614
aggregated_ranked_features_gas-CO2_keep-CO2_post-prestimulus,product,122,train,0.9441087613293051,0.9441086337944931
aggregated_ranked_features_gas-CO2_keep-CO2_post-prestimulus,product,122,val,0.6283783783783784,0.6283614116787655
aggregated_ranked_features_gas-CO2_keep-CO2_post-prestimulus,product,122,test,0.6838235294117647,0.6788048552754435
aggregated_ranked_features_gas-CO2_keep-CO2_post-prestimulus,product,123,train,0.9441087613293051,0.9441086337944931
aggregated_ranked_features_gas-CO2_keep-CO2_post-prestimulus,product,123,val,0.6351351351351351,0.6350684931506849
aggregated_ranked_features_gas-CO2_keep-CO2_post-prestimulus,product,123,test,0.6764705882352942,0.6719298245614035
aggregated_ranked_features_gas-CO2_keep-CO2_post-prestimulus,product,124,train,0.9441087613293051,0.9441076134950426
aggregated_ranked_features_gas-CO2_keep-CO2_post-prestimulus,product,124,val,0.6216216216216216,0.6215525114155251
aggregated_ranked_features_gas-CO2_keep-CO2_post-prestimulus,product,124,test,0.6691176470588235,0.6638655462184875
aggregated_ranked_features_gas-CO2_keep-CO2_post-prestimulus,product,125,train,0.9410876132930514,0.9410864034136935
aggregated_ranked_features_gas-CO2_keep-CO2_post-prestimulus,product,125,val,0.6283783783783784,0.6282256222881937
aggregated_ranked_features_gas-CO2_keep-CO2_post-prestimulus,product,125,test,0.6764705882352942,0.6719298245614035
aggregated_ranked_features_gas-CO2_keep-CO2_post-prestimulus,product,126,train,0.9441087613293051,0.9441076134950426
aggregated_ranked_features_gas-CO2_keep-CO2_post-prestimulus,product,126,val,0.6283783783783784,0.6282256222881937
aggregated_ranked_features_gas-CO2_keep-CO2_post-prestimulus,product,126,test,0.6764705882352942,0.6719298245614035
aggregated_ranked_features_gas-CO2_keep-CO2_post-prestimulus,product,127,train,0.945619335347432,0.945617349872669
aggregated_ranked_features_gas-CO2_keep-CO2_post-prestimulus,product,127,val,0.6283783783783784,0.6282256222881937
aggregated_ranked_features_gas-CO2_keep-CO2_post-prestimulus,product,127,test,0.6838235294117647,0.6788048552754435
aggregated_ranked_features_gas-CO2_keep-CO2_post-prestimulus,product,128,train,0.9441087613293051,0.9441076134950426
aggregated_ranked_features_gas-CO2_keep-CO2_post-prestimulus,product,128,val,0.6418918918918919,0.641744690568623
aggregated_ranked_features_gas-CO2_keep-CO2_post-prestimulus,product,128,test,0.6691176470588235,0.6625310173697271
aggregated_ranked_features_gas-CO2_keep-CO2_post-prestimulus,product,129,train,0.945619335347432,0.945617349872669
aggregated_ranked_features_gas-CO2_keep-CO2_post-prestimulus,product,129,val,0.6351351351351351,0.6350684931506849
aggregated_ranked_features_gas-CO2_keep-CO2_post-prestimulus,product,129,test,0.6764705882352942,0.6707021791767555
aggregated_ranked_features_gas-CO2_keep-CO2_post-prestimulus,product,130,train,0.945619335347432,0.945618838992333
aggregated_ranked_features_gas-CO2_keep-CO2_post-prestimulus,product,130,val,0.6351351351351351,0.6350684931506849
aggregated_ranked_features_gas-CO2_keep-CO2_post-prestimulus,product,130,test,0.6764705882352942,0.6707021791767555
aggregated_ranked_features_gas-CO2_keep-CO2_post-prestimulus,product,131,train,0.947129909365559,0.9471288235763916
aggregated_ranked_features_gas-CO2_keep-CO2_post-prestimulus,product,131,val,0.6283783783783784,0.6282256222881937
aggregated_ranked_features_gas-CO2_keep-CO2_post-prestimulus,product,131,test,0.6764705882352942,0.6693191865605659
aggregated_ranked_features_gas-CO2_keep-CO2_post-prestimulus,product,132,train,0.947129909365559,0.9471288235763916
aggregated_ranked_features_gas-CO2_keep-CO2_post-prestimulus,product,132,val,0.6283783783783784,0.6282256222881937
aggregated_ranked_features_gas-CO2_keep-CO2_post-prestimulus,product,132,test,0.6838235294117647,0.6788048552754435
aggregated_ranked_features_gas-CO2_keep-CO2_post-prestimulus,product,133,train,0.947129909365559,0.9471288235763916
aggregated_ranked_features_gas-CO2_keep-CO2_post-prestimulus,product,133,val,0.6351351351351351,0.6350684931506849
aggregated_ranked_features_gas-CO2_keep-CO2_post-prestimulus,product,133,test,0.6838235294117647,0.6775296388199614
aggregated_ranked_features_gas-CO2_keep-CO2_post-prestimulus,product,134,train,0.945619335347432,0.945618838992333
aggregated_ranked_features_gas-CO2_keep-CO2_post-prestimulus,product,134,val,0.6351351351351351,0.6350684931506849
aggregated_ranked_features_gas-CO2_keep-CO2_post-prestimulus,product,134,test,0.6764705882352942,0.6707021791767555
aggregated_ranked_features_gas-CO2_keep-CO2_post-prestimulus,product,135,train,0.9441087613293051,0.9441086337944931
aggregated_ranked_features_gas-CO2_keep-CO2_post-prestimulus,product,135,val,0.6351351351351351,0.6350684931506849
aggregated_ranked_features_gas-CO2_keep-CO2_post-prestimulus,product,135,test,0.6838235294117647,0.6775296388199614
aggregated_ranked_features_gas-CO2_keep-CO2_post-prestimulus,product,136,train,0.947129909365559,0.9471297887245205
aggregated_ranked_features_gas-CO2_keep-CO2_post-prestimulus,product,136,val,0.6283783783783784,0.6282256222881937
aggregated_ranked_features_gas-CO2_keep-CO2_post-prestimulus,product,136,test,0.6838235294117647,0.6788048552754435
aggregated_ranked_features_gas-CO2_keep-CO2_post-prestimulus,product,137,train,0.945619335347432,0.945619335347432
aggregated_ranked_features_gas-CO2_keep-CO2_post-prestimulus,product,137,val,0.6283783783783784,0.6283614116787655
aggregated_ranked_features_gas-CO2_keep-CO2_post-prestimulus,product,137,test,0.6911764705882353,0.6868421052631579
aggregated_ranked_features_gas-CO2_keep-CO2_post-prestimulus,product,138,train,0.9441087613293051,0.9441086337944931
aggregated_ranked_features_gas-CO2_keep-CO2_post-prestimulus,product,138,val,0.6351351351351351,0.6350684931506849
aggregated_ranked_features_gas-CO2_keep-CO2_post-prestimulus,product,138,test,0.7058823529411765,0.7027322404371584
aggregated_ranked_features_gas-CO2_keep-CO2_post-prestimulus,product,139,train,0.945619335347432,0.945619335347432
aggregated_ranked_features_gas-CO2_keep-CO2_post-prestimulus,product,139,val,0.6283783783783784,0.6282256222881937
aggregated_ranked_features_gas-CO2_keep-CO2_post-prestimulus,product,139,test,0.6985294117647058,0.6948169229927207
aggregated_ranked_features_gas-CO2_keep-CO2_post-prestimulus,product,140,train,0.9441087613293051,0.9441086337944931
aggregated_ranked_features_gas-CO2_keep-CO2_post-prestimulus,product,140,val,0.6351351351351351,0.6351351351351351
aggregated_ranked_features_gas-CO2_keep-CO2_post-prestimulus,product,140,test,0.6985294117647058,0.6957494407158836
aggregated_ranked_features_gas-CO2_keep-CO2_post-prestimulus,product,141,train,0.9441087613293051,0.9441076134950426
aggregated_ranked_features_gas-CO2_keep-CO2_post-prestimulus,product,141,val,0.6216216216216216,0.6216216216216216
aggregated_ranked_features_gas-CO2_keep-CO2_post-prestimulus,product,141,test,0.6838235294117647,0.6799299436265119
aggregated_ranked_features_gas-CO2_keep-CO2_post-prestimulus,product,142,train,0.9441087613293051,0.9441086337944931
aggregated_ranked_features_gas-CO2_keep-CO2_post-prestimulus,product,142,val,0.6148648648648649,0.6148472811943569
aggregated_ranked_features_gas-CO2_keep-CO2_post-prestimulus,product,142,test,0.6911764705882353,0.6868421052631579
aggregated_ranked_features_gas-CO2_keep-CO2_post-prestimulus,product,143,train,0.947129909365559,0.9471297887245205
aggregated_ranked_features_gas-CO2_keep-CO2_post-prestimulus,product,143,val,0.6351351351351351,0.6348684210526316
aggregated_ranked_features_gas-CO2_keep-CO2_post-prestimulus,product,143,test,0.7132352941176471,0.7062309609526447
aggregated_ranked_features_gas-CO2_keep-CO2_post-prestimulus,product,144,train,0.9486404833836858,0.9486404833836858
aggregated_ranked_features_gas-CO2_keep-CO2_post-prestimulus,product,144,val,0.6351351351351351,0.6348684210526316
aggregated_ranked_features_gas-CO2_keep-CO2_post-prestimulus,product,144,test,0.7058823529411765,0.6993810786914235
aggregated_ranked_features_gas-CO2_keep-CO2_post-prestimulus,product,145,train,0.9486404833836858,0.9486404833836858
aggregated_ranked_features_gas-CO2_keep-CO2_post-prestimulus,product,145,val,0.6351351351351351,0.6348684210526316
aggregated_ranked_features_gas-CO2_keep-CO2_post-prestimulus,product,145,test,0.7132352941176471,0.7062309609526447
aggregated_ranked_features_gas-CO2_keep-CO2_post-prestimulus,product,146,train,0.947129909365559,0.9471297887245205
aggregated_ranked_features_gas-CO2_keep-CO2_post-prestimulus,product,146,val,0.6418918918918919,0.6414827003062298
aggregated_ranked_features_gas-CO2_keep-CO2_post-prestimulus,product,146,test,0.7058823529411765,0.6979791250277593
aggregated_ranked_features_gas-CO2_keep-CO2_post-prestimulus,product,147,train,0.9486404833836858,0.9486404833836858
aggregated_ranked_features_gas-CO2_keep-CO2_post-prestimulus,product,147,val,0.6216216216216216,0.6215525114155251
aggregated_ranked_features_gas-CO2_keep-CO2_post-prestimulus,product,147,test,0.7058823529411765,0.6993810786914235
aggregated_ranked_features_gas-CO2_keep-CO2_post-prestimulus,product,148,train,0.945619335347432,0.945618838992333
aggregated_ranked_features_gas-CO2_keep-CO2_post-prestimulus,product,148,val,0.6283783783783784,0.6282256222881937
aggregated_ranked_features_gas-CO2_keep-CO2_post-prestimulus,product,148,test,0.6985294117647058,0.6896532531863973
aggregated_ranked_features_gas-CO2_keep-CO2_post-prestimulus,product,149,train,0.9486404833836858,0.94864001460387
aggregated_ranked_features_gas-CO2_keep-CO2_post-prestimulus,product,149,val,0.6418918918918919,0.641744690568623
aggregated_ranked_features_gas-CO2_keep-CO2_post-prestimulus,product,149,test,0.7132352941176471,0.7047921188846218
aggregated_ranked_features_gas-CO2_keep-CO2_post-prestimulus,product,150,train,0.947129909365559,0.9471288235763916
aggregated_ranked_features_gas-CO2_keep-CO2_post-prestimulus,product,150,val,0.6486486486486487,0.6485844748858447
aggregated_ranked_features_gas-CO2_keep-CO2_post-prestimulus,product,150,test,0.7058823529411765,0.6979791250277593
aggregated_ranked_features_gas-CO2_keep-CO2_post-prestimulus,product,151,train,0.947129909365559,0.9471288235763916
aggregated_ranked_features_gas-CO2_keep-CO2_post-prestimulus,product,151,val,0.6283783783783784,0.6282256222881937
aggregated_ranked_features_gas-CO2_keep-CO2_post-prestimulus,product,151,test,0.6985294117647058,0.6896532531863973
aggregated_ranked_features_gas-CO2_keep-CO2_post-prestimulus,product,152,train,0.947129909365559,0.9471288235763916
aggregated_ranked_features_gas-CO2_keep-CO2_post-prestimulus,product,152,val,0.6418918918918919,0.641875542163174
aggregated_ranked_features_gas-CO2_keep-CO2_post-prestimulus,product,152,test,0.7058823529411765,0.6964285714285714
aggregated_ranked_features_gas-CO2_keep-CO2_post-prestimulus,product,153,train,0.9516616314199395,0.9516616314199395
aggregated_ranked_features_gas-CO2_keep-CO2_post-prestimulus,product,153,val,0.6351351351351351,0.6348684210526316
aggregated_ranked_features_gas-CO2_keep-CO2_post-prestimulus,product,153,test,0.7058823529411765,0.6964285714285714
aggregated_ranked_features_gas-CO2_keep-CO2_post-prestimulus,product,154,train,0.945619335347432,0.945617349872669
aggregated_ranked_features_gas-CO2_keep-CO2_post-prestimulus,product,154,val,0.6283783783783784,0.6279537456008044
aggregated_ranked_features_gas-CO2_keep-CO2_post-prestimulus,product,154,test,0.6911764705882353,0.6828780812791473
aggregated_ranked_features_gas-CO2_keep-CO2_post-prestimulus,product,155,train,0.9486404833836858,0.94864001460387
aggregated_ranked_features_gas-CO2_keep-CO2_post-prestimulus,product,155,val,0.6283783783783784,0.6282256222881937
aggregated_ranked_features_gas-CO2_keep-CO2_post-prestimulus,product,155,test,0.6985294117647058,0.6911658820271392
aggregated_ranked_features_gas-CO2_keep-CO2_post-prestimulus,product,156,train,0.945619335347432,0.945617349872669
aggregated_ranked_features_gas-CO2_keep-CO2_post-prestimulus,product,156,val,0.6148648648648649,0.6147065540077643
aggregated_ranked_features_gas-CO2_keep-CO2_post-prestimulus,product,156,test,0.7205882352941176,0.7130801687763713
aggregated_ranked_features_gas-CO2_keep-CO2_post-prestimulus,product,157,train,0.947129909365559,0.9471288235763916
aggregated_ranked_features_gas-CO2_keep-CO2_post-prestimulus,product,157,val,0.6148648648648649,0.6148472811943569
aggregated_ranked_features_gas-CO2_keep-CO2_post-prestimulus,product,157,test,0.7058823529411765,0.6979791250277593
aggregated_ranked_features_gas-CO2_keep-CO2_post-prestimulus,product,158,train,0.9486404833836858,0.94864001460387
aggregated_ranked_features_gas-CO2_keep-CO2_post-prestimulus,product,158,val,0.6283783783783784,0.6282256222881937
aggregated_ranked_features_gas-CO2_keep-CO2_post-prestimulus,product,158,test,0.6985294117647058,0.6911658820271392
aggregated_ranked_features_gas-CO2_keep-CO2_post-prestimulus,product,159,train,0.9516616314199395,0.9516611902154071
aggregated_ranked_features_gas-CO2_keep-CO2_post-prestimulus,product,159,val,0.6283783783783784,0.6282256222881937
aggregated_ranked_features_gas-CO2_keep-CO2_post-prestimulus,product,159,test,0.7058823529411765,0.6979791250277593
aggregated_ranked_features_gas-CO2_keep-CO2_post-prestimulus,product,160,train,0.9501510574018127,0.9501500336577406
aggregated_ranked_features_gas-CO2_keep-CO2_post-prestimulus,product,160,val,0.6081081081081081,0.6080365296803653
aggregated_ranked_features_gas-CO2_keep-CO2_post-prestimulus,product,160,test,0.7132352941176471,0.7047921188846218
aggregated_ranked_features_gas-CO2_keep-CO2_post-prestimulus,product,161,train,0.9486404833836858,0.9486404833836858
aggregated_ranked_features_gas-CO2_keep-CO2_post-prestimulus,product,161,val,0.6283783783783784,0.6282256222881937
aggregated_ranked_features_gas-CO2_keep-CO2_post-prestimulus,product,161,test,0.7279411764705882,0.7199309845828463
aggregated_ranked_features_gas-CO2_keep-CO2_post-prestimulus,product,162,train,0.947129909365559,0.9471297887245205
aggregated_ranked_features_gas-CO2_keep-CO2_post-prestimulus,product,162,val,0.6216216216216216,0.6213450292397661
aggregated_ranked_features_gas-CO2_keep-CO2_post-prestimulus,product,162,test,0.7279411764705882,0.7199309845828463
aggregated_ranked_features_gas-CO2_keep-CO2_post-prestimulus,product,163,train,0.9501510574018127,0.9501509436545478
aggregated_ranked_features_gas-CO2_keep-CO2_post-prestimulus,product,163,val,0.6216216216216216,0.6215525114155251
aggregated_ranked_features_gas-CO2_keep-CO2_post-prestimulus,product,163,test,0.7205882352941176,0.7116071428571429
aggregated_ranked_features_gas-CO2_keep-CO2_post-prestimulus,product,164,train,0.9501510574018127,0.9501509436545478
aggregated_ranked_features_gas-CO2_keep-CO2_post-prestimulus,product,164,val,0.6216216216216216,0.6213450292397661
aggregated_ranked_features_gas-CO2_keep-CO2_post-prestimulus,product,164,test,0.7132352941176471,0.7047921188846218
aggregated_ranked_features_gas-CO2_keep-CO2_post-prestimulus,product,165,train,0.9501510574018127,0.9501509436545478
aggregated_ranked_features_gas-CO2_keep-CO2_post-prestimulus,product,165,val,0.6148648648648649,0.6147065540077643
aggregated_ranked_features_gas-CO2_keep-CO2_post-prestimulus,product,165,test,0.7132352941176471,0.7047921188846218
aggregated_ranked_features_gas-CO2_keep-CO2_post-prestimulus,product,166,train,0.9516616314199395,0.9516611902154071
aggregated_ranked_features_gas-CO2_keep-CO2_post-prestimulus,product,166,val,0.6283783783783784,0.6283614116787655
aggregated_ranked_features_gas-CO2_keep-CO2_post-prestimulus,product,166,test,0.7205882352941176,0.7099887766554434
aggregated_ranked_features_gas-CO2_keep-CO2_post-prestimulus,product,167,train,0.9501510574018127,0.9501509436545478
aggregated_ranked_features_gas-CO2_keep-CO2_post-prestimulus,product,167,val,0.6418918918918919,0.641744690568623
aggregated_ranked_features_gas-CO2_keep-CO2_post-prestimulus,product,167,test,0.7205882352941176,0.7116071428571429
aggregated_ranked_features_gas-CO2_keep-CO2_post-prestimulus,product,168,train,0.9501510574018127,0.9501509436545478
aggregated_ranked_features_gas-CO2_keep-CO2_post-prestimulus,product,168,val,0.6351351351351351,0.6350684931506849
aggregated_ranked_features_gas-CO2_keep-CO2_post-prestimulus,product,168,test,0.7279411764705882,0.72129603987815
aggregated_ranked_features_gas-CO2_keep-CO2_post-prestimulus,product,169,train,0.947129909365559,0.9471297887245205
aggregated_ranked_features_gas-CO2_keep-CO2_post-prestimulus,product,169,val,0.6351351351351351,0.6350684931506849
aggregated_ranked_features_gas-CO2_keep-CO2_post-prestimulus,product,169,test,0.7279411764705882,0.7199309845828463
aggregated_ranked_features_gas-CO2_keep-CO2_post-prestimulus,product,170,train,0.9486404833836858,0.9486404833836858
aggregated_ranked_features_gas-CO2_keep-CO2_post-prestimulus,product,170,val,0.6351351351351351,0.6350684931506849
aggregated_ranked_features_gas-CO2_keep-CO2_post-prestimulus,product,170,test,0.7132352941176471,0.7047921188846218
aggregated_ranked_features_gas-CO2_keep-CO2_post-prestimulus,product,171,train,0.9501510574018127,0.9501509436545478
aggregated_ranked_features_gas-CO2_keep-CO2_post-prestimulus,product,171,val,0.6418918918918919,0.641744690568623
aggregated_ranked_features_gas-CO2_keep-CO2_post-prestimulus,product,171,test,0.7279411764705882,0.7199309845828463
aggregated_ranked_features_gas-CO2_keep-CO2_post-prestimulus,product,172,train,0.9516616314199395,0.9516611902154071
aggregated_ranked_features_gas-CO2_keep-CO2_post-prestimulus,product,172,val,0.6351351351351351,0.6348684210526316
aggregated_ranked_features_gas-CO2_keep-CO2_post-prestimulus,product,172,test,0.7279411764705882,0.7184265010351967
aggregated_ranked_features_gas-CO2_keep-CO2_post-prestimulus,product,173,train,0.9501510574018127,0.9501509436545478
aggregated_ranked_features_gas-CO2_keep-CO2_post-prestimulus,product,173,val,0.6418918918918919,0.641744690568623
aggregated_ranked_features_gas-CO2_keep-CO2_post-prestimulus,product,173,test,0.7352941176470589,0.7267857142857144
aggregated_ranked_features_gas-CO2_keep-CO2_post-prestimulus,product,174,train,0.9486404833836858,0.94864001460387
aggregated_ranked_features_gas-CO2_keep-CO2_post-prestimulus,product,174,val,0.6621621621621622,0.6619152046783625
aggregated_ranked_features_gas-CO2_keep-CO2_post-prestimulus,product,174,test,0.7132352941176471,0.7062309609526447
aggregated_ranked_features_gas-CO2_keep-CO2_post-prestimulus,product,175,train,0.9501510574018127,0.9501500336577406
aggregated_ranked_features_gas-CO2_keep-CO2_post-prestimulus,product,175,val,0.6554054054054054,0.6552637588490523
aggregated_ranked_features_gas-CO2_keep-CO2_post-prestimulus,product,175,test,0.7132352941176471,0.7062309609526447
aggregated_ranked_features_gas-CO2_keep-CO2_post-prestimulus,product,176,train,0.9486404833836858,0.94864001460387
aggregated_ranked_features_gas-CO2_keep-CO2_post-prestimulus,product,176,val,0.6351351351351351,0.6348684210526316
aggregated_ranked_features_gas-CO2_keep-CO2_post-prestimulus,product,176,test,0.7058823529411765,0.6979791250277593
aggregated_ranked_features_gas-CO2_keep-CO2_post-prestimulus,product,177,train,0.945619335347432,0.945617349872669
aggregated_ranked_features_gas-CO2_keep-CO2_post-prestimulus,product,177,val,0.6148648648648649,0.6148472811943569
aggregated_ranked_features_gas-CO2_keep-CO2_post-prestimulus,product,177,test,0.7058823529411765,0.6979791250277593
aggregated_ranked_features_gas-CO2_keep-CO2_post-prestimulus,product,178,train,0.947129909365559,0.9471288235763916
aggregated_ranked_features_gas-CO2_keep-CO2_post-prestimulus,product,178,val,0.6148648648648649,0.6148472811943569
aggregated_ranked_features_gas-CO2_keep-CO2_post-prestimulus,product,178,test,0.6764705882352942,0.6677770375305352
aggregated_ranked_features_gas-CO2_keep-CO2_post-prestimulus,product,179,train,0.945619335347432,0.945617349872669
aggregated_ranked_features_gas-CO2_keep-CO2_post-prestimulus,product,179,val,0.6351351351351351,0.6350684931506849
aggregated_ranked_features_gas-CO2_keep-CO2_post-prestimulus,product,179,test,0.6911764705882353,0.68125
aggregated_ranked_features_gas-CO2_keep-CO2_post-prestimulus,product,180,train,0.947129909365559,0.9471297887245205
aggregated_ranked_features_gas-CO2_keep-CO2_post-prestimulus,product,180,val,0.6216216216216216,0.6215525114155251
aggregated_ranked_features_gas-CO2_keep-CO2_post-prestimulus,product,180,test,0.6838235294117647,0.6745143874881727
aggregated_ranked_features_gas-CO2_keep-CO2_post-prestimulus,product,181,train,0.9486404833836858,0.94864001460387
aggregated_ranked_features_gas-CO2_keep-CO2_post-prestimulus,product,181,val,0.6418918918918919,0.641744690568623
aggregated_ranked_features_gas-CO2_keep-CO2_post-prestimulus,product,181,test,0.6838235294117647,0.6761008031016339
aggregated_ranked_features_gas-CO2_keep-CO2_post-prestimulus,product,182,train,0.9516616314199395,0.9516598665534836
aggregated_ranked_features_gas-CO2_keep-CO2_post-prestimulus,product,182,val,0.6283783783783784,0.6283614116787655
aggregated_ranked_features_gas-CO2_keep-CO2_post-prestimulus,product,182,test,0.6911764705882353,0.6843501326259946
aggregated_ranked_features_gas-CO2_keep-CO2_post-prestimulus,product,183,train,0.947129909365559,0.9471288235763916
aggregated_ranked_features_gas-CO2_keep-CO2_post-prestimulus,product,183,val,0.6283783783783784,0.6283614116787655
aggregated_ranked_features_gas-CO2_keep-CO2_post-prestimulus,product,183,test,0.6911764705882353,0.6828780812791473
aggregated_ranked_features_gas-CO2_keep-CO2_post-prestimulus,product,184,train,0.947129909365559,0.9471288235763916
aggregated_ranked_features_gas-CO2_keep-CO2_post-prestimulus,product,184,val,0.6216216216216216,0.6215525114155251
aggregated_ranked_features_gas-CO2_keep-CO2_post-prestimulus,product,184,test,0.6764705882352942,0.6693191865605659
aggregated_ranked_features_gas-CO2_keep-CO2_post-prestimulus,product,185,train,0.9486404833836858,0.94864001460387
aggregated_ranked_features_gas-CO2_keep-CO2_post-prestimulus,product,185,val,0.6351351351351351,0.6350684931506849
aggregated_ranked_features_gas-CO2_keep-CO2_post-prestimulus,product,185,test,0.6764705882352942,0.6693191865605659
aggregated_ranked_features_gas-CO2_keep-CO2_post-prestimulus,product,186,train,0.9516616314199395,0.9516616314199395
aggregated_ranked_features_gas-CO2_keep-CO2_post-prestimulus,product,186,val,0.6216216216216216,0.6215525114155251
aggregated_ranked_features_gas-CO2_keep-CO2_post-prestimulus,product,186,test,0.6764705882352942,0.6693191865605659
aggregated_ranked_features_gas-CO2_keep-CO2_post-prestimulus,product,187,train,0.9531722054380665,0.9531720985845753
aggregated_ranked_features_gas-CO2_keep-CO2_post-prestimulus,product,187,val,0.6283783783783784,0.6283614116787655
aggregated_ranked_features_gas-CO2_keep-CO2_post-prestimulus,product,187,test,0.6838235294117647,0.6775296388199614
aggregated_ranked_features_gas-CO2_keep-CO2_post-prestimulus,product,188,train,0.9531722054380665,0.9531720985845753
aggregated_ranked_features_gas-CO2_keep-CO2_post-prestimulus,product,188,val,0.6081081081081081,0.6080365296803653
aggregated_ranked_features_gas-CO2_keep-CO2_post-prestimulus,product,188,test,0.6838235294117647,0.6775296388199614
aggregated_ranked_features_gas-CO2_keep-CO2_post-prestimulus,product,189,train,0.9561933534743202,0.9561932535146027
aggregated_ranked_features_gas-CO2_keep-CO2_post-prestimulus,product,189,val,0.6148648648648649,0.6148472811943569
aggregated_ranked_features_gas-CO2_keep-CO2_post-prestimulus,product,189,test,0.6764705882352942,0.6693191865605659
aggregated_ranked_features_gas-CO2_keep-CO2_post-prestimulus,product,190,train,0.9516616314199395,0.9516616314199395
aggregated_ranked_features_gas-CO2_keep-CO2_post-prestimulus,product,190,val,0.6148648648648649,0.6148472811943569
aggregated_ranked_features_gas-CO2_keep-CO2_post-prestimulus,product,190,test,0.6911764705882353,0.6856702619414483
aggregated_ranked_features_gas-CO2_keep-CO2_post-prestimulus,product,191,train,0.9546827794561934,0.9546827794561934
aggregated_ranked_features_gas-CO2_keep-CO2_post-prestimulus,product,191,val,0.6283783783783784,0.6283614116787655
aggregated_ranked_features_gas-CO2_keep-CO2_post-prestimulus,product,191,test,0.6838235294117647,0.6775296388199614
aggregated_ranked_features_gas-CO2_keep-CO2_post-prestimulus,product,192,train,0.9531722054380665,0.9531720985845753
aggregated_ranked_features_gas-CO2_keep-CO2_post-prestimulus,product,192,val,0.6081081081081081,0.6081081081081081
aggregated_ranked_features_gas-CO2_keep-CO2_post-prestimulus,product,192,test,0.6764705882352942,0.6693191865605659
aggregated_ranked_features_gas-CO2_keep-CO2_post-prestimulus,product,193,train,0.9546827794561934,0.9546827794561934
aggregated_ranked_features_gas-CO2_keep-CO2_post-prestimulus,product,193,val,0.6081081081081081,0.6081081081081081
aggregated_ranked_features_gas-CO2_keep-CO2_post-prestimulus,product,193,test,0.6911764705882353,0.6856702619414483
aggregated_ranked_features_gas-CO2_keep-CO2_post-prestimulus,product,194,train,0.9531722054380665,0.9531712437390898
aggregated_ranked_features_gas-CO2_keep-CO2_post-prestimulus,product,194,val,0.6081081081081081,0.6081081081081081
aggregated_ranked_features_gas-CO2_keep-CO2_post-prestimulus,product,194,test,0.6985294117647058,0.6937441643323996
aggregated_ranked_features_gas-CO2_keep-CO2_post-prestimulus,product,195,train,0.9516616314199395,0.9516611902154071
aggregated_ranked_features_gas-CO2_keep-CO2_post-prestimulus,product,195,val,0.6148648648648649,0.6148472811943569
aggregated_ranked_features_gas-CO2_keep-CO2_post-prestimulus,product,195,test,0.6911764705882353,0.6856702619414483
aggregated_ranked_features_gas-CO2_keep-CO2_post-prestimulus,product,196,train,0.9531722054380665,0.9531720985845753
aggregated_ranked_features_gas-CO2_keep-CO2_post-prestimulus,product,196,val,0.6216216216216216,0.6216216216216216
aggregated_ranked_features_gas-CO2_keep-CO2_post-prestimulus,product,196,test,0.7058823529411765,0.7017543859649122
aggregated_ranked_features_gas-CO2_keep-CO2_post-prestimulus,product,197,train,0.9531722054380665,0.9531720985845753
aggregated_ranked_features_gas-CO2_keep-CO2_post-prestimulus,product,197,val,0.6148648648648649,0.6148472811943569
aggregated_ranked_features_gas-CO2_keep-CO2_post-prestimulus,product,197,test,0.6911764705882353,0.6856702619414483
aggregated_ranked_features_gas-CO2_keep-CO2_post-prestimulus,product,198,train,0.9516616314199395,0.9516616314199395
aggregated_ranked_features_gas-CO2_keep-CO2_post-prestimulus,product,198,val,0.6148648648648649,0.6148472811943569
aggregated_ranked_features_gas-CO2_keep-CO2_post-prestimulus,product,198,test,0.6691176470588235,0.6650429642603033
aggregated_ranked_features_gas-CO2_keep-CO2_post-prestimulus,product,199,train,0.9516616314199395,0.9516616314199395
aggregated_ranked_features_gas-CO2_keep-CO2_post-prestimulus,product,199,val,0.6148648648648649,0.6148472811943569
aggregated_ranked_features_gas-CO2_keep-CO2_post-prestimulus,product,199,test,0.6544117647058824,0.6501559848940944
aggregated_ranked_features_gas-CO2_keep-CO2_post-prestimulus,product,200,train,0.9501510574018127,0.9501509436545478
aggregated_ranked_features_gas-CO2_keep-CO2_post-prestimulus,product,200,val,0.6148648648648649,0.6148472811943569
aggregated_ranked_features_gas-CO2_keep-CO2_post-prestimulus,product,200,test,0.6764705882352942,0.6730054644808743
aggregated_ranked_features_gas-CO2_keep-CO2_post-prestimulus,product,201,train,0.9501510574018127,0.9501509436545478
aggregated_ranked_features_gas-CO2_keep-CO2_post-prestimulus,product,201,val,0.6148648648648649,0.6148472811943569
aggregated_ranked_features_gas-CO2_keep-CO2_post-prestimulus,product,201,test,0.6764705882352942,0.6730054644808743
aggregated_ranked_features_gas-CO2_keep-CO2_post-prestimulus,product,202,train,0.9501510574018127,0.9501509436545478
aggregated_ranked_features_gas-CO2_keep-CO2_post-prestimulus,product,202,val,0.6216216216216216,0.6216216216216216
aggregated_ranked_features_gas-CO2_keep-CO2_post-prestimulus,product,202,test,0.6617647058823529,0.6591107236268526
aggregated_ranked_features_gas-CO2_keep-CO2_post-prestimulus,product,203,train,0.9516616314199395,0.9516616314199395
aggregated_ranked_features_gas-CO2_keep-CO2_post-prestimulus,product,203,val,0.6148648648648649,0.6148472811943569
aggregated_ranked_features_gas-CO2_keep-CO2_post-prestimulus,product,203,test,0.6764705882352942,0.6730054644808743
aggregated_ranked_features_gas-CO2_keep-CO2_post-prestimulus,product,204,train,0.9501510574018127,0.9501509436545478
aggregated_ranked_features_gas-CO2_keep-CO2_post-prestimulus,product,204,val,0.6148648648648649,0.6148472811943569
aggregated_ranked_features_gas-CO2_keep-CO2_post-prestimulus,product,204,test,0.6764705882352942,0.6730054644808743
aggregated_ranked_features_gas-CO2_keep-CO2_post-prestimulus,product,205,train,0.9516616314199395,0.9516611902154071
aggregated_ranked_features_gas-CO2_keep-CO2_post-prestimulus,product,205,val,0.6283783783783784,0.6283614116787655
aggregated_ranked_features_gas-CO2_keep-CO2_post-prestimulus,product,205,test,0.6838235294117647,0.6788048552754435
aggregated_ranked_features_gas-CO2_keep-CO2_post-prestimulus,product,206,train,0.9531722054380665,0.9531720985845753
aggregated_ranked_features_gas-CO2_keep-CO2_post-prestimulus,product,206,val,0.6283783783783784,0.6283614116787655
aggregated_ranked_features_gas-CO2_keep-CO2_post-prestimulus,product,206,test,0.6691176470588235,0.6650429642603033
aggregated_ranked_features_gas-CO2_keep-CO2_post-prestimulus,product,207,train,0.9531722054380665,0.9531720985845753
aggregated_ranked_features_gas-CO2_keep-CO2_post-prestimulus,product,207,val,0.6148648648648649,0.6148472811943569
aggregated_ranked_features_gas-CO2_keep-CO2_post-prestimulus,product,207,test,0.6691176470588235,0.6650429642603033
aggregated_ranked_features_gas-CO2_keep-CO2_post-prestimulus,product,208,train,0.9531722054380665,0.9531720985845753
aggregated_ranked_features_gas-CO2_keep-CO2_post-prestimulus,product,208,val,0.6418918918918919,0.641875542163174
aggregated_ranked_features_gas-CO2_keep-CO2_post-prestimulus,product,208,test,0.6764705882352942,0.6707021791767555
aggregated_ranked_features_gas-CO2_keep-CO2_post-prestimulus,product,209,train,0.9516616314199395,0.9516616314199395
aggregated_ranked_features_gas-CO2_keep-CO2_post-prestimulus,product,209,val,0.6216216216216216,0.6215525114155251
aggregated_ranked_features_gas-CO2_keep-CO2_post-prestimulus,product,209,test,0.6985294117647058,0.6937441643323996
aggregated_ranked_features_gas-CO2_keep-CO2_post-prestimulus,product,210,train,0.9516616314199395,0.9516616314199395
aggregated_ranked_features_gas-CO2_keep-CO2_post-prestimulus,product,210,val,0.6216216216216216,0.6215525114155251
aggregated_ranked_features_gas-CO2_keep-CO2_post-prestimulus,product,210,test,0.6691176470588235,0.6638655462184875
aggregated_ranked_features_gas-CO2_keep-CO2_post-prestimulus,product,211,train,0.9531722054380665,0.9531720985845753
aggregated_ranked_features_gas-CO2_keep-CO2_post-prestimulus,product,211,val,0.6216216216216216,0.6215525114155251
aggregated_ranked_features_gas-CO2_keep-CO2_post-prestimulus,product,211,test,0.6691176470588235,0.6650429642603033
aggregated_ranked_features_gas-CO2_keep-CO2_post-prestimulus,product,212,train,0.9531722054380665,0.9531720985845753
aggregated_ranked_features_gas-CO2_keep-CO2_post-prestimulus,product,212,val,0.6216216216216216,0.6215525114155251
aggregated_ranked_features_gas-CO2_keep-CO2_post-prestimulus,product,212,test,0.6617647058823529,0.6570175438596491
aggregated_ranked_features_gas-CO2_keep-CO2_post-prestimulus,product,213,train,0.9546827794561934,0.9546827794561934
aggregated_ranked_features_gas-CO2_keep-CO2_post-prestimulus,product,213,val,0.6283783783783784,0.6283614116787655
aggregated_ranked_features_gas-CO2_keep-CO2_post-prestimulus,product,213,test,0.6764705882352942,0.6719298245614035
aggregated_ranked_features_gas-CO2_keep-CO2_post-prestimulus,product,214,train,0.9531722054380665,0.9531720985845753
aggregated_ranked_features_gas-CO2_keep-CO2_post-prestimulus,product,214,val,0.6216216216216216,0.6216216216216216
aggregated_ranked_features_gas-CO2_keep-CO2_post-prestimulus,product,214,test,0.6764705882352942,0.6719298245614035
aggregated_ranked_features_gas-CO2_keep-CO2_post-prestimulus,product,215,train,0.9501510574018127,0.9501509436545478
aggregated_ranked_features_gas-CO2_keep-CO2_post-prestimulus,product,215,val,0.6216216216216216,0.6216216216216216
aggregated_ranked_features_gas-CO2_keep-CO2_post-prestimulus,product,215,test,0.6838235294117647,0.6775296388199614
aggregated_ranked_features_gas-CO2_keep-CO2_post-prestimulus,product,216,train,0.9546827794561934,0.9546827794561934
aggregated_ranked_features_gas-CO2_keep-CO2_post-prestimulus,product,216,val,0.6351351351351351,0.6350684931506849
aggregated_ranked_features_gas-CO2_keep-CO2_post-prestimulus,product,216,test,0.6838235294117647,0.6788048552754435
aggregated_ranked_features_gas-CO2_keep-CO2_post-prestimulus,product,217,train,0.9531722054380665,0.9531720985845753
aggregated_ranked_features_gas-CO2_keep-CO2_post-prestimulus,product,217,val,0.6486486486486487,0.6485844748858447
aggregated_ranked_features_gas-CO2_keep-CO2_post-prestimulus,product,217,test,0.6764705882352942,0.6707021791767555
aggregated_ranked_features_gas-CO2_keep-CO2_post-prestimulus,product,218,train,0.9531722054380665,0.9531720985845753
aggregated_ranked_features_gas-CO2_keep-CO2_post-prestimulus,product,218,val,0.6283783783783784,0.6283614116787655
aggregated_ranked_features_gas-CO2_keep-CO2_post-prestimulus,product,218,test,0.6691176470588235,0.6638655462184875
aggregated_ranked_features_gas-CO2_keep-CO2_post-prestimulus,product,219,train,0.9531722054380665,0.9531720985845753
aggregated_ranked_features_gas-CO2_keep-CO2_post-prestimulus,product,219,val,0.6283783783783784,0.6283614116787655
aggregated_ranked_features_gas-CO2_keep-CO2_post-prestimulus,product,219,test,0.6764705882352942,0.6707021791767555
aggregated_ranked_features_gas-CO2_keep-CO2_post-prestimulus,product,220,train,0.9531722054380665,0.9531720985845753
aggregated_ranked_features_gas-CO2_keep-CO2_post-prestimulus,product,220,val,0.6418918918918919,0.641875542163174
aggregated_ranked_features_gas-CO2_keep-CO2_post-prestimulus,product,220,test,0.6764705882352942,0.6719298245614035
aggregated_ranked_features_gas-CO2_keep-CO2_post-prestimulus,product,221,train,0.9546827794561934,0.9546827794561934
aggregated_ranked_features_gas-CO2_keep-CO2_post-prestimulus,product,221,val,0.6283783783783784,0.6283614116787655
aggregated_ranked_features_gas-CO2_keep-CO2_post-prestimulus,product,221,test,0.6764705882352942,0.6693191865605659
aggregated_ranked_features_gas-CO2_keep-CO2_post-prestimulus,product,222,train,0.9577039274924471,0.9577035414384811
aggregated_ranked_features_gas-CO2_keep-CO2_post-prestimulus,product,222,val,0.6283783783783784,0.6283614116787655
aggregated_ranked_features_gas-CO2_keep-CO2_post-prestimulus,product,222,test,0.6838235294117647,0.6788048552754435
aggregated_ranked_features_gas-CO2_keep-CO2_post-prestimulus,product,223,train,0.9561933534743202,0.9561932535146027
aggregated_ranked_features_gas-CO2_keep-CO2_post-prestimulus,product,223,val,0.6351351351351351,0.6350684931506849
aggregated_ranked_features_gas-CO2_keep-CO2_post-prestimulus,product,223,test,0.6838235294117647,0.6775296388199614
aggregated_ranked_features_gas-CO2_keep-CO2_post-prestimulus,product,224,train,0.9577039274924471,0.9577039274924471
aggregated_ranked_features_gas-CO2_keep-CO2_post-prestimulus,product,224,val,0.6148648648648649,0.6148472811943569
aggregated_ranked_features_gas-CO2_keep-CO2_post-prestimulus,product,224,test,0.6617647058823529,0.6557340964120626
aggregated_ranked_features_gas-CO2_keep-CO2_post-prestimulus,product,225,train,0.9577039274924471,0.9577039274924471
aggregated_ranked_features_gas-CO2_keep-CO2_post-prestimulus,product,225,val,0.6283783783783784,0.6283614116787655
aggregated_ranked_features_gas-CO2_keep-CO2_post-prestimulus,product,225,test,0.6764705882352942,0.6719298245614035
aggregated_ranked_features_gas-CO2_keep-CO2_post-prestimulus,product,226,train,0.959214501510574,0.9592144084446301
aggregated_ranked_features_gas-CO2_keep-CO2_post-prestimulus,product,226,val,0.6216216216216216,0.6215525114155251
aggregated_ranked_features_gas-CO2_keep-CO2_post-prestimulus,product,226,test,0.6544117647058824,0.6489262371615312
aggregated_ranked_features_gas-CO2_keep-CO2_post-prestimulus,product,227,train,0.959214501510574,0.9592144084446301
aggregated_ranked_features_gas-CO2_keep-CO2_post-prestimulus,product,227,val,0.6351351351351351,0.6350684931506849
aggregated_ranked_features_gas-CO2_keep-CO2_post-prestimulus,product,227,test,0.6617647058823529,0.6557340964120626
aggregated_ranked_features_gas-CO2_keep-CO2_post-prestimulus,product,228,train,0.959214501510574,0.9592144084446301
aggregated_ranked_features_gas-CO2_keep-CO2_post-prestimulus,product,228,val,0.6283783783783784,0.6282256222881937
aggregated_ranked_features_gas-CO2_keep-CO2_post-prestimulus,product,228,test,0.6691176470588235,0.6638655462184875
aggregated_ranked_features_gas-CO2_keep-CO2_post-prestimulus,product,229,train,0.9561933534743202,0.9561932535146027
aggregated_ranked_features_gas-CO2_keep-CO2_post-prestimulus,product,229,val,0.6148648648648649,0.6148472811943569
aggregated_ranked_features_gas-CO2_keep-CO2_post-prestimulus,product,229,test,0.6764705882352942,0.6719298245614035
aggregated_ranked_features_gas-CO2_keep-CO2_post-prestimulus,product,230,train,0.959214501510574,0.9592144084446301
aggregated_ranked_features_gas-CO2_keep-CO2_post-prestimulus,product,230,val,0.6216216216216216,0.6215525114155251
aggregated_ranked_features_gas-CO2_keep-CO2_post-prestimulus,product,230,test,0.6764705882352942,0.6707021791767555
aggregated_ranked_features_gas-CO2_keep-CO2_post-prestimulus,product,231,train,0.9577039274924471,0.9577039274924471
aggregated_ranked_features_gas-CO2_keep-CO2_post-prestimulus,product,231,val,0.6216216216216216,0.6216216216216216
aggregated_ranked_features_gas-CO2_keep-CO2_post-prestimulus,product,231,test,0.6764705882352942,0.6693191865605659
aggregated_ranked_features_gas-CO2_keep-CO2_post-prestimulus,product,232,train,0.9577039274924471,0.9577039274924471
aggregated_ranked_features_gas-CO2_keep-CO2_post-prestimulus,product,232,val,0.6351351351351351,0.6350684931506849
aggregated_ranked_features_gas-CO2_keep-CO2_post-prestimulus,product,232,test,0.6691176470588235,0.6625310173697271
aggregated_ranked_features_gas-CO2_keep-CO2_post-prestimulus,product,233,train,0.9561933534743202,0.9561932535146027
aggregated_ranked_features_gas-CO2_keep-CO2_post-prestimulus,product,233,val,0.6216216216216216,0.6216216216216216
aggregated_ranked_features_gas-CO2_keep-CO2_post-prestimulus,product,233,test,0.6911764705882353,0.6828780812791473
aggregated_ranked_features_gas-CO2_keep-CO2_post-prestimulus,product,234,train,0.9561933534743202,0.9561932535146027
aggregated_ranked_features_gas-CO2_keep-CO2_post-prestimulus,product,234,val,0.6283783783783784,0.6283614116787655
aggregated_ranked_features_gas-CO2_keep-CO2_post-prestimulus,product,234,test,0.6985294117647058,0.6911658820271392
aggregated_ranked_features_gas-CO2_keep-CO2_post-prestimulus,product,235,train,0.9561933534743202,0.9561932535146027
aggregated_ranked_features_gas-CO2_keep-CO2_post-prestimulus,product,235,val,0.6283783783783784,0.6283614116787655
aggregated_ranked_features_gas-CO2_keep-CO2_post-prestimulus,product,235,test,0.6911764705882353,0.6843501326259946
aggregated_ranked_features_gas-CO2_keep-CO2_post-prestimulus,product,236,train,0.9546827794561934,0.9546823658269441
aggregated_ranked_features_gas-CO2_keep-CO2_post-prestimulus,product,236,val,0.6351351351351351,0.6350684931506849
aggregated_ranked_features_gas-CO2_keep-CO2_post-prestimulus,product,236,test,0.6985294117647058,0.6911658820271392
aggregated_ranked_features_gas-CO2_keep-CO2_post-prestimulus,product,237,train,0.9561933534743202,0.9561932535146027
aggregated_ranked_features_gas-CO2_keep-CO2_post-prestimulus,product,237,val,0.6418918918918919,0.641744690568623
aggregated_ranked_features_gas-CO2_keep-CO2_post-prestimulus,product,237,test,0.6985294117647058,0.6925282602701958
aggregated_ranked_features_gas-CO2_keep-CO2_post-prestimulus,product,238,train,0.959214501510574,0.9592144084446301
aggregated_ranked_features_gas-CO2_keep-CO2_post-prestimulus,product,238,val,0.6283783783783784,0.6283614116787655
aggregated_ranked_features_gas-CO2_keep-CO2_post-prestimulus,product,238,test,0.6911764705882353,0.6843501326259946
aggregated_ranked_features_gas-CO2_keep-CO2_post-prestimulus,product,239,train,0.959214501510574,0.9592144084446301
aggregated_ranked_features_gas-CO2_keep-CO2_post-prestimulus,product,239,val,0.6418918918918919,0.641875542163174
aggregated_ranked_features_gas-CO2_keep-CO2_post-prestimulus,product,239,test,0.6617647058823529,0.6557340964120626
aggregated_ranked_features_gas-CO2_keep-CO2_post-prestimulus,product,240,train,0.9577039274924471,0.9577039274924471
aggregated_ranked_features_gas-CO2_keep-CO2_post-prestimulus,product,240,val,0.6283783783783784,0.6283614116787655
aggregated_ranked_features_gas-CO2_keep-CO2_post-prestimulus,product,240,test,0.6764705882352942,0.6707021791767555
aggregated_ranked_features_gas-CO2_keep-CO2_post-prestimulus,product,241,train,0.9577039274924471,0.9577039274924471
aggregated_ranked_features_gas-CO2_keep-CO2_post-prestimulus,product,241,val,0.6351351351351351,0.6350684931506849
aggregated_ranked_features_gas-CO2_keep-CO2_post-prestimulus,product,241,test,0.7132352941176471,0.7075268817204301
aggregated_ranked_features_gas-CO2_keep-CO2_post-prestimulus,product,242,train,0.9561933534743202,0.9561932535146027
aggregated_ranked_features_gas-CO2_keep-CO2_post-prestimulus,product,242,val,0.6418918918918919,0.641875542163174
aggregated_ranked_features_gas-CO2_keep-CO2_post-prestimulus,product,242,test,0.6911764705882353,0.6868421052631579
aggregated_ranked_features_gas-CO2_keep-CO2_post-prestimulus,product,243,train,0.9546827794561934,0.9546823658269441
aggregated_ranked_features_gas-CO2_keep-CO2_post-prestimulus,product,243,val,0.6283783783783784,0.6283614116787655
aggregated_ranked_features_gas-CO2_keep-CO2_post-prestimulus,product,243,test,0.6838235294117647,0.6775296388199614
aggregated_ranked_features_gas-CO2_keep-CO2_post-prestimulus,product,244,train,0.9561933534743202,0.9561932535146027
aggregated_ranked_features_gas-CO2_keep-CO2_post-prestimulus,product,244,val,0.6283783783783784,0.6283614116787655
aggregated_ranked_features_gas-CO2_keep-CO2_post-prestimulus,product,244,test,0.6764705882352942,0.6707021791767555
aggregated_ranked_features_gas-CO2_keep-CO2_post-prestimulus,product,245,train,0.9546827794561934,0.9546823658269441
aggregated_ranked_features_gas-CO2_keep-CO2_post-prestimulus,product,245,val,0.6283783783783784,0.6283614116787655
aggregated_ranked_features_gas-CO2_keep-CO2_post-prestimulus,product,245,test,0.6764705882352942,0.6719298245614035
aggregated_ranked_features_gas-CO2_keep-CO2_post-prestimulus,product,246,train,0.9546827794561934,0.9546823658269441
aggregated_ranked_features_gas-CO2_keep-CO2_post-prestimulus,product,246,val,0.6283783783783784,0.6283614116787655
aggregated_ranked_features_gas-CO2_keep-CO2_post-prestimulus,product,246,test,0.6764705882352942,0.6707021791767555
aggregated_ranked_features_gas-CO2_keep-CO2_post-prestimulus,product,247,train,0.9577039274924471,0.9577035414384811
aggregated_ranked_features_gas-CO2_keep-CO2_post-prestimulus,product,247,val,0.6418918918918919,0.641875542163174
aggregated_ranked_features_gas-CO2_keep-CO2_post-prestimulus,product,247,test,0.6764705882352942,0.6693191865605659
aggregated_ranked_features_gas-CO2_keep-CO2_post-prestimulus,product,248,train,0.9561933534743202,0.9561932535146027
aggregated_ranked_features_gas-CO2_keep-CO2_post-prestimulus,product,248,val,0.6283783783783784,0.6282256222881937
aggregated_ranked_features_gas-CO2_keep-CO2_post-prestimulus,product,248,test,0.6911764705882353,0.6843501326259946
aggregated_ranked_features_gas-CO2_keep-CO2_post-prestimulus,product,249,train,0.9561933534743202,0.9561932535146027
aggregated_ranked_features_gas-CO2_keep-CO2_post-prestimulus,product,249,val,0.6283783783783784,0.6283614116787655
aggregated_ranked_features_gas-CO2_keep-CO2_post-prestimulus,product,249,test,0.6838235294117647,0.6775296388199614
aggregated_ranked_features_gas-CO2_keep-CO2_post-prestimulus,product,250,train,0.9546827794561934,0.9546823658269441
aggregated_ranked_features_gas-CO2_keep-CO2_post-prestimulus,product,250,val,0.6216216216216216,0.6215525114155251
aggregated_ranked_features_gas-CO2_keep-CO2_post-prestimulus,product,250,test,0.6764705882352942,0.6693191865605659
aggregated_ranked_features_gas-CO2_keep-CO2_post-prestimulus,product,251,train,0.959214501510574,0.9592144084446301
aggregated_ranked_features_gas-CO2_keep-CO2_post-prestimulus,product,251,val,0.6283783783783784,0.6283614116787655
aggregated_ranked_features_gas-CO2_keep-CO2_post-prestimulus,product,251,test,0.6764705882352942,0.6693191865605659
aggregated_ranked_features_gas-CO2_keep-CO2_post-prestimulus,product,252,train,0.9561933534743202,0.9561932535146027
aggregated_ranked_features_gas-CO2_keep-CO2_post-prestimulus,product,252,val,0.6418918918918919,0.641875542163174
aggregated_ranked_features_gas-CO2_keep-CO2_post-prestimulus,product,252,test,0.6691176470588235,0.6610357241761284
aggregated_ranked_features_gas-CO2_keep-CO2_post-prestimulus,product,253,train,0.959214501510574,0.9592144084446301
aggregated_ranked_features_gas-CO2_keep-CO2_post-prestimulus,product,253,val,0.6216216216216216,0.6216216216216216
aggregated_ranked_features_gas-CO2_keep-CO2_post-prestimulus,product,253,test,0.6911764705882353,0.6843501326259946
aggregated_ranked_features_gas-CO2_keep-CO2_post-prestimulus,product,254,train,0.9561933534743202,0.9561932535146027
aggregated_ranked_features_gas-CO2_keep-CO2_post-prestimulus,product,254,val,0.6418918918918919,0.641875542163174
aggregated_ranked_features_gas-CO2_keep-CO2_post-prestimulus,product,254,test,0.6691176470588235,0.6625310173697271
aggregated_ranked_features_gas-CO2_keep-CO2_post-prestimulus,product,255,train,0.9561933534743202,0.9561932535146027
aggregated_ranked_features_gas-CO2_keep-CO2_post-prestimulus,product,255,val,0.6283783783783784,0.6283614116787655
aggregated_ranked_features_gas-CO2_keep-CO2_post-prestimulus,product,255,test,0.6911764705882353,0.68125
aggregated_ranked_features_gas-CO2_keep-CO2_post-prestimulus,product,256,train,0.9577039274924471,0.9577039274924471
aggregated_ranked_features_gas-CO2_keep-CO2_post-prestimulus,product,256,val,0.6283783783783784,0.6283614116787655
aggregated_ranked_features_gas-CO2_keep-CO2_post-prestimulus,product,256,test,0.6838235294117647,0.6775296388199614
aggregated_ranked_features_gas-CO2_keep-CO2_post-prestimulus,product,257,train,0.9577039274924471,0.9577035414384811
aggregated_ranked_features_gas-CO2_keep-CO2_post-prestimulus,product,257,val,0.6418918918918919,0.641875542163174
aggregated_ranked_features_gas-CO2_keep-CO2_post-prestimulus,product,257,test,0.6911764705882353,0.6828780812791473
aggregated_ranked_features_gas-CO2_keep-CO2_post-prestimulus,product,258,train,0.9577039274924471,0.9577039274924471
aggregated_ranked_features_gas-CO2_keep-CO2_post-prestimulus,product,258,val,0.6283783783783784,0.6283614116787655
aggregated_ranked_features_gas-CO2_keep-CO2_post-prestimulus,product,258,test,0.6691176470588235,0.6610357241761284
aggregated_ranked_features_gas-CO2_keep-CO2_post-prestimulus,product,259,train,0.959214501510574,0.9592144084446301
aggregated_ranked_features_gas-CO2_keep-CO2_post-prestimulus,product,259,val,0.6351351351351351,0.6350684931506849
aggregated_ranked_features_gas-CO2_keep-CO2_post-prestimulus,product,259,test,0.6691176470588235,0.6625310173697271
aggregated_ranked_features_gas-CO2_keep-CO2_post-prestimulus,product,260,train,0.959214501510574,0.9592144084446301
aggregated_ranked_features_gas-CO2_keep-CO2_post-prestimulus,product,260,val,0.6351351351351351,0.6351351351351351
aggregated_ranked_features_gas-CO2_keep-CO2_post-prestimulus,product,260,test,0.6544117647058824,0.6475323959194927
aggregated_ranked_features_gas-CO2_keep-CO2_post-prestimulus,product,261,train,0.9607250755287009,0.9607250755287009
aggregated_ranked_features_gas-CO2_keep-CO2_post-prestimulus,product,261,val,0.6351351351351351,0.6350684931506849
aggregated_ranked_features_gas-CO2_keep-CO2_post-prestimulus,product,261,test,0.6764705882352942,0.6677770375305352
aggregated_ranked_features_gas-CO2_keep-CO2_post-prestimulus,product,262,train,0.9607250755287009,0.9607247170500182
aggregated_ranked_features_gas-CO2_keep-CO2_post-prestimulus,product,262,val,0.6216216216216216,0.6215525114155251
aggregated_ranked_features_gas-CO2_keep-CO2_post-prestimulus,product,262,test,0.6691176470588235,0.6610357241761284
aggregated_ranked_features_gas-CO2_keep-CO2_post-prestimulus,product,263,train,0.9561933534743202,0.9561932535146027
aggregated_ranked_features_gas-CO2_keep-CO2_post-prestimulus,product,263,val,0.6283783783783784,0.6283614116787655
aggregated_ranked_features_gas-CO2_keep-CO2_post-prestimulus,product,263,test,0.6764705882352942,0.6693191865605659
aggregated_ranked_features_gas-CO2_keep-CO2_post-prestimulus,product,264,train,0.9531722054380665,0.9531720985845753
aggregated_ranked_features_gas-CO2_keep-CO2_post-prestimulus,product,264,val,0.6351351351351351,0.6351351351351351
aggregated_ranked_features_gas-CO2_keep-CO2_post-prestimulus,product,264,test,0.6764705882352942,0.6641975308641975
aggregated_ranked_features_gas-CO2_keep-CO2_post-prestimulus,product,265,train,0.9546827794561934,0.9546811248938909
aggregated_ranked_features_gas-CO2_keep-CO2_post-prestimulus,product,265,val,0.6418918918918919,0.641875542163174
aggregated_ranked_features_gas-CO2_keep-CO2_post-prestimulus,product,265,test,0.6617647058823529,0.6526759937819231
aggregated_ranked_features_gas-CO2_keep-CO2_post-prestimulus,product,266,train,0.9516616314199395,0.9516611902154071
aggregated_ranked_features_gas-CO2_keep-CO2_post-prestimulus,product,266,val,0.6283783783783784,0.6282256222881937
aggregated_ranked_features_gas-CO2_keep-CO2_post-prestimulus,product,266,test,0.6838235294117647,0.6761008031016339
aggregated_ranked_features_gas-CO2_keep-CO2_post-prestimulus,product,267,train,0.959214501510574,0.9592144084446301
aggregated_ranked_features_gas-CO2_keep-CO2_post-prestimulus,product,267,val,0.6216216216216216,0.6215525114155251
aggregated_ranked_features_gas-CO2_keep-CO2_post-prestimulus,product,267,test,0.6911764705882353,0.6828780812791473
aggregated_ranked_features_gas-CO2_keep-CO2_post-prestimulus,product,268,train,0.959214501510574,0.9592144084446301
aggregated_ranked_features_gas-CO2_keep-CO2_post-prestimulus,product,268,val,0.6351351351351351,0.6350684931506849
aggregated_ranked_features_gas-CO2_keep-CO2_post-prestimulus,product,268,test,0.6764705882352942,0.6677770375305352
aggregated_ranked_features_gas-CO2_keep-CO2_post-prestimulus,product,269,train,0.9561933534743202,0.9561932535146027
aggregated_ranked_features_gas-CO2_keep-CO2_post-prestimulus,product,269,val,0.6351351351351351,0.6351351351351351
aggregated_ranked_features_gas-CO2_keep-CO2_post-prestimulus,product,269,test,0.6764705882352942,0.6677770375305352
aggregated_ranked_features_gas-CO2_keep-CO2_post-prestimulus,product,270,train,0.9577039274924471,0.9577039274924471
aggregated_ranked_features_gas-CO2_keep-CO2_post-prestimulus,product,270,val,0.6216216216216216,0.6216216216216216
aggregated_ranked_features_gas-CO2_keep-CO2_post-prestimulus,product,270,test,0.6764705882352942,0.6677770375305352
aggregated_ranked_features_gas-CO2_keep-CO2_post-prestimulus,product,271,train,0.9561933534743202,0.9561932535146027
aggregated_ranked_features_gas-CO2_keep-CO2_post-prestimulus,product,271,val,0.6486486486486487,0.6485844748858447
aggregated_ranked_features_gas-CO2_keep-CO2_post-prestimulus,product,271,test,0.6838235294117647,0.6775296388199614
aggregated_ranked_features_gas-CO2_keep-CO2_post-prestimulus,product,272,train,0.9577039274924471,0.9577035414384811
aggregated_ranked_features_gas-CO2_keep-CO2_post-prestimulus,product,272,val,0.6148648648648649,0.6147065540077643
aggregated_ranked_features_gas-CO2_keep-CO2_post-prestimulus,product,272,test,0.6911764705882353,0.6843501326259946
aggregated_ranked_features_gas-CO2_keep-CO2_post-prestimulus,product,273,train,0.9607250755287009,0.9607247170500182
aggregated_ranked_features_gas-CO2_keep-CO2_post-prestimulus,product,273,val,0.6283783783783784,0.6283614116787655
aggregated_ranked_features_gas-CO2_keep-CO2_post-prestimulus,product,273,test,0.6838235294117647,0.6761008031016339
aggregated_ranked_features_gas-CO2_keep-CO2_post-prestimulus,product,274,train,0.9577039274924471,0.9577039274924471
aggregated_ranked_features_gas-CO2_keep-CO2_post-prestimulus,product,274,val,0.6216216216216216,0.6216216216216216
aggregated_ranked_features_gas-CO2_keep-CO2_post-prestimulus,product,274,test,0.6617647058823529,0.6542882404951371
aggregated_ranked_features_gas-CO2_keep-CO2_post-prestimulus,product,275,train,0.9622356495468278,0.9622355633746574
aggregated_ranked_features_gas-CO2_keep-CO2_post-prestimulus,product,275,val,0.6216216216216216,0.6215525114155251
aggregated_ranked_features_gas-CO2_keep-CO2_post-prestimulus,product,275,test,0.6691176470588235,0.6593755217899482
aggregated_ranked_features_gas-CO2_keep-CO2_post-prestimulus,product,276,train,0.9622356495468278,0.9622355633746574
aggregated_ranked_features_gas-CO2_keep-CO2_post-prestimulus,product,276,val,0.6148648648648649,0.6148472811943569
aggregated_ranked_features_gas-CO2_keep-CO2_post-prestimulus,product,276,test,0.6764705882352942,0.6660714285714285
aggregated_ranked_features_gas-CO2_keep-CO2_post-prestimulus,product,277,train,0.9652567975830816,0.9652548155146171
aggregated_ranked_features_gas-CO2_keep-CO2_post-prestimulus,product,277,val,0.6216216216216216,0.6216216216216216
aggregated_ranked_features_gas-CO2_keep-CO2_post-prestimulus,product,277,test,0.6764705882352942,0.6660714285714285
aggregated_ranked_features_gas-CO2_keep-CO2_post-prestimulus,product,278,train,0.9607250755287009,0.9607250755287009
aggregated_ranked_features_gas-CO2_keep-CO2_post-prestimulus,product,278,val,0.668918918918919,0.668903803131991
aggregated_ranked_features_gas-CO2_keep-CO2_post-prestimulus,product,278,test,0.6838235294117647,0.6745143874881727
aggregated_ranked_features_gas-CO2_keep-CO2_post-prestimulus,product,279,train,0.9637462235649547,0.9637462235649547
aggregated_ranked_features_gas-CO2_keep-CO2_post-prestimulus,product,279,val,0.6351351351351351,0.6351351351351351
aggregated_ranked_features_gas-CO2_keep-CO2_post-prestimulus,product,279,test,0.6691176470588235,0.6610357241761284
aggregated_ranked_features_gas-CO2_keep-CO2_post-prestimulus,product,280,train,0.9577039274924471,0.9577039274924471
aggregated_ranked_features_gas-CO2_keep-CO2_post-prestimulus,product,280,val,0.6283783783783784,0.6283614116787655
aggregated_ranked_features_gas-CO2_keep-CO2_post-prestimulus,product,280,test,0.6764705882352942,0.6693191865605659
aggregated_ranked_features_gas-CO2_keep-CO2_post-prestimulus,product,281,train,0.9622356495468278,0.9622355633746574
aggregated_ranked_features_gas-CO2_keep-CO2_post-prestimulus,product,281,val,0.6283783783783784,0.6279537456008044
aggregated_ranked_features_gas-CO2_keep-CO2_post-prestimulus,product,281,test,0.6985294117647058,0.6911658820271392
aggregated_ranked_features_gas-CO2_keep-CO2_post-prestimulus,product,282,train,0.9637462235649547,0.9637458926615553
aggregated_ranked_features_gas-CO2_keep-CO2_post-prestimulus,product,282,val,0.6081081081081081,0.6078216374269005
aggregated_ranked_features_gas-CO2_keep-CO2_post-prestimulus,product,282,test,0.6617647058823529,0.6542882404951371
aggregated_ranked_features_gas-CO2_keep-CO2_post-prestimulus,product,283,train,0.9622356495468278,0.9622355633746574
aggregated_ranked_features_gas-CO2_keep-CO2_post-prestimulus,product,283,val,0.6216216216216216,0.6215525114155251
aggregated_ranked_features_gas-CO2_keep-CO2_post-prestimulus,product,283,test,0.6691176470588235,0.6593755217899482
aggregated_ranked_features_gas-CO2_keep-CO2_post-prestimulus,product,284,train,0.9652567975830816,0.9652567183046848
aggregated_ranked_features_gas-CO2_keep-CO2_post-prestimulus,product,284,val,0.6216216216216216,0.6213450292397661
aggregated_ranked_features_gas-CO2_keep-CO2_post-prestimulus,product,284,test,0.7058823529411765,0.7006383447061413
aggregated_ranked_features_gas-CO2_keep-CO2_post-prestimulus,product,285,train,0.9622356495468278,0.9622355633746574
aggregated_ranked_features_gas-CO2_keep-CO2_post-prestimulus,product,285,val,0.6216216216216216,0.6215525114155251
aggregated_ranked_features_gas-CO2_keep-CO2_post-prestimulus,product,285,test,0.6764705882352942,0.6660714285714285
aggregated_ranked_features_gas-CO2_keep-CO2_post-prestimulus,product,286,train,0.9607250755287009,0.9607247170500182
aggregated_ranked_features_gas-CO2_keep-CO2_post-prestimulus,product,286,val,0.6216216216216216,0.6215525114155251
aggregated_ranked_features_gas-CO2_keep-CO2_post-prestimulus,product,286,test,0.6911764705882353,0.6856702619414483
aggregated_ranked_features_gas-CO2_keep-CO2_post-prestimulus,product,287,train,0.959214501510574,0.9592144084446301
aggregated_ranked_features_gas-CO2_keep-CO2_post-prestimulus,product,287,val,0.6148648648648649,0.6147065540077643
aggregated_ranked_features_gas-CO2_keep-CO2_post-prestimulus,product,287,test,0.6985294117647058,0.6911658820271392
aggregated_ranked_features_gas-CO2_keep-CO2_post-prestimulus,product,288,train,0.9607250755287009,0.9607236415747054
aggregated_ranked_features_gas-CO2_keep-CO2_post-prestimulus,product,288,val,0.6283783783783784,0.6282256222881937
aggregated_ranked_features_gas-CO2_keep-CO2_post-prestimulus,product,288,test,0.6691176470588235,0.6610357241761284
aggregated_ranked_features_gas-CO2_keep-CO2_post-prestimulus,product,289,train,0.9652567975830816,0.9652560840644859
aggregated_ranked_features_gas-CO2_keep-CO2_post-prestimulus,product,289,val,0.6283783783783784,0.6283614116787655
aggregated_ranked_features_gas-CO2_keep-CO2_post-prestimulus,product,289,test,0.6691176470588235,0.6593755217899482
aggregated_ranked_features_gas-CO2_keep-CO2_post-prestimulus,product,290,train,0.9607250755287009,0.9607247170500182
aggregated_ranked_features_gas-CO2_keep-CO2_post-prestimulus,product,290,val,0.6283783783783784,0.6282256222881937
aggregated_ranked_features_gas-CO2_keep-CO2_post-prestimulus,product,290,test,0.6617647058823529,0.6542882404951371
aggregated_ranked_features_gas-CO2_keep-CO2_post-prestimulus,product,291,train,0.9607250755287009,0.9607250755287009
aggregated_ranked_features_gas-CO2_keep-CO2_post-prestimulus,product,291,val,0.6351351351351351,0.6345344796049022
aggregated_ranked_features_gas-CO2_keep-CO2_post-prestimulus,product,291,test,0.6764705882352942,0.6660714285714285
aggregated_ranked_features_gas-CO2_keep-CO2_post-prestimulus,product,292,train,0.9607250755287009,0.9607250755287009
aggregated_ranked_features_gas-CO2_keep-CO2_post-prestimulus,product,292,val,0.6486486486486487,0.6485844748858447
aggregated_ranked_features_gas-CO2_keep-CO2_post-prestimulus,product,292,test,0.6838235294117647,0.6745143874881727
aggregated_ranked_features_gas-CO2_keep-CO2_post-prestimulus,product,293,train,0.9607250755287009,0.9607247170500182
aggregated_ranked_features_gas-CO2_keep-CO2_post-prestimulus,product,293,val,0.6013513513513513,0.6011874857273349
aggregated_ranked_features_gas-CO2_keep-CO2_post-prestimulus,product,293,test,0.6617647058823529,0.6542882404951371
aggregated_ranked_features_gas-CO2_keep-CO2_post-prestimulus,product,294,train,0.9607250755287009,0.9607247170500182
aggregated_ranked_features_gas-CO2_keep-CO2_post-prestimulus,product,294,val,0.6216216216216216,0.6215525114155251
aggregated_ranked_features_gas-CO2_keep-CO2_post-prestimulus,product,294,test,0.6985294117647058,0.6911658820271392
aggregated_ranked_features_gas-CO2_keep-CO2_post-prestimulus,product,295,train,0.9637462235649547,0.9637448999151127
aggregated_ranked_features_gas-CO2_keep-CO2_post-prestimulus,product,295,val,0.6486486486486487,0.6485844748858447
aggregated_ranked_features_gas-CO2_keep-CO2_post-prestimulus,product,295,test,0.6838235294117647,0.6745143874881727
aggregated_ranked_features_gas-CO2_keep-CO2_post-prestimulus,product,296,train,0.9622356495468278,0.9622355633746574
aggregated_ranked_features_gas-CO2_keep-CO2_post-prestimulus,product,296,val,0.6216216216216216,0.6215525114155251
aggregated_ranked_features_gas-CO2_keep-CO2_post-prestimulus,product,296,test,0.6764705882352942,0.6677770375305352
aggregated_ranked_features_gas-CO2_keep-CO2_post-prestimulus,product,297,train,0.9637462235649547,0.9637458926615553
aggregated_ranked_features_gas-CO2_keep-CO2_post-prestimulus,product,297,val,0.6216216216216216,0.6213450292397661
aggregated_ranked_features_gas-CO2_keep-CO2_post-prestimulus,product,297,test,0.6691176470588235,0.6610357241761284
aggregated_ranked_features_gas-CO2_keep-CO2_post-prestimulus,product,298,train,0.9622356495468278,0.9622355633746574
aggregated_ranked_features_gas-CO2_keep-CO2_post-prestimulus,product,298,val,0.6283783783783784,0.6275451841683826
aggregated_ranked_features_gas-CO2_keep-CO2_post-prestimulus,product,298,test,0.6691176470588235,0.6610357241761284
aggregated_ranked_features_gas-CO2_keep-CO2_post-prestimulus,product,299,train,0.9637462235649547,0.9637458926615553
aggregated_ranked_features_gas-CO2_keep-CO2_post-prestimulus,product,299,val,0.6283783783783784,0.6279537456008044
aggregated_ranked_features_gas-CO2_keep-CO2_post-prestimulus,product,299,test,0.6617647058823529,0.6526759937819231
aggregated_ranked_features_gas-CO2_keep-CO2_post-prestimulus,product,300,train,0.9652567975830816,0.9652560840644859
aggregated_ranked_features_gas-CO2_keep-CO2_post-prestimulus,product,300,val,0.6554054054054054,0.6553896726475825
aggregated_ranked_features_gas-CO2_keep-CO2_post-prestimulus,product,300,test,0.6911764705882353,0.68125
aggregated_ranked_features_gas-CO2_keep-CO2_post-prestimulus,product,301,train,0.9622356495468278,0.9622355633746574
aggregated_ranked_features_gas-CO2_keep-CO2_post-prestimulus,product,301,val,0.6418918918918919,0.641744690568623
aggregated_ranked_features_gas-CO2_keep-CO2_post-prestimulus,product,301,test,0.6691176470588235,0.6575457445022663
aggregated_ranked_features_gas-CO2_keep-CO2_post-prestimulus,product,302,train,0.9637462235649547,0.9637448999151127
aggregated_ranked_features_gas-CO2_keep-CO2_post-prestimulus,product,302,val,0.6283783783783784,0.6282256222881937
aggregated_ranked_features_gas-CO2_keep-CO2_post-prestimulus,product,302,test,0.6764705882352942,0.6660714285714285
aggregated_ranked_features_gas-CO2_keep-CO2_post-prestimulus,product,303,train,0.959214501510574,0.9592144084446301
aggregated_ranked_features_gas-CO2_keep-CO2_post-prestimulus,product,303,val,0.6283783783783784,0.6283614116787655
aggregated_ranked_features_gas-CO2_keep-CO2_post-prestimulus,product,303,test,0.6838235294117647,0.6761008031016339
aggregated_ranked_features_gas-CO2_keep-CO2_post-prestimulus,product,304,train,0.9607250755287009,0.9607250755287009
aggregated_ranked_features_gas-CO2_keep-CO2_post-prestimulus,product,304,val,0.6081081081081081,0.6080365296803653
aggregated_ranked_features_gas-CO2_keep-CO2_post-prestimulus,product,304,test,0.6544117647058824,0.6475323959194927
aggregated_ranked_features_gas-CO2_keep-CO2_post-prestimulus,product,305,train,0.9622356495468278,0.9622334951245838
aggregated_ranked_features_gas-CO2_keep-CO2_post-prestimulus,product,305,val,0.6216216216216216,0.6213450292397661
aggregated_ranked_features_gas-CO2_keep-CO2_post-prestimulus,product,305,test,0.6911764705882353,0.68125
aggregated_ranked_features_gas-CO2_keep-CO2_post-prestimulus,product,306,train,0.959214501510574,0.9592136639017879
aggregated_ranked_features_gas-CO2_keep-CO2_post-prestimulus,product,306,val,0.6148648648648649,0.6147065540077643
aggregated_ranked_features_gas-CO2_keep-CO2_post-prestimulus,product,306,test,0.6691176470588235,0.6610357241761284
aggregated_ranked_features_gas-CO2_keep-CO2_post-prestimulus,product,307,train,0.9652567975830816,0.9652567183046848
aggregated_ranked_features_gas-CO2_keep-CO2_post-prestimulus,product,307,val,0.6351351351351351,0.6350684931506849
aggregated_ranked_features_gas-CO2_keep-CO2_post-prestimulus,product,307,test,0.6617647058823529,0.6526759937819231
aggregated_ranked_features_gas-CO2_keep-CO2_post-prestimulus,product,308,train,0.9607250755287009,0.9607250755287009
aggregated_ranked_features_gas-CO2_keep-CO2_post-prestimulus,product,308,val,0.6216216216216216,0.6215525114155251
aggregated_ranked_features_gas-CO2_keep-CO2_post-prestimulus,product,308,test,0.6764705882352942,0.6693191865605659
aggregated_ranked_features_gas-CO2_keep-CO2_post-prestimulus,product,309,train,0.9652567975830816,0.9652560840644859
aggregated_ranked_features_gas-CO2_keep-CO2_post-prestimulus,product,309,val,0.6148648648648649,0.6147065540077643
aggregated_ranked_features_gas-CO2_keep-CO2_post-prestimulus,product,309,test,0.6470588235294118,0.6421052631578947
aggregated_ranked_features_gas-CO2_keep-CO2_post-prestimulus,product,310,train,0.959214501510574,0.9592144084446301
aggregated_ranked_features_gas-CO2_keep-CO2_post-prestimulus,product,310,val,0.6351351351351351,0.6350684931506849
aggregated_ranked_features_gas-CO2_keep-CO2_post-prestimulus,product,310,test,0.6617647058823529,0.6542882404951371
aggregated_ranked_features_gas-CO2_keep-CO2_post-prestimulus,product,311,train,0.9607250755287009,0.9607247170500182
aggregated_ranked_features_gas-CO2_keep-CO2_post-prestimulus,product,311,val,0.6486486486486487,0.6485844748858447
aggregated_ranked_features_gas-CO2_keep-CO2_post-prestimulus,product,311,test,0.6617647058823529,0.6526759937819231
aggregated_ranked_features_gas-CO2_keep-CO2_post-prestimulus,product,312,train,0.9637462235649547,0.9637458926615553
aggregated_ranked_features_gas-CO2_keep-CO2_post-prestimulus,product,312,val,0.6081081081081081,0.6078216374269005
aggregated_ranked_features_gas-CO2_keep-CO2_post-prestimulus,product,312,test,0.6691176470588235,0.6575457445022663
aggregated_ranked_features_gas-CO2_keep-CO2_post-prestimulus,product,313,train,0.9607250755287009,0.9607247170500182
aggregated_ranked_features_gas-CO2_keep-CO2_post-prestimulus,product,313,val,0.6216216216216216,0.6216216216216216
aggregated_ranked_features_gas-CO2_keep-CO2_post-prestimulus,product,313,test,0.6911764705882353,0.6843501326259946
aggregated_ranked_features_gas-CO2_keep-CO2_post-prestimulus,product,314,train,0.9667673716012085,0.9667661582555199
aggregated_ranked_features_gas-CO2_keep-CO2_post-prestimulus,product,314,val,0.6283783783783784,0.6282256222881937
aggregated_ranked_features_gas-CO2_keep-CO2_post-prestimulus,product,314,test,0.6911764705882353,0.6828780812791473
aggregated_ranked_features_gas-CO2_keep-CO2_post-prestimulus,product,315,train,0.959214501510574,0.9592136639017879
aggregated_ranked_features_gas-CO2_keep-CO2_post-prestimulus,product,315,val,0.6216216216216216,0.6215525114155251
aggregated_ranked_features_gas-CO2_keep-CO2_post-prestimulus,product,315,test,0.6985294117647058,0.6911658820271392
aggregated_ranked_features_gas-CO2_keep-CO2_post-prestimulus,product,316,train,0.9637462235649547,0.9637462235649547
aggregated_ranked_features_gas-CO2_keep-CO2_post-prestimulus,product,316,val,0.6283783783783784,0.6283614116787655
aggregated_ranked_features_gas-CO2_keep-CO2_post-prestimulus,product,316,test,0.6323529411764706,0.6257979308826767
aggregated_ranked_features_gas-CO2_keep-CO2_post-prestimulus,product,317,train,0.9577039274924471,0.9577039274924471
aggregated_ranked_features_gas-CO2_keep-CO2_post-prestimulus,product,317,val,0.6081081081081081,0.6080365296803653
aggregated_ranked_features_gas-CO2_keep-CO2_post-prestimulus,product,317,test,0.6691176470588235,0.6610357241761284
aggregated_ranked_features_gas-CO2_keep-CO2_post-prestimulus,product,318,train,0.9607250755287009,0.9607247170500182
aggregated_ranked_features_gas-CO2_keep-CO2_post-prestimulus,product,318,val,0.6351351351351351,0.6350684931506849
aggregated_ranked_features_gas-CO2_keep-CO2_post-prestimulus,product,318,test,0.6764705882352942,0.6707021791767555
aggregated_ranked_features_gas-CO2_keep-CO2_post-prestimulus,product,319,train,0.9667673716012085,0.9667670682730924
aggregated_ranked_features_gas-CO2_keep-CO2_post-prestimulus,product,319,val,0.6283783783783784,0.6282256222881937
aggregated_ranked_features_gas-CO2_keep-CO2_post-prestimulus,product,319,test,0.7058823529411765,0.6979791250277593
aggregated_ranked_features_gas-CO2_keep-CO2_post-prestimulus,product,320,train,0.959214501510574,0.9592144084446301
aggregated_ranked_features_gas-CO2_keep-CO2_post-prestimulus,product,320,val,0.6351351351351351,0.6348684210526316
aggregated_ranked_features_gas-CO2_keep-CO2_post-prestimulus,product,320,test,0.6764705882352942,0.6660714285714285
aggregated_ranked_features_gas-CO2_keep-CO2_post-prestimulus,product,321,train,0.9652567975830816,0.9652567183046848
aggregated_ranked_features_gas-CO2_keep-CO2_post-prestimulus,product,321,val,0.6216216216216216,0.6213450292397661
aggregated_ranked_features_gas-CO2_keep-CO2_post-prestimulus,product,321,test,0.6764705882352942,0.6707021791767555
aggregated_ranked_features_gas-CO2_keep-CO2_post-prestimulus,product,322,train,0.9667673716012085,0.9667673716012085
aggregated_ranked_features_gas-CO2_keep-CO2_post-prestimulus,product,322,val,0.6351351351351351,0.6348684210526316
aggregated_ranked_features_gas-CO2_keep-CO2_post-prestimulus,product,322,test,0.6764705882352942,0.6677770375305352
aggregated_ranked_features_gas-CO2_keep-CO2_post-prestimulus,product,323,train,0.9667673716012085,0.9667670682730924
aggregated_ranked_features_gas-CO2_keep-CO2_post-prestimulus,product,323,val,0.6418918918918919,0.641875542163174
aggregated_ranked_features_gas-CO2_keep-CO2_post-prestimulus,product,323,test,0.6617647058823529,0.6542882404951371
aggregated_ranked_features_gas-CO2_keep-CO2_post-prestimulus,product,324,train,0.9622356495468278,0.9622355633746574
aggregated_ranked_features_gas-CO2_keep-CO2_post-prestimulus,product,324,val,0.6216216216216216,0.6213450292397661
aggregated_ranked_features_gas-CO2_keep-CO2_post-prestimulus,product,324,test,0.6764705882352942,0.6641975308641975
aggregated_ranked_features_gas-CO2_keep-CO2_post-prestimulus,product,325,train,0.9622356495468278,0.9622355633746574
aggregated_ranked_features_gas-CO2_keep-CO2_post-prestimulus,product,325,val,0.6283783783783784,0.6282256222881937
aggregated_ranked_features_gas-CO2_keep-CO2_post-prestimulus,product,325,test,0.6617647058823529,0.6526759937819231
aggregated_ranked_features_gas-CO2_keep-CO2_post-prestimulus,product,326,train,0.9697885196374623,0.9697874165959273
aggregated_ranked_features_gas-CO2_keep-CO2_post-prestimulus,product,326,val,0.6283783783783784,0.6283614116787655
aggregated_ranked_features_gas-CO2_keep-CO2_post-prestimulus,product,326,test,0.6911764705882353,0.6843501326259946
aggregated_ranked_features_gas-CO2_keep-CO2_post-prestimulus,product,327,train,0.9652567975830816,0.9652560840644859
aggregated_ranked_features_gas-CO2_keep-CO2_post-prestimulus,product,327,val,0.6081081081081081,0.6080365296803653
aggregated_ranked_features_gas-CO2_keep-CO2_post-prestimulus,product,327,test,0.6838235294117647,0.6727659336354989
aggregated_ranked_features_gas-CO2_keep-CO2_post-prestimulus,product,328,train,0.9652567975830816,0.9652548155146171
aggregated_ranked_features_gas-CO2_keep-CO2_post-prestimulus,product,328,val,0.6351351351351351,0.6348684210526316
aggregated_ranked_features_gas-CO2_keep-CO2_post-prestimulus,product,328,test,0.6911764705882353,0.6828780812791473
aggregated_ranked_features_gas-CO2_keep-CO2_post-prestimulus,product,329,train,0.9652567975830816,0.9652560840644859
aggregated_ranked_features_gas-CO2_keep-CO2_post-prestimulus,product,329,val,0.6418918918918919,0.6414827003062298
aggregated_ranked_features_gas-CO2_keep-CO2_post-prestimulus,product,329,test,0.6838235294117647,0.6745143874881727
aggregated_ranked_features_gas-CO2_keep-CO2_post-prestimulus,product,330,train,0.9652567975830816,0.9652560840644859
aggregated_ranked_features_gas-CO2_keep-CO2_post-prestimulus,product,330,val,0.6148648648648649,0.6148472811943569
aggregated_ranked_features_gas-CO2_keep-CO2_post-prestimulus,product,330,test,0.6691176470588235,0.6610357241761284
aggregated_ranked_features_gas-CO2_keep-CO2_post-prestimulus,product,331,train,0.9637462235649547,0.9637458926615553
aggregated_ranked_features_gas-CO2_keep-CO2_post-prestimulus,product,331,val,0.6283783783783784,0.6283614116787655
aggregated_ranked_features_gas-CO2_keep-CO2_post-prestimulus,product,331,test,0.6691176470588235,0.6610357241761284
aggregated_ranked_features_gas-CO2_keep-CO2_post-prestimulus,product,332,train,0.9667673716012085,0.9667670682730924
aggregated_ranked_features_gas-CO2_keep-CO2_post-prestimulus,product,332,val,0.6351351351351351,0.6350684931506849
aggregated_ranked_features_gas-CO2_keep-CO2_post-prestimulus,product,332,test,0.6985294117647058,0.6911658820271392
aggregated_ranked_features_gas-CO2_keep-CO2_post-prestimulus,product,333,train,0.9637462235649547,0.9637458926615553
aggregated_ranked_features_gas-CO2_keep-CO2_post-prestimulus,product,333,val,0.6216216216216216,0.6215525114155251
aggregated_ranked_features_gas-CO2_keep-CO2_post-prestimulus,product,333,test,0.6838235294117647,0.6761008031016339
aggregated_ranked_features_gas-CO2_keep-CO2_post-prestimulus,product,334,train,0.9637462235649547,0.9637462235649547
aggregated_ranked_features_gas-CO2_keep-CO2_post-prestimulus,product,334,val,0.6283783783783784,0.6282256222881937
aggregated_ranked_features_gas-CO2_keep-CO2_post-prestimulus,product,334,test,0.6764705882352942,0.6693191865605659
aggregated_ranked_features_gas-CO2_keep-CO2_post-prestimulus,product,335,train,0.9607250755287009,0.9607250755287009
aggregated_ranked_features_gas-CO2_keep-CO2_post-prestimulus,product,335,val,0.6283783783783784,0.6282256222881937
aggregated_ranked_features_gas-CO2_keep-CO2_post-prestimulus,product,335,test,0.6617647058823529,0.6526759937819231
aggregated_ranked_features_gas-CO2_keep-CO2_post-prestimulus,product,336,train,0.9622356495468278,0.9622348739831369
aggregated_ranked_features_gas-CO2_keep-CO2_post-prestimulus,product,336,val,0.6148648648648649,0.6147065540077643
aggregated_ranked_features_gas-CO2_keep-CO2_post-prestimulus,product,336,test,0.6838235294117647,0.6745143874881727
aggregated_ranked_features_gas-CO2_keep-CO2_post-prestimulus,product,337,train,0.9622356495468278,0.9622355633746574
aggregated_ranked_features_gas-CO2_keep-CO2_post-prestimulus,product,337,val,0.6351351351351351,0.6351351351351351
aggregated_ranked_features_gas-CO2_keep-CO2_post-prestimulus,product,337,test,0.6911764705882353,0.68125
aggregated_ranked_features_gas-CO2_keep-CO2_post-prestimulus,product,338,train,0.9652567975830816,0.9652560840644859
aggregated_ranked_features_gas-CO2_keep-CO2_post-prestimulus,product,338,val,0.6283783783783784,0.6279537456008044
aggregated_ranked_features_gas-CO2_keep-CO2_post-prestimulus,product,338,test,0.7279411764705882,0.7225255031706644
aggregated_ranked_features_gas-CO2_keep-CO2_post-prestimulus,product,339,train,0.9637462235649547,0.9637458926615553
aggregated_ranked_features_gas-CO2_keep-CO2_post-prestimulus,product,339,val,0.6013513513513513,0.6011874857273349
aggregated_ranked_features_gas-CO2_keep-CO2_post-prestimulus,product,339,test,0.7058823529411765,0.6993810786914235
aggregated_ranked_features_gas-CO2_keep-CO2_post-prestimulus,product,340,train,0.9712990936555891,0.971298504227184
aggregated_ranked_features_gas-CO2_keep-CO2_post-prestimulus,product,340,val,0.6216216216216216,0.6215525114155251
aggregated_ranked_features_gas-CO2_keep-CO2_post-prestimulus,product,340,test,0.6911764705882353,0.68125
aggregated_ranked_features_gas-CO2_keep-CO2_post-prestimulus,product,341,train,0.9652567975830816,0.9652560840644859
aggregated_ranked_features_gas-CO2_keep-CO2_post-prestimulus,product,341,val,0.6283783783783784,0.6283614116787655
aggregated_ranked_features_gas-CO2_keep-CO2_post-prestimulus,product,341,test,0.6838235294117647,0.6761008031016339
aggregated_ranked_features_gas-CO2_keep-CO2_post-prestimulus,product,342,train,0.9652567975830816,0.9652567183046848
aggregated_ranked_features_gas-CO2_keep-CO2_post-prestimulus,product,342,val,0.6283783783783784,0.6282256222881937
aggregated_ranked_features_gas-CO2_keep-CO2_post-prestimulus,product,342,test,0.6617647058823529,0.6542882404951371
aggregated_ranked_features_gas-CO2_keep-CO2_post-prestimulus,product,343,train,0.9652567975830816,0.9652560840644859
aggregated_ranked_features_gas-CO2_keep-CO2_post-prestimulus,product,343,val,0.6216216216216216,0.6215525114155251
aggregated_ranked_features_gas-CO2_keep-CO2_post-prestimulus,product,343,test,0.6691176470588235,0.6593755217899482
aggregated_ranked_features_gas-CO2_keep-CO2_post-prestimulus,product,344,train,0.9682779456193353,0.9682772941458351
aggregated_ranked_features_gas-CO2_keep-CO2_post-prestimulus,product,344,val,0.6216216216216216,0.6213450292397661
aggregated_ranked_features_gas-CO2_keep-CO2_post-prestimulus,product,344,test,0.6544117647058824,0.6459706452506231
aggregated_ranked_features_gas-CO2_keep-CO2_post-prestimulus,product,345,train,0.9652567975830816,0.9652560840644859
aggregated_ranked_features_gas-CO2_keep-CO2_post-prestimulus,product,345,val,0.6216216216216216,0.6216216216216216
aggregated_ranked_features_gas-CO2_keep-CO2_post-prestimulus,product,345,test,0.6838235294117647,0.6745143874881727
aggregated_ranked_features_gas-CO2_keep-CO2_post-prestimulus,product,346,train,0.9667673716012085,0.9667670682730924
aggregated_ranked_features_gas-CO2_keep-CO2_post-prestimulus,product,346,val,0.6081081081081081,0.6078216374269005
aggregated_ranked_features_gas-CO2_keep-CO2_post-prestimulus,product,346,test,0.6838235294117647,0.6761008031016339
aggregated_ranked_features_gas-CO2_keep-CO2_post-prestimulus,product,347,train,0.9637462235649547,0.9637458926615553
aggregated_ranked_features_gas-CO2_keep-CO2_post-prestimulus,product,347,val,0.6216216216216216,0.6213450292397661
aggregated_ranked_features_gas-CO2_keep-CO2_post-prestimulus,product,347,test,0.6838235294117647,0.6745143874881727
aggregated_ranked_features_gas-CO2_keep-CO2_post-prestimulus,product,348,train,0.9667673716012085,0.9667661582555199
aggregated_ranked_features_gas-CO2_keep-CO2_post-prestimulus,product,348,val,0.6148648648648649,0.6148472811943569
aggregated_ranked_features_gas-CO2_keep-CO2_post-prestimulus,product,348,test,0.7058823529411765,0.6993810786914235
aggregated_ranked_features_gas-CO2_keep-CO2_post-prestimulus,product,349,train,0.9682779456193353,0.9682761359046503
aggregated_ranked_features_gas-CO2_keep-CO2_post-prestimulus,product,349,val,0.6283783783783784,0.6283614116787655
aggregated_ranked_features_gas-CO2_keep-CO2_post-prestimulus,product,349,test,0.7058823529411765,0.6979791250277593
aggregated_ranked_features_gas-CO2_keep-CO2_post-prestimulus,product,350,train,0.9607250755287009,0.9607247170500182
aggregated_ranked_features_gas-CO2_keep-CO2_post-prestimulus,product,350,val,0.6418918918918919,0.641744690568623
aggregated_ranked_features_gas-CO2_keep-CO2_post-prestimulus,product,350,test,0.6764705882352942,0.6707021791767555
aggregated_ranked_features_gas-CO2_keep-CO2_post-prestimulus,product,351,train,0.9697885196374623,0.9697885196374623
aggregated_ranked_features_gas-CO2_keep-CO2_post-prestimulus,product,351,val,0.6216216216216216,0.6213450292397661
aggregated_ranked_features_gas-CO2_keep-CO2_post-prestimulus,product,351,test,0.6985294117647058,0.6896532531863973
aggregated_ranked_features_gas-CO2_keep-CO2_post-prestimulus,product,352,train,0.9667673716012085,0.9667670682730924
aggregated_ranked_features_gas-CO2_keep-CO2_post-prestimulus,product,352,val,0.6081081081081081,0.6081081081081081
aggregated_ranked_features_gas-CO2_keep-CO2_post-prestimulus,product,352,test,0.6911764705882353,0.6843501326259946
aggregated_ranked_features_gas-CO2_keep-CO2_post-prestimulus,product,353,train,0.9682779456193353,0.9682772941458351
aggregated_ranked_features_gas-CO2_keep-CO2_post-prestimulus,product,353,val,0.6283783783783784,0.6283614116787655
aggregated_ranked_features_gas-CO2_keep-CO2_post-prestimulus,product,353,test,0.6764705882352942,0.6641975308641975
aggregated_ranked_features_gas-CO2_keep-CO2_post-prestimulus,product,354,train,0.9667673716012085,0.9667670682730924
aggregated_ranked_features_gas-CO2_keep-CO2_post-prestimulus,product,354,val,0.6283783783783784,0.6283614116787655
aggregated_ranked_features_gas-CO2_keep-CO2_post-prestimulus,product,354,test,0.6764705882352942,0.6660714285714285
aggregated_ranked_features_gas-CO2_keep-CO2_post-prestimulus,product,355,train,0.9697885196374623,0.9697874165959273
aggregated_ranked_features_gas-CO2_keep-CO2_post-prestimulus,product,355,val,0.6283783783783784,0.6283614116787655
aggregated_ranked_features_gas-CO2_keep-CO2_post-prestimulus,product,355,test,0.6911764705882353,0.6828780812791473
aggregated_ranked_features_gas-CO2_keep-CO2_post-prestimulus,product,356,train,0.9667673716012085,0.9667670682730924
aggregated_ranked_features_gas-CO2_keep-CO2_post-prestimulus,product,356,val,0.5945945945945946,0.5942982456140351
aggregated_ranked_features_gas-CO2_keep-CO2_post-prestimulus,product,356,test,0.6838235294117647,0.6761008031016339
aggregated_ranked_features_gas-CO2_keep-CO2_post-prestimulus,product,357,train,0.9652567975830816,0.9652567183046848
aggregated_ranked_features_gas-CO2_keep-CO2_post-prestimulus,product,357,val,0.6148648648648649,0.6148472811943569
aggregated_ranked_features_gas-CO2_keep-CO2_post-prestimulus,product,357,test,0.6764705882352942,0.6693191865605659
aggregated_ranked_features_gas-CO2_keep-CO2_post-prestimulus,product,358,train,0.9682779456193353,0.9682778732347123
aggregated_ranked_features_gas-CO2_keep-CO2_post-prestimulus,product,358,val,0.6283783783783784,0.6282256222881937
aggregated_ranked_features_gas-CO2_keep-CO2_post-prestimulus,product,358,test,0.6691176470588235,0.6625310173697271
aggregated_ranked_features_gas-CO2_keep-CO2_post-prestimulus,product,359,train,0.9652567975830816,0.9652560840644859
aggregated_ranked_features_gas-CO2_keep-CO2_post-prestimulus,product,359,val,0.6081081081081081,0.6078216374269005
aggregated_ranked_features_gas-CO2_keep-CO2_post-prestimulus,product,359,test,0.6985294117647058,0.6911658820271392
aggregated_ranked_features_gas-CO2_keep-CO2_post-prestimulus,product,360,train,0.9652567975830816,0.9652560840644859
aggregated_ranked_features_gas-CO2_keep-CO2_post-prestimulus,product,360,val,0.6216216216216216,0.6213450292397661
aggregated_ranked_features_gas-CO2_keep-CO2_post-prestimulus,product,360,test,0.6911764705882353,0.68125
aggregated_ranked_features_gas-CO2_keep-CO2_post-prestimulus,product,361,train,0.9667673716012085,0.9667670682730924
aggregated_ranked_features_gas-CO2_keep-CO2_post-prestimulus,product,361,val,0.6148648648648649,0.6148472811943569
aggregated_ranked_features_gas-CO2_keep-CO2_post-prestimulus,product,361,test,0.6470588235294118,0.6392572944297081
aggregated_ranked_features_gas-CO2_keep-CO2_post-prestimulus,product,362,train,0.9652567975830816,0.9652560840644859
aggregated_ranked_features_gas-CO2_keep-CO2_post-prestimulus,product,362,val,0.6351351351351351,0.6350684931506849
aggregated_ranked_features_gas-CO2_keep-CO2_post-prestimulus,product,362,test,0.6764705882352942,0.6677770375305352
aggregated_ranked_features_gas-CO2_keep-CO2_post-prestimulus,product,363,train,0.9652567975830816,0.9652567183046848
aggregated_ranked_features_gas-CO2_keep-CO2_post-prestimulus,product,363,val,0.6216216216216216,0.6215525114155251
aggregated_ranked_features_gas-CO2_keep-CO2_post-prestimulus,product,363,test,0.6764705882352942,0.6693191865605659
aggregated_ranked_features_gas-CO2_keep-CO2_post-prestimulus,product,364,train,0.9652567975830816,0.9652567183046848
aggregated_ranked_features_gas-CO2_keep-CO2_post-prestimulus,product,364,val,0.6351351351351351,0.6350684931506849
aggregated_ranked_features_gas-CO2_keep-CO2_post-prestimulus,product,364,test,0.6911764705882353,0.6828780812791473
aggregated_ranked_features_gas-CO2_keep-CO2_post-prestimulus,product,365,train,0.9652567975830816,0.9652567183046848
aggregated_ranked_features_gas-CO2_keep-CO2_post-prestimulus,product,365,val,0.6081081081081081,0.6078216374269005
aggregated_ranked_features_gas-CO2_keep-CO2_post-prestimulus,product,365,test,0.6470588235294118,0.6357142857142857
aggregated_ranked_features_gas-CO2_keep-CO2_post-prestimulus,product,366,train,0.9667673716012085,0.9667661582555199
aggregated_ranked_features_gas-CO2_keep-CO2_post-prestimulus,product,366,val,0.6418918918918919,0.641875542163174
aggregated_ranked_features_gas-CO2_keep-CO2_post-prestimulus,product,366,test,0.6911764705882353,0.68125
aggregated_ranked_features_gas-CO2_keep-CO2_post-prestimulus,product,367,train,0.9667673716012085,0.9667646414488097
aggregated_ranked_features_gas-CO2_keep-CO2_post-prestimulus,product,367,val,0.6216216216216216,0.6215525114155251
aggregated_ranked_features_gas-CO2_keep-CO2_post-prestimulus,product,367,test,0.6764705882352942,0.6707021791767555
aggregated_ranked_features_gas-CO2_keep-CO2_post-prestimulus,product,368,train,0.9637462235649547,0.9637462235649547
aggregated_ranked_features_gas-CO2_keep-CO2_post-prestimulus,product,368,val,0.6148648648648649,0.6147065540077643
aggregated_ranked_features_gas-CO2_keep-CO2_post-prestimulus,product,368,test,0.7058823529411765,0.6979791250277593
aggregated_ranked_features_gas-CO2_keep-CO2_post-prestimulus,product,369,train,0.9637462235649547,0.9637458926615553
aggregated_ranked_features_gas-CO2_keep-CO2_post-prestimulus,product,369,val,0.6418918918918919,0.641744690568623
aggregated_ranked_features_gas-CO2_keep-CO2_post-prestimulus,product,369,test,0.6838235294117647,0.6775296388199614
aggregated_ranked_features_gas-CO2_keep-CO2_post-prestimulus,product,370,train,0.9712990936555891,0.9712990281647397
aggregated_ranked_features_gas-CO2_keep-CO2_post-prestimulus,product,370,val,0.6216216216216216,0.6216216216216216
aggregated_ranked_features_gas-CO2_keep-CO2_post-prestimulus,product,370,test,0.6985294117647058,0.6911658820271392
aggregated_ranked_features_gas-CO2_keep-CO2_post-prestimulus,product,371,train,0.9607250755287009,0.9607247170500182
aggregated_ranked_features_gas-CO2_keep-CO2_post-prestimulus,product,371,val,0.6418918918918919,0.641744690568623
aggregated_ranked_features_gas-CO2_keep-CO2_post-prestimulus,product,371,test,0.6691176470588235,0.6575457445022663
aggregated_ranked_features_gas-CO2_keep-CO2_post-prestimulus,product,372,train,0.9622356495468278,0.9622355633746574
aggregated_ranked_features_gas-CO2_keep-CO2_post-prestimulus,product,372,val,0.6283783783783784,0.6283614116787655
aggregated_ranked_features_gas-CO2_keep-CO2_post-prestimulus,product,372,test,0.6691176470588235,0.6593755217899482
aggregated_ranked_features_gas-CO2_keep-CO2_post-prestimulus,product,373,train,0.9682779456193353,0.9682761359046503
aggregated_ranked_features_gas-CO2_keep-CO2_post-prestimulus,product,373,val,0.6418918918918919,0.641744690568623
aggregated_ranked_features_gas-CO2_keep-CO2_post-prestimulus,product,373,test,0.6838235294117647,0.6727659336354989
aggregated_ranked_features_gas-CO2_keep-CO2_post-prestimulus,product,374,train,0.9712990936555891,0.971298504227184
aggregated_ranked_features_gas-CO2_keep-CO2_post-prestimulus,product,374,val,0.6216216216216216,0.6215525114155251
aggregated_ranked_features_gas-CO2_keep-CO2_post-prestimulus,product,374,test,0.6838235294117647,0.6775296388199614
aggregated_ranked_features_gas-CO2_keep-CO2_post-prestimulus,product,375,train,0.9682779456193353,0.9682761359046503
aggregated_ranked_features_gas-CO2_keep-CO2_post-prestimulus,product,375,val,0.6216216216216216,0.6215525114155251
aggregated_ranked_features_gas-CO2_keep-CO2_post-prestimulus,product,375,test,0.7132352941176471,0.7075268817204301
aggregated_ranked_features_gas-CO2_keep-CO2_post-prestimulus,product,376,train,0.9667673716012085,0.9667670682730924
aggregated_ranked_features_gas-CO2_keep-CO2_post-prestimulus,product,376,val,0.6283783783783784,0.6283614116787655
aggregated_ranked_features_gas-CO2_keep-CO2_post-prestimulus,product,376,test,0.6691176470588235,0.6610357241761284
aggregated_ranked_features_gas-CO2_keep-CO2_post-prestimulus,product,377,train,0.9697885196374623,0.9697874165959273
aggregated_ranked_features_gas-CO2_keep-CO2_post-prestimulus,product,377,val,0.6351351351351351,0.6345344796049022
aggregated_ranked_features_gas-CO2_keep-CO2_post-prestimulus,product,377,test,0.7058823529411765,0.6964285714285714
aggregated_ranked_features_gas-CO2_keep-CO2_post-prestimulus,product,378,train,0.9652567975830816,0.9652567183046848
aggregated_ranked_features_gas-CO2_keep-CO2_post-prestimulus,product,378,val,0.6081081081081081,0.6080365296803653
aggregated_ranked_features_gas-CO2_keep-CO2_post-prestimulus,product,378,test,0.6617647058823529,0.6557340964120626
aggregated_ranked_features_gas-CO2_keep-CO2_post-prestimulus,product,379,train,0.9652567975830816,0.9652567183046848
aggregated_ranked_features_gas-CO2_keep-CO2_post-prestimulus,product,379,val,0.6283783783783784,0.6282256222881937
aggregated_ranked_features_gas-CO2_keep-CO2_post-prestimulus,product,379,test,0.6985294117647058,0.6879861227687314
aggregated_ranked_features_gas-CO2_keep-CO2_post-prestimulus,product,380,train,0.9682779456193353,0.9682778732347123
aggregated_ranked_features_gas-CO2_keep-CO2_post-prestimulus,product,380,val,0.6216216216216216,0.6216216216216216
aggregated_ranked_features_gas-CO2_keep-CO2_post-prestimulus,product,380,test,0.7058823529411765,0.6964285714285714
aggregated_ranked_features_gas-CO2_keep-CO2_post-prestimulus,product,381,train,0.9697885196374623,0.9697882438846295
aggregated_ranked_features_gas-CO2_keep-CO2_post-prestimulus,product,381,val,0.6351351351351351,0.6350684931506849
aggregated_ranked_features_gas-CO2_keep-CO2_post-prestimulus,product,381,test,0.7058823529411765,0.6979791250277593
aggregated_ranked_features_gas-CO2_keep-CO2_post-prestimulus,product,382,train,0.9652567975830816,0.9652560840644859
aggregated_ranked_features_gas-CO2_keep-CO2_post-prestimulus,product,382,val,0.6081081081081081,0.6080365296803653
aggregated_ranked_features_gas-CO2_keep-CO2_post-prestimulus,product,382,test,0.6764705882352942,0.6707021791767555
aggregated_ranked_features_gas-CO2_keep-CO2_post-prestimulus,product,383,train,0.9652567975830816,0.9652560840644859
aggregated_ranked_features_gas-CO2_keep-CO2_post-prestimulus,product,383,val,0.6216216216216216,0.6215525114155251
aggregated_ranked_features_gas-CO2_keep-CO2_post-prestimulus,product,383,test,0.6617647058823529,0.6570175438596491
aggregated_ranked_features_gas-CO2_keep-CO2_post-prestimulus,product,384,train,0.9682779456193353,0.9682772941458351
aggregated_ranked_features_gas-CO2_keep-CO2_post-prestimulus,product,384,val,0.6216216216216216,0.6215525114155251
aggregated_ranked_features_gas-CO2_keep-CO2_post-prestimulus,product,384,test,0.7132352941176471,0.7075268817204301
aggregated_ranked_features_gas-CO2_keep-CO2_post-prestimulus,product,385,train,0.9697885196374623,0.9697874165959273
aggregated_ranked_features_gas-CO2_keep-CO2_post-prestimulus,product,385,val,0.6283783783783784,0.6283614116787655
aggregated_ranked_features_gas-CO2_keep-CO2_post-prestimulus,product,385,test,0.6764705882352942,0.6693191865605659
aggregated_ranked_features_gas-CO2_keep-CO2_post-prestimulus,product,386,train,0.9697885196374623,0.9697882438846295
aggregated_ranked_features_gas-CO2_keep-CO2_post-prestimulus,product,386,val,0.6351351351351351,0.6350684931506849
aggregated_ranked_features_gas-CO2_keep-CO2_post-prestimulus,product,386,test,0.6838235294117647,0.6775296388199614
aggregated_ranked_features_gas-CO2_keep-CO2_post-prestimulus,product,387,train,0.9637462235649547,0.9637462235649547
aggregated_ranked_features_gas-CO2_keep-CO2_post-prestimulus,product,387,val,0.6283783783783784,0.6279537456008044
aggregated_ranked_features_gas-CO2_keep-CO2_post-prestimulus,product,387,test,0.6691176470588235,0.6593755217899482
aggregated_ranked_features_gas-CO2_keep-CO2_post-prestimulus,product,388,train,0.9697885196374623,0.9697874165959273
aggregated_ranked_features_gas-CO2_keep-CO2_post-prestimulus,product,388,val,0.6148648648648649,0.6148472811943569
aggregated_ranked_features_gas-CO2_keep-CO2_post-prestimulus,product,388,test,0.6838235294117647,0.6745143874881727
aggregated_ranked_features_gas-CO2_keep-CO2_post-prestimulus,product,389,train,0.9697885196374623,0.9697885196374623
aggregated_ranked_features_gas-CO2_keep-CO2_post-prestimulus,product,389,val,0.6216216216216216,0.6213450292397661
aggregated_ranked_features_gas-CO2_keep-CO2_post-prestimulus,product,389,test,0.6764705882352942,0.6677770375305352
aggregated_ranked_features_gas-CO2_keep-CO2_post-prestimulus,product,390,train,0.9682779456193353,0.9682772941458351
aggregated_ranked_features_gas-CO2_keep-CO2_post-prestimulus,product,390,val,0.6148648648648649,0.6148472811943569
aggregated_ranked_features_gas-CO2_keep-CO2_post-prestimulus,product,390,test,0.6838235294117647,0.6761008031016339
aggregated_ranked_features_gas-CO2_keep-CO2_post-prestimulus,product,391,train,0.9652567975830816,0.9652548155146171
aggregated_ranked_features_gas-CO2_keep-CO2_post-prestimulus,product,391,val,0.6351351351351351,0.6350684931506849
aggregated_ranked_features_gas-CO2_keep-CO2_post-prestimulus,product,391,test,0.6985294117647058,0.6896532531863973
aggregated_ranked_features_gas-CO2_keep-CO2_post-prestimulus,product,392,train,0.972809667673716,0.9728094194961665
aggregated_ranked_features_gas-CO2_keep-CO2_post-prestimulus,product,392,val,0.6283783783783784,0.6282256222881937
aggregated_ranked_features_gas-CO2_keep-CO2_post-prestimulus,product,392,test,0.6764705882352942,0.6677770375305352
aggregated_ranked_features_gas-CO2_keep-CO2_post-prestimulus,product,393,train,0.9712990936555891,0.9712990281647397
aggregated_ranked_features_gas-CO2_keep-CO2_post-prestimulus,product,393,val,0.6351351351351351,0.6351351351351351
aggregated_ranked_features_gas-CO2_keep-CO2_post-prestimulus,product,393,test,0.6838235294117647,0.6727659336354989
aggregated_ranked_features_gas-CO2_keep-CO2_post-prestimulus,product,394,train,0.9682779456193353,0.9682778732347123
aggregated_ranked_features_gas-CO2_keep-CO2_post-prestimulus,product,394,val,0.6148648648648649,0.6148472811943569
aggregated_ranked_features_gas-CO2_keep-CO2_post-prestimulus,product,394,test,0.6985294117647058,0.6896532531863973
aggregated_ranked_features_gas-CO2_keep-CO2_post-prestimulus,product,395,train,0.9682779456193353,0.9682761359046503
aggregated_ranked_features_gas-CO2_keep-CO2_post-prestimulus,product,395,val,0.6216216216216216,0.6215525114155251
aggregated_ranked_features_gas-CO2_keep-CO2_post-prestimulus,product,395,test,0.6764705882352942,0.6677770375305352
aggregated_ranked_features_gas-CO2_keep-CO2_post-prestimulus,product,396,train,0.9682779456193353,0.9682778732347123
aggregated_ranked_features_gas-CO2_keep-CO2_post-prestimulus,product,396,val,0.6351351351351351,0.6350684931506849
aggregated_ranked_features_gas-CO2_keep-CO2_post-prestimulus,product,396,test,0.6691176470588235,0.6593755217899482
aggregated_ranked_features_gas-CO2_keep-CO2_post-prestimulus,product,397,train,0.9682779456193353,0.9682778732347123
aggregated_ranked_features_gas-CO2_keep-CO2_post-prestimulus,product,397,val,0.6351351351351351,0.6350684931506849
aggregated_ranked_features_gas-CO2_keep-CO2_post-prestimulus,product,397,test,0.6911764705882353,0.68125
aggregated_ranked_features_gas-CO2_keep-CO2_post-prestimulus,product,398,train,0.9682779456193353,0.9682772941458351
aggregated_ranked_features_gas-CO2_keep-CO2_post-prestimulus,product,398,val,0.6283783783783784,0.6283614116787655
aggregated_ranked_features_gas-CO2_keep-CO2_post-prestimulus,product,398,test,0.6838235294117647,0.6775296388199614
aggregated_ranked_features_gas-CO2_keep-CO2_post-prestimulus,product,399,train,0.9682779456193353,0.9682778732347123
aggregated_ranked_features_gas-CO2_keep-CO2_post-prestimulus,product,399,val,0.6081081081081081,0.6081081081081081
aggregated_ranked_features_gas-CO2_keep-CO2_post-prestimulus,product,399,test,0.7058823529411765,0.6993810786914235
aggregated_ranked_features_gas-CO2_keep-CO2_post-prestimulus,product,400,train,0.9667673716012085,0.9667673716012085
aggregated_ranked_features_gas-CO2_keep-CO2_post-prestimulus,product,400,val,0.6216216216216216,0.6215525114155251
aggregated_ranked_features_gas-CO2_keep-CO2_post-prestimulus,product,400,test,0.6985294117647058,0.6911658820271392
aggregated_ranked_features_gas-CO2_keep-CO2_post-prestimulus,product,401,train,0.9652567975830816,0.9652560840644859
aggregated_ranked_features_gas-CO2_keep-CO2_post-prestimulus,product,401,val,0.6351351351351351,0.6350684931506849
aggregated_ranked_features_gas-CO2_keep-CO2_post-prestimulus,product,401,test,0.6838235294117647,0.6745143874881727
aggregated_ranked_features_gas-CO2_keep-CO2_post-prestimulus,product,402,train,0.9682779456193353,0.9682778732347123
aggregated_ranked_features_gas-CO2_keep-CO2_post-prestimulus,product,402,val,0.6283783783783784,0.6283614116787655
aggregated_ranked_features_gas-CO2_keep-CO2_post-prestimulus,product,402,test,0.6985294117647058,0.6911658820271392
aggregated_ranked_features_gas-CO2_keep-CO2_post-prestimulus,product,403,train,0.9652567975830816,0.9652567183046848
aggregated_ranked_features_gas-CO2_keep-CO2_post-prestimulus,product,403,val,0.6081081081081081,0.6080365296803653
aggregated_ranked_features_gas-CO2_keep-CO2_post-prestimulus,product,403,test,0.6911764705882353,0.6843501326259946
aggregated_ranked_features_gas-CO2_keep-CO2_post-prestimulus,product,404,train,0.9652567975830816,0.9652567183046848
aggregated_ranked_features_gas-CO2_keep-CO2_post-prestimulus,product,404,val,0.6216216216216216,0.6213450292397661
aggregated_ranked_features_gas-CO2_keep-CO2_post-prestimulus,product,404,test,0.7132352941176471,0.7062309609526447
aggregated_ranked_features_gas-CO2_keep-CO2_post-prestimulus,product,405,train,0.9637462235649547,0.9637462235649547
aggregated_ranked_features_gas-CO2_keep-CO2_post-prestimulus,product,405,val,0.6283783783783784,0.6282256222881937
aggregated_ranked_features_gas-CO2_keep-CO2_post-prestimulus,product,405,test,0.6764705882352942,0.6677770375305352
aggregated_ranked_features_gas-CO2_keep-CO2_post-prestimulus,product,406,train,0.9712990936555891,0.9712990281647397
aggregated_ranked_features_gas-CO2_keep-CO2_post-prestimulus,product,406,val,0.6283783783783784,0.6283614116787655
aggregated_ranked_features_gas-CO2_keep-CO2_post-prestimulus,product,406,test,0.6985294117647058,0.6911658820271392
aggregated_ranked_features_gas-CO2_keep-CO2_post-prestimulus,product,407,train,0.9697885196374623,0.9697885196374623
aggregated_ranked_features_gas-CO2_keep-CO2_post-prestimulus,product,407,val,0.6351351351351351,0.6350684931506849
aggregated_ranked_features_gas-CO2_keep-CO2_post-prestimulus,product,407,test,0.7132352941176471,0.7086834733893558
aggregated_ranked_features_gas-CO2_keep-CO2_post-prestimulus,product,408,train,0.9652567975830816,0.9652567183046848
aggregated_ranked_features_gas-CO2_keep-CO2_post-prestimulus,product,408,val,0.6418918918918919,0.641744690568623
aggregated_ranked_features_gas-CO2_keep-CO2_post-prestimulus,product,408,test,0.7132352941176471,0.7062309609526447
aggregated_ranked_features_gas-CO2_keep-CO2_post-prestimulus,product,409,train,0.9667673716012085,0.9667673716012085
aggregated_ranked_features_gas-CO2_keep-CO2_post-prestimulus,product,409,val,0.6351351351351351,0.6351351351351351
aggregated_ranked_features_gas-CO2_keep-CO2_post-prestimulus,product,409,test,0.6911764705882353,0.6828780812791473
aggregated_ranked_features_gas-CO2_keep-CO2_post-prestimulus,product,410,train,0.9652567975830816,0.9652560840644859
aggregated_ranked_features_gas-CO2_keep-CO2_post-prestimulus,product,410,val,0.6283783783783784,0.6283614116787655
aggregated_ranked_features_gas-CO2_keep-CO2_post-prestimulus,product,410,test,0.6838235294117647,0.6775296388199614
aggregated_ranked_features_gas-CO2_keep-CO2_post-prestimulus,product,411,train,0.9697885196374623,0.9697882438846295
aggregated_ranked_features_gas-CO2_keep-CO2_post-prestimulus,product,411,val,0.6148648648648649,0.6148472811943569
aggregated_ranked_features_gas-CO2_keep-CO2_post-prestimulus,product,411,test,0.7058823529411765,0.6979791250277593
aggregated_ranked_features_gas-CO2_keep-CO2_post-prestimulus,product,412,train,0.9652567975830816,0.9652560840644859
aggregated_ranked_features_gas-CO2_keep-CO2_post-prestimulus,product,412,val,0.6216216216216216,0.6215525114155251
aggregated_ranked_features_gas-CO2_keep-CO2_post-prestimulus,product,412,test,0.6985294117647058,0.6911658820271392
aggregated_ranked_features_gas-CO2_keep-CO2_post-prestimulus,product,413,train,0.9697885196374623,0.9697874165959273
aggregated_ranked_features_gas-CO2_keep-CO2_post-prestimulus,product,413,val,0.6351351351351351,0.6351351351351351
aggregated_ranked_features_gas-CO2_keep-CO2_post-prestimulus,product,413,test,0.6838235294117647,0.6775296388199614
aggregated_ranked_features_gas-CO2_keep-CO2_post-prestimulus,product,414,train,0.9667673716012085,0.9667670682730924
aggregated_ranked_features_gas-CO2_keep-CO2_post-prestimulus,product,414,val,0.6148648648648649,0.6147065540077643
aggregated_ranked_features_gas-CO2_keep-CO2_post-prestimulus,product,414,test,0.6838235294117647,0.6745143874881727
aggregated_ranked_features_gas-CO2_keep-CO2_post-prestimulus,product,415,train,0.9712990936555891,0.9712990281647397
aggregated_ranked_features_gas-CO2_keep-CO2_post-prestimulus,product,415,val,0.6081081081081081,0.6078216374269005
aggregated_ranked_features_gas-CO2_keep-CO2_post-prestimulus,product,415,test,0.6985294117647058,0.6896532531863973
aggregated_ranked_features_gas-CO2_keep-CO2_post-prestimulus,product,416,train,0.9697885196374623,0.9697882438846295
aggregated_ranked_features_gas-CO2_keep-CO2_post-prestimulus,product,416,val,0.6283783783783784,0.6283614116787655
aggregated_ranked_features_gas-CO2_keep-CO2_post-prestimulus,product,416,test,0.6911764705882353,0.6843501326259946
aggregated_ranked_features_gas-CO2_keep-CO2_post-prestimulus,product,417,train,0.9682779456193353,0.9682778732347123
aggregated_ranked_features_gas-CO2_keep-CO2_post-prestimulus,product,417,val,0.6283783783783784,0.6283614116787655
aggregated_ranked_features_gas-CO2_keep-CO2_post-prestimulus,product,417,test,0.7058823529411765,0.6979791250277593
aggregated_ranked_features_gas-CO2_keep-CO2_post-prestimulus,product,418,train,0.9682779456193353,0.9682772941458351
aggregated_ranked_features_gas-CO2_keep-CO2_post-prestimulus,product,418,val,0.6148648648648649,0.6148472811943569
aggregated_ranked_features_gas-CO2_keep-CO2_post-prestimulus,product,418,test,0.6764705882352942,0.6693191865605659
aggregated_ranked_features_gas-CO2_keep-CO2_post-prestimulus,product,419,train,0.972809667673716,0.9728094194961665
aggregated_ranked_features_gas-CO2_keep-CO2_post-prestimulus,product,419,val,0.6216216216216216,0.6215525114155251
aggregated_ranked_features_gas-CO2_keep-CO2_post-prestimulus,product,419,test,0.7132352941176471,0.7062309609526447
aggregated_ranked_features_gas-CO2_keep-CO2_post-prestimulus,product,420,train,0.972809667673716,0.9728094194961665
aggregated_ranked_features_gas-CO2_keep-CO2_post-prestimulus,product,420,val,0.6418918918918919,0.641875542163174
aggregated_ranked_features_gas-CO2_keep-CO2_post-prestimulus,product,420,test,0.6911764705882353,0.6843501326259946
aggregated_ranked_features_gas-CO2_keep-CO2_post-prestimulus,product,421,train,0.9697885196374623,0.9697882438846295
aggregated_ranked_features_gas-CO2_keep-CO2_post-prestimulus,product,421,val,0.6216216216216216,0.6215525114155251
aggregated_ranked_features_gas-CO2_keep-CO2_post-prestimulus,product,421,test,0.6985294117647058,0.6937441643323996
aggregated_ranked_features_gas-CO2_keep-CO2_post-prestimulus,product,422,train,0.9682779456193353,0.9682772941458351
aggregated_ranked_features_gas-CO2_keep-CO2_post-prestimulus,product,422,val,0.6081081081081081,0.6078216374269005
aggregated_ranked_features_gas-CO2_keep-CO2_post-prestimulus,product,422,test,0.7132352941176471,0.7047921188846218
aggregated_ranked_features_gas-CO2_keep-CO2_post-prestimulus,product,423,train,0.974320241691843,0.974320183094767
aggregated_ranked_features_gas-CO2_keep-CO2_post-prestimulus,product,423,val,0.6351351351351351,0.6350684931506849
aggregated_ranked_features_gas-CO2_keep-CO2_post-prestimulus,product,423,test,0.7058823529411765,0.7006383447061413
aggregated_ranked_features_gas-CO2_keep-CO2_post-prestimulus,product,424,train,0.972809667673716,0.9728094194961665
aggregated_ranked_features_gas-CO2_keep-CO2_post-prestimulus,product,424,val,0.6148648648648649,0.6148472811943569
aggregated_ranked_features_gas-CO2_keep-CO2_post-prestimulus,product,424,test,0.7058823529411765,0.6979791250277593
aggregated_ranked_features_gas-CO2_keep-CO2_post-prestimulus,product,425,train,0.9682779456193353,0.9682778732347123
aggregated_ranked_features_gas-CO2_keep-CO2_post-prestimulus,product,425,val,0.6013513513513513,0.6011874857273349
aggregated_ranked_features_gas-CO2_keep-CO2_post-prestimulus,product,425,test,0.6911764705882353,0.6828780812791473
aggregated_ranked_features_gas-CO2_keep-CO2_post-prestimulus,product,426,train,0.972809667673716,0.9728094194961665
aggregated_ranked_features_gas-CO2_keep-CO2_post-prestimulus,product,426,val,0.6283783783783784,0.6283614116787655
aggregated_ranked_features_gas-CO2_keep-CO2_post-prestimulus,product,426,test,0.6617647058823529,0.6526759937819231
aggregated_ranked_features_gas-CO2_keep-CO2_post-prestimulus,product,427,train,0.972809667673716,0.9728086749363345
aggregated_ranked_features_gas-CO2_keep-CO2_post-prestimulus,product,427,val,0.5945945945945946,0.5945205479452055
aggregated_ranked_features_gas-CO2_keep-CO2_post-prestimulus,product,427,test,0.7132352941176471,0.7062309609526447
aggregated_ranked_features_gas-CO2_keep-CO2_post-prestimulus,product,428,train,0.9682779456193353,0.9682778732347123
aggregated_ranked_features_gas-CO2_keep-CO2_post-prestimulus,product,428,val,0.6283783783783784,0.6279537456008044
aggregated_ranked_features_gas-CO2_keep-CO2_post-prestimulus,product,428,test,0.6764705882352942,0.6707021791767555
aggregated_ranked_features_gas-CO2_keep-CO2_post-prestimulus,product,429,train,0.9697885196374623,0.9697882438846295
aggregated_ranked_features_gas-CO2_keep-CO2_post-prestimulus,product,429,val,0.6148648648648649,0.6148472811943569
aggregated_ranked_features_gas-CO2_keep-CO2_post-prestimulus,product,429,test,0.7132352941176471,0.7062309609526447
aggregated_ranked_features_gas-CO2_keep-CO2_post-prestimulus,product,430,train,0.9697885196374623,0.9697882438846295
aggregated_ranked_features_gas-CO2_keep-CO2_post-prestimulus,product,430,val,0.6351351351351351,0.6351351351351351
aggregated_ranked_features_gas-CO2_keep-CO2_post-prestimulus,product,430,test,0.7058823529411765,0.7017543859649122
aggregated_ranked_features_gas-CO2_keep-CO2_post-prestimulus,product,431,train,0.9637462235649547,0.9637448999151127
aggregated_ranked_features_gas-CO2_keep-CO2_post-prestimulus,product,431,val,0.6216216216216216,0.6215525114155251
aggregated_ranked_features_gas-CO2_keep-CO2_post-prestimulus,product,431,test,0.7279411764705882,0.7236227824463118
aggregated_ranked_features_gas-CO2_keep-CO2_post-prestimulus,product,432,train,0.9697885196374623,0.9697882438846295
aggregated_ranked_features_gas-CO2_keep-CO2_post-prestimulus,product,432,val,0.6216216216216216,0.6213450292397661
aggregated_ranked_features_gas-CO2_keep-CO2_post-prestimulus,product,432,test,0.6911764705882353,0.68125
aggregated_ranked_features_gas-CO2_keep-CO2_post-prestimulus,product,433,train,0.9652567975830816,0.9652567183046848
aggregated_ranked_features_gas-CO2_keep-CO2_post-prestimulus,product,433,val,0.6081081081081081,0.6080365296803653
aggregated_ranked_features_gas-CO2_keep-CO2_post-prestimulus,product,433,test,0.7132352941176471,0.7062309609526447
aggregated_ranked_features_gas-CO2_keep-CO2_post-prestimulus,product,434,train,0.9697885196374623,0.9697885196374623
aggregated_ranked_features_gas-CO2_keep-CO2_post-prestimulus,product,434,val,0.6081081081081081,0.6080365296803653
aggregated_ranked_features_gas-CO2_keep-CO2_post-prestimulus,product,434,test,0.6911764705882353,0.6843501326259946
aggregated_ranked_features_gas-CO2_keep-CO2_post-prestimulus,product,435,train,0.9682779456193353,0.9682778732347123
aggregated_ranked_features_gas-CO2_keep-CO2_post-prestimulus,product,435,val,0.6148648648648649,0.6148472811943569
aggregated_ranked_features_gas-CO2_keep-CO2_post-prestimulus,product,435,test,0.6985294117647058,0.6896532531863973
aggregated_ranked_features_gas-CO2_keep-CO2_post-prestimulus,product,436,train,0.9622356495468278,0.9622355633746574
aggregated_ranked_features_gas-CO2_keep-CO2_post-prestimulus,product,436,val,0.6351351351351351,0.6350684931506849
aggregated_ranked_features_gas-CO2_keep-CO2_post-prestimulus,product,436,test,0.6691176470588235,0.6610357241761284
aggregated_ranked_features_gas-CO2_keep-CO2_post-prestimulus,product,437,train,0.9712990936555891,0.971298504227184
aggregated_ranked_features_gas-CO2_keep-CO2_post-prestimulus,product,437,val,0.6148648648648649,0.6147065540077643
aggregated_ranked_features_gas-CO2_keep-CO2_post-prestimulus,product,437,test,0.6911764705882353,0.6843501326259946
aggregated_ranked_features_gas-CO2_keep-CO2_post-prestimulus,product,438,train,0.9637462235649547,0.9637462235649547
aggregated_ranked_features_gas-CO2_keep-CO2_post-prestimulus,product,438,val,0.6351351351351351,0.6351351351351351
aggregated_ranked_features_gas-CO2_keep-CO2_post-prestimulus,product,438,test,0.6544117647058824,0.6442366560917236
aggregated_ranked_features_gas-CO2_keep-CO2_post-prestimulus,product,439,train,0.9667673716012085,0.9667673716012085
aggregated_ranked_features_gas-CO2_keep-CO2_post-prestimulus,product,439,val,0.6148648648648649,0.6148472811943569
aggregated_ranked_features_gas-CO2_keep-CO2_post-prestimulus,product,439,test,0.6838235294117647,0.6745143874881727
aggregated_ranked_features_gas-CO2_keep-CO2_post-prestimulus,product,440,train,0.9682779456193353,0.9682778732347123
aggregated_ranked_features_gas-CO2_keep-CO2_post-prestimulus,product,440,val,0.6148648648648649,0.6148472811943569
aggregated_ranked_features_gas-CO2_keep-CO2_post-prestimulus,product,440,test,0.6838235294117647,0.6775296388199614
aggregated_ranked_features_gas-CO2_keep-CO2_post-prestimulus,product,441,train,0.9712990936555891,0.971298504227184
aggregated_ranked_features_gas-CO2_keep-CO2_post-prestimulus,product,441,val,0.6351351351351351,0.6350684931506849
aggregated_ranked_features_gas-CO2_keep-CO2_post-prestimulus,product,441,test,0.6764705882352942,0.6660714285714285
aggregated_ranked_features_gas-CO2_keep-CO2_post-prestimulus,product,442,train,0.9712990936555891,0.9712990281647397
aggregated_ranked_features_gas-CO2_keep-CO2_post-prestimulus,product,442,val,0.6216216216216216,0.6216216216216216
aggregated_ranked_features_gas-CO2_keep-CO2_post-prestimulus,product,442,test,0.6985294117647058,0.6896532531863973
aggregated_ranked_features_gas-CO2_keep-CO2_post-prestimulus,product,443,train,0.9697885196374623,0.9697885196374623
aggregated_ranked_features_gas-CO2_keep-CO2_post-prestimulus,product,443,val,0.6148648648648649,0.6148472811943569
aggregated_ranked_features_gas-CO2_keep-CO2_post-prestimulus,product,443,test,0.6838235294117647,0.6745143874881727
aggregated_ranked_features_gas-CO2_keep-CO2_post-prestimulus,product,444,train,0.9697885196374623,0.9697882438846295
aggregated_ranked_features_gas-CO2_keep-CO2_post-prestimulus,product,444,val,0.6351351351351351,0.6351351351351351
aggregated_ranked_features_gas-CO2_keep-CO2_post-prestimulus,product,444,test,0.6985294117647058,0.6911658820271392
aggregated_ranked_features_gas-CO2_keep-CO2_post-prestimulus,product,445,train,0.972809667673716,0.9728086749363345
aggregated_ranked_features_gas-CO2_keep-CO2_post-prestimulus,product,445,val,0.6283783783783784,0.6282256222881937
aggregated_ranked_features_gas-CO2_keep-CO2_post-prestimulus,product,445,test,0.6911764705882353,0.6828780812791473
aggregated_ranked_features_gas-CO2_keep-CO2_post-prestimulus,product,446,train,0.9682779456193353,0.9682778732347123
aggregated_ranked_features_gas-CO2_keep-CO2_post-prestimulus,product,446,val,0.6148648648648649,0.6147065540077643
aggregated_ranked_features_gas-CO2_keep-CO2_post-prestimulus,product,446,test,0.6911764705882353,0.6828780812791473
aggregated_ranked_features_gas-CO2_keep-CO2_post-prestimulus,product,447,train,0.9697885196374623,0.9697882438846295
aggregated_ranked_features_gas-CO2_keep-CO2_post-prestimulus,product,447,val,0.6216216216216216,0.6213450292397661
aggregated_ranked_features_gas-CO2_keep-CO2_post-prestimulus,product,447,test,0.6764705882352942,0.6693191865605659
aggregated_ranked_features_gas-CO2_keep-CO2_post-prestimulus,product,448,train,0.9712990936555891,0.9712990281647397
aggregated_ranked_features_gas-CO2_keep-CO2_post-prestimulus,product,448,val,0.6148648648648649,0.6147065540077643
aggregated_ranked_features_gas-CO2_keep-CO2_post-prestimulus,product,448,test,0.6838235294117647,0.6761008031016339
aggregated_ranked_features_gas-CO2_keep-CO2_post-prestimulus,product,449,train,0.9697885196374623,0.9697882438846295
aggregated_ranked_features_gas-CO2_keep-CO2_post-prestimulus,product,449,val,0.6486486486486487,0.6483918128654971
aggregated_ranked_features_gas-CO2_keep-CO2_post-prestimulus,product,449,test,0.6985294117647058,0.6911658820271392
aggregated_ranked_features_gas-CO2_keep-CO2_post-prestimulus,product,450,train,0.9712990936555891,0.971298504227184
aggregated_ranked_features_gas-CO2_keep-CO2_post-prestimulus,product,450,val,0.6148648648648649,0.6148472811943569
aggregated_ranked_features_gas-CO2_keep-CO2_post-prestimulus,product,450,test,0.6838235294117647,0.6745143874881727
aggregated_ranked_features_gas-CO2_keep-CO2_post-prestimulus,product,451,train,0.9682779456193353,0.9682778732347123
aggregated_ranked_features_gas-CO2_keep-CO2_post-prestimulus,product,451,val,0.6216216216216216,0.6215525114155251
aggregated_ranked_features_gas-CO2_keep-CO2_post-prestimulus,product,451,test,0.6764705882352942,0.6677770375305352
aggregated_ranked_features_gas-CO2_keep-CO2_post-prestimulus,product,452,train,0.972809667673716,0.9728094194961665
aggregated_ranked_features_gas-CO2_keep-CO2_post-prestimulus,product,452,val,0.5945945945945946,0.5942982456140351
aggregated_ranked_features_gas-CO2_keep-CO2_post-prestimulus,product,452,test,0.6764705882352942,0.6719298245614035
aggregated_ranked_features_gas-CO2_keep-CO2_post-prestimulus,product,453,train,0.9652567975830816,0.9652560840644859
aggregated_ranked_features_gas-CO2_keep-CO2_post-prestimulus,product,453,val,0.6216216216216216,0.6213450292397661
aggregated_ranked_features_gas-CO2_keep-CO2_post-prestimulus,product,453,test,0.6985294117647058,0.6896532531863973
aggregated_ranked_features_gas-CO2_keep-CO2_post-prestimulus,product,454,train,0.9697885196374623,0.9697882438846295
aggregated_ranked_features_gas-CO2_keep-CO2_post-prestimulus,product,454,val,0.6351351351351351,0.6351351351351351
aggregated_ranked_features_gas-CO2_keep-CO2_post-prestimulus,product,454,test,0.6985294117647058,0.6879861227687314
aggregated_ranked_features_gas-CO2_keep-CO2_post-prestimulus,product,455,train,0.9667673716012085,0.9667670682730924
aggregated_ranked_features_gas-CO2_keep-CO2_post-prestimulus,product,455,val,0.6216216216216216,0.6216216216216216
aggregated_ranked_features_gas-CO2_keep-CO2_post-prestimulus,product,455,test,0.6617647058823529,0.6508928571428572
aggregated_ranked_features_gas-CO2_keep-CO2_post-prestimulus,product,456,train,0.9682779456193353,0.9682778732347123
aggregated_ranked_features_gas-CO2_keep-CO2_post-prestimulus,product,456,val,0.6148648648648649,0.6148472811943569
aggregated_ranked_features_gas-CO2_keep-CO2_post-prestimulus,product,456,test,0.6617647058823529,0.6526759937819231
aggregated_ranked_features_gas-CO2_keep-CO2_post-prestimulus,product,457,train,0.9712990936555891,0.971298504227184
aggregated_ranked_features_gas-CO2_keep-CO2_post-prestimulus,product,457,val,0.6351351351351351,0.6348684210526316
aggregated_ranked_features_gas-CO2_keep-CO2_post-prestimulus,product,457,test,0.7058823529411765,0.7006383447061413
aggregated_ranked_features_gas-CO2_keep-CO2_post-prestimulus,product,458,train,0.9712990936555891,0.9712990281647397
aggregated_ranked_features_gas-CO2_keep-CO2_post-prestimulus,product,458,val,0.6081081081081081,0.6080365296803653
aggregated_ranked_features_gas-CO2_keep-CO2_post-prestimulus,product,458,test,0.6617647058823529,0.6526759937819231
aggregated_ranked_features_gas-CO2_keep-CO2_post-prestimulus,product,459,train,0.9667673716012085,0.9667670682730924
aggregated_ranked_features_gas-CO2_keep-CO2_post-prestimulus,product,459,val,0.6013513513513513,0.6013331507099484
aggregated_ranked_features_gas-CO2_keep-CO2_post-prestimulus,product,459,test,0.6911764705882353,0.6828780812791473
aggregated_ranked_features_gas-CO2_keep-CO2_post-prestimulus,product,460,train,0.9712990936555891,0.9712990281647397
aggregated_ranked_features_gas-CO2_keep-CO2_post-prestimulus,product,460,val,0.6148648648648649,0.6147065540077643
aggregated_ranked_features_gas-CO2_keep-CO2_post-prestimulus,product,460,test,0.7132352941176471,0.7075268817204301
aggregated_ranked_features_gas-CO2_keep-CO2_post-prestimulus,product,461,train,0.9682779456193353,0.9682778732347123
aggregated_ranked_features_gas-CO2_keep-CO2_post-prestimulus,product,461,val,0.6283783783783784,0.6282256222881937
aggregated_ranked_features_gas-CO2_keep-CO2_post-prestimulus,product,461,test,0.6838235294117647,0.6775296388199614
aggregated_ranked_features_gas-CO2_keep-CO2_post-prestimulus,product,462,train,0.9712990936555891,0.9712990281647397
aggregated_ranked_features_gas-CO2_keep-CO2_post-prestimulus,product,462,val,0.6081081081081081,0.6080365296803653
aggregated_ranked_features_gas-CO2_keep-CO2_post-prestimulus,product,462,test,0.6911764705882353,0.6828780812791473
aggregated_ranked_features_gas-CO2_keep-CO2_post-prestimulus,product,463,train,0.9682779456193353,0.9682778732347123
aggregated_ranked_features_gas-CO2_keep-CO2_post-prestimulus,product,463,val,0.6148648648648649,0.6147065540077643
aggregated_ranked_features_gas-CO2_keep-CO2_post-prestimulus,product,463,test,0.6985294117647058,0.6911658820271392
aggregated_ranked_features_gas-CO2_keep-CO2_post-prestimulus,product,464,train,0.9652567975830816,0.9652567183046848
aggregated_ranked_features_gas-CO2_keep-CO2_post-prestimulus,product,464,val,0.6148648648648649,0.6147065540077643
aggregated_ranked_features_gas-CO2_keep-CO2_post-prestimulus,product,464,test,0.6764705882352942,0.6677770375305352
aggregated_ranked_features_gas-CO2_keep-CO2_post-prestimulus,product,465,train,0.972809667673716,0.9728094194961665
aggregated_ranked_features_gas-CO2_keep-CO2_post-prestimulus,product,465,val,0.6013513513513513,0.6011874857273349
aggregated_ranked_features_gas-CO2_keep-CO2_post-prestimulus,product,465,test,0.6838235294117647,0.6775296388199614
aggregated_ranked_features_gas-CO2_keep-CO2_post-prestimulus,product,466,train,0.9697885196374623,0.9697882438846295
aggregated_ranked_features_gas-CO2_keep-CO2_post-prestimulus,product,466,val,0.6351351351351351,0.6351351351351351
aggregated_ranked_features_gas-CO2_keep-CO2_post-prestimulus,product,466,test,0.6911764705882353,0.68125
aggregated_ranked_features_gas-CO2_keep-CO2_post-prestimulus,product,467,train,0.972809667673716,0.9728094194961665
aggregated_ranked_features_gas-CO2_keep-CO2_post-prestimulus,product,467,val,0.6148648648648649,0.6148472811943569
aggregated_ranked_features_gas-CO2_keep-CO2_post-prestimulus,product,467,test,0.7058823529411765,0.6979791250277593
aggregated_ranked_features_gas-CO2_keep-CO2_post-prestimulus,product,468,train,0.9697885196374623,0.9697885196374623
aggregated_ranked_features_gas-CO2_keep-CO2_post-prestimulus,product,468,val,0.6148648648648649,0.6147065540077643
aggregated_ranked_features_gas-CO2_keep-CO2_post-prestimulus,product,468,test,0.6985294117647058,0.6925282602701958
aggregated_ranked_features_gas-CO2_keep-CO2_post-prestimulus,product,469,train,0.9667673716012085,0.9667670682730924
aggregated_ranked_features_gas-CO2_keep-CO2_post-prestimulus,product,469,val,0.6283783783783784,0.6283614116787655
aggregated_ranked_features_gas-CO2_keep-CO2_post-prestimulus,product,469,test,0.7058823529411765,0.6993810786914235
aggregated_ranked_features_gas-CO2_keep-CO2_post-prestimulus,product,470,train,0.9712990936555891,0.9712990281647397
aggregated_ranked_features_gas-CO2_keep-CO2_post-prestimulus,product,470,val,0.6216216216216216,0.6215525114155251
aggregated_ranked_features_gas-CO2_keep-CO2_post-prestimulus,product,470,test,0.7058823529411765,0.6993810786914235
aggregated_ranked_features_gas-CO2_keep-CO2_post-prestimulus,product,471,train,0.9667673716012085,0.9667670682730924
aggregated_ranked_features_gas-CO2_keep-CO2_post-prestimulus,product,471,val,0.6081081081081081,0.6080365296803653
aggregated_ranked_features_gas-CO2_keep-CO2_post-prestimulus,product,471,test,0.6764705882352942,0.6677770375305352
aggregated_ranked_features_gas-CO2_keep-CO2_post-prestimulus,product,472,train,0.972809667673716,0.9728094194961665
aggregated_ranked_features_gas-CO2_keep-CO2_post-prestimulus,product,472,val,0.6283783783783784,0.6283614116787655
aggregated_ranked_features_gas-CO2_keep-CO2_post-prestimulus,product,472,test,0.7205882352941176,0.7144120247568524
aggregated_ranked_features_gas-CO2_keep-CO2_post-prestimulus,product,473,train,0.9667673716012085,0.9667670682730924
aggregated_ranked_features_gas-CO2_keep-CO2_post-prestimulus,product,473,val,0.6283783783783784,0.6283614116787655
aggregated_ranked_features_gas-CO2_keep-CO2_post-prestimulus,product,473,test,0.7132352941176471,0.7075268817204301
aggregated_ranked_features_gas-CO2_keep-CO2_post-prestimulus,product,474,train,0.9697885196374623,0.9697885196374623
aggregated_ranked_features_gas-CO2_keep-CO2_post-prestimulus,product,474,val,0.6148648648648649,0.6148472811943569
aggregated_ranked_features_gas-CO2_keep-CO2_post-prestimulus,product,474,test,0.6838235294117647,0.6745143874881727
aggregated_ranked_features_gas-CO2_keep-CO2_post-prestimulus,product,475,train,0.9697885196374623,0.9697885196374623
aggregated_ranked_features_gas-CO2_keep-CO2_post-prestimulus,product,475,val,0.6081081081081081,0.6080365296803653
aggregated_ranked_features_gas-CO2_keep-CO2_post-prestimulus,product,475,test,0.6911764705882353,0.6856702619414483
aggregated_ranked_features_gas-CO2_keep-CO2_post-prestimulus,product,476,train,0.9712990936555891,0.9712990281647397
aggregated_ranked_features_gas-CO2_keep-CO2_post-prestimulus,product,476,val,0.6148648648648649,0.6147065540077643
aggregated_ranked_features_gas-CO2_keep-CO2_post-prestimulus,product,476,test,0.7279411764705882,0.7225255031706644
aggregated_ranked_features_gas-CO2_keep-CO2_post-prestimulus,product,477,train,0.9682779456193353,0.9682778732347123
aggregated_ranked_features_gas-CO2_keep-CO2_post-prestimulus,product,477,val,0.6216216216216216,0.6216216216216216
aggregated_ranked_features_gas-CO2_keep-CO2_post-prestimulus,product,477,test,0.6985294117647058,0.6925282602701958
aggregated_ranked_features_gas-CO2_keep-CO2_post-prestimulus,product,478,train,0.972809667673716,0.9728094194961665
aggregated_ranked_features_gas-CO2_keep-CO2_post-prestimulus,product,478,val,0.6216216216216216,0.6213450292397661
aggregated_ranked_features_gas-CO2_keep-CO2_post-prestimulus,product,478,test,0.6691176470588235,0.6610357241761284
aggregated_ranked_features_gas-CO2_keep-CO2_post-prestimulus,product,479,train,0.9697885196374623,0.9697882438846295
aggregated_ranked_features_gas-CO2_keep-CO2_post-prestimulus,product,479,val,0.6148648648648649,0.6147065540077643
aggregated_ranked_features_gas-CO2_keep-CO2_post-prestimulus,product,479,test,0.6911764705882353,0.68125
aggregated_ranked_features_gas-CO2_keep-CO2_post-prestimulus,product,480,train,0.972809667673716,0.9728094194961665
aggregated_ranked_features_gas-CO2_keep-CO2_post-prestimulus,product,480,val,0.6013513513513513,0.6013331507099484
aggregated_ranked_features_gas-CO2_keep-CO2_post-prestimulus,product,480,test,0.6691176470588235,0.6610357241761284
aggregated_ranked_features_gas-CO2_keep-CO2_post-prestimulus,product,481,train,0.9712990936555891,0.9712990281647397
aggregated_ranked_features_gas-CO2_keep-CO2_post-prestimulus,product,481,val,0.6148648648648649,0.6147065540077643
aggregated_ranked_features_gas-CO2_keep-CO2_post-prestimulus,product,481,test,0.7132352941176471,0.7062309609526447
aggregated_ranked_features_gas-CO2_keep-CO2_post-prestimulus,product,482,train,0.9697885196374623,0.9697882438846295
aggregated_ranked_features_gas-CO2_keep-CO2_post-prestimulus,product,482,val,0.6148648648648649,0.6148472811943569
aggregated_ranked_features_gas-CO2_keep-CO2_post-prestimulus,product,482,test,0.6985294117647058,0.6896532531863973
aggregated_ranked_features_gas-CO2_keep-CO2_post-prestimulus,product,483,train,0.974320241691843,0.974320183094767
aggregated_ranked_features_gas-CO2_keep-CO2_post-prestimulus,product,483,val,0.6216216216216216,0.6216216216216216
aggregated_ranked_features_gas-CO2_keep-CO2_post-prestimulus,product,483,test,0.6985294117647058,0.6911658820271392
aggregated_ranked_features_gas-CO2_keep-CO2_post-prestimulus,product,484,train,0.9697885196374623,0.9697885196374623
aggregated_ranked_features_gas-CO2_keep-CO2_post-prestimulus,product,484,val,0.6148648648648649,0.6148472811943569
aggregated_ranked_features_gas-CO2_keep-CO2_post-prestimulus,product,484,test,0.6764705882352942,0.6660714285714285
aggregated_ranked_features_gas-CO2_keep-CO2_post-prestimulus,product,485,train,0.9697885196374623,0.9697885196374623
aggregated_ranked_features_gas-CO2_keep-CO2_post-prestimulus,product,485,val,0.5945945945945946,0.5945945945945946
aggregated_ranked_features_gas-CO2_keep-CO2_post-prestimulus,product,485,test,0.7132352941176471,0.7062309609526447
aggregated_ranked_features_gas-CO2_keep-CO2_post-prestimulus,product,486,train,0.974320241691843,0.974320183094767
aggregated_ranked_features_gas-CO2_keep-CO2_post-prestimulus,product,486,val,0.6081081081081081,0.6081081081081081
aggregated_ranked_features_gas-CO2_keep-CO2_post-prestimulus,product,486,test,0.6985294117647058,0.6911658820271392
aggregated_ranked_features_gas-CO2_keep-CO2_post-prestimulus,product,487,train,0.9667673716012085,0.9667670682730924
aggregated_ranked_features_gas-CO2_keep-CO2_post-prestimulus,product,487,val,0.6148648648648649,0.614424790895379
aggregated_ranked_features_gas-CO2_keep-CO2_post-prestimulus,product,487,test,0.6764705882352942,0.6677770375305352
aggregated_ranked_features_gas-CO2_keep-CO2_post-prestimulus,product,488,train,0.972809667673716,0.9728094194961665
aggregated_ranked_features_gas-CO2_keep-CO2_post-prestimulus,product,488,val,0.6216216216216216,0.6215525114155251
aggregated_ranked_features_gas-CO2_keep-CO2_post-prestimulus,product,488,test,0.6911764705882353,0.6856702619414483
aggregated_ranked_features_gas-CO2_keep-CO2_post-prestimulus,product,489,train,0.9712990936555891,0.9712990281647397
aggregated_ranked_features_gas-CO2_keep-CO2_post-prestimulus,product,489,val,0.6283783783783784,0.6282256222881937
aggregated_ranked_features_gas-CO2_keep-CO2_post-prestimulus,product,489,test,0.6764705882352942,0.6677770375305352
aggregated_ranked_features_gas-CO2_keep-CO2_post-prestimulus,product,490,train,0.9697885196374623,0.9697885196374623
aggregated_ranked_features_gas-CO2_keep-CO2_post-prestimulus,product,490,val,0.6081081081081081,0.6080365296803653
aggregated_ranked_features_gas-CO2_keep-CO2_post-prestimulus,product,490,test,0.6911764705882353,0.6828780812791473
aggregated_ranked_features_gas-CO2_keep-CO2_post-prestimulus,product,491,train,0.9697885196374623,0.9697882438846295
aggregated_ranked_features_gas-CO2_keep-CO2_post-prestimulus,product,491,val,0.6081081081081081,0.6080365296803653
aggregated_ranked_features_gas-CO2_keep-CO2_post-prestimulus,product,491,test,0.6838235294117647,0.6761008031016339
aggregated_ranked_features_gas-CO2_keep-CO2_post-prestimulus,product,492,train,0.9773413897280967,0.9773413380247944
aggregated_ranked_features_gas-CO2_keep-CO2_post-prestimulus,product,492,val,0.6418918918918919,0.641744690568623
aggregated_ranked_features_gas-CO2_keep-CO2_post-prestimulus,product,492,test,0.6617647058823529,0.6526759937819231
aggregated_ranked_features_gas-CO2_keep-CO2_post-prestimulus,product,493,train,0.9682779456193353,0.9682778732347123
aggregated_ranked_features_gas-CO2_keep-CO2_post-prestimulus,product,493,val,0.6283783783783784,0.6279537456008044
aggregated_ranked_features_gas-CO2_keep-CO2_post-prestimulus,product,493,test,0.7058823529411765,0.6979791250277593
aggregated_ranked_features_gas-CO2_keep-CO2_post-prestimulus,product,494,train,0.9712990936555891,0.9712990281647397
aggregated_ranked_features_gas-CO2_keep-CO2_post-prestimulus,product,494,val,0.6081081081081081,0.6080365296803653
aggregated_ranked_features_gas-CO2_keep-CO2_post-prestimulus,product,494,test,0.6764705882352942,0.6660714285714285
aggregated_ranked_features_gas-CO2_keep-CO2_post-prestimulus,product,495,train,0.972809667673716,0.972809667673716
aggregated_ranked_features_gas-CO2_keep-CO2_post-prestimulus,product,495,val,0.6148648648648649,0.6148472811943569
aggregated_ranked_features_gas-CO2_keep-CO2_post-prestimulus,product,495,test,0.6985294117647058,0.6925282602701958
aggregated_ranked_features_gas-CO2_keep-CO2_post-prestimulus,product,496,train,0.974320241691843,0.974320183094767
aggregated_ranked_features_gas-CO2_keep-CO2_post-prestimulus,product,496,val,0.6216216216216216,0.6215525114155251
aggregated_ranked_features_gas-CO2_keep-CO2_post-prestimulus,product,496,test,0.6838235294117647,0.6761008031016339
aggregated_ranked_features_gas-CO2_keep-CO2_post-prestimulus,product,497,train,0.9773413897280967,0.9773413380247944
aggregated_ranked_features_gas-CO2_keep-CO2_post-prestimulus,product,497,val,0.6216216216216216,0.6215525114155251
aggregated_ranked_features_gas-CO2_keep-CO2_post-prestimulus,product,497,test,0.6838235294117647,0.6745143874881727
aggregated_ranked_features_gas-CO2_keep-CO2_post-prestimulus,product,498,train,0.9697885196374623,0.9697882438846295
aggregated_ranked_features_gas-CO2_keep-CO2_post-prestimulus,product,498,val,0.6216216216216216,0.6213450292397661
aggregated_ranked_features_gas-CO2_keep-CO2_post-prestimulus,product,498,test,0.6911764705882353,0.6843501326259946
aggregated_ranked_features_gas-CO2_keep-CO2_post-prestimulus,product,499,train,0.972809667673716,0.9728094194961665
aggregated_ranked_features_gas-CO2_keep-CO2_post-prestimulus,product,499,val,0.6148648648648649,0.6148472811943569
aggregated_ranked_features_gas-CO2_keep-CO2_post-prestimulus,product,499,test,0.6838235294117647,0.6727659336354989
aggregated_ranked_features_gas-CO2_keep-CO2_post-prestimulus,product,500,train,0.974320241691843,0.974320183094767
aggregated_ranked_features_gas-CO2_keep-CO2_post-prestimulus,product,500,val,0.5945945945945946,0.5945205479452055
aggregated_ranked_features_gas-CO2_keep-CO2_post-prestimulus,product,500,test,0.6985294117647058,0.6896532531863973
aggregated_ranked_features_gas-CO2_keep-CO2_post-prestimulus,product,501,train,0.9712990936555891,0.9712990281647397
aggregated_ranked_features_gas-CO2_keep-CO2_post-prestimulus,product,501,val,0.6283783783783784,0.6283614116787655
aggregated_ranked_features_gas-CO2_keep-CO2_post-prestimulus,product,501,test,0.7058823529411765,0.6979791250277593
aggregated_ranked_features_gas-CO2_keep-CO2_post-prestimulus,product,502,train,0.9697885196374623,0.9697885196374623
aggregated_ranked_features_gas-CO2_keep-CO2_post-prestimulus,product,502,val,0.6216216216216216,0.6215525114155251
aggregated_ranked_features_gas-CO2_keep-CO2_post-prestimulus,product,502,test,0.6838235294117647,0.6761008031016339
aggregated_ranked_features_gas-CO2_keep-CO2_post-prestimulus,product,503,train,0.9697885196374623,0.9697885196374623
aggregated_ranked_features_gas-CO2_keep-CO2_post-prestimulus,product,503,val,0.6216216216216216,0.6215525114155251
aggregated_ranked_features_gas-CO2_keep-CO2_post-prestimulus,product,503,test,0.6764705882352942,0.6677770375305352
aggregated_ranked_features_gas-CO2_keep-CO2_post-prestimulus,product,504,train,0.9712990936555891,0.9712990281647397
aggregated_ranked_features_gas-CO2_keep-CO2_post-prestimulus,product,504,val,0.6486486486486487,0.6486486486486487
aggregated_ranked_features_gas-CO2_keep-CO2_post-prestimulus,product,504,test,0.6985294117647058,0.6911658820271392
aggregated_ranked_features_gas-CO2_keep-CO2_post-prestimulus,product,505,train,0.9667673716012085,0.9667670682730924
aggregated_ranked_features_gas-CO2_keep-CO2_post-prestimulus,product,505,val,0.6148648648648649,0.6148472811943569
aggregated_ranked_features_gas-CO2_keep-CO2_post-prestimulus,product,505,test,0.6911764705882353,0.6843501326259946
aggregated_ranked_features_gas-CO2_keep-CO2_post-prestimulus,product,506,train,0.9712990936555891,0.9712990281647397
aggregated_ranked_features_gas-CO2_keep-CO2_post-prestimulus,product,506,val,0.6148648648648649,0.6148472811943569
aggregated_ranked_features_gas-CO2_keep-CO2_post-prestimulus,product,506,test,0.7279411764705882,0.7225255031706644
aggregated_ranked_features_gas-CO2_keep-CO2_post-prestimulus,product,507,train,0.9697885196374623,0.9697882438846295
aggregated_ranked_features_gas-CO2_keep-CO2_post-prestimulus,product,507,val,0.6216216216216216,0.6213450292397661
aggregated_ranked_features_gas-CO2_keep-CO2_post-prestimulus,product,507,test,0.7058823529411765,0.7017543859649122
aggregated_ranked_features_gas-CO2_keep-CO2_post-prestimulus,product,508,train,0.9773413897280967,0.9773413380247944
aggregated_ranked_features_gas-CO2_keep-CO2_post-prestimulus,product,508,val,0.6216216216216216,0.6215525114155251
aggregated_ranked_features_gas-CO2_keep-CO2_post-prestimulus,product,508,test,0.6911764705882353,0.6828780812791473
aggregated_ranked_features_gas-CO2_keep-CO2_post-prestimulus,product,509,train,0.972809667673716,0.9728094194961665
aggregated_ranked_features_gas-CO2_keep-CO2_post-prestimulus,product,509,val,0.6081081081081081,0.6078216374269005
aggregated_ranked_features_gas-CO2_keep-CO2_post-prestimulus,product,509,test,0.6691176470588235,0.6593755217899482
aggregated_ranked_features_gas-CO2_keep-CO2_post-prestimulus,product,510,train,0.972809667673716,0.9728094194961665
aggregated_ranked_features_gas-CO2_keep-CO2_post-prestimulus,product,510,val,0.6283783783783784,0.6283614116787655
aggregated_ranked_features_gas-CO2_keep-CO2_post-prestimulus,product,510,test,0.6617647058823529,0.6489337822671155
aggregated_ranked_features_gas-CO2_keep-CO2_post-prestimulus,product,511,train,0.9697885196374623,0.9697885196374623
aggregated_ranked_features_gas-CO2_keep-CO2_post-prestimulus,product,511,val,0.6216216216216216,0.6213450292397661
aggregated_ranked_features_gas-CO2_keep-CO2_post-prestimulus,product,511,test,0.6764705882352942,0.6693191865605659
aggregated_ranked_features_gas-CO2_keep-CO2_post-prestimulus,product,512,train,0.974320241691843,0.974320183094767
aggregated_ranked_features_gas-CO2_keep-CO2_post-prestimulus,product,512,val,0.6148648648648649,0.6148472811943569
aggregated_ranked_features_gas-CO2_keep-CO2_post-prestimulus,product,512,test,0.7279411764705882,0.7199309845828463
aggregated_ranked_features_gas-CO2_keep-CO2_post-prestimulus,product,513,train,0.9712990936555891,0.9712990281647397
aggregated_ranked_features_gas-CO2_keep-CO2_post-prestimulus,product,513,val,0.6216216216216216,0.6215525114155251
aggregated_ranked_features_gas-CO2_keep-CO2_post-prestimulus,product,513,test,0.6838235294117647,0.6745143874881727
aggregated_ranked_features_gas-CO2_keep-CO2_post-prestimulus,product,514,train,0.9712990936555891,0.971298504227184
aggregated_ranked_features_gas-CO2_keep-CO2_post-prestimulus,product,514,val,0.6216216216216216,0.6215525114155251
aggregated_ranked_features_gas-CO2_keep-CO2_post-prestimulus,product,514,test,0.6985294117647058,0.6937441643323996
aggregated_ranked_features_gas-CO2_keep-CO2_post-prestimulus,product,515,train,0.9712990936555891,0.9712990281647397
aggregated_ranked_features_gas-CO2_keep-CO2_post-prestimulus,product,515,val,0.6283783783783784,0.6283614116787655
aggregated_ranked_features_gas-CO2_keep-CO2_post-prestimulus,product,515,test,0.6838235294117647,0.6745143874881727
aggregated_ranked_features_gas-CO2_keep-CO2_post-prestimulus,product,516,train,0.9667673716012085,0.9667673716012085
aggregated_ranked_features_gas-CO2_keep-CO2_post-prestimulus,product,516,val,0.6216216216216216,0.6216216216216216
aggregated_ranked_features_gas-CO2_keep-CO2_post-prestimulus,product,516,test,0.6764705882352942,0.6677770375305352
aggregated_ranked_features_gas-CO2_keep-CO2_post-prestimulus,product,517,train,0.9758308157099698,0.9758305951077035
aggregated_ranked_features_gas-CO2_keep-CO2_post-prestimulus,product,517,val,0.6013513513513513,0.6013331507099484
aggregated_ranked_features_gas-CO2_keep-CO2_post-prestimulus,product,517,test,0.6764705882352942,0.6693191865605659
aggregated_ranked_features_gas-CO2_keep-CO2_post-prestimulus,product,518,train,0.9697885196374623,0.9697882438846295
aggregated_ranked_features_gas-CO2_keep-CO2_post-prestimulus,product,518,val,0.6081081081081081,0.6080365296803653
aggregated_ranked_features_gas-CO2_keep-CO2_post-prestimulus,product,518,test,0.6764705882352942,0.6693191865605659
aggregated_ranked_features_gas-CO2_keep-CO2_post-prestimulus,product,519,train,0.9712990936555891,0.9712990281647397
aggregated_ranked_features_gas-CO2_keep-CO2_post-prestimulus,product,519,val,0.6216216216216216,0.6215525114155251
aggregated_ranked_features_gas-CO2_keep-CO2_post-prestimulus,product,519,test,0.7058823529411765,0.6979791250277593
aggregated_ranked_features_gas-CO2_keep-CO2_post-prestimulus,product,520,train,0.9712990936555891,0.9712990281647397
aggregated_ranked_features_gas-CO2_keep-CO2_post-prestimulus,product,520,val,0.6216216216216216,0.6216216216216216
aggregated_ranked_features_gas-CO2_keep-CO2_post-prestimulus,product,520,test,0.6764705882352942,0.6693191865605659
aggregated_ranked_features_gas-CO2_keep-CO2_post-prestimulus,product,521,train,0.9712990936555891,0.9712990281647397
aggregated_ranked_features_gas-CO2_keep-CO2_post-prestimulus,product,521,val,0.6013513513513513,0.6013331507099484
aggregated_ranked_features_gas-CO2_keep-CO2_post-prestimulus,product,521,test,0.6617647058823529,0.6526759937819231
aggregated_ranked_features_gas-CO2_keep-CO2_post-prestimulus,product,522,train,0.974320241691843,0.974320183094767
aggregated_ranked_features_gas-CO2_keep-CO2_post-prestimulus,product,522,val,0.5945945945945946,0.5945945945945946
aggregated_ranked_features_gas-CO2_keep-CO2_post-prestimulus,product,522,test,0.6617647058823529,0.6508928571428572
aggregated_ranked_features_gas-CO2_keep-CO2_post-prestimulus,product,523,train,0.9712990936555891,0.971298504227184
aggregated_ranked_features_gas-CO2_keep-CO2_post-prestimulus,product,523,val,0.6351351351351351,0.6350684931506849
aggregated_ranked_features_gas-CO2_keep-CO2_post-prestimulus,product,523,test,0.6911764705882353,0.6843501326259946
aggregated_ranked_features_gas-CO2_keep-CO2_post-prestimulus,product,524,train,0.9788519637462235,0.9788519637462235
aggregated_ranked_features_gas-CO2_keep-CO2_post-prestimulus,product,524,val,0.6081081081081081,0.6078216374269005
aggregated_ranked_features_gas-CO2_keep-CO2_post-prestimulus,product,524,test,0.6911764705882353,0.6843501326259946
aggregated_ranked_features_gas-CO2_keep-CO2_post-prestimulus,product,525,train,0.974320241691843,0.974320183094767
aggregated_ranked_features_gas-CO2_keep-CO2_post-prestimulus,product,525,val,0.6216216216216216,0.6215525114155251
aggregated_ranked_features_gas-CO2_keep-CO2_post-prestimulus,product,525,test,0.7058823529411765,0.6979791250277593
aggregated_ranked_features_gas-CO2_keep-CO2_post-prestimulus,product,526,train,0.974320241691843,0.9743197143085331
aggregated_ranked_features_gas-CO2_keep-CO2_post-prestimulus,product,526,val,0.6013513513513513,0.6011874857273349
aggregated_ranked_features_gas-CO2_keep-CO2_post-prestimulus,product,526,test,0.6911764705882353,0.6828780812791473
aggregated_ranked_features_gas-CO2_keep-CO2_post-prestimulus,product,527,train,0.972809667673716,0.972809667673716
aggregated_ranked_features_gas-CO2_keep-CO2_post-prestimulus,product,527,val,0.6148648648648649,0.6148472811943569
aggregated_ranked_features_gas-CO2_keep-CO2_post-prestimulus,product,527,test,0.6764705882352942,0.6677770375305352
aggregated_ranked_features_gas-CO2_keep-CO2_post-prestimulus,product,528,train,0.9773413897280967,0.9773413380247944
aggregated_ranked_features_gas-CO2_keep-CO2_post-prestimulus,product,528,val,0.6148648648648649,0.6148472811943569
aggregated_ranked_features_gas-CO2_keep-CO2_post-prestimulus,product,528,test,0.7058823529411765,0.6979791250277593
aggregated_ranked_features_gas-CO2_keep-CO2_post-prestimulus,product,529,train,0.9712990936555891,0.971298504227184
aggregated_ranked_features_gas-CO2_keep-CO2_post-prestimulus,product,529,val,0.6283783783783784,0.6283614116787655
aggregated_ranked_features_gas-CO2_keep-CO2_post-prestimulus,product,529,test,0.6838235294117647,0.6745143874881727
aggregated_ranked_features_gas-CO2_keep-CO2_post-prestimulus,product,530,train,0.974320241691843,0.974320183094767
aggregated_ranked_features_gas-CO2_keep-CO2_post-prestimulus,product,530,val,0.6351351351351351,0.6350684931506849
aggregated_ranked_features_gas-CO2_keep-CO2_post-prestimulus,product,530,test,0.6691176470588235,0.6625310173697271
aggregated_ranked_features_gas-CO2_keep-CO2_post-prestimulus,product,531,train,0.9758308157099698,0.9758308157099698
aggregated_ranked_features_gas-CO2_keep-CO2_post-prestimulus,product,531,val,0.6283783783783784,0.6282256222881937
aggregated_ranked_features_gas-CO2_keep-CO2_post-prestimulus,product,531,test,0.6985294117647058,0.6937441643323996
aggregated_ranked_features_gas-CO2_keep-CO2_post-prestimulus,product,532,train,0.974320241691843,0.974320183094767
aggregated_ranked_features_gas-CO2_keep-CO2_post-prestimulus,product,532,val,0.6216216216216216,0.6216216216216216
aggregated_ranked_features_gas-CO2_keep-CO2_post-prestimulus,product,532,test,0.6764705882352942,0.6660714285714285
aggregated_ranked_features_gas-CO2_keep-CO2_post-prestimulus,product,533,train,0.974320241691843,0.974320183094767
aggregated_ranked_features_gas-CO2_keep-CO2_post-prestimulus,product,533,val,0.6013513513513513,0.6013331507099484
aggregated_ranked_features_gas-CO2_keep-CO2_post-prestimulus,product,533,test,0.7132352941176471,0.7075268817204301
aggregated_ranked_features_gas-CO2_keep-CO2_post-prestimulus,product,534,train,0.9758308157099698,0.9758308157099698
aggregated_ranked_features_gas-CO2_keep-CO2_post-prestimulus,product,534,val,0.6013513513513513,0.6013331507099484
aggregated_ranked_features_gas-CO2_keep-CO2_post-prestimulus,product,534,test,0.6838235294117647,0.6788048552754435
aggregated_ranked_features_gas-CO2_keep-CO2_post-prestimulus,product,535,train,0.9712990936555891,0.971298504227184
aggregated_ranked_features_gas-CO2_keep-CO2_post-prestimulus,product,535,val,0.6081081081081081,0.6080365296803653
aggregated_ranked_features_gas-CO2_keep-CO2_post-prestimulus,product,535,test,0.6691176470588235,0.6610357241761284
aggregated_ranked_features_gas-CO2_keep-CO2_post-prestimulus,product,536,train,0.974320241691843,0.974320183094767
aggregated_ranked_features_gas-CO2_keep-CO2_post-prestimulus,product,536,val,0.6351351351351351,0.6350684931506849
aggregated_ranked_features_gas-CO2_keep-CO2_post-prestimulus,product,536,test,0.6691176470588235,0.6593755217899482
aggregated_ranked_features_gas-CO2_keep-CO2_post-prestimulus,product,537,train,0.974320241691843,0.9743197143085331
aggregated_ranked_features_gas-CO2_keep-CO2_post-prestimulus,product,537,val,0.6216216216216216,0.6216216216216216
aggregated_ranked_features_gas-CO2_keep-CO2_post-prestimulus,product,537,test,0.6911764705882353,0.6794612794612794
aggregated_ranked_features_gas-CO2_keep-CO2_post-prestimulus,product,538,train,0.974320241691843,0.974320183094767
aggregated_ranked_features_gas-CO2_keep-CO2_post-prestimulus,product,538,val,0.6013513513513513,0.6013331507099484
aggregated_ranked_features_gas-CO2_keep-CO2_post-prestimulus,product,538,test,0.6838235294117647,0.6745143874881727
aggregated_ranked_features_gas-CO2_keep-CO2_post-prestimulus,product,539,train,0.972809667673716,0.9728094194961665
aggregated_ranked_features_gas-CO2_keep-CO2_post-prestimulus,product,539,val,0.6013513513513513,0.6013331507099484
aggregated_ranked_features_gas-CO2_keep-CO2_post-prestimulus,product,539,test,0.6691176470588235,0.6610357241761284
aggregated_ranked_features_gas-CO2_keep-CO2_post-prestimulus,product,540,train,0.974320241691843,0.974320183094767
aggregated_ranked_features_gas-CO2_keep-CO2_post-prestimulus,product,540,val,0.6081081081081081,0.6081081081081081
aggregated_ranked_features_gas-CO2_keep-CO2_post-prestimulus,product,540,test,0.7132352941176471,0.7062309609526447
aggregated_ranked_features_gas-CO2_keep-CO2_post-prestimulus,product,541,train,0.9773413897280967,0.9773413380247944
aggregated_ranked_features_gas-CO2_keep-CO2_post-prestimulus,product,541,val,0.6013513513513513,0.6013331507099484
aggregated_ranked_features_gas-CO2_keep-CO2_post-prestimulus,product,541,test,0.6544117647058824,0.6459706452506231
aggregated_ranked_features_gas-CO2_keep-CO2_post-prestimulus,product,542,train,0.9758308157099698,0.9758305951077035
aggregated_ranked_features_gas-CO2_keep-CO2_post-prestimulus,product,542,val,0.6013513513513513,0.6013331507099484
aggregated_ranked_features_gas-CO2_keep-CO2_post-prestimulus,product,542,test,0.6764705882352942,0.6677770375305352
aggregated_ranked_features_gas-CO2_keep-CO2_post-prestimulus,product,543,train,0.9758308157099698,0.9758305951077035
aggregated_ranked_features_gas-CO2_keep-CO2_post-prestimulus,product,543,val,0.6216216216216216,0.6216216216216216
aggregated_ranked_features_gas-CO2_keep-CO2_post-prestimulus,product,543,test,0.6911764705882353,0.6843501326259946
aggregated_ranked_features_gas-CO2_keep-CO2_post-prestimulus,product,544,train,0.9758308157099698,0.9758305951077035
aggregated_ranked_features_gas-CO2_keep-CO2_post-prestimulus,product,544,val,0.6081081081081081,0.6081081081081081
aggregated_ranked_features_gas-CO2_keep-CO2_post-prestimulus,product,544,test,0.6764705882352942,0.6641975308641975
aggregated_ranked_features_gas-CO2_keep-CO2_post-prestimulus,product,545,train,0.9758308157099698,0.9758305951077035
aggregated_ranked_features_gas-CO2_keep-CO2_post-prestimulus,product,545,val,0.6081081081081081,0.6080365296803653
aggregated_ranked_features_gas-CO2_keep-CO2_post-prestimulus,product,545,test,0.6838235294117647,0.6761008031016339
aggregated_ranked_features_gas-CO2_keep-CO2_post-prestimulus,product,546,train,0.9682779456193353,0.9682778732347123
aggregated_ranked_features_gas-CO2_keep-CO2_post-prestimulus,product,546,val,0.6283783783783784,0.6282256222881937
aggregated_ranked_features_gas-CO2_keep-CO2_post-prestimulus,product,546,test,0.6617647058823529,0.6526759937819231
aggregated_ranked_features_gas-CO2_keep-CO2_post-prestimulus,product,547,train,0.9697885196374623,0.9697874165959273
aggregated_ranked_features_gas-CO2_keep-CO2_post-prestimulus,product,547,val,0.5945945945945946,0.5945945945945946
aggregated_ranked_features_gas-CO2_keep-CO2_post-prestimulus,product,547,test,0.6911764705882353,0.6843501326259946
aggregated_ranked_features_gas-CO2_keep-CO2_post-prestimulus,product,548,train,0.972809667673716,0.9728094194961665
aggregated_ranked_features_gas-CO2_keep-CO2_post-prestimulus,product,548,val,0.6081081081081081,0.6078216374269005
aggregated_ranked_features_gas-CO2_keep-CO2_post-prestimulus,product,548,test,0.6764705882352942,0.6677770375305352
aggregated_ranked_features_gas-CO2_keep-CO2_post-prestimulus,product,549,train,0.974320241691843,0.974320183094767
aggregated_ranked_features_gas-CO2_keep-CO2_post-prestimulus,product,549,val,0.6283783783783784,0.6283614116787655
aggregated_ranked_features_gas-CO2_keep-CO2_post-prestimulus,product,549,test,0.6691176470588235,0.6593755217899482
aggregated_ranked_features_gas-CO2_keep-CO2_post-prestimulus,product,550,train,0.974320241691843,0.974320183094767
aggregated_ranked_features_gas-CO2_keep-CO2_post-prestimulus,product,550,val,0.5945945945945946,0.5942982456140351
aggregated_ranked_features_gas-CO2_keep-CO2_post-prestimulus,product,550,test,0.6911764705882353,0.6843501326259946
aggregated_ranked_features_gas-CO2_keep-CO2_post-prestimulus,product,551,train,0.974320241691843,0.974320183094767
aggregated_ranked_features_gas-CO2_keep-CO2_post-prestimulus,product,551,val,0.6148648648648649,0.6147065540077643
aggregated_ranked_features_gas-CO2_keep-CO2_post-prestimulus,product,551,test,0.6911764705882353,0.6843501326259946
aggregated_ranked_features_gas-CO2_keep-CO2_post-prestimulus,product,552,train,0.974320241691843,0.9743197143085331
aggregated_ranked_features_gas-CO2_keep-CO2_post-prestimulus,product,552,val,0.6013513513513513,0.6011874857273349
aggregated_ranked_features_gas-CO2_keep-CO2_post-prestimulus,product,552,test,0.6764705882352942,0.6660714285714285
aggregated_ranked_features_gas-CO2_keep-CO2_post-prestimulus,product,553,train,0.972809667673716,0.972809667673716
aggregated_ranked_features_gas-CO2_keep-CO2_post-prestimulus,product,553,val,0.6148648648648649,0.6147065540077643
aggregated_ranked_features_gas-CO2_keep-CO2_post-prestimulus,product,553,test,0.6617647058823529,0.6526759937819231
aggregated_ranked_features_gas-CO2_keep-CO2_post-prestimulus,product,554,train,0.9697885196374623,0.9697882438846295
aggregated_ranked_features_gas-CO2_keep-CO2_post-prestimulus,product,554,val,0.6013513513513513,0.6011874857273349
aggregated_ranked_features_gas-CO2_keep-CO2_post-prestimulus,product,554,test,0.7132352941176471,0.7047921188846218
aggregated_ranked_features_gas-CO2_keep-CO2_post-prestimulus,product,555,train,0.974320241691843,0.9743197143085331
aggregated_ranked_features_gas-CO2_keep-CO2_post-prestimulus,product,555,val,0.6216216216216216,0.6215525114155251
aggregated_ranked_features_gas-CO2_keep-CO2_post-prestimulus,product,555,test,0.6838235294117647,0.6788048552754435
aggregated_ranked_features_gas-CO2_keep-CO2_post-prestimulus,product,556,train,0.9712990936555891,0.9712990281647397
aggregated_ranked_features_gas-CO2_keep-CO2_post-prestimulus,product,556,val,0.6081081081081081,0.6080365296803653
aggregated_ranked_features_gas-CO2_keep-CO2_post-prestimulus,product,556,test,0.6985294117647058,0.6937441643323996
aggregated_ranked_features_gas-CO2_keep-CO2_post-prestimulus,product,557,train,0.972809667673716,0.9728094194961665
aggregated_ranked_features_gas-CO2_keep-CO2_post-prestimulus,product,557,val,0.6013513513513513,0.6013331507099484
aggregated_ranked_features_gas-CO2_keep-CO2_post-prestimulus,product,557,test,0.6764705882352942,0.6677770375305352
aggregated_ranked_features_gas-CO2_keep-CO2_post-prestimulus,product,558,train,0.9682779456193353,0.9682772941458351
aggregated_ranked_features_gas-CO2_keep-CO2_post-prestimulus,product,558,val,0.6148648648648649,0.6148472811943569
aggregated_ranked_features_gas-CO2_keep-CO2_post-prestimulus,product,558,test,0.6911764705882353,0.6856702619414483
aggregated_ranked_features_gas-CO2_keep-CO2_post-prestimulus,product,559,train,0.9712990936555891,0.9712990281647397
aggregated_ranked_features_gas-CO2_keep-CO2_post-prestimulus,product,559,val,0.6081081081081081,0.6080365296803653
aggregated_ranked_features_gas-CO2_keep-CO2_post-prestimulus,product,559,test,0.6838235294117647,0.6745143874881727
aggregated_ranked_features_gas-CO2_keep-CO2_post-prestimulus,product,560,train,0.974320241691843,0.974320183094767
aggregated_ranked_features_gas-CO2_keep-CO2_post-prestimulus,product,560,val,0.6013513513513513,0.6013331507099484
aggregated_ranked_features_gas-CO2_keep-CO2_post-prestimulus,product,560,test,0.6764705882352942,0.6719298245614035
aggregated_ranked_features_gas-CO2_keep-CO2_post-prestimulus,product,561,train,0.9712990936555891,0.9712990281647397
aggregated_ranked_features_gas-CO2_keep-CO2_post-prestimulus,product,561,val,0.6081081081081081,0.6081081081081081
aggregated_ranked_features_gas-CO2_keep-CO2_post-prestimulus,product,561,test,0.6838235294117647,0.6727659336354989
aggregated_ranked_features_gas-CO2_keep-CO2_post-prestimulus,product,562,train,0.974320241691843,0.9743197143085331
aggregated_ranked_features_gas-CO2_keep-CO2_post-prestimulus,product,562,val,0.5945945945945946,0.5945205479452055
aggregated_ranked_features_gas-CO2_keep-CO2_post-prestimulus,product,562,test,0.6911764705882353,0.6828780812791473
aggregated_ranked_features_gas-CO2_keep-CO2_post-prestimulus,product,563,train,0.972809667673716,0.9728094194961665
aggregated_ranked_features_gas-CO2_keep-CO2_post-prestimulus,product,563,val,0.6148648648648649,0.6147065540077643
aggregated_ranked_features_gas-CO2_keep-CO2_post-prestimulus,product,563,test,0.6838235294117647,0.6727659336354989
aggregated_ranked_features_gas-CO2_keep-CO2_post-prestimulus,product,564,train,0.9758308157099698,0.9758305951077035
aggregated_ranked_features_gas-CO2_keep-CO2_post-prestimulus,product,564,val,0.6216216216216216,0.6216216216216216
aggregated_ranked_features_gas-CO2_keep-CO2_post-prestimulus,product,564,test,0.6911764705882353,0.68125
aggregated_ranked_features_gas-CO2_keep-CO2_post-prestimulus,product,565,train,0.974320241691843,0.974320183094767
aggregated_ranked_features_gas-CO2_keep-CO2_post-prestimulus,product,565,val,0.6081081081081081,0.6078216374269005
aggregated_ranked_features_gas-CO2_keep-CO2_post-prestimulus,product,565,test,0.6764705882352942,0.6693191865605659
aggregated_ranked_features_gas-CO2_keep-CO2_post-prestimulus,product,566,train,0.974320241691843,0.9743197143085331
aggregated_ranked_features_gas-CO2_keep-CO2_post-prestimulus,product,566,val,0.6351351351351351,0.6351351351351351
aggregated_ranked_features_gas-CO2_keep-CO2_post-prestimulus,product,566,test,0.6764705882352942,0.6719298245614035
aggregated_ranked_features_gas-CO2_keep-CO2_post-prestimulus,product,567,train,0.974320241691843,0.974320183094767
aggregated_ranked_features_gas-CO2_keep-CO2_post-prestimulus,product,567,val,0.6148648648648649,0.6148472811943569
aggregated_ranked_features_gas-CO2_keep-CO2_post-prestimulus,product,567,test,0.6764705882352942,0.6719298245614035
aggregated_ranked_features_gas-CO2_keep-CO2_post-prestimulus,product,568,train,0.974320241691843,0.974320183094767
aggregated_ranked_features_gas-CO2_keep-CO2_post-prestimulus,product,568,val,0.6148648648648649,0.6148472811943569
aggregated_ranked_features_gas-CO2_keep-CO2_post-prestimulus,product,568,test,0.6617647058823529,0.6489337822671155
aggregated_ranked_features_gas-CO2_keep-CO2_post-prestimulus,product,569,train,0.972809667673716,0.9728086749363345
aggregated_ranked_features_gas-CO2_keep-CO2_post-prestimulus,product,569,val,0.6351351351351351,0.6351351351351351
aggregated_ranked_features_gas-CO2_keep-CO2_post-prestimulus,product,569,test,0.7058823529411765,0.7006383447061413
aggregated_ranked_features_gas-CO2_keep-CO2_post-prestimulus,product,570,train,0.9758308157099698,0.9758305951077035
aggregated_ranked_features_gas-CO2_keep-CO2_post-prestimulus,product,570,val,0.6148648648648649,0.6148472811943569
aggregated_ranked_features_gas-CO2_keep-CO2_post-prestimulus,product,570,test,0.6985294117647058,0.6911658820271392
aggregated_ranked_features_gas-CO2_keep-CO2_post-prestimulus,product,571,train,0.9788519637462235,0.9788519637462235
aggregated_ranked_features_gas-CO2_keep-CO2_post-prestimulus,product,571,val,0.6148648648648649,0.6147065540077643
aggregated_ranked_features_gas-CO2_keep-CO2_post-prestimulus,product,571,test,0.6764705882352942,0.6660714285714285
aggregated_ranked_features_gas-CO2_keep-CO2_post-prestimulus,product,572,train,0.974320241691843,0.974320183094767
aggregated_ranked_features_gas-CO2_keep-CO2_post-prestimulus,product,572,val,0.6148648648648649,0.6148472811943569
aggregated_ranked_features_gas-CO2_keep-CO2_post-prestimulus,product,572,test,0.6985294117647058,0.6896532531863973
aggregated_ranked_features_gas-CO2_keep-CO2_post-prestimulus,product,573,train,0.9773413897280967,0.9773413380247944
aggregated_ranked_features_gas-CO2_keep-CO2_post-prestimulus,product,573,val,0.6081081081081081,0.6074629595756356
aggregated_ranked_features_gas-CO2_keep-CO2_post-prestimulus,product,573,test,0.6617647058823529,0.6489337822671155
aggregated_ranked_features_gas-CO2_keep-CO2_post-prestimulus,product,574,train,0.9697885196374623,0.9697885196374623
aggregated_ranked_features_gas-CO2_keep-CO2_post-prestimulus,product,574,val,0.6216216216216216,0.6215525114155251
aggregated_ranked_features_gas-CO2_keep-CO2_post-prestimulus,product,574,test,0.6838235294117647,0.6775296388199614
aggregated_ranked_features_gas-CO2_keep-CO2_post-prestimulus,product,575,train,0.974320241691843,0.9743197143085331
aggregated_ranked_features_gas-CO2_keep-CO2_post-prestimulus,product,575,val,0.6148648648648649,0.6147065540077643
aggregated_ranked_features_gas-CO2_keep-CO2_post-prestimulus,product,575,test,0.7058823529411765,0.6993810786914235
aggregated_ranked_features_gas-CO2_keep-CO2_post-prestimulus,product,576,train,0.972809667673716,0.9728094194961665
aggregated_ranked_features_gas-CO2_keep-CO2_post-prestimulus,product,576,val,0.6081081081081081,0.6081081081081081
aggregated_ranked_features_gas-CO2_keep-CO2_post-prestimulus,product,576,test,0.7058823529411765,0.6979791250277593
aggregated_ranked_features_gas-CO2_keep-CO2_post-prestimulus,product,577,train,0.974320241691843,0.974320183094767
aggregated_ranked_features_gas-CO2_keep-CO2_post-prestimulus,product,577,val,0.6283783783783784,0.6283614116787655
aggregated_ranked_features_gas-CO2_keep-CO2_post-prestimulus,product,577,test,0.6838235294117647,0.6788048552754435
aggregated_ranked_features_gas-CO2_keep-CO2_post-prestimulus,product,578,train,0.972809667673716,0.972809667673716
aggregated_ranked_features_gas-CO2_keep-CO2_post-prestimulus,product,578,val,0.6148648648648649,0.6147065540077643
aggregated_ranked_features_gas-CO2_keep-CO2_post-prestimulus,product,578,test,0.6985294117647058,0.6911658820271392
aggregated_ranked_features_gas-CO2_keep-CO2_post-prestimulus,product,579,train,0.9758308157099698,0.9758308157099698
aggregated_ranked_features_gas-CO2_keep-CO2_post-prestimulus,product,579,val,0.6216216216216216,0.6216216216216216
aggregated_ranked_features_gas-CO2_keep-CO2_post-prestimulus,product,579,test,0.6911764705882353,0.6843501326259946
aggregated_ranked_features_gas-CO2_keep-CO2_post-prestimulus,product,580,train,0.9758308157099698,0.9758308157099698
aggregated_ranked_features_gas-CO2_keep-CO2_post-prestimulus,product,580,val,0.6081081081081081,0.6081081081081081
aggregated_ranked_features_gas-CO2_keep-CO2_post-prestimulus,product,580,test,0.7132352941176471,0.7086834733893558
aggregated_ranked_features_gas-CO2_keep-CO2_post-prestimulus,product,581,train,0.9712990936555891,0.971298504227184
aggregated_ranked_features_gas-CO2_keep-CO2_post-prestimulus,product,581,val,0.6081081081081081,0.6080365296803653
aggregated_ranked_features_gas-CO2_keep-CO2_post-prestimulus,product,581,test,0.7058823529411765,0.6993810786914235
aggregated_ranked_features_gas-CO2_keep-CO2_post-prestimulus,product,582,train,0.9758308157099698,0.9758308157099698
aggregated_ranked_features_gas-CO2_keep-CO2_post-prestimulus,product,582,val,0.6013513513513513,0.6013331507099484
aggregated_ranked_features_gas-CO2_keep-CO2_post-prestimulus,product,582,test,0.6691176470588235,0.6575457445022663
aggregated_ranked_features_gas-CO2_keep-CO2_post-prestimulus,product,583,train,0.9712990936555891,0.9712990281647397
aggregated_ranked_features_gas-CO2_keep-CO2_post-prestimulus,product,583,val,0.6283783783783784,0.6283614116787655
aggregated_ranked_features_gas-CO2_keep-CO2_post-prestimulus,product,583,test,0.7132352941176471,0.7075268817204301
aggregated_ranked_features_gas-CO2_keep-CO2_post-prestimulus,product,584,train,0.9682779456193353,0.9682778732347123
aggregated_ranked_features_gas-CO2_keep-CO2_post-prestimulus,product,584,val,0.6148648648648649,0.6148472811943569
aggregated_ranked_features_gas-CO2_keep-CO2_post-prestimulus,product,584,test,0.6691176470588235,0.6575457445022663
aggregated_ranked_features_gas-CO2_keep-CO2_post-prestimulus,product,585,train,0.9712990936555891,0.9712990281647397
aggregated_ranked_features_gas-CO2_keep-CO2_post-prestimulus,product,585,val,0.6216216216216216,0.6216216216216216
aggregated_ranked_features_gas-CO2_keep-CO2_post-prestimulus,product,585,test,0.6544117647058824,0.6475323959194927
aggregated_ranked_features_gas-CO2_keep-CO2_post-prestimulus,product,586,train,0.9758308157099698,0.9758305951077035
aggregated_ranked_features_gas-CO2_keep-CO2_post-prestimulus,product,586,val,0.6216216216216216,0.6213450292397661
aggregated_ranked_features_gas-CO2_keep-CO2_post-prestimulus,product,586,test,0.6985294117647058,0.6911658820271392
aggregated_ranked_features_gas-CO2_keep-CO2_post-prestimulus,product,587,train,0.974320241691843,0.974318776684717
aggregated_ranked_features_gas-CO2_keep-CO2_post-prestimulus,product,587,val,0.6148648648648649,0.6148472811943569
aggregated_ranked_features_gas-CO2_keep-CO2_post-prestimulus,product,587,test,0.6838235294117647,0.6775296388199614
aggregated_ranked_features_gas-CO2_keep-CO2_post-prestimulus,product,588,train,0.972809667673716,0.9728094194961665
aggregated_ranked_features_gas-CO2_keep-CO2_post-prestimulus,product,588,val,0.6351351351351351,0.6351351351351351
aggregated_ranked_features_gas-CO2_keep-CO2_post-prestimulus,product,588,test,0.6691176470588235,0.6638655462184875
aggregated_ranked_features_gas-CO2_keep-CO2_post-prestimulus,product,589,train,0.9712990936555891,0.9712990281647397
aggregated_ranked_features_gas-CO2_keep-CO2_post-prestimulus,product,589,val,0.6283783783783784,0.6282256222881937
aggregated_ranked_features_gas-CO2_keep-CO2_post-prestimulus,product,589,test,0.7058823529411765,0.7006383447061413
aggregated_ranked_features_gas-CO2_keep-CO2_post-prestimulus,product,590,train,0.9758308157099698,0.9758305951077035
aggregated_ranked_features_gas-CO2_keep-CO2_post-prestimulus,product,590,val,0.5945945945945946,0.5945205479452055
aggregated_ranked_features_gas-CO2_keep-CO2_post-prestimulus,product,590,test,0.6764705882352942,0.6660714285714285
aggregated_ranked_features_gas-CO2_keep-CO2_post-prestimulus,product,591,train,0.9758308157099698,0.9758308157099698
aggregated_ranked_features_gas-CO2_keep-CO2_post-prestimulus,product,591,val,0.6216216216216216,0.6215525114155251
aggregated_ranked_features_gas-CO2_keep-CO2_post-prestimulus,product,591,test,0.6911764705882353,0.6843501326259946
aggregated_ranked_features_gas-CO2_keep-CO2_post-prestimulus,product,592,train,0.9773413897280967,0.9773409243898821
aggregated_ranked_features_gas-CO2_keep-CO2_post-prestimulus,product,592,val,0.6013513513513513,0.6013331507099484
aggregated_ranked_features_gas-CO2_keep-CO2_post-prestimulus,product,592,test,0.6691176470588235,0.6575457445022663
aggregated_ranked_features_gas-CO2_keep-CO2_post-prestimulus,product,593,train,0.9758308157099698,0.9758305951077035
aggregated_ranked_features_gas-CO2_keep-CO2_post-prestimulus,product,593,val,0.6148648648648649,0.6148472811943569
aggregated_ranked_features_gas-CO2_keep-CO2_post-prestimulus,product,593,test,0.6911764705882353,0.6868421052631579
aggregated_ranked_features_gas-CO2_keep-CO2_post-prestimulus,product,594,train,0.9697885196374623,0.9697885196374623
aggregated_ranked_features_gas-CO2_keep-CO2_post-prestimulus,product,594,val,0.6148648648648649,0.6148472811943569
aggregated_ranked_features_gas-CO2_keep-CO2_post-prestimulus,product,594,test,0.6397058823529411,0.627105366235801
aggregated_ranked_features_gas-CO2_keep-CO2_post-prestimulus,product,595,train,0.9758308157099698,0.9758308157099698
aggregated_ranked_features_gas-CO2_keep-CO2_post-prestimulus,product,595,val,0.6283783783783784,0.6283614116787655
aggregated_ranked_features_gas-CO2_keep-CO2_post-prestimulus,product,595,test,0.6911764705882353,0.6828780812791473
aggregated_ranked_features_gas-CO2_keep-CO2_post-prestimulus,product,596,train,0.9712990936555891,0.9712990281647397
aggregated_ranked_features_gas-CO2_keep-CO2_post-prestimulus,product,596,val,0.6013513513513513,0.6013331507099484
aggregated_ranked_features_gas-CO2_keep-CO2_post-prestimulus,product,596,test,0.6691176470588235,0.6610357241761284
aggregated_ranked_features_gas-CO2_keep-CO2_post-prestimulus,product,597,train,0.974320241691843,0.9743197143085331
aggregated_ranked_features_gas-CO2_keep-CO2_post-prestimulus,product,597,val,0.6283783783783784,0.6283614116787655
aggregated_ranked_features_gas-CO2_keep-CO2_post-prestimulus,product,597,test,0.6838235294117647,0.6799299436265119
aggregated_ranked_features_gas-CO2_keep-CO2_post-prestimulus,product,598,train,0.974320241691843,0.974320183094767
aggregated_ranked_features_gas-CO2_keep-CO2_post-prestimulus,product,598,val,0.6216216216216216,0.6213450292397661
aggregated_ranked_features_gas-CO2_keep-CO2_post-prestimulus,product,598,test,0.7132352941176471,0.7062309609526447
aggregated_ranked_features_gas-CO2_keep-CO2_post-prestimulus,product,599,train,0.9758308157099698,0.9758299332767417
aggregated_ranked_features_gas-CO2_keep-CO2_post-prestimulus,product,599,val,0.6216216216216216,0.6215525114155251
aggregated_ranked_features_gas-CO2_keep-CO2_post-prestimulus,product,599,test,0.6985294117647058,0.6896532531863973
aggregated_ranked_features_gas-CO2_keep-CO2_post-prestimulus,product,600,train,0.974320241691843,0.974320183094767
aggregated_ranked_features_gas-CO2_keep-CO2_post-prestimulus,product,600,val,0.5945945945945946,0.5945945945945946
aggregated_ranked_features_gas-CO2_keep-CO2_post-prestimulus,product,600,test,0.6764705882352942,0.6660714285714285
aggregated_ranked_features_gas-CO2_keep-CO2_post-prestimulus,product,601,train,0.9773413897280967,0.9773413380247944
aggregated_ranked_features_gas-CO2_keep-CO2_post-prestimulus,product,601,val,0.6013513513513513,0.6013331507099484
aggregated_ranked_features_gas-CO2_keep-CO2_post-prestimulus,product,601,test,0.6691176470588235,0.6638655462184875
aggregated_ranked_features_gas-CO2_keep-CO2_post-prestimulus,product,602,train,0.972809667673716,0.972809667673716
aggregated_ranked_features_gas-CO2_keep-CO2_post-prestimulus,product,602,val,0.6081081081081081,0.6081081081081081
aggregated_ranked_features_gas-CO2_keep-CO2_post-prestimulus,product,602,test,0.6985294117647058,0.6896532531863973
aggregated_ranked_features_gas-CO2_keep-CO2_post-prestimulus,product,603,train,0.974320241691843,0.9743197143085331
aggregated_ranked_features_gas-CO2_keep-CO2_post-prestimulus,product,603,val,0.6283783783783784,0.6282256222881937
aggregated_ranked_features_gas-CO2_keep-CO2_post-prestimulus,product,603,test,0.6764705882352942,0.6693191865605659
aggregated_ranked_features_gas-CO2_keep-CO2_post-prestimulus,product,604,train,0.974320241691843,0.974320183094767
aggregated_ranked_features_gas-CO2_keep-CO2_post-prestimulus,product,604,val,0.6148648648648649,0.6147065540077643
aggregated_ranked_features_gas-CO2_keep-CO2_post-prestimulus,product,604,test,0.6911764705882353,0.6828780812791473
aggregated_ranked_features_gas-CO2_keep-CO2_post-prestimulus,product,605,train,0.9758308157099698,0.9758305951077035
aggregated_ranked_features_gas-CO2_keep-CO2_post-prestimulus,product,605,val,0.6283783783783784,0.6283614116787655
aggregated_ranked_features_gas-CO2_keep-CO2_post-prestimulus,product,605,test,0.6691176470588235,0.6575457445022663
aggregated_ranked_features_gas-CO2_keep-CO2_post-prestimulus,product,606,train,0.972809667673716,0.9728094194961665
aggregated_ranked_features_gas-CO2_keep-CO2_post-prestimulus,product,606,val,0.6148648648648649,0.6148472811943569
aggregated_ranked_features_gas-CO2_keep-CO2_post-prestimulus,product,606,test,0.6838235294117647,0.6727659336354989
aggregated_ranked_features_gas-CO2_keep-CO2_post-prestimulus,product,607,train,0.972809667673716,0.9728094194961665
aggregated_ranked_features_gas-CO2_keep-CO2_post-prestimulus,product,607,val,0.6081081081081081,0.6080365296803653
aggregated_ranked_features_gas-CO2_keep-CO2_post-prestimulus,product,607,test,0.6838235294117647,0.6745143874881727
aggregated_ranked_features_gas-CO2_keep-CO2_post-prestimulus,product,608,train,0.974320241691843,0.974320183094767
aggregated_ranked_features_gas-CO2_keep-CO2_post-prestimulus,product,608,val,0.6216216216216216,0.6216216216216216
aggregated_ranked_features_gas-CO2_keep-CO2_post-prestimulus,product,608,test,0.6985294117647058,0.6896532531863973
aggregated_ranked_features_gas-CO2_keep-CO2_post-prestimulus,product,609,train,0.9758308157099698,0.9758305951077035
aggregated_ranked_features_gas-CO2_keep-CO2_post-prestimulus,product,609,val,0.6081081081081081,0.6078216374269005
aggregated_ranked_features_gas-CO2_keep-CO2_post-prestimulus,product,609,test,0.6911764705882353,0.6828780812791473
aggregated_ranked_features_gas-CO2_keep-CO2_post-prestimulus,product,610,train,0.974320241691843,0.9743197143085331
aggregated_ranked_features_gas-CO2_keep-CO2_post-prestimulus,product,610,val,0.6148648648648649,0.6147065540077643
aggregated_ranked_features_gas-CO2_keep-CO2_post-prestimulus,product,610,test,0.6617647058823529,0.6508928571428572
aggregated_ranked_features_gas-CO2_keep-CO2_post-prestimulus,product,611,train,0.9758308157099698,0.9758308157099698
aggregated_ranked_features_gas-CO2_keep-CO2_post-prestimulus,product,611,val,0.6081081081081081,0.6081081081081081
aggregated_ranked_features_gas-CO2_keep-CO2_post-prestimulus,product,611,test,0.6764705882352942,0.6660714285714285
aggregated_ranked_features_gas-CO2_keep-CO2_post-prestimulus,product,612,train,0.9758308157099698,0.9758308157099698
aggregated_ranked_features_gas-CO2_keep-CO2_post-prestimulus,product,612,val,0.6216216216216216,0.6216216216216216
aggregated_ranked_features_gas-CO2_keep-CO2_post-prestimulus,product,612,test,0.7058823529411765,0.6993810786914235
aggregated_ranked_features_gas-CO2_keep-CO2_post-prestimulus,product,613,train,0.974320241691843,0.974320183094767
aggregated_ranked_features_gas-CO2_keep-CO2_post-prestimulus,product,613,val,0.6081081081081081,0.6080365296803653
aggregated_ranked_features_gas-CO2_keep-CO2_post-prestimulus,product,613,test,0.7058823529411765,0.7017543859649122
aggregated_ranked_features_gas-CO2_keep-CO2_post-prestimulus,product,614,train,0.974320241691843,0.9743197143085331
aggregated_ranked_features_gas-CO2_keep-CO2_post-prestimulus,product,614,val,0.6148648648648649,0.6148472811943569
aggregated_ranked_features_gas-CO2_keep-CO2_post-prestimulus,product,614,test,0.6764705882352942,0.6707021791767555
aggregated_ranked_features_gas-CO2_keep-CO2_post-prestimulus,product,615,train,0.972809667673716,0.9728094194961665
aggregated_ranked_features_gas-CO2_keep-CO2_post-prestimulus,product,615,val,0.6418918918918919,0.641875542163174
aggregated_ranked_features_gas-CO2_keep-CO2_post-prestimulus,product,615,test,0.6838235294117647,0.6761008031016339
aggregated_ranked_features_gas-CO2_keep-CO2_post-prestimulus,product,616,train,0.9773413897280967,0.9773413380247944
aggregated_ranked_features_gas-CO2_keep-CO2_post-prestimulus,product,616,val,0.6081081081081081,0.6078216374269005
aggregated_ranked_features_gas-CO2_keep-CO2_post-prestimulus,product,616,test,0.6764705882352942,0.6677770375305352
aggregated_ranked_features_gas-CO2_keep-CO2_post-prestimulus,product,617,train,0.974320241691843,0.974320183094767
aggregated_ranked_features_gas-CO2_keep-CO2_post-prestimulus,product,617,val,0.6148648648648649,0.6147065540077643
aggregated_ranked_features_gas-CO2_keep-CO2_post-prestimulus,product,617,test,0.7058823529411765,0.6979791250277593
aggregated_ranked_features_gas-CO2_keep-CO2_post-prestimulus,product,618,train,0.972809667673716,0.9728094194961665
aggregated_ranked_features_gas-CO2_keep-CO2_post-prestimulus,product,618,val,0.6283783783783784,0.6283614116787655
aggregated_ranked_features_gas-CO2_keep-CO2_post-prestimulus,product,618,test,0.6838235294117647,0.6761008031016339
aggregated_ranked_features_gas-CO2_keep-CO2_post-prestimulus,product,619,train,0.972809667673716,0.9728094194961665
aggregated_ranked_features_gas-CO2_keep-CO2_post-prestimulus,product,619,val,0.6148648648648649,0.6148472811943569
aggregated_ranked_features_gas-CO2_keep-CO2_post-prestimulus,product,619,test,0.7132352941176471,0.7047921188846218
aggregated_ranked_features_gas-CO2_keep-CO2_post-prestimulus,product,620,train,0.9758308157099698,0.9758308157099698
aggregated_ranked_features_gas-CO2_keep-CO2_post-prestimulus,product,620,val,0.6216216216216216,0.6215525114155251
aggregated_ranked_features_gas-CO2_keep-CO2_post-prestimulus,product,620,test,0.6985294117647058,0.6911658820271392
aggregated_ranked_features_gas-CO2_keep-CO2_post-prestimulus,product,621,train,0.974320241691843,0.9743197143085331
aggregated_ranked_features_gas-CO2_keep-CO2_post-prestimulus,product,621,val,0.6283783783783784,0.6283614116787655
aggregated_ranked_features_gas-CO2_keep-CO2_post-prestimulus,product,621,test,0.6764705882352942,0.6677770375305352
aggregated_ranked_features_gas-CO2_keep-CO2_post-prestimulus,product,622,train,0.9758308157099698,0.9758308157099698
aggregated_ranked_features_gas-CO2_keep-CO2_post-prestimulus,product,622,val,0.6148648648648649,0.6147065540077643
aggregated_ranked_features_gas-CO2_keep-CO2_post-prestimulus,product,622,test,0.7132352941176471,0.7086834733893558
aggregated_ranked_features_gas-CO2_keep-CO2_post-prestimulus,product,623,train,0.9773413897280967,0.9773409243898821
aggregated_ranked_features_gas-CO2_keep-CO2_post-prestimulus,product,623,val,0.6216216216216216,0.6216216216216216
aggregated_ranked_features_gas-CO2_keep-CO2_post-prestimulus,product,623,test,0.6764705882352942,0.6677770375305352
aggregated_ranked_features_gas-CO2_keep-CO2_post-prestimulus,product,624,train,0.9697885196374623,0.9697885196374623
aggregated_ranked_features_gas-CO2_keep-CO2_post-prestimulus,product,624,val,0.6216216216216216,0.6215525114155251
aggregated_ranked_features_gas-CO2_keep-CO2_post-prestimulus,product,624,test,0.6617647058823529,0.6489337822671155
aggregated_ranked_features_gas-CO2_keep-CO2_post-prestimulus,product,625,train,0.972809667673716,0.972809667673716
aggregated_ranked_features_gas-CO2_keep-CO2_post-prestimulus,product,625,val,0.6283783783783784,0.6283614116787655
aggregated_ranked_features_gas-CO2_keep-CO2_post-prestimulus,product,625,test,0.6764705882352942,0.6677770375305352
aggregated_ranked_features_gas-CO2_keep-CO2_post-prestimulus,product,626,train,0.9773413897280967,0.9773413380247944
aggregated_ranked_features_gas-CO2_keep-CO2_post-prestimulus,product,626,val,0.6013513513513513,0.6013331507099484
aggregated_ranked_features_gas-CO2_keep-CO2_post-prestimulus,product,626,test,0.6911764705882353,0.6843501326259946
aggregated_ranked_features_gas-CO2_keep-CO2_post-prestimulus,product,627,train,0.9773413897280967,0.9773413380247944
aggregated_ranked_features_gas-CO2_keep-CO2_post-prestimulus,product,627,val,0.6013513513513513,0.6013331507099484
aggregated_ranked_features_gas-CO2_keep-CO2_post-prestimulus,product,627,test,0.6617647058823529,0.6526759937819231
aggregated_ranked_features_gas-CO2_keep-CO2_post-prestimulus,product,628,train,0.9773413897280967,0.9773413380247944
aggregated_ranked_features_gas-CO2_keep-CO2_post-prestimulus,product,628,val,0.6351351351351351,0.6351351351351351
aggregated_ranked_features_gas-CO2_keep-CO2_post-prestimulus,product,628,test,0.6544117647058824,0.6402318905836664
aggregated_ranked_features_gas-CO2_keep-CO2_post-prestimulus,product,629,train,0.974320241691843,0.974320183094767
aggregated_ranked_features_gas-CO2_keep-CO2_post-prestimulus,product,629,val,0.6148648648648649,0.6148472811943569
aggregated_ranked_features_gas-CO2_keep-CO2_post-prestimulus,product,629,test,0.6764705882352942,0.6707021791767555
aggregated_ranked_features_gas-CO2_keep-CO2_post-prestimulus,product,630,train,0.9773413897280967,0.9773413380247944
aggregated_ranked_features_gas-CO2_keep-CO2_post-prestimulus,product,630,val,0.6013513513513513,0.6013331507099484
aggregated_ranked_features_gas-CO2_keep-CO2_post-prestimulus,product,630,test,0.6911764705882353,0.6868421052631579
aggregated_ranked_features_gas-CO2_keep-CO2_post-prestimulus,product,631,train,0.974320241691843,0.974320183094767
aggregated_ranked_features_gas-CO2_keep-CO2_post-prestimulus,product,631,val,0.6418918918918919,0.6414827003062298
aggregated_ranked_features_gas-CO2_keep-CO2_post-prestimulus,product,631,test,0.6691176470588235,0.6593755217899482
aggregated_ranked_features_gas-CO2_keep-CO2_post-prestimulus,product,632,train,0.9773413897280967,0.9773413380247944
aggregated_ranked_features_gas-CO2_keep-CO2_post-prestimulus,product,632,val,0.6351351351351351,0.6351351351351351
aggregated_ranked_features_gas-CO2_keep-CO2_post-prestimulus,product,632,test,0.6911764705882353,0.6828780812791473
aggregated_ranked_features_gas-CO2_keep-CO2_post-prestimulus,product,633,train,0.9758308157099698,0.9758308157099698
aggregated_ranked_features_gas-CO2_keep-CO2_post-prestimulus,product,633,val,0.6081081081081081,0.6078216374269005
aggregated_ranked_features_gas-CO2_keep-CO2_post-prestimulus,product,633,test,0.6911764705882353,0.6828780812791473
aggregated_ranked_features_gas-CO2_keep-CO2_post-prestimulus,product,634,train,0.9758308157099698,0.9758305951077035
aggregated_ranked_features_gas-CO2_keep-CO2_post-prestimulus,product,634,val,0.6351351351351351,0.6350684931506849
aggregated_ranked_features_gas-CO2_keep-CO2_post-prestimulus,product,634,test,0.6764705882352942,0.6693191865605659
aggregated_ranked_features_gas-CO2_keep-CO2_post-prestimulus,product,635,train,0.972809667673716,0.972809667673716
aggregated_ranked_features_gas-CO2_keep-CO2_post-prestimulus,product,635,val,0.6283783783783784,0.6282256222881937
aggregated_ranked_features_gas-CO2_keep-CO2_post-prestimulus,product,635,test,0.6764705882352942,0.6641975308641975
aggregated_ranked_features_gas-CO2_keep-CO2_post-prestimulus,product,636,train,0.9773413897280967,0.9773413380247944
aggregated_ranked_features_gas-CO2_keep-CO2_post-prestimulus,product,636,val,0.6081081081081081,0.6080365296803653
aggregated_ranked_features_gas-CO2_keep-CO2_post-prestimulus,product,636,test,0.6544117647058824,0.6459706452506231
aggregated_ranked_features_gas-CO2_keep-CO2_post-prestimulus,product,637,train,0.972809667673716,0.972809667673716
aggregated_ranked_features_gas-CO2_keep-CO2_post-prestimulus,product,637,val,0.6148648648648649,0.6148472811943569
aggregated_ranked_features_gas-CO2_keep-CO2_post-prestimulus,product,637,test,0.6985294117647058,0.6911658820271392
aggregated_ranked_features_gas-CO2_keep-CO2_post-prestimulus,product,638,train,0.9788519637462235,0.9788519637462235
aggregated_ranked_features_gas-CO2_keep-CO2_post-prestimulus,product,638,val,0.6216216216216216,0.6215525114155251
aggregated_ranked_features_gas-CO2_keep-CO2_post-prestimulus,product,638,test,0.6838235294117647,0.6761008031016339
aggregated_ranked_features_gas-CO2_keep-CO2_post-prestimulus,product,639,train,0.9773413897280967,0.9773413380247944
aggregated_ranked_features_gas-CO2_keep-CO2_post-prestimulus,product,639,val,0.6148648648648649,0.6148472811943569
aggregated_ranked_features_gas-CO2_keep-CO2_post-prestimulus,product,639,test,0.6764705882352942,0.6677770375305352
aggregated_ranked_features_gas-CO2_keep-CO2_post-prestimulus,product,640,train,0.972809667673716,0.9728094194961665
aggregated_ranked_features_gas-CO2_keep-CO2_post-prestimulus,product,640,val,0.6148648648648649,0.6148472811943569
aggregated_ranked_features_gas-CO2_keep-CO2_post-prestimulus,product,640,test,0.6838235294117647,0.6745143874881727
aggregated_ranked_features_gas-CO2_keep-CO2_post-prestimulus,product,641,train,0.9758308157099698,0.9758305951077035
aggregated_ranked_features_gas-CO2_keep-CO2_post-prestimulus,product,641,val,0.6148648648648649,0.6148472811943569
aggregated_ranked_features_gas-CO2_keep-CO2_post-prestimulus,product,641,test,0.7058823529411765,0.6979791250277593
aggregated_ranked_features_gas-CO2_keep-CO2_post-prestimulus,product,642,train,0.9803625377643505,0.9803624929548218
aggregated_ranked_features_gas-CO2_keep-CO2_post-prestimulus,product,642,val,0.6216216216216216,0.6216216216216216
aggregated_ranked_features_gas-CO2_keep-CO2_post-prestimulus,product,642,test,0.7132352941176471,0.7062309609526447
aggregated_ranked_features_gas-CO2_keep-CO2_post-prestimulus,product,643,train,0.9773413897280967,0.9773413380247944
aggregated_ranked_features_gas-CO2_keep-CO2_post-prestimulus,product,643,val,0.6081081081081081,0.6080365296803653
aggregated_ranked_features_gas-CO2_keep-CO2_post-prestimulus,product,643,test,0.6985294117647058,0.6911658820271392
aggregated_ranked_features_gas-CO2_keep-CO2_post-prestimulus,product,644,train,0.9758308157099698,0.9758305951077035
aggregated_ranked_features_gas-CO2_keep-CO2_post-prestimulus,product,644,val,0.6148648648648649,0.6147065540077643
aggregated_ranked_features_gas-CO2_keep-CO2_post-prestimulus,product,644,test,0.6691176470588235,0.6593755217899482
aggregated_ranked_features_gas-CO2_keep-CO2_post-prestimulus,product,645,train,0.974320241691843,0.974320183094767
aggregated_ranked_features_gas-CO2_keep-CO2_post-prestimulus,product,645,val,0.6013513513513513,0.6013331507099484
aggregated_ranked_features_gas-CO2_keep-CO2_post-prestimulus,product,645,test,0.6911764705882353,0.6856702619414483
aggregated_ranked_features_gas-CO2_keep-CO2_post-prestimulus,product,646,train,0.974320241691843,0.974320183094767
aggregated_ranked_features_gas-CO2_keep-CO2_post-prestimulus,product,646,val,0.6418918918918919,0.641744690568623
aggregated_ranked_features_gas-CO2_keep-CO2_post-prestimulus,product,646,test,0.6691176470588235,0.6575457445022663
aggregated_ranked_features_gas-CO2_keep-CO2_post-prestimulus,product,647,train,0.9758308157099698,0.9758308157099698
aggregated_ranked_features_gas-CO2_keep-CO2_post-prestimulus,product,647,val,0.6148648648648649,0.6147065540077643
aggregated_ranked_features_gas-CO2_keep-CO2_post-prestimulus,product,647,test,0.7205882352941176,0.7166666666666667
aggregated_ranked_features_gas-CO2_keep-CO2_post-prestimulus,product,648,train,0.9773413897280967,0.9773413380247944
aggregated_ranked_features_gas-CO2_keep-CO2_post-prestimulus,product,648,val,0.6554054054054054,0.6553896726475825
aggregated_ranked_features_gas-CO2_keep-CO2_post-prestimulus,product,648,test,0.7058823529411765,0.6993810786914235
aggregated_ranked_features_gas-CO2_keep-CO2_post-prestimulus,product,649,train,0.9773413897280967,0.9773413380247944
aggregated_ranked_features_gas-CO2_keep-CO2_post-prestimulus,product,649,val,0.6081081081081081,0.6078216374269005
aggregated_ranked_features_gas-CO2_keep-CO2_post-prestimulus,product,649,test,0.6691176470588235,0.6610357241761284
aggregated_ranked_features_gas-CO2_keep-CO2_post-prestimulus,product,650,train,0.9758308157099698,0.9758305951077035
aggregated_ranked_features_gas-CO2_keep-CO2_post-prestimulus,product,650,val,0.6148648648648649,0.6148472811943569
aggregated_ranked_features_gas-CO2_keep-CO2_post-prestimulus,product,650,test,0.6985294117647058,0.6896532531863973
aggregated_ranked_features_gas-CO2_keep-CO2_post-prestimulus,product,651,train,0.9758308157099698,0.9758305951077035
aggregated_ranked_features_gas-CO2_keep-CO2_post-prestimulus,product,651,val,0.6283783783783784,0.6283614116787655
aggregated_ranked_features_gas-CO2_keep-CO2_post-prestimulus,product,651,test,0.6691176470588235,0.6575457445022663
aggregated_ranked_features_gas-CO2_keep-CO2_post-prestimulus,product,652,train,0.9788519637462235,0.9788517707192406
aggregated_ranked_features_gas-CO2_keep-CO2_post-prestimulus,product,652,val,0.6351351351351351,0.6350684931506849
aggregated_ranked_features_gas-CO2_keep-CO2_post-prestimulus,product,652,test,0.6838235294117647,0.6761008031016339
aggregated_ranked_features_gas-CO2_keep-CO2_post-prestimulus,product,653,train,0.9773413897280967,0.9773413380247944
aggregated_ranked_features_gas-CO2_keep-CO2_post-prestimulus,product,653,val,0.5945945945945946,0.5942982456140351
aggregated_ranked_features_gas-CO2_keep-CO2_post-prestimulus,product,653,test,0.7058823529411765,0.6979791250277593
aggregated_ranked_features_gas-CO2_keep-CO2_post-prestimulus,product,654,train,0.9758308157099698,0.9758308157099698
aggregated_ranked_features_gas-CO2_keep-CO2_post-prestimulus,product,654,val,0.6148648648648649,0.614424790895379
aggregated_ranked_features_gas-CO2_keep-CO2_post-prestimulus,product,654,test,0.7058823529411765,0.6993810786914235
aggregated_ranked_features_gas-CO2_keep-CO2_post-prestimulus,product,655,train,0.9758308157099698,0.9758305951077035
aggregated_ranked_features_gas-CO2_keep-CO2_post-prestimulus,product,655,val,0.6283783783783784,0.6282256222881937
aggregated_ranked_features_gas-CO2_keep-CO2_post-prestimulus,product,655,test,0.6838235294117647,0.6745143874881727
aggregated_ranked_features_gas-CO2_keep-CO2_post-prestimulus,product,656,train,0.9773413897280967,0.9773413380247944
aggregated_ranked_features_gas-CO2_keep-CO2_post-prestimulus,product,656,val,0.6148648648648649,0.6148472811943569
aggregated_ranked_features_gas-CO2_keep-CO2_post-prestimulus,product,656,test,0.6838235294117647,0.6788048552754435
aggregated_ranked_features_gas-CO2_keep-CO2_post-prestimulus,product,657,train,0.974320241691843,0.974320183094767
aggregated_ranked_features_gas-CO2_keep-CO2_post-prestimulus,product,657,val,0.6351351351351351,0.6348684210526316
aggregated_ranked_features_gas-CO2_keep-CO2_post-prestimulus,product,657,test,0.6764705882352942,0.6677770375305352
aggregated_ranked_features_gas-CO2_keep-CO2_post-prestimulus,product,658,train,0.9758308157099698,0.9758305951077035
aggregated_ranked_features_gas-CO2_keep-CO2_post-prestimulus,product,658,val,0.6148648648648649,0.6147065540077643
aggregated_ranked_features_gas-CO2_keep-CO2_post-prestimulus,product,658,test,0.6617647058823529,0.6526759937819231
aggregated_ranked_features_gas-CO2_keep-CO2_post-prestimulus,product,659,train,0.972809667673716,0.9728094194961665
aggregated_ranked_features_gas-CO2_keep-CO2_post-prestimulus,product,659,val,0.6283783783783784,0.6283614116787655
aggregated_ranked_features_gas-CO2_keep-CO2_post-prestimulus,product,659,test,0.6985294117647058,0.6911658820271392
aggregated_ranked_features_gas-CO2_keep-CO2_post-prestimulus,product,660,train,0.9758308157099698,0.9758308157099698
aggregated_ranked_features_gas-CO2_keep-CO2_post-prestimulus,product,660,val,0.6283783783783784,0.6283614116787655
aggregated_ranked_features_gas-CO2_keep-CO2_post-prestimulus,product,660,test,0.7058823529411765,0.6979791250277593
aggregated_ranked_features_gas-CO2_keep-CO2_post-prestimulus,product,661,train,0.9758308157099698,0.9758305951077035
aggregated_ranked_features_gas-CO2_keep-CO2_post-prestimulus,product,661,val,0.6148648648648649,0.6147065540077643
aggregated_ranked_features_gas-CO2_keep-CO2_post-prestimulus,product,661,test,0.7058823529411765,0.7017543859649122
aggregated_ranked_features_gas-CO2_keep-CO2_post-prestimulus,product,662,train,0.9773413897280967,0.9773409243898821
aggregated_ranked_features_gas-CO2_keep-CO2_post-prestimulus,product,662,val,0.6283783783783784,0.6283614116787655
aggregated_ranked_features_gas-CO2_keep-CO2_post-prestimulus,product,662,test,0.6691176470588235,0.6638655462184875
aggregated_ranked_features_gas-CO2_keep-CO2_post-prestimulus,product,663,train,0.9758308157099698,0.9758308157099698
aggregated_ranked_features_gas-CO2_keep-CO2_post-prestimulus,product,663,val,0.6013513513513513,0.6008958361899539
aggregated_ranked_features_gas-CO2_keep-CO2_post-prestimulus,product,663,test,0.6838235294117647,0.6799299436265119
aggregated_ranked_features_gas-CO2_keep-CO2_post-prestimulus,product,664,train,0.9712990936555891,0.971298504227184
aggregated_ranked_features_gas-CO2_keep-CO2_post-prestimulus,product,664,val,0.6418918918918919,0.641875542163174
aggregated_ranked_features_gas-CO2_keep-CO2_post-prestimulus,product,664,test,0.6617647058823529,0.6557340964120626
aggregated_ranked_features_gas-CO2_keep-CO2_post-prestimulus,product,665,train,0.9803625377643505,0.9803621344712312
aggregated_ranked_features_gas-CO2_keep-CO2_post-prestimulus,product,665,val,0.6351351351351351,0.6351351351351351
aggregated_ranked_features_gas-CO2_keep-CO2_post-prestimulus,product,665,test,0.6985294117647058,0.6925282602701958
aggregated_ranked_features_gas-CO2_keep-CO2_post-prestimulus,product,666,train,0.9758308157099698,0.9758308157099698
aggregated_ranked_features_gas-CO2_keep-CO2_post-prestimulus,product,666,val,0.6486486486486487,0.6486486486486487
aggregated_ranked_features_gas-CO2_keep-CO2_post-prestimulus,product,666,test,0.6911764705882353,0.6856702619414483
aggregated_ranked_features_gas-CO2_keep-CO2_post-prestimulus,product,667,train,0.9773413897280967,0.9773413380247944
aggregated_ranked_features_gas-CO2_keep-CO2_post-prestimulus,product,667,val,0.6081081081081081,0.6078216374269005
aggregated_ranked_features_gas-CO2_keep-CO2_post-prestimulus,product,667,test,0.6764705882352942,0.6677770375305352
aggregated_ranked_features_gas-CO2_keep-CO2_post-prestimulus,product,668,train,0.974320241691843,0.974320183094767
aggregated_ranked_features_gas-CO2_keep-CO2_post-prestimulus,product,668,val,0.6148648648648649,0.614424790895379
aggregated_ranked_features_gas-CO2_keep-CO2_post-prestimulus,product,668,test,0.6911764705882353,0.6843501326259946
aggregated_ranked_features_gas-CO2_keep-CO2_post-prestimulus,product,669,train,0.9758308157099698,0.9758308157099698
aggregated_ranked_features_gas-CO2_keep-CO2_post-prestimulus,product,669,val,0.6081081081081081,0.6078216374269005
aggregated_ranked_features_gas-CO2_keep-CO2_post-prestimulus,product,669,test,0.6764705882352942,0.6660714285714285
aggregated_ranked_features_gas-CO2_keep-CO2_post-prestimulus,product,670,train,0.9758308157099698,0.9758305951077035
aggregated_ranked_features_gas-CO2_keep-CO2_post-prestimulus,product,670,val,0.6148648648648649,0.6148472811943569
aggregated_ranked_features_gas-CO2_keep-CO2_post-prestimulus,product,670,test,0.6764705882352942,0.6677770375305352
aggregated_ranked_features_gas-CO2_keep-CO2_post-prestimulus,product,671,train,0.9758308157099698,0.9758308157099698
aggregated_ranked_features_gas-CO2_keep-CO2_post-prestimulus,product,671,val,0.6148648648648649,0.6147065540077643
aggregated_ranked_features_gas-CO2_keep-CO2_post-prestimulus,product,671,test,0.6764705882352942,0.6677770375305352
aggregated_ranked_features_gas-CO2_keep-CO2_post-prestimulus,product,672,train,0.9788519637462235,0.9788519637462235
aggregated_ranked_features_gas-CO2_keep-CO2_post-prestimulus,product,672,val,0.6148648648648649,0.6147065540077643
aggregated_ranked_features_gas-CO2_keep-CO2_post-prestimulus,product,672,test,0.7132352941176471,0.7075268817204301
aggregated_ranked_features_gas-CO2_keep-CO2_post-prestimulus,product,673,train,0.9758308157099698,0.9758305951077035
aggregated_ranked_features_gas-CO2_keep-CO2_post-prestimulus,product,673,val,0.6283783783783784,0.6283614116787655
aggregated_ranked_features_gas-CO2_keep-CO2_post-prestimulus,product,673,test,0.7132352941176471,0.7097039023589294
aggregated_ranked_features_gas-CO2_keep-CO2_post-prestimulus,product,674,train,0.9758308157099698,0.9758305951077035
aggregated_ranked_features_gas-CO2_keep-CO2_post-prestimulus,product,674,val,0.6216216216216216,0.6213450292397661
aggregated_ranked_features_gas-CO2_keep-CO2_post-prestimulus,product,674,test,0.6617647058823529,0.6508928571428572
aggregated_ranked_features_gas-CO2_keep-CO2_post-prestimulus,product,675,train,0.9788519637462235,0.9788511916171491
aggregated_ranked_features_gas-CO2_keep-CO2_post-prestimulus,product,675,val,0.6216216216216216,0.6215525114155251
aggregated_ranked_features_gas-CO2_keep-CO2_post-prestimulus,product,675,test,0.6764705882352942,0.6621499548328816
aggregated_ranked_features_gas-CO2_keep-CO2_post-prestimulus,product,676,train,0.9758308157099698,0.9758308157099698
aggregated_ranked_features_gas-CO2_keep-CO2_post-prestimulus,product,676,val,0.6013513513513513,0.6008958361899539
aggregated_ranked_features_gas-CO2_keep-CO2_post-prestimulus,product,676,test,0.6911764705882353,0.6828780812791473
aggregated_ranked_features_gas-CO2_keep-CO2_post-prestimulus,product,677,train,0.9773413897280967,0.9773409243898821
aggregated_ranked_features_gas-CO2_keep-CO2_post-prestimulus,product,677,val,0.6148648648648649,0.6148472811943569
aggregated_ranked_features_gas-CO2_keep-CO2_post-prestimulus,product,677,test,0.7058823529411765,0.7006383447061413
aggregated_ranked_features_gas-CO2_keep-CO2_post-prestimulus,product,678,train,0.974320241691843,0.974320183094767
aggregated_ranked_features_gas-CO2_keep-CO2_post-prestimulus,product,678,val,0.6283783783783784,0.6283614116787655
aggregated_ranked_features_gas-CO2_keep-CO2_post-prestimulus,product,678,test,0.6764705882352942,0.6677770375305352
aggregated_ranked_features_gas-CO2_keep-CO2_post-prestimulus,product,679,train,0.9773413897280967,0.9773413380247944
aggregated_ranked_features_gas-CO2_keep-CO2_post-prestimulus,product,679,val,0.6148648648648649,0.6147065540077643
aggregated_ranked_features_gas-CO2_keep-CO2_post-prestimulus,product,679,test,0.6764705882352942,0.6660714285714285
aggregated_ranked_features_gas-CO2_keep-CO2_post-prestimulus,product,680,train,0.9773413897280967,0.9773413380247944
aggregated_ranked_features_gas-CO2_keep-CO2_post-prestimulus,product,680,val,0.6148648648648649,0.6148472811943569
aggregated_ranked_features_gas-CO2_keep-CO2_post-prestimulus,product,680,test,0.6838235294117647,0.6761008031016339
aggregated_ranked_features_gas-CO2_keep-CO2_post-prestimulus,product,681,train,0.9773413897280967,0.9773413380247944
aggregated_ranked_features_gas-CO2_keep-CO2_post-prestimulus,product,681,val,0.6148648648648649,0.6148472811943569
aggregated_ranked_features_gas-CO2_keep-CO2_post-prestimulus,product,681,test,0.6911764705882353,0.6843501326259946
aggregated_ranked_features_gas-CO2_keep-CO2_post-prestimulus,product,682,train,0.9788519637462235,0.9788519637462235
aggregated_ranked_features_gas-CO2_keep-CO2_post-prestimulus,product,682,val,0.6148648648648649,0.6148472811943569
aggregated_ranked_features_gas-CO2_keep-CO2_post-prestimulus,product,682,test,0.7058823529411765,0.6979791250277593
aggregated_ranked_features_gas-CO2_keep-CO2_post-prestimulus,product,683,train,0.974320241691843,0.9743197143085331
aggregated_ranked_features_gas-CO2_keep-CO2_post-prestimulus,product,683,val,0.6283783783783784,0.6283614116787655
aggregated_ranked_features_gas-CO2_keep-CO2_post-prestimulus,product,683,test,0.6764705882352942,0.6677770375305352
aggregated_ranked_features_gas-CO2_keep-CO2_post-prestimulus,product,684,train,0.9773413897280967,0.9773413380247944
aggregated_ranked_features_gas-CO2_keep-CO2_post-prestimulus,product,684,val,0.6283783783783784,0.6282256222881937
aggregated_ranked_features_gas-CO2_keep-CO2_post-prestimulus,product,684,test,0.6838235294117647,0.6761008031016339
aggregated_ranked_features_gas-CO2_keep-CO2_post-prestimulus,product,685,train,0.972809667673716,0.972809667673716
aggregated_ranked_features_gas-CO2_keep-CO2_post-prestimulus,product,685,val,0.6148648648648649,0.6148472811943569
aggregated_ranked_features_gas-CO2_keep-CO2_post-prestimulus,product,685,test,0.7352941176470589,0.7281812125249834
aggregated_ranked_features_gas-CO2_keep-CO2_post-prestimulus,product,686,train,0.9758308157099698,0.9758308157099698
aggregated_ranked_features_gas-CO2_keep-CO2_post-prestimulus,product,686,val,0.6283783783783784,0.6279537456008044
aggregated_ranked_features_gas-CO2_keep-CO2_post-prestimulus,product,686,test,0.6985294117647058,0.6937441643323996
aggregated_ranked_features_gas-CO2_keep-CO2_post-prestimulus,product,687,train,0.9758308157099698,0.9758305951077035
aggregated_ranked_features_gas-CO2_keep-CO2_post-prestimulus,product,687,val,0.6216216216216216,0.6213450292397661
aggregated_ranked_features_gas-CO2_keep-CO2_post-prestimulus,product,687,test,0.6544117647058824,0.6442366560917236
aggregated_ranked_features_gas-CO2_keep-CO2_post-prestimulus,product,688,train,0.9758308157099698,0.9758305951077035
aggregated_ranked_features_gas-CO2_keep-CO2_post-prestimulus,product,688,val,0.6148648648648649,0.614424790895379
aggregated_ranked_features_gas-CO2_keep-CO2_post-prestimulus,product,688,test,0.6838235294117647,0.6761008031016339
aggregated_ranked_features_gas-CO2_keep-CO2_post-prestimulus,product,689,train,0.9773413897280967,0.9773413380247944
aggregated_ranked_features_gas-CO2_keep-CO2_post-prestimulus,product,689,val,0.6148648648648649,0.6147065540077643
aggregated_ranked_features_gas-CO2_keep-CO2_post-prestimulus,product,689,test,0.6838235294117647,0.6788048552754435
aggregated_ranked_features_gas-CO2_keep-CO2_post-prestimulus,product,690,train,0.9788519637462235,0.9788519637462235
aggregated_ranked_features_gas-CO2_keep-CO2_post-prestimulus,product,690,val,0.6216216216216216,0.6213450292397661
aggregated_ranked_features_gas-CO2_keep-CO2_post-prestimulus,product,690,test,0.6691176470588235,0.6575457445022663
aggregated_ranked_features_gas-CO2_keep-CO2_post-prestimulus,product,691,train,0.9712990936555891,0.971298504227184
aggregated_ranked_features_gas-CO2_keep-CO2_post-prestimulus,product,691,val,0.6216216216216216,0.6216216216216216
aggregated_ranked_features_gas-CO2_keep-CO2_post-prestimulus,product,691,test,0.6985294117647058,0.6925282602701958
aggregated_ranked_features_gas-CO2_keep-CO2_post-prestimulus,product,692,train,0.974320241691843,0.974320183094767
aggregated_ranked_features_gas-CO2_keep-CO2_post-prestimulus,product,692,val,0.6148648648648649,0.6147065540077643
aggregated_ranked_features_gas-CO2_keep-CO2_post-prestimulus,product,692,test,0.7058823529411765,0.7006383447061413
aggregated_ranked_features_gas-CO2_keep-CO2_post-prestimulus,product,693,train,0.9758308157099698,0.9758305951077035
aggregated_ranked_features_gas-CO2_keep-CO2_post-prestimulus,product,693,val,0.6418918918918919,0.641875542163174
aggregated_ranked_features_gas-CO2_keep-CO2_post-prestimulus,product,693,test,0.7058823529411765,0.6993810786914235
aggregated_ranked_features_gas-CO2_keep-CO2_post-prestimulus,product,694,train,0.9803625377643505,0.9803624929548218
aggregated_ranked_features_gas-CO2_keep-CO2_post-prestimulus,product,694,val,0.6148648648648649,0.6147065540077643
aggregated_ranked_features_gas-CO2_keep-CO2_post-prestimulus,product,694,test,0.6911764705882353,0.6878688524590164
aggregated_ranked_features_gas-CO2_keep-CO2_post-prestimulus,product,695,train,0.972809667673716,0.9728094194961665
aggregated_ranked_features_gas-CO2_keep-CO2_post-prestimulus,product,695,val,0.6283783783783784,0.6283614116787655
aggregated_ranked_features_gas-CO2_keep-CO2_post-prestimulus,product,695,test,0.7058823529411765,0.7017543859649122
aggregated_ranked_features_gas-CO2_keep-CO2_post-prestimulus,product,696,train,0.974320241691843,0.9743197143085331
aggregated_ranked_features_gas-CO2_keep-CO2_post-prestimulus,product,696,val,0.6081081081081081,0.6078216374269005
aggregated_ranked_features_gas-CO2_keep-CO2_post-prestimulus,product,696,test,0.6985294117647058,0.6911658820271392
aggregated_ranked_features_gas-CO2_keep-CO2_post-prestimulus,product,697,train,0.9773413897280967,0.9773413380247944
aggregated_ranked_features_gas-CO2_keep-CO2_post-prestimulus,product,697,val,0.6554054054054054,0.6552637588490523
aggregated_ranked_features_gas-CO2_keep-CO2_post-prestimulus,product,697,test,0.6911764705882353,0.6856702619414483
aggregated_ranked_features_gas-CO2_keep-CO2_post-prestimulus,product,698,train,0.974320241691843,0.974320183094767
aggregated_ranked_features_gas-CO2_keep-CO2_post-prestimulus,product,698,val,0.6216216216216216,0.6215525114155251
aggregated_ranked_features_gas-CO2_keep-CO2_post-prestimulus,product,698,test,0.7205882352941176,0.7156064274708342
aggregated_ranked_features_gas-CO2_keep-CO2_post-prestimulus,product,699,train,0.9773413897280967,0.9773413380247944
aggregated_ranked_features_gas-CO2_keep-CO2_post-prestimulus,product,699,val,0.6148648648648649,0.6148472811943569
aggregated_ranked_features_gas-CO2_keep-CO2_post-prestimulus,product,699,test,0.6838235294117647,0.6727659336354989
aggregated_ranked_features_gas-CO2_keep-CO2_post-prestimulus,product,700,train,0.9788519637462235,0.9788519637462235
aggregated_ranked_features_gas-CO2_keep-CO2_post-prestimulus,product,700,val,0.6148648648648649,0.6147065540077643
aggregated_ranked_features_gas-CO2_keep-CO2_post-prestimulus,product,700,test,0.7132352941176471,0.7062309609526447
aggregated_ranked_features_gas-CO2_keep-CO2_post-prestimulus,product,701,train,0.9758308157099698,0.9758308157099698
aggregated_ranked_features_gas-CO2_keep-CO2_post-prestimulus,product,701,val,0.6351351351351351,0.6348684210526316
aggregated_ranked_features_gas-CO2_keep-CO2_post-prestimulus,product,701,test,0.6985294117647058,0.6925282602701958
aggregated_ranked_features_gas-CO2_keep-CO2_post-prestimulus,product,702,train,0.972809667673716,0.9728094194961665
aggregated_ranked_features_gas-CO2_keep-CO2_post-prestimulus,product,702,val,0.6418918918918919,0.641875542163174
aggregated_ranked_features_gas-CO2_keep-CO2_post-prestimulus,product,702,test,0.6838235294117647,0.6761008031016339
aggregated_ranked_features_gas-CO2_keep-CO2_post-prestimulus,product,703,train,0.9712990936555891,0.9712990281647397
aggregated_ranked_features_gas-CO2_keep-CO2_post-prestimulus,product,703,val,0.6283783783783784,0.6283614116787655
aggregated_ranked_features_gas-CO2_keep-CO2_post-prestimulus,product,703,test,0.6691176470588235,0.6610357241761284
aggregated_ranked_features_gas-CO2_keep-CO2_post-prestimulus,product,704,train,0.974320241691843,0.974320183094767
aggregated_ranked_features_gas-CO2_keep-CO2_post-prestimulus,product,704,val,0.6216216216216216,0.6213450292397661
aggregated_ranked_features_gas-CO2_keep-CO2_post-prestimulus,product,704,test,0.7132352941176471,0.7086834733893558
aggregated_ranked_features_gas-CO2_keep-CO2_post-prestimulus,product,705,train,0.9773413897280967,0.9773409243898821
aggregated_ranked_features_gas-CO2_keep-CO2_post-prestimulus,product,705,val,0.6351351351351351,0.6351351351351351
aggregated_ranked_features_gas-CO2_keep-CO2_post-prestimulus,product,705,test,0.6544117647058824,0.6442366560917236
aggregated_ranked_features_gas-CO2_keep-CO2_post-prestimulus,product,706,train,0.9773413897280967,0.9773413380247944
aggregated_ranked_features_gas-CO2_keep-CO2_post-prestimulus,product,706,val,0.6148648648648649,0.6148472811943569
aggregated_ranked_features_gas-CO2_keep-CO2_post-prestimulus,product,706,test,0.7205882352941176,0.7156064274708342
aggregated_ranked_features_gas-CO2_keep-CO2_post-prestimulus,product,707,train,0.972809667673716,0.9728094194961665
aggregated_ranked_features_gas-CO2_keep-CO2_post-prestimulus,product,707,val,0.6283783783783784,0.6282256222881937
aggregated_ranked_features_gas-CO2_keep-CO2_post-prestimulus,product,707,test,0.6838235294117647,0.6761008031016339
aggregated_ranked_features_gas-CO2_keep-CO2_post-prestimulus,product,708,train,0.9773413897280967,0.9773413380247944
aggregated_ranked_features_gas-CO2_keep-CO2_post-prestimulus,product,708,val,0.6486486486486487,0.6485844748858447
aggregated_ranked_features_gas-CO2_keep-CO2_post-prestimulus,product,708,test,0.6911764705882353,0.68125
aggregated_ranked_features_gas-CO2_keep-CO2_post-prestimulus,product,709,train,0.972809667673716,0.9728094194961665
aggregated_ranked_features_gas-CO2_keep-CO2_post-prestimulus,product,709,val,0.6351351351351351,0.6350684931506849
aggregated_ranked_features_gas-CO2_keep-CO2_post-prestimulus,product,709,test,0.6764705882352942,0.6660714285714285
aggregated_ranked_features_gas-CO2_keep-CO2_post-prestimulus,product,710,train,0.9758308157099698,0.9758305951077035
aggregated_ranked_features_gas-CO2_keep-CO2_post-prestimulus,product,710,val,0.6216216216216216,0.6215525114155251
aggregated_ranked_features_gas-CO2_keep-CO2_post-prestimulus,product,710,test,0.6838235294117647,0.6761008031016339
aggregated_ranked_features_gas-CO2_keep-CO2_post-prestimulus,product,711,train,0.972809667673716,0.972809667673716
aggregated_ranked_features_gas-CO2_keep-CO2_post-prestimulus,product,711,val,0.6351351351351351,0.6351351351351351
aggregated_ranked_features_gas-CO2_keep-CO2_post-prestimulus,product,711,test,0.6838235294117647,0.6761008031016339
aggregated_ranked_features_gas-CO2_keep-CO2_post-prestimulus,product,712,train,0.9758308157099698,0.9758305951077035
aggregated_ranked_features_gas-CO2_keep-CO2_post-prestimulus,product,712,val,0.6148648648648649,0.6147065540077643
aggregated_ranked_features_gas-CO2_keep-CO2_post-prestimulus,product,712,test,0.6764705882352942,0.6693191865605659
aggregated_ranked_features_gas-CO2_keep-CO2_post-prestimulus,product,713,train,0.9758308157099698,0.9758308157099698
aggregated_ranked_features_gas-CO2_keep-CO2_post-prestimulus,product,713,val,0.6148648648648649,0.6148472811943569
aggregated_ranked_features_gas-CO2_keep-CO2_post-prestimulus,product,713,test,0.6838235294117647,0.6745143874881727
aggregated_ranked_features_gas-CO2_keep-CO2_post-prestimulus,product,714,train,0.974320241691843,0.9743197143085331
aggregated_ranked_features_gas-CO2_keep-CO2_post-prestimulus,product,714,val,0.6418918918918919,0.641875542163174
aggregated_ranked_features_gas-CO2_keep-CO2_post-prestimulus,product,714,test,0.6617647058823529,0.6557340964120626
aggregated_ranked_features_gas-CO2_keep-CO2_post-prestimulus,product,715,train,0.9788519637462235,0.9788519637462235
aggregated_ranked_features_gas-CO2_keep-CO2_post-prestimulus,product,715,val,0.6351351351351351,0.6350684931506849
aggregated_ranked_features_gas-CO2_keep-CO2_post-prestimulus,product,715,test,0.6617647058823529,0.6526759937819231
aggregated_ranked_features_gas-CO2_keep-CO2_post-prestimulus,product,716,train,0.9758308157099698,0.9758305951077035
aggregated_ranked_features_gas-CO2_keep-CO2_post-prestimulus,product,716,val,0.6283783783783784,0.6282256222881937
aggregated_ranked_features_gas-CO2_keep-CO2_post-prestimulus,product,716,test,0.7205882352941176,0.7156064274708342
aggregated_ranked_features_gas-CO2_keep-CO2_post-prestimulus,product,717,train,0.9773413897280967,0.9773413380247944
aggregated_ranked_features_gas-CO2_keep-CO2_post-prestimulus,product,717,val,0.6486486486486487,0.6483918128654971
aggregated_ranked_features_gas-CO2_keep-CO2_post-prestimulus,product,717,test,0.6764705882352942,0.6707021791767555
aggregated_ranked_features_gas-CO2_keep-CO2_post-prestimulus,product,718,train,0.9758308157099698,0.9758305951077035
aggregated_ranked_features_gas-CO2_keep-CO2_post-prestimulus,product,718,val,0.6148648648648649,0.6148472811943569
aggregated_ranked_features_gas-CO2_keep-CO2_post-prestimulus,product,718,test,0.6838235294117647,0.6727659336354989
aggregated_ranked_features_gas-CO2_keep-CO2_post-prestimulus,product,719,train,0.9758308157099698,0.9758308157099698
aggregated_ranked_features_gas-CO2_keep-CO2_post-prestimulus,product,719,val,0.6081081081081081,0.6080365296803653
aggregated_ranked_features_gas-CO2_keep-CO2_post-prestimulus,product,719,test,0.6691176470588235,0.6638655462184875
aggregated_ranked_features_gas-CO2_keep-CO2_post-prestimulus,product,720,train,0.9773413897280967,0.9773413380247944
aggregated_ranked_features_gas-CO2_keep-CO2_post-prestimulus,product,720,val,0.6283783783783784,0.6283614116787655
aggregated_ranked_features_gas-CO2_keep-CO2_post-prestimulus,product,720,test,0.6911764705882353,0.6828780812791473
aggregated_ranked_features_gas-CO2_keep-CO2_post-prestimulus,product,721,train,0.974320241691843,0.9743197143085331
aggregated_ranked_features_gas-CO2_keep-CO2_post-prestimulus,product,721,val,0.6081081081081081,0.6080365296803653
aggregated_ranked_features_gas-CO2_keep-CO2_post-prestimulus,product,721,test,0.6838235294117647,0.6761008031016339
aggregated_ranked_features_gas-CO2_keep-CO2_post-prestimulus,product,722,train,0.9697885196374623,0.9697885196374623
aggregated_ranked_features_gas-CO2_keep-CO2_post-prestimulus,product,722,val,0.6418918918918919,0.641744690568623
aggregated_ranked_features_gas-CO2_keep-CO2_post-prestimulus,product,722,test,0.7205882352941176,0.7130801687763713
aggregated_ranked_features_gas-CO2_keep-CO2_post-prestimulus,product,723,train,0.9712990936555891,0.971298504227184
aggregated_ranked_features_gas-CO2_keep-CO2_post-prestimulus,product,723,val,0.6351351351351351,0.6348684210526316
aggregated_ranked_features_gas-CO2_keep-CO2_post-prestimulus,product,723,test,0.6764705882352942,0.6693191865605659
aggregated_ranked_features_gas-CO2_keep-CO2_post-prestimulus,product,724,train,0.9758308157099698,0.9758305951077035
aggregated_ranked_features_gas-CO2_keep-CO2_post-prestimulus,product,724,val,0.6418918918918919,0.641875542163174
aggregated_ranked_features_gas-CO2_keep-CO2_post-prestimulus,product,724,test,0.6838235294117647,0.6745143874881727
aggregated_ranked_features_gas-CO2_keep-CO2_post-prestimulus,product,725,train,0.9803625377643505,0.9803624929548218
aggregated_ranked_features_gas-CO2_keep-CO2_post-prestimulus,product,725,val,0.6283783783783784,0.6283614116787655
aggregated_ranked_features_gas-CO2_keep-CO2_post-prestimulus,product,725,test,0.7058823529411765,0.7017543859649122
aggregated_ranked_features_gas-CO2_keep-CO2_post-prestimulus,product,726,train,0.9788519637462235,0.9788517707192406
aggregated_ranked_features_gas-CO2_keep-CO2_post-prestimulus,product,726,val,0.6216216216216216,0.6209987195902689
aggregated_ranked_features_gas-CO2_keep-CO2_post-prestimulus,product,726,test,0.6764705882352942,0.6707021791767555
aggregated_ranked_features_gas-CO2_keep-CO2_post-prestimulus,product,727,train,0.9758308157099698,0.9758308157099698
aggregated_ranked_features_gas-CO2_keep-CO2_post-prestimulus,product,727,val,0.6283783783783784,0.6283614116787655
aggregated_ranked_features_gas-CO2_keep-CO2_post-prestimulus,product,727,test,0.6911764705882353,0.6828780812791473
aggregated_ranked_features_gas-CO2_keep-CO2_post-prestimulus,product,728,train,0.9758308157099698,0.9758299332767417
aggregated_ranked_features_gas-CO2_keep-CO2_post-prestimulus,product,728,val,0.6216216216216216,0.6215525114155251
aggregated_ranked_features_gas-CO2_keep-CO2_post-prestimulus,product,728,test,0.6838235294117647,0.6745143874881727
aggregated_ranked_features_gas-CO2_keep-CO2_post-prestimulus,product,729,train,0.9788519637462235,0.9788519637462235
aggregated_ranked_features_gas-CO2_keep-CO2_post-prestimulus,product,729,val,0.6148648648648649,0.6140013726835964
aggregated_ranked_features_gas-CO2_keep-CO2_post-prestimulus,product,729,test,0.6764705882352942,0.6677770375305352
aggregated_ranked_features_gas-CO2_keep-CO2_post-prestimulus,product,730,train,0.974320241691843,0.9743197143085331
aggregated_ranked_features_gas-CO2_keep-CO2_post-prestimulus,product,730,val,0.6216216216216216,0.6215525114155251
aggregated_ranked_features_gas-CO2_keep-CO2_post-prestimulus,product,730,test,0.6838235294117647,0.6708504530871842
aggregated_ranked_features_gas-CO2_keep-CO2_post-prestimulus,product,731,train,0.974320241691843,0.974320183094767
aggregated_ranked_features_gas-CO2_keep-CO2_post-prestimulus,product,731,val,0.6081081081081081,0.6081081081081081
aggregated_ranked_features_gas-CO2_keep-CO2_post-prestimulus,product,731,test,0.6764705882352942,0.6660714285714285
aggregated_ranked_features_gas-CO2_keep-CO2_post-prestimulus,product,732,train,0.9788519637462235,0.9788511916171491
aggregated_ranked_features_gas-CO2_keep-CO2_post-prestimulus,product,732,val,0.6216216216216216,0.6215525114155251
aggregated_ranked_features_gas-CO2_keep-CO2_post-prestimulus,product,732,test,0.6617647058823529,0.6508928571428572
aggregated_ranked_features_gas-CO2_keep-CO2_post-prestimulus,product,733,train,0.9773413897280967,0.9773409243898821
aggregated_ranked_features_gas-CO2_keep-CO2_post-prestimulus,product,733,val,0.6283783783783784,0.6282256222881937
aggregated_ranked_features_gas-CO2_keep-CO2_post-prestimulus,product,733,test,0.6764705882352942,0.6707021791767555
aggregated_ranked_features_gas-CO2_keep-CO2_post-prestimulus,product,734,train,0.9758308157099698,0.9758305951077035
aggregated_ranked_features_gas-CO2_keep-CO2_post-prestimulus,product,734,val,0.6216216216216216,0.6213450292397661
aggregated_ranked_features_gas-CO2_keep-CO2_post-prestimulus,product,734,test,0.6838235294117647,0.6775296388199614
aggregated_ranked_features_gas-CO2_keep-CO2_post-prestimulus,product,735,train,0.9773413897280967,0.9773413380247944
aggregated_ranked_features_gas-CO2_keep-CO2_post-prestimulus,product,735,val,0.6351351351351351,0.6348684210526316
aggregated_ranked_features_gas-CO2_keep-CO2_post-prestimulus,product,735,test,0.6985294117647058,0.6896532531863973
aggregated_ranked_features_gas-CO2_keep-CO2_post-prestimulus,product,736,train,0.9803625377643505,0.9803624929548218
aggregated_ranked_features_gas-CO2_keep-CO2_post-prestimulus,product,736,val,0.6081081081081081,0.6081081081081081
aggregated_ranked_features_gas-CO2_keep-CO2_post-prestimulus,product,736,test,0.6838235294117647,0.6799299436265119
aggregated_ranked_features_gas-CO2_keep-CO2_post-prestimulus,product,737,train,0.9773413897280967,0.9773413380247944
aggregated_ranked_features_gas-CO2_keep-CO2_post-prestimulus,product,737,val,0.6351351351351351,0.6350684931506849
aggregated_ranked_features_gas-CO2_keep-CO2_post-prestimulus,product,737,test,0.6985294117647058,0.6896532531863973
aggregated_ranked_features_gas-CO2_keep-CO2_post-prestimulus,product,738,train,0.974320241691843,0.974320183094767
aggregated_ranked_features_gas-CO2_keep-CO2_post-prestimulus,product,738,val,0.6283783783783784,0.6279537456008044
aggregated_ranked_features_gas-CO2_keep-CO2_post-prestimulus,product,738,test,0.6544117647058824,0.6475323959194927
aggregated_ranked_features_gas-CO2_keep-CO2_post-prestimulus,product,739,train,0.974320241691843,0.974320183094767
aggregated_ranked_features_gas-CO2_keep-CO2_post-prestimulus,product,739,val,0.6418918918918919,0.6414827003062298
aggregated_ranked_features_gas-CO2_keep-CO2_post-prestimulus,product,739,test,0.6985294117647058,0.6911658820271392
aggregated_ranked_features_gas-CO2_keep-CO2_post-prestimulus,product,740,train,0.9773413897280967,0.9773413380247944
aggregated_ranked_features_gas-CO2_keep-CO2_post-prestimulus,product,740,val,0.6351351351351351,0.6351351351351351
aggregated_ranked_features_gas-CO2_keep-CO2_post-prestimulus,product,740,test,0.6911764705882353,0.6843501326259946
aggregated_ranked_features_gas-CO2_keep-CO2_post-prestimulus,product,741,train,0.974320241691843,0.974320183094767
aggregated_ranked_features_gas-CO2_keep-CO2_post-prestimulus,product,741,val,0.6351351351351351,0.6348684210526316
aggregated_ranked_features_gas-CO2_keep-CO2_post-prestimulus,product,741,test,0.7132352941176471,0.7062309609526447
aggregated_ranked_features_gas-CO2_keep-CO2_post-prestimulus,product,742,train,0.974320241691843,0.974320183094767
aggregated_ranked_features_gas-CO2_keep-CO2_post-prestimulus,product,742,val,0.6216216216216216,0.6215525114155251
aggregated_ranked_features_gas-CO2_keep-CO2_post-prestimulus,product,742,test,0.6764705882352942,0.6693191865605659
aggregated_ranked_features_gas-CO2_keep-CO2_post-prestimulus,product,743,train,0.9788519637462235,0.9788519637462235
aggregated_ranked_features_gas-CO2_keep-CO2_post-prestimulus,product,743,val,0.6216216216216216,0.6209987195902689
aggregated_ranked_features_gas-CO2_keep-CO2_post-prestimulus,product,743,test,0.6691176470588235,0.6625310173697271
aggregated_ranked_features_gas-CO2_keep-CO2_post-prestimulus,product,744,train,0.9758308157099698,0.9758305951077035
aggregated_ranked_features_gas-CO2_keep-CO2_post-prestimulus,product,744,val,0.6081081081081081,0.6080365296803653
aggregated_ranked_features_gas-CO2_keep-CO2_post-prestimulus,product,744,test,0.6911764705882353,0.6843501326259946
aggregated_ranked_features_gas-CO2_keep-CO2_post-prestimulus,product,745,train,0.9758308157099698,0.9758305951077035
aggregated_ranked_features_gas-CO2_keep-CO2_post-prestimulus,product,745,val,0.6216216216216216,0.6213450292397661
aggregated_ranked_features_gas-CO2_keep-CO2_post-prestimulus,product,745,test,0.6691176470588235,0.6610357241761284
aggregated_ranked_features_gas-CO2_keep-CO2_post-prestimulus,product,746,train,0.9758308157099698,0.9758308157099698
aggregated_ranked_features_gas-CO2_keep-CO2_post-prestimulus,product,746,val,0.6216216216216216,0.6213450292397661
aggregated_ranked_features_gas-CO2_keep-CO2_post-prestimulus,product,746,test,0.7132352941176471,0.7062309609526447
aggregated_ranked_features_gas-CO2_keep-CO2_post-prestimulus,product,747,train,0.9773413897280967,0.9773413380247944
aggregated_ranked_features_gas-CO2_keep-CO2_post-prestimulus,product,747,val,0.6081081081081081,0.6078216374269005
aggregated_ranked_features_gas-CO2_keep-CO2_post-prestimulus,product,747,test,0.7132352941176471,0.7075268817204301
aggregated_ranked_features_gas-CO2_keep-CO2_post-prestimulus,product,748,train,0.9758308157099698,0.9758305951077035
aggregated_ranked_features_gas-CO2_keep-CO2_post-prestimulus,product,748,val,0.6081081081081081,0.6078216374269005
aggregated_ranked_features_gas-CO2_keep-CO2_post-prestimulus,product,748,test,0.6544117647058824,0.6442366560917236
aggregated_ranked_features_gas-CO2_keep-CO2_post-prestimulus,product,749,train,0.9758308157099698,0.9758308157099698
aggregated_ranked_features_gas-CO2_keep-CO2_post-prestimulus,product,749,val,0.6216216216216216,0.6215525114155251
aggregated_ranked_features_gas-CO2_keep-CO2_post-prestimulus,product,749,test,0.6470588235294118,0.6314363143631436
aggregated_ranked_features_gas-CO2_keep-CO2_post-prestimulus,product,750,train,0.9818731117824774,0.9818731117824774
aggregated_ranked_features_gas-CO2_keep-CO2_post-prestimulus,product,750,val,0.6216216216216216,0.6213450292397661
aggregated_ranked_features_gas-CO2_keep-CO2_post-prestimulus,product,750,test,0.6691176470588235,0.6575457445022663
aggregated_ranked_features_gas-CO2_keep-CO2_post-prestimulus,product,751,train,0.9788519637462235,0.9788519637462235
aggregated_ranked_features_gas-CO2_keep-CO2_post-prestimulus,product,751,val,0.6283783783783784,0.6283614116787655
aggregated_ranked_features_gas-CO2_keep-CO2_post-prestimulus,product,751,test,0.7279411764705882,0.7225255031706644
aggregated_ranked_features_gas-CO2_keep-CO2_post-prestimulus,product,752,train,0.9803625377643505,0.9803624929548218
aggregated_ranked_features_gas-CO2_keep-CO2_post-prestimulus,product,752,val,0.6148648648648649,0.6147065540077643
aggregated_ranked_features_gas-CO2_keep-CO2_post-prestimulus,product,752,test,0.7058823529411765,0.6979791250277593
aggregated_ranked_features_gas-CO2_keep-CO2_post-prestimulus,product,753,train,0.9758308157099698,0.9758305951077035
aggregated_ranked_features_gas-CO2_keep-CO2_post-prestimulus,product,753,val,0.5945945945945946,0.5945205479452055
aggregated_ranked_features_gas-CO2_keep-CO2_post-prestimulus,product,753,test,0.6985294117647058,0.6925282602701958
aggregated_ranked_features_gas-CO2_keep-CO2_post-prestimulus,product,754,train,0.9758308157099698,0.9758308157099698
aggregated_ranked_features_gas-CO2_keep-CO2_post-prestimulus,product,754,val,0.6148648648648649,0.6148472811943569
aggregated_ranked_features_gas-CO2_keep-CO2_post-prestimulus,product,754,test,0.7205882352941176,0.7130801687763713
aggregated_ranked_features_gas-CO2_keep-CO2_post-prestimulus,product,755,train,0.9818731117824774,0.9818731117824774
aggregated_ranked_features_gas-CO2_keep-CO2_post-prestimulus,product,755,val,0.6216216216216216,0.6213450292397661
aggregated_ranked_features_gas-CO2_keep-CO2_post-prestimulus,product,755,test,0.6617647058823529,0.6542882404951371
aggregated_ranked_features_gas-CO2_keep-CO2_post-prestimulus,product,756,train,0.9773413897280967,0.9773413380247944
aggregated_ranked_features_gas-CO2_keep-CO2_post-prestimulus,product,756,val,0.6418918918918919,0.641744690568623
aggregated_ranked_features_gas-CO2_keep-CO2_post-prestimulus,product,756,test,0.6838235294117647,0.6775296388199614
aggregated_ranked_features_gas-CO2_keep-CO2_post-prestimulus,product,757,train,0.972809667673716,0.972809667673716
aggregated_ranked_features_gas-CO2_keep-CO2_post-prestimulus,product,757,val,0.6216216216216216,0.6215525114155251
aggregated_ranked_features_gas-CO2_keep-CO2_post-prestimulus,product,757,test,0.6985294117647058,0.6911658820271392
aggregated_ranked_features_gas-CO2_keep-CO2_post-prestimulus,product,758,train,0.9758308157099698,0.9758308157099698
aggregated_ranked_features_gas-CO2_keep-CO2_post-prestimulus,product,758,val,0.6216216216216216,0.6215525114155251
aggregated_ranked_features_gas-CO2_keep-CO2_post-prestimulus,product,758,test,0.6985294117647058,0.6879861227687314
aggregated_ranked_features_gas-CO2_keep-CO2_post-prestimulus,product,759,train,0.9788519637462235,0.9788519637462235
aggregated_ranked_features_gas-CO2_keep-CO2_post-prestimulus,product,759,val,0.6148648648648649,0.614424790895379
aggregated_ranked_features_gas-CO2_keep-CO2_post-prestimulus,product,759,test,0.6911764705882353,0.6828780812791473
aggregated_ranked_features_gas-CO2_keep-CO2_post-prestimulus,product,760,train,0.974320241691843,0.974320183094767
aggregated_ranked_features_gas-CO2_keep-CO2_post-prestimulus,product,760,val,0.6216216216216216,0.6216216216216216
aggregated_ranked_features_gas-CO2_keep-CO2_post-prestimulus,product,760,test,0.6985294117647058,0.6937441643323996
aggregated_ranked_features_gas-CO2_keep-CO2_post-prestimulus,product,761,train,0.9758308157099698,0.9758308157099698
aggregated_ranked_features_gas-CO2_keep-CO2_post-prestimulus,product,761,val,0.6351351351351351,0.6348684210526316
aggregated_ranked_features_gas-CO2_keep-CO2_post-prestimulus,product,761,test,0.6985294117647058,0.6925282602701958
aggregated_ranked_features_gas-CO2_keep-CO2_post-prestimulus,product,762,train,0.9758308157099698,0.9758305951077035
aggregated_ranked_features_gas-CO2_keep-CO2_post-prestimulus,product,762,val,0.6351351351351351,0.6350684931506849
aggregated_ranked_features_gas-CO2_keep-CO2_post-prestimulus,product,762,test,0.6764705882352942,0.6677770375305352
aggregated_ranked_features_gas-CO2_keep-CO2_post-prestimulus,product,763,train,0.9758308157099698,0.9758305951077035
aggregated_ranked_features_gas-CO2_keep-CO2_post-prestimulus,product,763,val,0.6216216216216216,0.6216216216216216
aggregated_ranked_features_gas-CO2_keep-CO2_post-prestimulus,product,763,test,0.6838235294117647,0.6761008031016339
aggregated_ranked_features_gas-CO2_keep-CO2_post-prestimulus,product,764,train,0.9803625377643505,0.9803624929548218
aggregated_ranked_features_gas-CO2_keep-CO2_post-prestimulus,product,764,val,0.6283783783783784,0.6283614116787655
aggregated_ranked_features_gas-CO2_keep-CO2_post-prestimulus,product,764,test,0.6691176470588235,0.6610357241761284
aggregated_ranked_features_gas-CO2_keep-CO2_post-prestimulus,product,765,train,0.9758308157099698,0.9758308157099698
aggregated_ranked_features_gas-CO2_keep-CO2_post-prestimulus,product,765,val,0.6351351351351351,0.6348684210526316
aggregated_ranked_features_gas-CO2_keep-CO2_post-prestimulus,product,765,test,0.6617647058823529,0.6542882404951371
aggregated_ranked_features_gas-CO2_keep-CO2_post-prestimulus,product,766,train,0.974320241691843,0.974320183094767
aggregated_ranked_features_gas-CO2_keep-CO2_post-prestimulus,product,766,val,0.6283783783783784,0.6282256222881937
aggregated_ranked_features_gas-CO2_keep-CO2_post-prestimulus,product,766,test,0.6838235294117647,0.6788048552754435
aggregated_ranked_features_gas-CO2_keep-CO2_post-prestimulus,product,767,train,0.9758308157099698,0.9758305951077035
aggregated_ranked_features_gas-CO2_keep-CO2_post-prestimulus,product,767,val,0.6148648648648649,0.614424790895379
aggregated_ranked_features_gas-CO2_keep-CO2_post-prestimulus,product,767,test,0.6985294117647058,0.6896532531863973
aggregated_ranked_features_gas-CO2_keep-CO2_post-prestimulus,product,768,train,0.9758308157099698,0.9758308157099698
aggregated_ranked_features_gas-CO2_keep-CO2_post-prestimulus,product,768,val,0.6216216216216216,0.6215525114155251
aggregated_ranked_features_gas-CO2_keep-CO2_post-prestimulus,product,768,test,0.6764705882352942,0.6693191865605659
aggregated_ranked_features_gas-CO2_keep-CO2_post-prestimulus,product,769,train,0.974320241691843,0.974320183094767
aggregated_ranked_features_gas-CO2_keep-CO2_post-prestimulus,product,769,val,0.6351351351351351,0.6350684931506849
aggregated_ranked_features_gas-CO2_keep-CO2_post-prestimulus,product,769,test,0.6911764705882353,0.6843501326259946
aggregated_ranked_features_gas-CO2_keep-CO2_post-prestimulus,product,770,train,0.974320241691843,0.9743197143085331
aggregated_ranked_features_gas-CO2_keep-CO2_post-prestimulus,product,770,val,0.6148648648648649,0.614424790895379
aggregated_ranked_features_gas-CO2_keep-CO2_post-prestimulus,product,770,test,0.7132352941176471,0.7086834733893558
aggregated_ranked_features_gas-CO2_keep-CO2_post-prestimulus,product,771,train,0.972809667673716,0.9728094194961665
aggregated_ranked_features_gas-CO2_keep-CO2_post-prestimulus,product,771,val,0.6013513513513513,0.6008958361899539
aggregated_ranked_features_gas-CO2_keep-CO2_post-prestimulus,product,771,test,0.6764705882352942,0.6677770375305352
aggregated_ranked_features_gas-CO2_keep-CO2_post-prestimulus,product,772,train,0.972809667673716,0.972809667673716
aggregated_ranked_features_gas-CO2_keep-CO2_post-prestimulus,product,772,val,0.6351351351351351,0.6350684931506849
aggregated_ranked_features_gas-CO2_keep-CO2_post-prestimulus,product,772,test,0.6911764705882353,0.6828780812791473
aggregated_ranked_features_gas-CO2_keep-CO2_post-prestimulus,product,773,train,0.9758308157099698,0.9758305951077035
aggregated_ranked_features_gas-CO2_keep-CO2_post-prestimulus,product,773,val,0.6351351351351351,0.6350684931506849
aggregated_ranked_features_gas-CO2_keep-CO2_post-prestimulus,product,773,test,0.6838235294117647,0.6761008031016339
aggregated_ranked_features_gas-CO2_keep-CO2_post-prestimulus,product,774,train,0.9788519637462235,0.9788517707192406
aggregated_ranked_features_gas-CO2_keep-CO2_post-prestimulus,product,774,val,0.6216216216216216,0.6216216216216216
aggregated_ranked_features_gas-CO2_keep-CO2_post-prestimulus,product,774,test,0.6911764705882353,0.6843501326259946
aggregated_ranked_features_gas-CO2_keep-CO2_post-prestimulus,product,775,train,0.9803625377643505,0.9803624929548218
aggregated_ranked_features_gas-CO2_keep-CO2_post-prestimulus,product,775,val,0.6148648648648649,0.6147065540077643
aggregated_ranked_features_gas-CO2_keep-CO2_post-prestimulus,product,775,test,0.6985294117647058,0.6925282602701958
aggregated_ranked_features_gas-CO2_keep-CO2_post-prestimulus,product,776,train,0.974320241691843,0.974320183094767
aggregated_ranked_features_gas-CO2_keep-CO2_post-prestimulus,product,776,val,0.6216216216216216,0.6209987195902689
aggregated_ranked_features_gas-CO2_keep-CO2_post-prestimulus,product,776,test,0.6764705882352942,0.6660714285714285
aggregated_ranked_features_gas-CO2_keep-CO2_post-prestimulus,product,777,train,0.9712990936555891,0.9712990281647397
aggregated_ranked_features_gas-CO2_keep-CO2_post-prestimulus,product,777,val,0.6418918918918919,0.641875542163174
aggregated_ranked_features_gas-CO2_keep-CO2_post-prestimulus,product,777,test,0.7058823529411765,0.7006383447061413
aggregated_ranked_features_gas-CO2_keep-CO2_post-prestimulus,product,778,train,0.9788519637462235,0.9788517707192406
aggregated_ranked_features_gas-CO2_keep-CO2_post-prestimulus,product,778,val,0.6148648648648649,0.6147065540077643
aggregated_ranked_features_gas-CO2_keep-CO2_post-prestimulus,product,778,test,0.6544117647058824,0.6475323959194927
aggregated_ranked_features_gas-CO2_keep-CO2_post-prestimulus,product,779,train,0.9788519637462235,0.9788519637462235
aggregated_ranked_features_gas-CO2_keep-CO2_post-prestimulus,product,779,val,0.6283783783783784,0.6282256222881937
aggregated_ranked_features_gas-CO2_keep-CO2_post-prestimulus,product,779,test,0.6838235294117647,0.6775296388199614
aggregated_ranked_features_gas-CO2_keep-CO2_post-prestimulus,product,780,train,0.9773413897280967,0.9773413380247944
aggregated_ranked_features_gas-CO2_keep-CO2_post-prestimulus,product,780,val,0.6418918918918919,0.641875542163174
aggregated_ranked_features_gas-CO2_keep-CO2_post-prestimulus,product,780,test,0.6838235294117647,0.6745143874881727
aggregated_ranked_features_gas-CO2_keep-CO2_post-prestimulus,product,781,train,0.9788519637462235,0.9788519637462235
aggregated_ranked_features_gas-CO2_keep-CO2_post-prestimulus,product,781,val,0.6351351351351351,0.6348684210526316
aggregated_ranked_features_gas-CO2_keep-CO2_post-prestimulus,product,781,test,0.7058823529411765,0.7027322404371584
aggregated_ranked_features_gas-CO2_keep-CO2_post-prestimulus,product,782,train,0.9758308157099698,0.9758305951077035
aggregated_ranked_features_gas-CO2_keep-CO2_post-prestimulus,product,782,val,0.6351351351351351,0.6348684210526316
aggregated_ranked_features_gas-CO2_keep-CO2_post-prestimulus,product,782,test,0.6911764705882353,0.6868421052631579
aggregated_ranked_features_gas-CO2_keep-CO2_post-prestimulus,all_features,782,train,0.9773413897280967,0.9773413380247944
aggregated_ranked_features_gas-CO2_keep-CO2_post-prestimulus,all_features,782,val,0.6216216216216216,0.6209987195902689
aggregated_ranked_features_gas-CO2_keep-CO2_post-prestimulus,all_features,782,test,0.7205882352941176,0.7144120247568524
