source,approach,n_features,split,accuracy,f1_score
aggregated_ranked_features_gas-N2_keep-N2_post-prestimulus,mean,1,train,0.8333333333333334,0.8332929943541894
aggregated_ranked_features_gas-N2_keep-N2_post-prestimulus,mean,1,val,0.6440677966101694,0.6436583261432269
aggregated_ranked_features_gas-N2_keep-N2_post-prestimulus,mean,1,test,0.7272727272727273,0.7124183006535948
aggregated_ranked_features_gas-N2_keep-N2_post-prestimulus,mean,2,train,0.9977777777777778,0.9977777668037867
aggregated_ranked_features_gas-N2_keep-N2_post-prestimulus,mean,2,val,0.7203389830508474,0.7187025933684895
aggregated_ranked_features_gas-N2_keep-N2_post-prestimulus,mean,2,test,0.7272727272727273,0.717948717948718
aggregated_ranked_features_gas-N2_keep-N2_post-prestimulus,mean,3,train,0.9977777777777778,0.9977777668037867
aggregated_ranked_features_gas-N2_keep-N2_post-prestimulus,mean,3,val,0.7203389830508474,0.7187025933684895
aggregated_ranked_features_gas-N2_keep-N2_post-prestimulus,mean,3,test,0.75,0.7435082140964494
aggregated_ranked_features_gas-N2_keep-N2_post-prestimulus,mean,4,train,0.9977777777777778,0.9977777668037867
aggregated_ranked_features_gas-N2_keep-N2_post-prestimulus,mean,4,val,0.7033898305084746,0.7028563205986043
aggregated_ranked_features_gas-N2_keep-N2_post-prestimulus,mean,4,test,0.75,0.7333333333333334
aggregated_ranked_features_gas-N2_keep-N2_post-prestimulus,mean,5,train,1.0,1.0
aggregated_ranked_features_gas-N2_keep-N2_post-prestimulus,mean,5,val,0.7033898305084746,0.7033685268979386
aggregated_ranked_features_gas-N2_keep-N2_post-prestimulus,mean,5,test,0.7727272727272727,0.7684210526315789
aggregated_ranked_features_gas-N2_keep-N2_post-prestimulus,mean,6,train,1.0,1.0
aggregated_ranked_features_gas-N2_keep-N2_post-prestimulus,mean,6,val,0.7033898305084746,0.7031979877829679
aggregated_ranked_features_gas-N2_keep-N2_post-prestimulus,mean,6,test,0.7954545454545454,0.7901430842607313
aggregated_ranked_features_gas-N2_keep-N2_post-prestimulus,mean,7,train,1.0,1.0
aggregated_ranked_features_gas-N2_keep-N2_post-prestimulus,mean,7,val,0.7203389830508474,0.7198359594215411
aggregated_ranked_features_gas-N2_keep-N2_post-prestimulus,mean,7,test,0.8181818181818182,0.8147368421052632
aggregated_ranked_features_gas-N2_keep-N2_post-prestimulus,mean,8,train,1.0,1.0
aggregated_ranked_features_gas-N2_keep-N2_post-prestimulus,mean,8,val,0.7372881355932204,0.736815598244478
aggregated_ranked_features_gas-N2_keep-N2_post-prestimulus,mean,8,test,0.7272727272727273,0.717948717948718
aggregated_ranked_features_gas-N2_keep-N2_post-prestimulus,mean,9,train,1.0,1.0
aggregated_ranked_features_gas-N2_keep-N2_post-prestimulus,mean,9,val,0.711864406779661,0.7111175115207373
aggregated_ranked_features_gas-N2_keep-N2_post-prestimulus,mean,9,test,0.7272727272727273,0.7221052631578948
aggregated_ranked_features_gas-N2_keep-N2_post-prestimulus,mean,10,train,1.0,1.0
aggregated_ranked_features_gas-N2_keep-N2_post-prestimulus,mean,10,val,0.7203389830508474,0.7193513513513514
aggregated_ranked_features_gas-N2_keep-N2_post-prestimulus,mean,10,test,0.7272727272727273,0.725
aggregated_ranked_features_gas-N2_keep-N2_post-prestimulus,mean,11,train,1.0,1.0
aggregated_ranked_features_gas-N2_keep-N2_post-prestimulus,mean,11,val,0.7457627118644068,0.7451036866359446
aggregated_ranked_features_gas-N2_keep-N2_post-prestimulus,mean,11,test,0.6818181818181818,0.6757894736842105
aggregated_ranked_features_gas-N2_keep-N2_post-prestimulus,mean,12,train,1.0,1.0
aggregated_ranked_features_gas-N2_keep-N2_post-prestimulus,mean,12,val,0.7203389830508474,0.7193513513513514
aggregated_ranked_features_gas-N2_keep-N2_post-prestimulus,mean,12,test,0.7272727272727273,0.717948717948718
aggregated_ranked_features_gas-N2_keep-N2_post-prestimulus,mean,13,train,1.0,1.0
aggregated_ranked_features_gas-N2_keep-N2_post-prestimulus,mean,13,val,0.7457627118644068,0.7451036866359446
aggregated_ranked_features_gas-N2_keep-N2_post-prestimulus,mean,13,test,0.7045454545454546,0.6968733439321675
aggregated_ranked_features_gas-N2_keep-N2_post-prestimulus,mean,14,train,1.0,1.0
aggregated_ranked_features_gas-N2_keep-N2_post-prestimulus,mean,14,val,0.7288135593220338,0.728110599078341
aggregated_ranked_features_gas-N2_keep-N2_post-prestimulus,mean,14,test,0.7045454545454546,0.6968733439321675
aggregated_ranked_features_gas-N2_keep-N2_post-prestimulus,mean,15,train,1.0,1.0
aggregated_ranked_features_gas-N2_keep-N2_post-prestimulus,mean,15,val,0.6949152542372882,0.6941244239631337
aggregated_ranked_features_gas-N2_keep-N2_post-prestimulus,mean,15,test,0.6590909090909091,0.6442048517520216
aggregated_ranked_features_gas-N2_keep-N2_post-prestimulus,mean,16,train,1.0,1.0
aggregated_ranked_features_gas-N2_keep-N2_post-prestimulus,mean,16,val,0.7542372881355932,0.7533693693693694
aggregated_ranked_features_gas-N2_keep-N2_post-prestimulus,mean,16,test,0.7272727272727273,0.717948717948718
aggregated_ranked_features_gas-N2_keep-N2_post-prestimulus,mean,17,train,1.0,1.0
aggregated_ranked_features_gas-N2_keep-N2_post-prestimulus,mean,17,val,0.7711864406779662,0.7707748758903519
aggregated_ranked_features_gas-N2_keep-N2_post-prestimulus,mean,17,test,0.7272727272727273,0.717948717948718
aggregated_ranked_features_gas-N2_keep-N2_post-prestimulus,mean,18,train,1.0,1.0
aggregated_ranked_features_gas-N2_keep-N2_post-prestimulus,mean,18,val,0.7457627118644068,0.7445887445887446
aggregated_ranked_features_gas-N2_keep-N2_post-prestimulus,mean,18,test,0.7045454545454546,0.6968733439321675
aggregated_ranked_features_gas-N2_keep-N2_post-prestimulus,mean,19,train,1.0,1.0
aggregated_ranked_features_gas-N2_keep-N2_post-prestimulus,mean,19,val,0.7711864406779662,0.7711700064641241
aggregated_ranked_features_gas-N2_keep-N2_post-prestimulus,mean,19,test,0.7045454545454546,0.6968733439321675
aggregated_ranked_features_gas-N2_keep-N2_post-prestimulus,mean,20,train,1.0,1.0
aggregated_ranked_features_gas-N2_keep-N2_post-prestimulus,mean,20,val,0.7288135593220338,0.7268518518518519
aggregated_ranked_features_gas-N2_keep-N2_post-prestimulus,mean,20,test,0.7045454545454546,0.6968733439321675
aggregated_ranked_features_gas-N2_keep-N2_post-prestimulus,mean,21,train,1.0,1.0
aggregated_ranked_features_gas-N2_keep-N2_post-prestimulus,mean,21,val,0.7288135593220338,0.7268518518518519
aggregated_ranked_features_gas-N2_keep-N2_post-prestimulus,mean,21,test,0.7045454545454546,0.6968733439321675
aggregated_ranked_features_gas-N2_keep-N2_post-prestimulus,mean,22,train,1.0,1.0
aggregated_ranked_features_gas-N2_keep-N2_post-prestimulus,mean,22,val,0.7288135593220338,0.728735632183908
aggregated_ranked_features_gas-N2_keep-N2_post-prestimulus,mean,22,test,0.6818181818181818,0.6644880174291938
aggregated_ranked_features_gas-N2_keep-N2_post-prestimulus,mean,23,train,1.0,1.0
aggregated_ranked_features_gas-N2_keep-N2_post-prestimulus,mean,23,val,0.7033898305084746,0.7016542656938525
aggregated_ranked_features_gas-N2_keep-N2_post-prestimulus,mean,23,test,0.6818181818181818,0.6644880174291938
aggregated_ranked_features_gas-N2_keep-N2_post-prestimulus,mean,24,train,1.0,1.0
aggregated_ranked_features_gas-N2_keep-N2_post-prestimulus,mean,24,val,0.6949152542372882,0.6941244239631337
aggregated_ranked_features_gas-N2_keep-N2_post-prestimulus,mean,24,test,0.7727272727272727,0.7649572649572649
aggregated_ranked_features_gas-N2_keep-N2_post-prestimulus,mean,25,train,1.0,1.0
aggregated_ranked_features_gas-N2_keep-N2_post-prestimulus,mean,25,val,0.6779661016949152,0.6764790764790765
aggregated_ranked_features_gas-N2_keep-N2_post-prestimulus,mean,25,test,0.7954545454545454,0.7901430842607313
aggregated_ranked_features_gas-N2_keep-N2_post-prestimulus,mean,26,train,1.0,1.0
aggregated_ranked_features_gas-N2_keep-N2_post-prestimulus,mean,26,val,0.711864406779661,0.7105339105339106
aggregated_ranked_features_gas-N2_keep-N2_post-prestimulus,mean,26,test,0.8409090909090909,0.8388278388278387
aggregated_ranked_features_gas-N2_keep-N2_post-prestimulus,mean,27,train,1.0,1.0
aggregated_ranked_features_gas-N2_keep-N2_post-prestimulus,mean,27,val,0.7033898305084746,0.7028563205986043
aggregated_ranked_features_gas-N2_keep-N2_post-prestimulus,mean,27,test,0.7954545454545454,0.7901430842607313
aggregated_ranked_features_gas-N2_keep-N2_post-prestimulus,mean,28,train,1.0,1.0
aggregated_ranked_features_gas-N2_keep-N2_post-prestimulus,mean,28,val,0.6864406779661016,0.6853333333333333
aggregated_ranked_features_gas-N2_keep-N2_post-prestimulus,mean,28,test,0.7954545454545454,0.7901430842607313
aggregated_ranked_features_gas-N2_keep-N2_post-prestimulus,mean,29,train,1.0,1.0
aggregated_ranked_features_gas-N2_keep-N2_post-prestimulus,mean,29,val,0.7033898305084746,0.7028563205986043
aggregated_ranked_features_gas-N2_keep-N2_post-prestimulus,mean,29,test,0.8181818181818182,0.8147368421052632
aggregated_ranked_features_gas-N2_keep-N2_post-prestimulus,mean,30,train,1.0,1.0
aggregated_ranked_features_gas-N2_keep-N2_post-prestimulus,mean,30,val,0.711864406779661,0.7117816091954023
aggregated_ranked_features_gas-N2_keep-N2_post-prestimulus,mean,30,test,0.8181818181818182,0.8147368421052632
aggregated_ranked_features_gas-N2_keep-N2_post-prestimulus,mean,31,train,1.0,1.0
aggregated_ranked_features_gas-N2_keep-N2_post-prestimulus,mean,31,val,0.6949152542372882,0.6945642795513374
aggregated_ranked_features_gas-N2_keep-N2_post-prestimulus,mean,31,test,0.8181818181818182,0.8147368421052632
aggregated_ranked_features_gas-N2_keep-N2_post-prestimulus,mean,32,train,1.0,1.0
aggregated_ranked_features_gas-N2_keep-N2_post-prestimulus,mean,32,val,0.7033898305084746,0.7031979877829679
aggregated_ranked_features_gas-N2_keep-N2_post-prestimulus,mean,32,test,0.8409090909090909,0.8388278388278387
aggregated_ranked_features_gas-N2_keep-N2_post-prestimulus,mean,33,train,1.0,1.0
aggregated_ranked_features_gas-N2_keep-N2_post-prestimulus,mean,33,val,0.6949152542372882,0.6949152542372882
aggregated_ranked_features_gas-N2_keep-N2_post-prestimulus,mean,33,test,0.7954545454545454,0.792778649921507
aggregated_ranked_features_gas-N2_keep-N2_post-prestimulus,mean,34,train,1.0,1.0
aggregated_ranked_features_gas-N2_keep-N2_post-prestimulus,mean,34,val,0.7033898305084746,0.7031979877829679
aggregated_ranked_features_gas-N2_keep-N2_post-prestimulus,mean,34,test,0.7954545454545454,0.792778649921507
aggregated_ranked_features_gas-N2_keep-N2_post-prestimulus,mean,35,train,1.0,1.0
aggregated_ranked_features_gas-N2_keep-N2_post-prestimulus,mean,35,val,0.7203389830508474,0.720318896789485
aggregated_ranked_features_gas-N2_keep-N2_post-prestimulus,mean,35,test,0.8181818181818182,0.8147368421052632
aggregated_ranked_features_gas-N2_keep-N2_post-prestimulus,mean,36,train,1.0,1.0
aggregated_ranked_features_gas-N2_keep-N2_post-prestimulus,mean,36,val,0.6949152542372882,0.6945642795513374
aggregated_ranked_features_gas-N2_keep-N2_post-prestimulus,mean,36,test,0.7954545454545454,0.7901430842607313
aggregated_ranked_features_gas-N2_keep-N2_post-prestimulus,mean,37,train,1.0,1.0
aggregated_ranked_features_gas-N2_keep-N2_post-prestimulus,mean,37,val,0.7288135593220338,0.728735632183908
aggregated_ranked_features_gas-N2_keep-N2_post-prestimulus,mean,37,test,0.7954545454545454,0.7901430842607313
aggregated_ranked_features_gas-N2_keep-N2_post-prestimulus,mean,38,train,1.0,1.0
aggregated_ranked_features_gas-N2_keep-N2_post-prestimulus,mean,38,val,0.711864406779661,0.7117816091954023
aggregated_ranked_features_gas-N2_keep-N2_post-prestimulus,mean,38,test,0.8181818181818182,0.8147368421052632
aggregated_ranked_features_gas-N2_keep-N2_post-prestimulus,mean,39,train,1.0,1.0
aggregated_ranked_features_gas-N2_keep-N2_post-prestimulus,mean,39,val,0.711864406779661,0.7117816091954023
aggregated_ranked_features_gas-N2_keep-N2_post-prestimulus,mean,39,test,0.7954545454545454,0.7901430842607313
aggregated_ranked_features_gas-N2_keep-N2_post-prestimulus,mean,40,train,1.0,1.0
aggregated_ranked_features_gas-N2_keep-N2_post-prestimulus,mean,40,val,0.711864406779661,0.7117816091954023
aggregated_ranked_features_gas-N2_keep-N2_post-prestimulus,mean,40,test,0.7954545454545454,0.792778649921507
aggregated_ranked_features_gas-N2_keep-N2_post-prestimulus,mean,41,train,1.0,1.0
aggregated_ranked_features_gas-N2_keep-N2_post-prestimulus,mean,41,val,0.7203389830508474,0.720318896789485
aggregated_ranked_features_gas-N2_keep-N2_post-prestimulus,mean,41,test,0.7727272727272727,0.7684210526315789
aggregated_ranked_features_gas-N2_keep-N2_post-prestimulus,mean,42,train,1.0,1.0
aggregated_ranked_features_gas-N2_keep-N2_post-prestimulus,mean,42,val,0.7033898305084746,0.7031979877829679
aggregated_ranked_features_gas-N2_keep-N2_post-prestimulus,mean,42,test,0.7727272727272727,0.7684210526315789
aggregated_ranked_features_gas-N2_keep-N2_post-prestimulus,mean,43,train,1.0,1.0
aggregated_ranked_features_gas-N2_keep-N2_post-prestimulus,mean,43,val,0.6864406779661016,0.6862378727991376
aggregated_ranked_features_gas-N2_keep-N2_post-prestimulus,mean,43,test,0.8181818181818182,0.8147368421052632
aggregated_ranked_features_gas-N2_keep-N2_post-prestimulus,mean,44,train,1.0,1.0
aggregated_ranked_features_gas-N2_keep-N2_post-prestimulus,mean,44,val,0.7288135593220338,0.728735632183908
aggregated_ranked_features_gas-N2_keep-N2_post-prestimulus,mean,44,test,0.7727272727272727,0.7684210526315789
aggregated_ranked_features_gas-N2_keep-N2_post-prestimulus,mean,45,train,1.0,1.0
aggregated_ranked_features_gas-N2_keep-N2_post-prestimulus,mean,45,val,0.7203389830508474,0.7201581027667985
aggregated_ranked_features_gas-N2_keep-N2_post-prestimulus,mean,45,test,0.75,0.7435082140964494
aggregated_ranked_features_gas-N2_keep-N2_post-prestimulus,mean,46,train,1.0,1.0
aggregated_ranked_features_gas-N2_keep-N2_post-prestimulus,mean,46,val,0.7288135593220338,0.7285015818234111
aggregated_ranked_features_gas-N2_keep-N2_post-prestimulus,mean,46,test,0.7045454545454546,0.691644204851752
aggregated_ranked_features_gas-N2_keep-N2_post-prestimulus,mean,47,train,1.0,1.0
aggregated_ranked_features_gas-N2_keep-N2_post-prestimulus,mean,47,val,0.7457627118644068,0.7456896551724138
aggregated_ranked_features_gas-N2_keep-N2_post-prestimulus,mean,47,test,0.6818181818181818,0.6644880174291938
aggregated_ranked_features_gas-N2_keep-N2_post-prestimulus,mean,48,train,1.0,1.0
aggregated_ranked_features_gas-N2_keep-N2_post-prestimulus,mean,48,val,0.7372881355932204,0.736815598244478
aggregated_ranked_features_gas-N2_keep-N2_post-prestimulus,mean,48,test,0.7272727272727273,0.717948717948718
aggregated_ranked_features_gas-N2_keep-N2_post-prestimulus,mean,49,train,1.0,1.0
aggregated_ranked_features_gas-N2_keep-N2_post-prestimulus,mean,49,val,0.7033898305084746,0.7023423423423423
aggregated_ranked_features_gas-N2_keep-N2_post-prestimulus,mean,49,test,0.75,0.7435082140964494
aggregated_ranked_features_gas-N2_keep-N2_post-prestimulus,mean,50,train,1.0,1.0
aggregated_ranked_features_gas-N2_keep-N2_post-prestimulus,mean,50,val,0.7288135593220338,0.728735632183908
aggregated_ranked_features_gas-N2_keep-N2_post-prestimulus,mean,50,test,0.7954545454545454,0.792778649921507
aggregated_ranked_features_gas-N2_keep-N2_post-prestimulus,mean,51,train,1.0,1.0
aggregated_ranked_features_gas-N2_keep-N2_post-prestimulus,mean,51,val,0.7627118644067796,0.7626436781609196
aggregated_ranked_features_gas-N2_keep-N2_post-prestimulus,mean,51,test,0.7954545454545454,0.792778649921507
aggregated_ranked_features_gas-N2_keep-N2_post-prestimulus,mean,52,train,1.0,1.0
aggregated_ranked_features_gas-N2_keep-N2_post-prestimulus,mean,52,val,0.7627118644067796,0.7626436781609196
aggregated_ranked_features_gas-N2_keep-N2_post-prestimulus,mean,52,test,0.7727272727272727,0.7684210526315789
aggregated_ranked_features_gas-N2_keep-N2_post-prestimulus,mean,53,train,1.0,1.0
aggregated_ranked_features_gas-N2_keep-N2_post-prestimulus,mean,53,val,0.7542372881355932,0.7540783327344592
aggregated_ranked_features_gas-N2_keep-N2_post-prestimulus,mean,53,test,0.7272727272727273,0.717948717948718
aggregated_ranked_features_gas-N2_keep-N2_post-prestimulus,mean,54,train,1.0,1.0
aggregated_ranked_features_gas-N2_keep-N2_post-prestimulus,mean,54,val,0.7457627118644068,0.7457627118644068
aggregated_ranked_features_gas-N2_keep-N2_post-prestimulus,mean,54,test,0.7727272727272727,0.7684210526315789
aggregated_ranked_features_gas-N2_keep-N2_post-prestimulus,mean,55,train,1.0,1.0
aggregated_ranked_features_gas-N2_keep-N2_post-prestimulus,mean,55,val,0.7711864406779662,0.7710384477182897
aggregated_ranked_features_gas-N2_keep-N2_post-prestimulus,mean,55,test,0.7954545454545454,0.792778649921507
aggregated_ranked_features_gas-N2_keep-N2_post-prestimulus,mean,56,train,1.0,1.0
aggregated_ranked_features_gas-N2_keep-N2_post-prestimulus,mean,56,val,0.788135593220339,0.7881203763556704
aggregated_ranked_features_gas-N2_keep-N2_post-prestimulus,mean,56,test,0.7727272727272727,0.7684210526315789
aggregated_ranked_features_gas-N2_keep-N2_post-prestimulus,mean,57,train,1.0,1.0
aggregated_ranked_features_gas-N2_keep-N2_post-prestimulus,mean,57,val,0.7796610169491526,0.7794075352315214
aggregated_ranked_features_gas-N2_keep-N2_post-prestimulus,mean,57,test,0.7727272727272727,0.7684210526315789
aggregated_ranked_features_gas-N2_keep-N2_post-prestimulus,mean,58,train,1.0,1.0
aggregated_ranked_features_gas-N2_keep-N2_post-prestimulus,mean,58,val,0.7796610169491526,0.7794075352315214
aggregated_ranked_features_gas-N2_keep-N2_post-prestimulus,mean,58,test,0.7727272727272727,0.7684210526315789
aggregated_ranked_features_gas-N2_keep-N2_post-prestimulus,mean,59,train,1.0,1.0
aggregated_ranked_features_gas-N2_keep-N2_post-prestimulus,mean,59,val,0.7796610169491526,0.7795977011494253
aggregated_ranked_features_gas-N2_keep-N2_post-prestimulus,mean,59,test,0.7727272727272727,0.7684210526315789
aggregated_ranked_features_gas-N2_keep-N2_post-prestimulus,mean,60,train,1.0,1.0
aggregated_ranked_features_gas-N2_keep-N2_post-prestimulus,mean,60,val,0.7627118644067796,0.7626436781609196
aggregated_ranked_features_gas-N2_keep-N2_post-prestimulus,mean,60,test,0.7954545454545454,0.792778649921507
aggregated_ranked_features_gas-N2_keep-N2_post-prestimulus,mean,61,train,1.0,1.0
aggregated_ranked_features_gas-N2_keep-N2_post-prestimulus,mean,61,val,0.7542372881355932,0.7542196365725777
aggregated_ranked_features_gas-N2_keep-N2_post-prestimulus,mean,61,test,0.75,0.7435082140964494
aggregated_ranked_features_gas-N2_keep-N2_post-prestimulus,mean,62,train,1.0,1.0
aggregated_ranked_features_gas-N2_keep-N2_post-prestimulus,mean,62,val,0.7627118644067796,0.7626436781609196
aggregated_ranked_features_gas-N2_keep-N2_post-prestimulus,mean,62,test,0.7954545454545454,0.7901430842607313
aggregated_ranked_features_gas-N2_keep-N2_post-prestimulus,mean,63,train,1.0,1.0
aggregated_ranked_features_gas-N2_keep-N2_post-prestimulus,mean,63,val,0.7627118644067796,0.7626436781609196
aggregated_ranked_features_gas-N2_keep-N2_post-prestimulus,mean,63,test,0.75,0.7435082140964494
aggregated_ranked_features_gas-N2_keep-N2_post-prestimulus,mean,64,train,1.0,1.0
aggregated_ranked_features_gas-N2_keep-N2_post-prestimulus,mean,64,val,0.7372881355932204,0.7372692666810314
aggregated_ranked_features_gas-N2_keep-N2_post-prestimulus,mean,64,test,0.8181818181818182,0.8147368421052632
aggregated_ranked_features_gas-N2_keep-N2_post-prestimulus,mean,65,train,1.0,1.0
aggregated_ranked_features_gas-N2_keep-N2_post-prestimulus,mean,65,val,0.7457627118644068,0.7454702329594478
aggregated_ranked_features_gas-N2_keep-N2_post-prestimulus,mean,65,test,0.7954545454545454,0.792778649921507
aggregated_ranked_features_gas-N2_keep-N2_post-prestimulus,mean,66,train,1.0,1.0
aggregated_ranked_features_gas-N2_keep-N2_post-prestimulus,mean,66,val,0.7203389830508474,0.7201581027667985
aggregated_ranked_features_gas-N2_keep-N2_post-prestimulus,mean,66,test,0.75,0.7390835579514825
aggregated_ranked_features_gas-N2_keep-N2_post-prestimulus,mean,67,train,1.0,1.0
aggregated_ranked_features_gas-N2_keep-N2_post-prestimulus,mean,67,val,0.7372881355932204,0.736815598244478
aggregated_ranked_features_gas-N2_keep-N2_post-prestimulus,mean,67,test,0.7272727272727273,0.717948717948718
aggregated_ranked_features_gas-N2_keep-N2_post-prestimulus,mean,68,train,1.0,1.0
aggregated_ranked_features_gas-N2_keep-N2_post-prestimulus,mean,68,val,0.7542372881355932,0.7540783327344592
aggregated_ranked_features_gas-N2_keep-N2_post-prestimulus,mean,68,test,0.7727272727272727,0.7684210526315789
aggregated_ranked_features_gas-N2_keep-N2_post-prestimulus,mean,69,train,1.0,1.0
aggregated_ranked_features_gas-N2_keep-N2_post-prestimulus,mean,69,val,0.7457627118644068,0.7457627118644068
aggregated_ranked_features_gas-N2_keep-N2_post-prestimulus,mean,69,test,0.7727272727272727,0.7684210526315789
aggregated_ranked_features_gas-N2_keep-N2_post-prestimulus,mean,70,train,1.0,1.0
aggregated_ranked_features_gas-N2_keep-N2_post-prestimulus,mean,70,val,0.7542372881355932,0.7542196365725777
aggregated_ranked_features_gas-N2_keep-N2_post-prestimulus,mean,70,test,0.7727272727272727,0.7684210526315789
aggregated_ranked_features_gas-N2_keep-N2_post-prestimulus,mean,71,train,1.0,1.0
aggregated_ranked_features_gas-N2_keep-N2_post-prestimulus,mean,71,val,0.7372881355932204,0.736815598244478
aggregated_ranked_features_gas-N2_keep-N2_post-prestimulus,mean,71,test,0.7272727272727273,0.717948717948718
aggregated_ranked_features_gas-N2_keep-N2_post-prestimulus,mean,72,train,1.0,1.0
aggregated_ranked_features_gas-N2_keep-N2_post-prestimulus,mean,72,val,0.7457627118644068,0.7456896551724138
aggregated_ranked_features_gas-N2_keep-N2_post-prestimulus,mean,72,test,0.75,0.7435082140964494
aggregated_ranked_features_gas-N2_keep-N2_post-prestimulus,mean,73,train,1.0,1.0
aggregated_ranked_features_gas-N2_keep-N2_post-prestimulus,mean,73,val,0.7457627118644068,0.7456896551724138
aggregated_ranked_features_gas-N2_keep-N2_post-prestimulus,mean,73,test,0.75,0.7435082140964494
aggregated_ranked_features_gas-N2_keep-N2_post-prestimulus,mean,74,train,1.0,1.0
aggregated_ranked_features_gas-N2_keep-N2_post-prestimulus,mean,74,val,0.7627118644067796,0.7627118644067796
aggregated_ranked_features_gas-N2_keep-N2_post-prestimulus,mean,74,test,0.75,0.7435082140964494
aggregated_ranked_features_gas-N2_keep-N2_post-prestimulus,mean,75,train,1.0,1.0
aggregated_ranked_features_gas-N2_keep-N2_post-prestimulus,mean,75,val,0.7542372881355932,0.7540783327344592
aggregated_ranked_features_gas-N2_keep-N2_post-prestimulus,mean,75,test,0.7727272727272727,0.7684210526315789
aggregated_ranked_features_gas-N2_keep-N2_post-prestimulus,mean,76,train,1.0,1.0
aggregated_ranked_features_gas-N2_keep-N2_post-prestimulus,mean,76,val,0.7288135593220338,0.728735632183908
aggregated_ranked_features_gas-N2_keep-N2_post-prestimulus,mean,76,test,0.7727272727272727,0.7684210526315789
aggregated_ranked_features_gas-N2_keep-N2_post-prestimulus,mean,77,train,1.0,1.0
aggregated_ranked_features_gas-N2_keep-N2_post-prestimulus,mean,77,val,0.7627118644067796,0.7624388840954845
aggregated_ranked_features_gas-N2_keep-N2_post-prestimulus,mean,77,test,0.7727272727272727,0.7684210526315789
aggregated_ranked_features_gas-N2_keep-N2_post-prestimulus,mean,78,train,1.0,1.0
aggregated_ranked_features_gas-N2_keep-N2_post-prestimulus,mean,78,val,0.711864406779661,0.7117816091954023
aggregated_ranked_features_gas-N2_keep-N2_post-prestimulus,mean,78,test,0.7727272727272727,0.7684210526315789
aggregated_ranked_features_gas-N2_keep-N2_post-prestimulus,mean,79,train,1.0,1.0
aggregated_ranked_features_gas-N2_keep-N2_post-prestimulus,mean,79,val,0.7372881355932204,0.7372692666810314
aggregated_ranked_features_gas-N2_keep-N2_post-prestimulus,mean,79,test,0.7727272727272727,0.7684210526315789
aggregated_ranked_features_gas-N2_keep-N2_post-prestimulus,mean,80,train,1.0,1.0
aggregated_ranked_features_gas-N2_keep-N2_post-prestimulus,mean,80,val,0.7372881355932204,0.7371182177506288
aggregated_ranked_features_gas-N2_keep-N2_post-prestimulus,mean,80,test,0.7727272727272727,0.7684210526315789
aggregated_ranked_features_gas-N2_keep-N2_post-prestimulus,mean,81,train,1.0,1.0
aggregated_ranked_features_gas-N2_keep-N2_post-prestimulus,mean,81,val,0.7372881355932204,0.7371182177506288
aggregated_ranked_features_gas-N2_keep-N2_post-prestimulus,mean,81,test,0.75,0.7435082140964494
aggregated_ranked_features_gas-N2_keep-N2_post-prestimulus,mean,82,train,1.0,1.0
aggregated_ranked_features_gas-N2_keep-N2_post-prestimulus,mean,82,val,0.7457627118644068,0.7456896551724138
aggregated_ranked_features_gas-N2_keep-N2_post-prestimulus,mean,82,test,0.7727272727272727,0.7708333333333333
aggregated_ranked_features_gas-N2_keep-N2_post-prestimulus,mean,83,train,1.0,1.0
aggregated_ranked_features_gas-N2_keep-N2_post-prestimulus,mean,83,val,0.7457627118644068,0.7454702329594478
aggregated_ranked_features_gas-N2_keep-N2_post-prestimulus,mean,83,test,0.7954545454545454,0.792778649921507
aggregated_ranked_features_gas-N2_keep-N2_post-prestimulus,mean,84,train,1.0,1.0
aggregated_ranked_features_gas-N2_keep-N2_post-prestimulus,mean,84,val,0.7288135593220338,0.728735632183908
aggregated_ranked_features_gas-N2_keep-N2_post-prestimulus,mean,84,test,0.7954545454545454,0.792778649921507
aggregated_ranked_features_gas-N2_keep-N2_post-prestimulus,mean,85,train,1.0,1.0
aggregated_ranked_features_gas-N2_keep-N2_post-prestimulus,mean,85,val,0.7203389830508474,0.720318896789485
aggregated_ranked_features_gas-N2_keep-N2_post-prestimulus,mean,85,test,0.7954545454545454,0.792778649921507
aggregated_ranked_features_gas-N2_keep-N2_post-prestimulus,mean,86,train,1.0,1.0
aggregated_ranked_features_gas-N2_keep-N2_post-prestimulus,mean,86,val,0.7288135593220338,0.728735632183908
aggregated_ranked_features_gas-N2_keep-N2_post-prestimulus,mean,86,test,0.75,0.7435082140964494
aggregated_ranked_features_gas-N2_keep-N2_post-prestimulus,mean,87,train,1.0,1.0
aggregated_ranked_features_gas-N2_keep-N2_post-prestimulus,mean,87,val,0.7372881355932204,0.7371182177506288
aggregated_ranked_features_gas-N2_keep-N2_post-prestimulus,mean,87,test,0.7727272727272727,0.7684210526315789
aggregated_ranked_features_gas-N2_keep-N2_post-prestimulus,mean,88,train,1.0,1.0
aggregated_ranked_features_gas-N2_keep-N2_post-prestimulus,mean,88,val,0.7542372881355932,0.7540783327344592
aggregated_ranked_features_gas-N2_keep-N2_post-prestimulus,mean,88,test,0.7954545454545454,0.792778649921507
aggregated_ranked_features_gas-N2_keep-N2_post-prestimulus,mean,89,train,1.0,1.0
aggregated_ranked_features_gas-N2_keep-N2_post-prestimulus,mean,89,val,0.7542372881355932,0.7540783327344592
aggregated_ranked_features_gas-N2_keep-N2_post-prestimulus,mean,89,test,0.7954545454545454,0.792778649921507
aggregated_ranked_features_gas-N2_keep-N2_post-prestimulus,mean,90,train,1.0,1.0
aggregated_ranked_features_gas-N2_keep-N2_post-prestimulus,mean,90,val,0.7542372881355932,0.7540783327344592
aggregated_ranked_features_gas-N2_keep-N2_post-prestimulus,mean,90,test,0.8181818181818182,0.8166666666666667
aggregated_ranked_features_gas-N2_keep-N2_post-prestimulus,mean,91,train,1.0,1.0
aggregated_ranked_features_gas-N2_keep-N2_post-prestimulus,mean,91,val,0.7457627118644068,0.7456896551724138
aggregated_ranked_features_gas-N2_keep-N2_post-prestimulus,mean,91,test,0.7954545454545454,0.792778649921507
aggregated_ranked_features_gas-N2_keep-N2_post-prestimulus,mean,92,train,1.0,1.0
aggregated_ranked_features_gas-N2_keep-N2_post-prestimulus,mean,92,val,0.7542372881355932,0.7540783327344592
aggregated_ranked_features_gas-N2_keep-N2_post-prestimulus,mean,92,test,0.7954545454545454,0.792778649921507
aggregated_ranked_features_gas-N2_keep-N2_post-prestimulus,mean,93,train,1.0,1.0
aggregated_ranked_features_gas-N2_keep-N2_post-prestimulus,mean,93,val,0.7711864406779662,0.7711700064641241
aggregated_ranked_features_gas-N2_keep-N2_post-prestimulus,mean,93,test,0.7954545454545454,0.792778649921507
aggregated_ranked_features_gas-N2_keep-N2_post-prestimulus,mean,94,train,1.0,1.0
aggregated_ranked_features_gas-N2_keep-N2_post-prestimulus,mean,94,val,0.7288135593220338,0.7285015818234111
aggregated_ranked_features_gas-N2_keep-N2_post-prestimulus,mean,94,test,0.7727272727272727,0.7684210526315789
aggregated_ranked_features_gas-N2_keep-N2_post-prestimulus,mean,95,train,1.0,1.0
aggregated_ranked_features_gas-N2_keep-N2_post-prestimulus,mean,95,val,0.7372881355932204,0.7371182177506288
aggregated_ranked_features_gas-N2_keep-N2_post-prestimulus,mean,95,test,0.7954545454545454,0.792778649921507
aggregated_ranked_features_gas-N2_keep-N2_post-prestimulus,mean,96,train,1.0,1.0
aggregated_ranked_features_gas-N2_keep-N2_post-prestimulus,mean,96,val,0.7288135593220338,0.728735632183908
aggregated_ranked_features_gas-N2_keep-N2_post-prestimulus,mean,96,test,0.7954545454545454,0.7901430842607313
aggregated_ranked_features_gas-N2_keep-N2_post-prestimulus,mean,97,train,1.0,1.0
aggregated_ranked_features_gas-N2_keep-N2_post-prestimulus,mean,97,val,0.7457627118644068,0.7456896551724138
aggregated_ranked_features_gas-N2_keep-N2_post-prestimulus,mean,97,test,0.8181818181818182,0.8147368421052632
aggregated_ranked_features_gas-N2_keep-N2_post-prestimulus,mean,98,train,1.0,1.0
aggregated_ranked_features_gas-N2_keep-N2_post-prestimulus,mean,98,val,0.7372881355932204,0.7372692666810314
aggregated_ranked_features_gas-N2_keep-N2_post-prestimulus,mean,98,test,0.7954545454545454,0.7901430842607313
aggregated_ranked_features_gas-N2_keep-N2_post-prestimulus,mean,99,train,1.0,1.0
aggregated_ranked_features_gas-N2_keep-N2_post-prestimulus,mean,99,val,0.7372881355932204,0.7372692666810314
aggregated_ranked_features_gas-N2_keep-N2_post-prestimulus,mean,99,test,0.8181818181818182,0.8147368421052632
aggregated_ranked_features_gas-N2_keep-N2_post-prestimulus,mean,100,train,1.0,1.0
aggregated_ranked_features_gas-N2_keep-N2_post-prestimulus,mean,100,val,0.7457627118644068,0.7456896551724138
aggregated_ranked_features_gas-N2_keep-N2_post-prestimulus,mean,100,test,0.8409090909090909,0.8388278388278387
aggregated_ranked_features_gas-N2_keep-N2_post-prestimulus,mean,101,train,1.0,1.0
aggregated_ranked_features_gas-N2_keep-N2_post-prestimulus,mean,101,val,0.7542372881355932,0.7540783327344592
aggregated_ranked_features_gas-N2_keep-N2_post-prestimulus,mean,101,test,0.7727272727272727,0.7684210526315789
aggregated_ranked_features_gas-N2_keep-N2_post-prestimulus,mean,102,train,1.0,1.0
aggregated_ranked_features_gas-N2_keep-N2_post-prestimulus,mean,102,val,0.7711864406779662,0.7710384477182897
aggregated_ranked_features_gas-N2_keep-N2_post-prestimulus,mean,102,test,0.7727272727272727,0.7684210526315789
aggregated_ranked_features_gas-N2_keep-N2_post-prestimulus,mean,103,train,1.0,1.0
aggregated_ranked_features_gas-N2_keep-N2_post-prestimulus,mean,103,val,0.788135593220339,0.7881203763556704
aggregated_ranked_features_gas-N2_keep-N2_post-prestimulus,mean,103,test,0.7727272727272727,0.7684210526315789
aggregated_ranked_features_gas-N2_keep-N2_post-prestimulus,mean,104,train,1.0,1.0
aggregated_ranked_features_gas-N2_keep-N2_post-prestimulus,mean,104,val,0.7542372881355932,0.7542196365725777
aggregated_ranked_features_gas-N2_keep-N2_post-prestimulus,mean,104,test,0.7954545454545454,0.7901430842607313
aggregated_ranked_features_gas-N2_keep-N2_post-prestimulus,mean,105,train,1.0,1.0
aggregated_ranked_features_gas-N2_keep-N2_post-prestimulus,mean,105,val,0.7796610169491526,0.7795977011494253
aggregated_ranked_features_gas-N2_keep-N2_post-prestimulus,mean,105,test,0.7954545454545454,0.7901430842607313
aggregated_ranked_features_gas-N2_keep-N2_post-prestimulus,mean,106,train,1.0,1.0
aggregated_ranked_features_gas-N2_keep-N2_post-prestimulus,mean,106,val,0.7457627118644068,0.7456896551724138
aggregated_ranked_features_gas-N2_keep-N2_post-prestimulus,mean,106,test,0.7727272727272727,0.7684210526315789
aggregated_ranked_features_gas-N2_keep-N2_post-prestimulus,mean,107,train,1.0,1.0
aggregated_ranked_features_gas-N2_keep-N2_post-prestimulus,mean,107,val,0.7627118644067796,0.7627118644067796
aggregated_ranked_features_gas-N2_keep-N2_post-prestimulus,mean,107,test,0.75,0.7435082140964494
aggregated_ranked_features_gas-N2_keep-N2_post-prestimulus,mean,108,train,1.0,1.0
aggregated_ranked_features_gas-N2_keep-N2_post-prestimulus,mean,108,val,0.7627118644067796,0.7627118644067796
aggregated_ranked_features_gas-N2_keep-N2_post-prestimulus,mean,108,test,0.75,0.7435082140964494
aggregated_ranked_features_gas-N2_keep-N2_post-prestimulus,mean,109,train,1.0,1.0
aggregated_ranked_features_gas-N2_keep-N2_post-prestimulus,mean,109,val,0.7796610169491526,0.7794075352315214
aggregated_ranked_features_gas-N2_keep-N2_post-prestimulus,mean,109,test,0.7727272727272727,0.7708333333333333
aggregated_ranked_features_gas-N2_keep-N2_post-prestimulus,mean,110,train,1.0,1.0
aggregated_ranked_features_gas-N2_keep-N2_post-prestimulus,mean,110,val,0.7457627118644068,0.7454702329594478
aggregated_ranked_features_gas-N2_keep-N2_post-prestimulus,mean,110,test,0.7727272727272727,0.7684210526315789
aggregated_ranked_features_gas-N2_keep-N2_post-prestimulus,mean,111,train,1.0,1.0
aggregated_ranked_features_gas-N2_keep-N2_post-prestimulus,mean,111,val,0.7542372881355932,0.7540783327344592
aggregated_ranked_features_gas-N2_keep-N2_post-prestimulus,mean,111,test,0.75,0.7435082140964494
aggregated_ranked_features_gas-N2_keep-N2_post-prestimulus,mean,112,train,1.0,1.0
aggregated_ranked_features_gas-N2_keep-N2_post-prestimulus,mean,112,val,0.7457627118644068,0.7454702329594478
aggregated_ranked_features_gas-N2_keep-N2_post-prestimulus,mean,112,test,0.7727272727272727,0.7684210526315789
aggregated_ranked_features_gas-N2_keep-N2_post-prestimulus,mean,113,train,1.0,1.0
aggregated_ranked_features_gas-N2_keep-N2_post-prestimulus,mean,113,val,0.7457627118644068,0.7454702329594478
aggregated_ranked_features_gas-N2_keep-N2_post-prestimulus,mean,113,test,0.7727272727272727,0.7684210526315789
aggregated_ranked_features_gas-N2_keep-N2_post-prestimulus,mean,114,train,1.0,1.0
aggregated_ranked_features_gas-N2_keep-N2_post-prestimulus,mean,114,val,0.7457627118644068,0.7456896551724138
aggregated_ranked_features_gas-N2_keep-N2_post-prestimulus,mean,114,test,0.7727272727272727,0.7684210526315789
aggregated_ranked_features_gas-N2_keep-N2_post-prestimulus,mean,115,train,1.0,1.0
aggregated_ranked_features_gas-N2_keep-N2_post-prestimulus,mean,115,val,0.7288135593220338,0.728735632183908
aggregated_ranked_features_gas-N2_keep-N2_post-prestimulus,mean,115,test,0.7727272727272727,0.7649572649572649
aggregated_ranked_features_gas-N2_keep-N2_post-prestimulus,mean,116,train,1.0,1.0
aggregated_ranked_features_gas-N2_keep-N2_post-prestimulus,mean,116,val,0.7203389830508474,0.720318896789485
aggregated_ranked_features_gas-N2_keep-N2_post-prestimulus,mean,116,test,0.75,0.7435082140964494
aggregated_ranked_features_gas-N2_keep-N2_post-prestimulus,mean,117,train,1.0,1.0
aggregated_ranked_features_gas-N2_keep-N2_post-prestimulus,mean,117,val,0.7203389830508474,0.720318896789485
aggregated_ranked_features_gas-N2_keep-N2_post-prestimulus,mean,117,test,0.7272727272727273,0.717948717948718
aggregated_ranked_features_gas-N2_keep-N2_post-prestimulus,mean,118,train,1.0,1.0
aggregated_ranked_features_gas-N2_keep-N2_post-prestimulus,mean,118,val,0.7288135593220338,0.728735632183908
aggregated_ranked_features_gas-N2_keep-N2_post-prestimulus,mean,118,test,0.7954545454545454,0.792778649921507
aggregated_ranked_features_gas-N2_keep-N2_post-prestimulus,mean,119,train,1.0,1.0
aggregated_ranked_features_gas-N2_keep-N2_post-prestimulus,mean,119,val,0.7203389830508474,0.7201581027667985
aggregated_ranked_features_gas-N2_keep-N2_post-prestimulus,mean,119,test,0.7272727272727273,0.717948717948718
aggregated_ranked_features_gas-N2_keep-N2_post-prestimulus,mean,120,train,1.0,1.0
aggregated_ranked_features_gas-N2_keep-N2_post-prestimulus,mean,120,val,0.7542372881355932,0.7540783327344592
aggregated_ranked_features_gas-N2_keep-N2_post-prestimulus,mean,120,test,0.75,0.7435082140964494
aggregated_ranked_features_gas-N2_keep-N2_post-prestimulus,mean,121,train,1.0,1.0
aggregated_ranked_features_gas-N2_keep-N2_post-prestimulus,mean,121,val,0.7542372881355932,0.7542196365725777
aggregated_ranked_features_gas-N2_keep-N2_post-prestimulus,mean,121,test,0.75,0.7435082140964494
aggregated_ranked_features_gas-N2_keep-N2_post-prestimulus,mean,122,train,1.0,1.0
aggregated_ranked_features_gas-N2_keep-N2_post-prestimulus,mean,122,val,0.7288135593220338,0.7285015818234111
aggregated_ranked_features_gas-N2_keep-N2_post-prestimulus,mean,122,test,0.7727272727272727,0.7684210526315789
aggregated_ranked_features_gas-N2_keep-N2_post-prestimulus,mean,123,train,1.0,1.0
aggregated_ranked_features_gas-N2_keep-N2_post-prestimulus,mean,123,val,0.7288135593220338,0.728735632183908
aggregated_ranked_features_gas-N2_keep-N2_post-prestimulus,mean,123,test,0.75,0.7435082140964494
aggregated_ranked_features_gas-N2_keep-N2_post-prestimulus,mean,124,train,1.0,1.0
aggregated_ranked_features_gas-N2_keep-N2_post-prestimulus,mean,124,val,0.7372881355932204,0.7372692666810314
aggregated_ranked_features_gas-N2_keep-N2_post-prestimulus,mean,124,test,0.75,0.7435082140964494
aggregated_ranked_features_gas-N2_keep-N2_post-prestimulus,mean,125,train,1.0,1.0
aggregated_ranked_features_gas-N2_keep-N2_post-prestimulus,mean,125,val,0.7372881355932204,0.7372692666810314
aggregated_ranked_features_gas-N2_keep-N2_post-prestimulus,mean,125,test,0.7954545454545454,0.792778649921507
aggregated_ranked_features_gas-N2_keep-N2_post-prestimulus,mean,126,train,1.0,1.0
aggregated_ranked_features_gas-N2_keep-N2_post-prestimulus,mean,126,val,0.7372881355932204,0.7371182177506288
aggregated_ranked_features_gas-N2_keep-N2_post-prestimulus,mean,126,test,0.7727272727272727,0.7684210526315789
aggregated_ranked_features_gas-N2_keep-N2_post-prestimulus,mean,127,train,1.0,1.0
aggregated_ranked_features_gas-N2_keep-N2_post-prestimulus,mean,127,val,0.7372881355932204,0.7371182177506288
aggregated_ranked_features_gas-N2_keep-N2_post-prestimulus,mean,127,test,0.75,0.7435082140964494
aggregated_ranked_features_gas-N2_keep-N2_post-prestimulus,mean,128,train,1.0,1.0
aggregated_ranked_features_gas-N2_keep-N2_post-prestimulus,mean,128,val,0.7372881355932204,0.7372692666810314
aggregated_ranked_features_gas-N2_keep-N2_post-prestimulus,mean,128,test,0.75,0.7435082140964494
aggregated_ranked_features_gas-N2_keep-N2_post-prestimulus,mean,129,train,1.0,1.0
aggregated_ranked_features_gas-N2_keep-N2_post-prestimulus,mean,129,val,0.7457627118644068,0.7456896551724138
aggregated_ranked_features_gas-N2_keep-N2_post-prestimulus,mean,129,test,0.7727272727272727,0.7708333333333333
aggregated_ranked_features_gas-N2_keep-N2_post-prestimulus,mean,130,train,1.0,1.0
aggregated_ranked_features_gas-N2_keep-N2_post-prestimulus,mean,130,val,0.7542372881355932,0.7533693693693694
aggregated_ranked_features_gas-N2_keep-N2_post-prestimulus,mean,130,test,0.7045454545454546,0.6968733439321675
aggregated_ranked_features_gas-N2_keep-N2_post-prestimulus,mean,131,train,1.0,1.0
aggregated_ranked_features_gas-N2_keep-N2_post-prestimulus,mean,131,val,0.7542372881355932,0.7533693693693694
aggregated_ranked_features_gas-N2_keep-N2_post-prestimulus,mean,131,test,0.7045454545454546,0.6968733439321675
aggregated_ranked_features_gas-N2_keep-N2_post-prestimulus,mean,132,train,1.0,1.0
aggregated_ranked_features_gas-N2_keep-N2_post-prestimulus,mean,132,val,0.711864406779661,0.7115329306873741
aggregated_ranked_features_gas-N2_keep-N2_post-prestimulus,mean,132,test,0.75,0.7467294610151753
aggregated_ranked_features_gas-N2_keep-N2_post-prestimulus,mean,133,train,1.0,1.0
aggregated_ranked_features_gas-N2_keep-N2_post-prestimulus,mean,133,val,0.7457627118644068,0.7456896551724138
aggregated_ranked_features_gas-N2_keep-N2_post-prestimulus,mean,133,test,0.75,0.7435082140964494
aggregated_ranked_features_gas-N2_keep-N2_post-prestimulus,mean,134,train,1.0,1.0
aggregated_ranked_features_gas-N2_keep-N2_post-prestimulus,mean,134,val,0.7033898305084746,0.7033685268979386
aggregated_ranked_features_gas-N2_keep-N2_post-prestimulus,mean,134,test,0.7727272727272727,0.7684210526315789
aggregated_ranked_features_gas-N2_keep-N2_post-prestimulus,mean,135,train,1.0,1.0
aggregated_ranked_features_gas-N2_keep-N2_post-prestimulus,mean,135,val,0.7203389830508474,0.7201581027667985
aggregated_ranked_features_gas-N2_keep-N2_post-prestimulus,mean,135,test,0.7954545454545454,0.792778649921507
aggregated_ranked_features_gas-N2_keep-N2_post-prestimulus,mean,136,train,1.0,1.0
aggregated_ranked_features_gas-N2_keep-N2_post-prestimulus,mean,136,val,0.7542372881355932,0.7540783327344592
aggregated_ranked_features_gas-N2_keep-N2_post-prestimulus,mean,136,test,0.7727272727272727,0.7684210526315789
aggregated_ranked_features_gas-N2_keep-N2_post-prestimulus,mean,137,train,1.0,1.0
aggregated_ranked_features_gas-N2_keep-N2_post-prestimulus,mean,137,val,0.7288135593220338,0.728735632183908
aggregated_ranked_features_gas-N2_keep-N2_post-prestimulus,mean,137,test,0.7727272727272727,0.7708333333333333
aggregated_ranked_features_gas-N2_keep-N2_post-prestimulus,mean,138,train,1.0,1.0
aggregated_ranked_features_gas-N2_keep-N2_post-prestimulus,mean,138,val,0.7457627118644068,0.7454702329594478
aggregated_ranked_features_gas-N2_keep-N2_post-prestimulus,mean,138,test,0.75,0.7467294610151753
aggregated_ranked_features_gas-N2_keep-N2_post-prestimulus,mean,139,train,1.0,1.0
aggregated_ranked_features_gas-N2_keep-N2_post-prestimulus,mean,139,val,0.7457627118644068,0.7451036866359446
aggregated_ranked_features_gas-N2_keep-N2_post-prestimulus,mean,139,test,0.75,0.7467294610151753
aggregated_ranked_features_gas-N2_keep-N2_post-prestimulus,mean,140,train,1.0,1.0
aggregated_ranked_features_gas-N2_keep-N2_post-prestimulus,mean,140,val,0.7372881355932204,0.736815598244478
aggregated_ranked_features_gas-N2_keep-N2_post-prestimulus,mean,140,test,0.75,0.7467294610151753
aggregated_ranked_features_gas-N2_keep-N2_post-prestimulus,mean,141,train,1.0,1.0
aggregated_ranked_features_gas-N2_keep-N2_post-prestimulus,mean,141,val,0.7542372881355932,0.7540783327344592
aggregated_ranked_features_gas-N2_keep-N2_post-prestimulus,mean,141,test,0.7045454545454546,0.6968733439321675
aggregated_ranked_features_gas-N2_keep-N2_post-prestimulus,mean,142,train,1.0,1.0
aggregated_ranked_features_gas-N2_keep-N2_post-prestimulus,mean,142,val,0.7203389830508474,0.7201581027667985
aggregated_ranked_features_gas-N2_keep-N2_post-prestimulus,mean,142,test,0.7727272727272727,0.7684210526315789
aggregated_ranked_features_gas-N2_keep-N2_post-prestimulus,mean,143,train,1.0,1.0
aggregated_ranked_features_gas-N2_keep-N2_post-prestimulus,mean,143,val,0.7542372881355932,0.753795237067415
aggregated_ranked_features_gas-N2_keep-N2_post-prestimulus,mean,143,test,0.7727272727272727,0.7684210526315789
aggregated_ranked_features_gas-N2_keep-N2_post-prestimulus,mean,144,train,1.0,1.0
aggregated_ranked_features_gas-N2_keep-N2_post-prestimulus,mean,144,val,0.7203389830508474,0.7201581027667985
aggregated_ranked_features_gas-N2_keep-N2_post-prestimulus,mean,144,test,0.7272727272727273,0.7221052631578948
aggregated_ranked_features_gas-N2_keep-N2_post-prestimulus,mean,145,train,1.0,1.0
aggregated_ranked_features_gas-N2_keep-N2_post-prestimulus,mean,145,val,0.7203389830508474,0.7201581027667985
aggregated_ranked_features_gas-N2_keep-N2_post-prestimulus,mean,145,test,0.75,0.7467294610151753
aggregated_ranked_features_gas-N2_keep-N2_post-prestimulus,mean,146,train,1.0,1.0
aggregated_ranked_features_gas-N2_keep-N2_post-prestimulus,mean,146,val,0.711864406779661,0.7115329306873741
aggregated_ranked_features_gas-N2_keep-N2_post-prestimulus,mean,146,test,0.7272727272727273,0.7221052631578948
aggregated_ranked_features_gas-N2_keep-N2_post-prestimulus,mean,147,train,1.0,1.0
aggregated_ranked_features_gas-N2_keep-N2_post-prestimulus,mean,147,val,0.7457627118644068,0.7454702329594478
aggregated_ranked_features_gas-N2_keep-N2_post-prestimulus,mean,147,test,0.7272727272727273,0.7221052631578948
aggregated_ranked_features_gas-N2_keep-N2_post-prestimulus,mean,148,train,1.0,1.0
aggregated_ranked_features_gas-N2_keep-N2_post-prestimulus,mean,148,val,0.7288135593220338,0.728735632183908
aggregated_ranked_features_gas-N2_keep-N2_post-prestimulus,mean,148,test,0.7272727272727273,0.7221052631578948
aggregated_ranked_features_gas-N2_keep-N2_post-prestimulus,mean,149,train,1.0,1.0
aggregated_ranked_features_gas-N2_keep-N2_post-prestimulus,mean,149,val,0.7288135593220338,0.728735632183908
aggregated_ranked_features_gas-N2_keep-N2_post-prestimulus,mean,149,test,0.7272727272727273,0.7221052631578948
aggregated_ranked_features_gas-N2_keep-N2_post-prestimulus,mean,150,train,1.0,1.0
aggregated_ranked_features_gas-N2_keep-N2_post-prestimulus,mean,150,val,0.7288135593220338,0.7285015818234111
aggregated_ranked_features_gas-N2_keep-N2_post-prestimulus,mean,150,test,0.75,0.7435082140964494
aggregated_ranked_features_gas-N2_keep-N2_post-prestimulus,mean,151,train,1.0,1.0
aggregated_ranked_features_gas-N2_keep-N2_post-prestimulus,mean,151,val,0.7288135593220338,0.7285015818234111
aggregated_ranked_features_gas-N2_keep-N2_post-prestimulus,mean,151,test,0.8409090909090909,0.8388278388278387
aggregated_ranked_features_gas-N2_keep-N2_post-prestimulus,mean,152,train,1.0,1.0
aggregated_ranked_features_gas-N2_keep-N2_post-prestimulus,mean,152,val,0.7203389830508474,0.7198359594215411
aggregated_ranked_features_gas-N2_keep-N2_post-prestimulus,mean,152,test,0.7727272727272727,0.7684210526315789
aggregated_ranked_features_gas-N2_keep-N2_post-prestimulus,mean,153,train,1.0,1.0
aggregated_ranked_features_gas-N2_keep-N2_post-prestimulus,mean,153,val,0.7457627118644068,0.7445887445887446
aggregated_ranked_features_gas-N2_keep-N2_post-prestimulus,mean,153,test,0.7954545454545454,0.7901430842607313
aggregated_ranked_features_gas-N2_keep-N2_post-prestimulus,mean,154,train,1.0,1.0
aggregated_ranked_features_gas-N2_keep-N2_post-prestimulus,mean,154,val,0.7203389830508474,0.7201581027667985
aggregated_ranked_features_gas-N2_keep-N2_post-prestimulus,mean,154,test,0.7727272727272727,0.7684210526315789
aggregated_ranked_features_gas-N2_keep-N2_post-prestimulus,mean,155,train,1.0,1.0
aggregated_ranked_features_gas-N2_keep-N2_post-prestimulus,mean,155,val,0.7372881355932204,0.736815598244478
aggregated_ranked_features_gas-N2_keep-N2_post-prestimulus,mean,155,test,0.7727272727272727,0.7684210526315789
aggregated_ranked_features_gas-N2_keep-N2_post-prestimulus,mean,156,train,1.0,1.0
aggregated_ranked_features_gas-N2_keep-N2_post-prestimulus,mean,156,val,0.7288135593220338,0.7285015818234111
aggregated_ranked_features_gas-N2_keep-N2_post-prestimulus,mean,156,test,0.7045454545454546,0.6968733439321675
aggregated_ranked_features_gas-N2_keep-N2_post-prestimulus,mean,157,train,1.0,1.0
aggregated_ranked_features_gas-N2_keep-N2_post-prestimulus,mean,157,val,0.7033898305084746,0.7031979877829679
aggregated_ranked_features_gas-N2_keep-N2_post-prestimulus,mean,157,test,0.7272727272727273,0.717948717948718
aggregated_ranked_features_gas-N2_keep-N2_post-prestimulus,mean,158,train,1.0,1.0
aggregated_ranked_features_gas-N2_keep-N2_post-prestimulus,mean,158,val,0.7203389830508474,0.7198359594215411
aggregated_ranked_features_gas-N2_keep-N2_post-prestimulus,mean,158,test,0.7727272727272727,0.7684210526315789
aggregated_ranked_features_gas-N2_keep-N2_post-prestimulus,mean,159,train,1.0,1.0
aggregated_ranked_features_gas-N2_keep-N2_post-prestimulus,mean,159,val,0.7372881355932204,0.736815598244478
aggregated_ranked_features_gas-N2_keep-N2_post-prestimulus,mean,159,test,0.75,0.7435082140964494
aggregated_ranked_features_gas-N2_keep-N2_post-prestimulus,mean,160,train,1.0,1.0
aggregated_ranked_features_gas-N2_keep-N2_post-prestimulus,mean,160,val,0.7203389830508474,0.7201581027667985
aggregated_ranked_features_gas-N2_keep-N2_post-prestimulus,mean,160,test,0.7727272727272727,0.7684210526315789
aggregated_ranked_features_gas-N2_keep-N2_post-prestimulus,mean,161,train,1.0,1.0
aggregated_ranked_features_gas-N2_keep-N2_post-prestimulus,mean,161,val,0.7372881355932204,0.7371182177506288
aggregated_ranked_features_gas-N2_keep-N2_post-prestimulus,mean,161,test,0.7727272727272727,0.7684210526315789
aggregated_ranked_features_gas-N2_keep-N2_post-prestimulus,mean,162,train,1.0,1.0
aggregated_ranked_features_gas-N2_keep-N2_post-prestimulus,mean,162,val,0.711864406779661,0.7117816091954023
aggregated_ranked_features_gas-N2_keep-N2_post-prestimulus,mean,162,test,0.7727272727272727,0.7684210526315789
aggregated_ranked_features_gas-N2_keep-N2_post-prestimulus,mean,163,train,1.0,1.0
aggregated_ranked_features_gas-N2_keep-N2_post-prestimulus,mean,163,val,0.7203389830508474,0.720318896789485
aggregated_ranked_features_gas-N2_keep-N2_post-prestimulus,mean,163,test,0.7954545454545454,0.792778649921507
aggregated_ranked_features_gas-N2_keep-N2_post-prestimulus,mean,164,train,1.0,1.0
aggregated_ranked_features_gas-N2_keep-N2_post-prestimulus,mean,164,val,0.7203389830508474,0.720318896789485
aggregated_ranked_features_gas-N2_keep-N2_post-prestimulus,mean,164,test,0.7727272727272727,0.7684210526315789
aggregated_ranked_features_gas-N2_keep-N2_post-prestimulus,mean,165,train,1.0,1.0
aggregated_ranked_features_gas-N2_keep-N2_post-prestimulus,mean,165,val,0.7457627118644068,0.7457627118644068
aggregated_ranked_features_gas-N2_keep-N2_post-prestimulus,mean,165,test,0.7954545454545454,0.7944992215879605
aggregated_ranked_features_gas-N2_keep-N2_post-prestimulus,mean,166,train,1.0,1.0
aggregated_ranked_features_gas-N2_keep-N2_post-prestimulus,mean,166,val,0.7542372881355932,0.7540783327344592
aggregated_ranked_features_gas-N2_keep-N2_post-prestimulus,mean,166,test,0.7727272727272727,0.7684210526315789
aggregated_ranked_features_gas-N2_keep-N2_post-prestimulus,mean,167,train,1.0,1.0
aggregated_ranked_features_gas-N2_keep-N2_post-prestimulus,mean,167,val,0.7542372881355932,0.7540783327344592
aggregated_ranked_features_gas-N2_keep-N2_post-prestimulus,mean,167,test,0.8181818181818182,0.8166666666666667
aggregated_ranked_features_gas-N2_keep-N2_post-prestimulus,mean,168,train,1.0,1.0
aggregated_ranked_features_gas-N2_keep-N2_post-prestimulus,mean,168,val,0.7372881355932204,0.7372692666810314
aggregated_ranked_features_gas-N2_keep-N2_post-prestimulus,mean,168,test,0.7954545454545454,0.7901430842607313
aggregated_ranked_features_gas-N2_keep-N2_post-prestimulus,mean,169,train,1.0,1.0
aggregated_ranked_features_gas-N2_keep-N2_post-prestimulus,mean,169,val,0.7542372881355932,0.7542196365725777
aggregated_ranked_features_gas-N2_keep-N2_post-prestimulus,mean,169,test,0.7954545454545454,0.7901430842607313
aggregated_ranked_features_gas-N2_keep-N2_post-prestimulus,mean,170,train,1.0,1.0
aggregated_ranked_features_gas-N2_keep-N2_post-prestimulus,mean,170,val,0.7372881355932204,0.736815598244478
aggregated_ranked_features_gas-N2_keep-N2_post-prestimulus,mean,170,test,0.75,0.7435082140964494
aggregated_ranked_features_gas-N2_keep-N2_post-prestimulus,mean,171,train,1.0,1.0
aggregated_ranked_features_gas-N2_keep-N2_post-prestimulus,mean,171,val,0.7457627118644068,0.7457627118644068
aggregated_ranked_features_gas-N2_keep-N2_post-prestimulus,mean,171,test,0.8409090909090909,0.8388278388278387
aggregated_ranked_features_gas-N2_keep-N2_post-prestimulus,mean,172,train,1.0,1.0
aggregated_ranked_features_gas-N2_keep-N2_post-prestimulus,mean,172,val,0.788135593220339,0.7877545147132887
aggregated_ranked_features_gas-N2_keep-N2_post-prestimulus,mean,172,test,0.8181818181818182,0.8147368421052632
aggregated_ranked_features_gas-N2_keep-N2_post-prestimulus,mean,173,train,1.0,1.0
aggregated_ranked_features_gas-N2_keep-N2_post-prestimulus,mean,173,val,0.7627118644067796,0.7624388840954845
aggregated_ranked_features_gas-N2_keep-N2_post-prestimulus,mean,173,test,0.7954545454545454,0.792778649921507
aggregated_ranked_features_gas-N2_keep-N2_post-prestimulus,mean,174,train,1.0,1.0
aggregated_ranked_features_gas-N2_keep-N2_post-prestimulus,mean,174,val,0.7627118644067796,0.7626436781609196
aggregated_ranked_features_gas-N2_keep-N2_post-prestimulus,mean,174,test,0.7954545454545454,0.7901430842607313
aggregated_ranked_features_gas-N2_keep-N2_post-prestimulus,mean,175,train,1.0,1.0
aggregated_ranked_features_gas-N2_keep-N2_post-prestimulus,mean,175,val,0.7457627118644068,0.7454702329594478
aggregated_ranked_features_gas-N2_keep-N2_post-prestimulus,mean,175,test,0.7954545454545454,0.792778649921507
aggregated_ranked_features_gas-N2_keep-N2_post-prestimulus,mean,176,train,1.0,1.0
aggregated_ranked_features_gas-N2_keep-N2_post-prestimulus,mean,176,val,0.7457627118644068,0.7454702329594478
aggregated_ranked_features_gas-N2_keep-N2_post-prestimulus,mean,176,test,0.8181818181818182,0.8166666666666667
aggregated_ranked_features_gas-N2_keep-N2_post-prestimulus,mean,177,train,1.0,1.0
aggregated_ranked_features_gas-N2_keep-N2_post-prestimulus,mean,177,val,0.7542372881355932,0.7540783327344592
aggregated_ranked_features_gas-N2_keep-N2_post-prestimulus,mean,177,test,0.8181818181818182,0.8166666666666667
aggregated_ranked_features_gas-N2_keep-N2_post-prestimulus,mean,178,train,1.0,1.0
aggregated_ranked_features_gas-N2_keep-N2_post-prestimulus,mean,178,val,0.7457627118644068,0.7456896551724138
aggregated_ranked_features_gas-N2_keep-N2_post-prestimulus,mean,178,test,0.7954545454545454,0.792778649921507
aggregated_ranked_features_gas-N2_keep-N2_post-prestimulus,mean,179,train,1.0,1.0
aggregated_ranked_features_gas-N2_keep-N2_post-prestimulus,mean,179,val,0.7711864406779662,0.7710384477182897
aggregated_ranked_features_gas-N2_keep-N2_post-prestimulus,mean,179,test,0.7954545454545454,0.792778649921507
aggregated_ranked_features_gas-N2_keep-N2_post-prestimulus,mean,180,train,1.0,1.0
aggregated_ranked_features_gas-N2_keep-N2_post-prestimulus,mean,180,val,0.7542372881355932,0.7542196365725777
aggregated_ranked_features_gas-N2_keep-N2_post-prestimulus,mean,180,test,0.7954545454545454,0.7901430842607313
aggregated_ranked_features_gas-N2_keep-N2_post-prestimulus,mean,181,train,1.0,1.0
aggregated_ranked_features_gas-N2_keep-N2_post-prestimulus,mean,181,val,0.7372881355932204,0.7371182177506288
aggregated_ranked_features_gas-N2_keep-N2_post-prestimulus,mean,181,test,0.75,0.7435082140964494
aggregated_ranked_features_gas-N2_keep-N2_post-prestimulus,mean,182,train,1.0,1.0
aggregated_ranked_features_gas-N2_keep-N2_post-prestimulus,mean,182,val,0.7457627118644068,0.7454702329594478
aggregated_ranked_features_gas-N2_keep-N2_post-prestimulus,mean,182,test,0.7954545454545454,0.792778649921507
aggregated_ranked_features_gas-N2_keep-N2_post-prestimulus,mean,183,train,1.0,1.0
aggregated_ranked_features_gas-N2_keep-N2_post-prestimulus,mean,183,val,0.7627118644067796,0.7620967741935484
aggregated_ranked_features_gas-N2_keep-N2_post-prestimulus,mean,183,test,0.7727272727272727,0.7684210526315789
aggregated_ranked_features_gas-N2_keep-N2_post-prestimulus,mean,184,train,1.0,1.0
aggregated_ranked_features_gas-N2_keep-N2_post-prestimulus,mean,184,val,0.7542372881355932,0.753795237067415
aggregated_ranked_features_gas-N2_keep-N2_post-prestimulus,mean,184,test,0.7954545454545454,0.792778649921507
aggregated_ranked_features_gas-N2_keep-N2_post-prestimulus,mean,185,train,1.0,1.0
aggregated_ranked_features_gas-N2_keep-N2_post-prestimulus,mean,185,val,0.7711864406779662,0.7707748758903519
aggregated_ranked_features_gas-N2_keep-N2_post-prestimulus,mean,185,test,0.8181818181818182,0.8166666666666667
aggregated_ranked_features_gas-N2_keep-N2_post-prestimulus,mean,186,train,1.0,1.0
aggregated_ranked_features_gas-N2_keep-N2_post-prestimulus,mean,186,val,0.7711864406779662,0.7711700064641241
aggregated_ranked_features_gas-N2_keep-N2_post-prestimulus,mean,186,test,0.7727272727272727,0.7649572649572649
aggregated_ranked_features_gas-N2_keep-N2_post-prestimulus,mean,187,train,1.0,1.0
aggregated_ranked_features_gas-N2_keep-N2_post-prestimulus,mean,187,val,0.7627118644067796,0.7626436781609196
aggregated_ranked_features_gas-N2_keep-N2_post-prestimulus,mean,187,test,0.7954545454545454,0.7901430842607313
aggregated_ranked_features_gas-N2_keep-N2_post-prestimulus,mean,188,train,1.0,1.0
aggregated_ranked_features_gas-N2_keep-N2_post-prestimulus,mean,188,val,0.7457627118644068,0.7456896551724138
aggregated_ranked_features_gas-N2_keep-N2_post-prestimulus,mean,188,test,0.8181818181818182,0.8166666666666667
aggregated_ranked_features_gas-N2_keep-N2_post-prestimulus,mean,189,train,1.0,1.0
aggregated_ranked_features_gas-N2_keep-N2_post-prestimulus,mean,189,val,0.7711864406779662,0.7710384477182897
aggregated_ranked_features_gas-N2_keep-N2_post-prestimulus,mean,189,test,0.7727272727272727,0.7684210526315789
aggregated_ranked_features_gas-N2_keep-N2_post-prestimulus,mean,190,train,1.0,1.0
aggregated_ranked_features_gas-N2_keep-N2_post-prestimulus,mean,190,val,0.7457627118644068,0.7456896551724138
aggregated_ranked_features_gas-N2_keep-N2_post-prestimulus,mean,190,test,0.8181818181818182,0.8147368421052632
aggregated_ranked_features_gas-N2_keep-N2_post-prestimulus,mean,191,train,1.0,1.0
aggregated_ranked_features_gas-N2_keep-N2_post-prestimulus,mean,191,val,0.7203389830508474,0.720318896789485
aggregated_ranked_features_gas-N2_keep-N2_post-prestimulus,mean,191,test,0.7727272727272727,0.7708333333333333
aggregated_ranked_features_gas-N2_keep-N2_post-prestimulus,mean,192,train,1.0,1.0
aggregated_ranked_features_gas-N2_keep-N2_post-prestimulus,mean,192,val,0.7457627118644068,0.7454702329594478
aggregated_ranked_features_gas-N2_keep-N2_post-prestimulus,mean,192,test,0.7727272727272727,0.7684210526315789
aggregated_ranked_features_gas-N2_keep-N2_post-prestimulus,mean,193,train,1.0,1.0
aggregated_ranked_features_gas-N2_keep-N2_post-prestimulus,mean,193,val,0.7372881355932204,0.7371182177506288
aggregated_ranked_features_gas-N2_keep-N2_post-prestimulus,mean,193,test,0.8181818181818182,0.8147368421052632
aggregated_ranked_features_gas-N2_keep-N2_post-prestimulus,mean,194,train,1.0,1.0
aggregated_ranked_features_gas-N2_keep-N2_post-prestimulus,mean,194,val,0.7796610169491526,0.7794075352315214
aggregated_ranked_features_gas-N2_keep-N2_post-prestimulus,mean,194,test,0.7727272727272727,0.7684210526315789
aggregated_ranked_features_gas-N2_keep-N2_post-prestimulus,mean,195,train,1.0,1.0
aggregated_ranked_features_gas-N2_keep-N2_post-prestimulus,mean,195,val,0.7711864406779662,0.7707748758903519
aggregated_ranked_features_gas-N2_keep-N2_post-prestimulus,mean,195,test,0.7727272727272727,0.7684210526315789
aggregated_ranked_features_gas-N2_keep-N2_post-prestimulus,mean,196,train,1.0,1.0
aggregated_ranked_features_gas-N2_keep-N2_post-prestimulus,mean,196,val,0.8050847457627118,0.8049586776859504
aggregated_ranked_features_gas-N2_keep-N2_post-prestimulus,mean,196,test,0.7954545454545454,0.7901430842607313
aggregated_ranked_features_gas-N2_keep-N2_post-prestimulus,mean,197,train,1.0,1.0
aggregated_ranked_features_gas-N2_keep-N2_post-prestimulus,mean,197,val,0.7542372881355932,0.7540783327344592
aggregated_ranked_features_gas-N2_keep-N2_post-prestimulus,mean,197,test,0.8181818181818182,0.8166666666666667
aggregated_ranked_features_gas-N2_keep-N2_post-prestimulus,mean,198,train,1.0,1.0
aggregated_ranked_features_gas-N2_keep-N2_post-prestimulus,mean,198,val,0.7796610169491526,0.7794075352315214
aggregated_ranked_features_gas-N2_keep-N2_post-prestimulus,mean,198,test,0.7727272727272727,0.7684210526315789
aggregated_ranked_features_gas-N2_keep-N2_post-prestimulus,mean,199,train,1.0,1.0
aggregated_ranked_features_gas-N2_keep-N2_post-prestimulus,mean,199,val,0.788135593220339,0.7881203763556704
aggregated_ranked_features_gas-N2_keep-N2_post-prestimulus,mean,199,test,0.7727272727272727,0.7708333333333333
aggregated_ranked_features_gas-N2_keep-N2_post-prestimulus,mean,200,train,1.0,1.0
aggregated_ranked_features_gas-N2_keep-N2_post-prestimulus,mean,200,val,0.7627118644067796,0.7626436781609196
aggregated_ranked_features_gas-N2_keep-N2_post-prestimulus,mean,200,test,0.7954545454545454,0.792778649921507
aggregated_ranked_features_gas-N2_keep-N2_post-prestimulus,mean,201,train,1.0,1.0
aggregated_ranked_features_gas-N2_keep-N2_post-prestimulus,mean,201,val,0.7542372881355932,0.7540783327344592
aggregated_ranked_features_gas-N2_keep-N2_post-prestimulus,mean,201,test,0.7727272727272727,0.7684210526315789
aggregated_ranked_features_gas-N2_keep-N2_post-prestimulus,mean,202,train,1.0,1.0
aggregated_ranked_features_gas-N2_keep-N2_post-prestimulus,mean,202,val,0.7542372881355932,0.7542196365725777
aggregated_ranked_features_gas-N2_keep-N2_post-prestimulus,mean,202,test,0.7727272727272727,0.7684210526315789
aggregated_ranked_features_gas-N2_keep-N2_post-prestimulus,mean,203,train,1.0,1.0
aggregated_ranked_features_gas-N2_keep-N2_post-prestimulus,mean,203,val,0.7457627118644068,0.7457627118644068
aggregated_ranked_features_gas-N2_keep-N2_post-prestimulus,mean,203,test,0.7045454545454546,0.691644204851752
aggregated_ranked_features_gas-N2_keep-N2_post-prestimulus,mean,204,train,1.0,1.0
aggregated_ranked_features_gas-N2_keep-N2_post-prestimulus,mean,204,val,0.7457627118644068,0.7456896551724138
aggregated_ranked_features_gas-N2_keep-N2_post-prestimulus,mean,204,test,0.8181818181818182,0.8147368421052632
aggregated_ranked_features_gas-N2_keep-N2_post-prestimulus,mean,205,train,1.0,1.0
aggregated_ranked_features_gas-N2_keep-N2_post-prestimulus,mean,205,val,0.7542372881355932,0.7542196365725777
aggregated_ranked_features_gas-N2_keep-N2_post-prestimulus,mean,205,test,0.7954545454545454,0.7901430842607313
aggregated_ranked_features_gas-N2_keep-N2_post-prestimulus,mean,206,train,1.0,1.0
aggregated_ranked_features_gas-N2_keep-N2_post-prestimulus,mean,206,val,0.7203389830508474,0.720318896789485
aggregated_ranked_features_gas-N2_keep-N2_post-prestimulus,mean,206,test,0.8181818181818182,0.8147368421052632
aggregated_ranked_features_gas-N2_keep-N2_post-prestimulus,mean,207,train,1.0,1.0
aggregated_ranked_features_gas-N2_keep-N2_post-prestimulus,mean,207,val,0.7627118644067796,0.7627118644067796
aggregated_ranked_features_gas-N2_keep-N2_post-prestimulus,mean,207,test,0.7954545454545454,0.792778649921507
aggregated_ranked_features_gas-N2_keep-N2_post-prestimulus,mean,208,train,1.0,1.0
aggregated_ranked_features_gas-N2_keep-N2_post-prestimulus,mean,208,val,0.7542372881355932,0.7540783327344592
aggregated_ranked_features_gas-N2_keep-N2_post-prestimulus,mean,208,test,0.8181818181818182,0.8147368421052632
aggregated_ranked_features_gas-N2_keep-N2_post-prestimulus,mean,209,train,1.0,1.0
aggregated_ranked_features_gas-N2_keep-N2_post-prestimulus,mean,209,val,0.7457627118644068,0.7456896551724138
aggregated_ranked_features_gas-N2_keep-N2_post-prestimulus,mean,209,test,0.7954545454545454,0.7901430842607313
aggregated_ranked_features_gas-N2_keep-N2_post-prestimulus,mean,210,train,1.0,1.0
aggregated_ranked_features_gas-N2_keep-N2_post-prestimulus,mean,210,val,0.7288135593220338,0.728735632183908
aggregated_ranked_features_gas-N2_keep-N2_post-prestimulus,mean,210,test,0.8181818181818182,0.8147368421052632
aggregated_ranked_features_gas-N2_keep-N2_post-prestimulus,mean,211,train,1.0,1.0
aggregated_ranked_features_gas-N2_keep-N2_post-prestimulus,mean,211,val,0.7457627118644068,0.7457627118644068
aggregated_ranked_features_gas-N2_keep-N2_post-prestimulus,mean,211,test,0.8636363636363636,0.8625
aggregated_ranked_features_gas-N2_keep-N2_post-prestimulus,mean,212,train,1.0,1.0
aggregated_ranked_features_gas-N2_keep-N2_post-prestimulus,mean,212,val,0.7288135593220338,0.728735632183908
aggregated_ranked_features_gas-N2_keep-N2_post-prestimulus,mean,212,test,0.8181818181818182,0.8147368421052632
aggregated_ranked_features_gas-N2_keep-N2_post-prestimulus,mean,213,train,1.0,1.0
aggregated_ranked_features_gas-N2_keep-N2_post-prestimulus,mean,213,val,0.7542372881355932,0.7542196365725777
aggregated_ranked_features_gas-N2_keep-N2_post-prestimulus,mean,213,test,0.8409090909090909,0.8388278388278387
aggregated_ranked_features_gas-N2_keep-N2_post-prestimulus,mean,214,train,1.0,1.0
aggregated_ranked_features_gas-N2_keep-N2_post-prestimulus,mean,214,val,0.7203389830508474,0.720318896789485
aggregated_ranked_features_gas-N2_keep-N2_post-prestimulus,mean,214,test,0.8409090909090909,0.8388278388278387
aggregated_ranked_features_gas-N2_keep-N2_post-prestimulus,mean,215,train,1.0,1.0
aggregated_ranked_features_gas-N2_keep-N2_post-prestimulus,mean,215,val,0.7203389830508474,0.720318896789485
aggregated_ranked_features_gas-N2_keep-N2_post-prestimulus,mean,215,test,0.8181818181818182,0.8147368421052632
aggregated_ranked_features_gas-N2_keep-N2_post-prestimulus,mean,216,train,1.0,1.0
aggregated_ranked_features_gas-N2_keep-N2_post-prestimulus,mean,216,val,0.7711864406779662,0.7711700064641241
aggregated_ranked_features_gas-N2_keep-N2_post-prestimulus,mean,216,test,0.8409090909090909,0.8388278388278387
aggregated_ranked_features_gas-N2_keep-N2_post-prestimulus,mean,217,train,1.0,1.0
aggregated_ranked_features_gas-N2_keep-N2_post-prestimulus,mean,217,val,0.7457627118644068,0.7456896551724138
aggregated_ranked_features_gas-N2_keep-N2_post-prestimulus,mean,217,test,0.8409090909090909,0.8388278388278387
aggregated_ranked_features_gas-N2_keep-N2_post-prestimulus,mean,218,train,1.0,1.0
aggregated_ranked_features_gas-N2_keep-N2_post-prestimulus,mean,218,val,0.7457627118644068,0.7451036866359446
aggregated_ranked_features_gas-N2_keep-N2_post-prestimulus,mean,218,test,0.8181818181818182,0.8147368421052632
aggregated_ranked_features_gas-N2_keep-N2_post-prestimulus,mean,219,train,1.0,1.0
aggregated_ranked_features_gas-N2_keep-N2_post-prestimulus,mean,219,val,0.7288135593220338,0.728110599078341
aggregated_ranked_features_gas-N2_keep-N2_post-prestimulus,mean,219,test,0.8409090909090909,0.8388278388278387
aggregated_ranked_features_gas-N2_keep-N2_post-prestimulus,mean,220,train,1.0,1.0
aggregated_ranked_features_gas-N2_keep-N2_post-prestimulus,mean,220,val,0.7627118644067796,0.7626436781609196
aggregated_ranked_features_gas-N2_keep-N2_post-prestimulus,mean,220,test,0.8409090909090909,0.8388278388278387
aggregated_ranked_features_gas-N2_keep-N2_post-prestimulus,mean,221,train,1.0,1.0
aggregated_ranked_features_gas-N2_keep-N2_post-prestimulus,mean,221,val,0.7711864406779662,0.7710384477182897
aggregated_ranked_features_gas-N2_keep-N2_post-prestimulus,mean,221,test,0.8409090909090909,0.8388278388278387
aggregated_ranked_features_gas-N2_keep-N2_post-prestimulus,mean,222,train,1.0,1.0
aggregated_ranked_features_gas-N2_keep-N2_post-prestimulus,mean,222,val,0.7372881355932204,0.7371182177506288
aggregated_ranked_features_gas-N2_keep-N2_post-prestimulus,mean,222,test,0.8409090909090909,0.8388278388278387
aggregated_ranked_features_gas-N2_keep-N2_post-prestimulus,mean,223,train,1.0,1.0
aggregated_ranked_features_gas-N2_keep-N2_post-prestimulus,mean,223,val,0.7457627118644068,0.7456896551724138
aggregated_ranked_features_gas-N2_keep-N2_post-prestimulus,mean,223,test,0.8409090909090909,0.8388278388278387
aggregated_ranked_features_gas-N2_keep-N2_post-prestimulus,mean,224,train,1.0,1.0
aggregated_ranked_features_gas-N2_keep-N2_post-prestimulus,mean,224,val,0.7372881355932204,0.7371182177506288
aggregated_ranked_features_gas-N2_keep-N2_post-prestimulus,mean,224,test,0.8409090909090909,0.8388278388278387
aggregated_ranked_features_gas-N2_keep-N2_post-prestimulus,mean,225,train,1.0,1.0
aggregated_ranked_features_gas-N2_keep-N2_post-prestimulus,mean,225,val,0.7372881355932204,0.7372692666810314
aggregated_ranked_features_gas-N2_keep-N2_post-prestimulus,mean,225,test,0.8409090909090909,0.8388278388278387
aggregated_ranked_features_gas-N2_keep-N2_post-prestimulus,mean,226,train,1.0,1.0
aggregated_ranked_features_gas-N2_keep-N2_post-prestimulus,mean,226,val,0.7372881355932204,0.7372692666810314
aggregated_ranked_features_gas-N2_keep-N2_post-prestimulus,mean,226,test,0.8409090909090909,0.8388278388278387
aggregated_ranked_features_gas-N2_keep-N2_post-prestimulus,mean,227,train,1.0,1.0
aggregated_ranked_features_gas-N2_keep-N2_post-prestimulus,mean,227,val,0.7627118644067796,0.7626436781609196
aggregated_ranked_features_gas-N2_keep-N2_post-prestimulus,mean,227,test,0.8636363636363636,0.8625
aggregated_ranked_features_gas-N2_keep-N2_post-prestimulus,mean,228,train,1.0,1.0
aggregated_ranked_features_gas-N2_keep-N2_post-prestimulus,mean,228,val,0.7627118644067796,0.7627118644067796
aggregated_ranked_features_gas-N2_keep-N2_post-prestimulus,mean,228,test,0.8409090909090909,0.8388278388278387
aggregated_ranked_features_gas-N2_keep-N2_post-prestimulus,mean,229,train,1.0,1.0
aggregated_ranked_features_gas-N2_keep-N2_post-prestimulus,mean,229,val,0.7372881355932204,0.736815598244478
aggregated_ranked_features_gas-N2_keep-N2_post-prestimulus,mean,229,test,0.8409090909090909,0.8388278388278387
aggregated_ranked_features_gas-N2_keep-N2_post-prestimulus,mean,230,train,1.0,1.0
aggregated_ranked_features_gas-N2_keep-N2_post-prestimulus,mean,230,val,0.7457627118644068,0.7457627118644068
aggregated_ranked_features_gas-N2_keep-N2_post-prestimulus,mean,230,test,0.8409090909090909,0.8388278388278387
aggregated_ranked_features_gas-N2_keep-N2_post-prestimulus,mean,231,train,1.0,1.0
aggregated_ranked_features_gas-N2_keep-N2_post-prestimulus,mean,231,val,0.7372881355932204,0.7371182177506288
aggregated_ranked_features_gas-N2_keep-N2_post-prestimulus,mean,231,test,0.8636363636363636,0.8625
aggregated_ranked_features_gas-N2_keep-N2_post-prestimulus,mean,232,train,1.0,1.0
aggregated_ranked_features_gas-N2_keep-N2_post-prestimulus,mean,232,val,0.7372881355932204,0.7371182177506288
aggregated_ranked_features_gas-N2_keep-N2_post-prestimulus,mean,232,test,0.8181818181818182,0.8147368421052632
aggregated_ranked_features_gas-N2_keep-N2_post-prestimulus,mean,233,train,1.0,1.0
aggregated_ranked_features_gas-N2_keep-N2_post-prestimulus,mean,233,val,0.7711864406779662,0.7711700064641241
aggregated_ranked_features_gas-N2_keep-N2_post-prestimulus,mean,233,test,0.8409090909090909,0.8388278388278387
aggregated_ranked_features_gas-N2_keep-N2_post-prestimulus,mean,234,train,1.0,1.0
aggregated_ranked_features_gas-N2_keep-N2_post-prestimulus,mean,234,val,0.7457627118644068,0.7454702329594478
aggregated_ranked_features_gas-N2_keep-N2_post-prestimulus,mean,234,test,0.8181818181818182,0.8147368421052632
aggregated_ranked_features_gas-N2_keep-N2_post-prestimulus,mean,235,train,1.0,1.0
aggregated_ranked_features_gas-N2_keep-N2_post-prestimulus,mean,235,val,0.7627118644067796,0.7624388840954845
aggregated_ranked_features_gas-N2_keep-N2_post-prestimulus,mean,235,test,0.8409090909090909,0.8388278388278387
aggregated_ranked_features_gas-N2_keep-N2_post-prestimulus,mean,236,train,1.0,1.0
aggregated_ranked_features_gas-N2_keep-N2_post-prestimulus,mean,236,val,0.7203389830508474,0.720318896789485
aggregated_ranked_features_gas-N2_keep-N2_post-prestimulus,mean,236,test,0.8409090909090909,0.8388278388278387
aggregated_ranked_features_gas-N2_keep-N2_post-prestimulus,mean,237,train,1.0,1.0
aggregated_ranked_features_gas-N2_keep-N2_post-prestimulus,mean,237,val,0.7372881355932204,0.7372692666810314
aggregated_ranked_features_gas-N2_keep-N2_post-prestimulus,mean,237,test,0.8409090909090909,0.8388278388278387
aggregated_ranked_features_gas-N2_keep-N2_post-prestimulus,mean,238,train,1.0,1.0
aggregated_ranked_features_gas-N2_keep-N2_post-prestimulus,mean,238,val,0.7288135593220338,0.728735632183908
aggregated_ranked_features_gas-N2_keep-N2_post-prestimulus,mean,238,test,0.8181818181818182,0.8147368421052632
aggregated_ranked_features_gas-N2_keep-N2_post-prestimulus,mean,239,train,1.0,1.0
aggregated_ranked_features_gas-N2_keep-N2_post-prestimulus,mean,239,val,0.7203389830508474,0.720318896789485
aggregated_ranked_features_gas-N2_keep-N2_post-prestimulus,mean,239,test,0.8409090909090909,0.8388278388278387
aggregated_ranked_features_gas-N2_keep-N2_post-prestimulus,mean,240,train,1.0,1.0
aggregated_ranked_features_gas-N2_keep-N2_post-prestimulus,mean,240,val,0.7542372881355932,0.7542196365725777
aggregated_ranked_features_gas-N2_keep-N2_post-prestimulus,mean,240,test,0.8181818181818182,0.8147368421052632
aggregated_ranked_features_gas-N2_keep-N2_post-prestimulus,mean,241,train,1.0,1.0
aggregated_ranked_features_gas-N2_keep-N2_post-prestimulus,mean,241,val,0.7372881355932204,0.7372692666810314
aggregated_ranked_features_gas-N2_keep-N2_post-prestimulus,mean,241,test,0.8409090909090909,0.8388278388278387
aggregated_ranked_features_gas-N2_keep-N2_post-prestimulus,mean,242,train,1.0,1.0
aggregated_ranked_features_gas-N2_keep-N2_post-prestimulus,mean,242,val,0.7542372881355932,0.7542196365725777
aggregated_ranked_features_gas-N2_keep-N2_post-prestimulus,mean,242,test,0.8636363636363636,0.8625
aggregated_ranked_features_gas-N2_keep-N2_post-prestimulus,mean,243,train,1.0,1.0
aggregated_ranked_features_gas-N2_keep-N2_post-prestimulus,mean,243,val,0.7627118644067796,0.7626436781609196
aggregated_ranked_features_gas-N2_keep-N2_post-prestimulus,mean,243,test,0.8409090909090909,0.8388278388278387
aggregated_ranked_features_gas-N2_keep-N2_post-prestimulus,mean,244,train,1.0,1.0
aggregated_ranked_features_gas-N2_keep-N2_post-prestimulus,mean,244,val,0.7542372881355932,0.7540783327344592
aggregated_ranked_features_gas-N2_keep-N2_post-prestimulus,mean,244,test,0.8181818181818182,0.8166666666666667
aggregated_ranked_features_gas-N2_keep-N2_post-prestimulus,mean,245,train,1.0,1.0
aggregated_ranked_features_gas-N2_keep-N2_post-prestimulus,mean,245,val,0.7627118644067796,0.7626436781609196
aggregated_ranked_features_gas-N2_keep-N2_post-prestimulus,mean,245,test,0.8181818181818182,0.8147368421052632
aggregated_ranked_features_gas-N2_keep-N2_post-prestimulus,mean,246,train,1.0,1.0
aggregated_ranked_features_gas-N2_keep-N2_post-prestimulus,mean,246,val,0.7627118644067796,0.7627118644067796
aggregated_ranked_features_gas-N2_keep-N2_post-prestimulus,mean,246,test,0.8181818181818182,0.8147368421052632
aggregated_ranked_features_gas-N2_keep-N2_post-prestimulus,mean,247,train,1.0,1.0
aggregated_ranked_features_gas-N2_keep-N2_post-prestimulus,mean,247,val,0.7542372881355932,0.7542196365725777
aggregated_ranked_features_gas-N2_keep-N2_post-prestimulus,mean,247,test,0.8409090909090909,0.8388278388278387
aggregated_ranked_features_gas-N2_keep-N2_post-prestimulus,mean,248,train,1.0,1.0
aggregated_ranked_features_gas-N2_keep-N2_post-prestimulus,mean,248,val,0.7711864406779662,0.7710384477182897
aggregated_ranked_features_gas-N2_keep-N2_post-prestimulus,mean,248,test,0.8409090909090909,0.8388278388278387
aggregated_ranked_features_gas-N2_keep-N2_post-prestimulus,mean,249,train,1.0,1.0
aggregated_ranked_features_gas-N2_keep-N2_post-prestimulus,mean,249,val,0.7542372881355932,0.7542196365725777
aggregated_ranked_features_gas-N2_keep-N2_post-prestimulus,mean,249,test,0.8181818181818182,0.8147368421052632
aggregated_ranked_features_gas-N2_keep-N2_post-prestimulus,mean,250,train,1.0,1.0
aggregated_ranked_features_gas-N2_keep-N2_post-prestimulus,mean,250,val,0.7796610169491526,0.7795977011494253
aggregated_ranked_features_gas-N2_keep-N2_post-prestimulus,mean,250,test,0.7954545454545454,0.7901430842607313
aggregated_ranked_features_gas-N2_keep-N2_post-prestimulus,mean,251,train,1.0,1.0
aggregated_ranked_features_gas-N2_keep-N2_post-prestimulus,mean,251,val,0.7711864406779662,0.7711700064641241
aggregated_ranked_features_gas-N2_keep-N2_post-prestimulus,mean,251,test,0.8181818181818182,0.8147368421052632
aggregated_ranked_features_gas-N2_keep-N2_post-prestimulus,mean,252,train,1.0,1.0
aggregated_ranked_features_gas-N2_keep-N2_post-prestimulus,mean,252,val,0.7372881355932204,0.7371182177506288
aggregated_ranked_features_gas-N2_keep-N2_post-prestimulus,mean,252,test,0.8181818181818182,0.8147368421052632
aggregated_ranked_features_gas-N2_keep-N2_post-prestimulus,mean,253,train,1.0,1.0
aggregated_ranked_features_gas-N2_keep-N2_post-prestimulus,mean,253,val,0.7966101694915254,0.7966101694915254
aggregated_ranked_features_gas-N2_keep-N2_post-prestimulus,mean,253,test,0.8181818181818182,0.8147368421052632
aggregated_ranked_features_gas-N2_keep-N2_post-prestimulus,mean,254,train,1.0,1.0
aggregated_ranked_features_gas-N2_keep-N2_post-prestimulus,mean,254,val,0.7711864406779662,0.7710384477182897
aggregated_ranked_features_gas-N2_keep-N2_post-prestimulus,mean,254,test,0.8181818181818182,0.8147368421052632
aggregated_ranked_features_gas-N2_keep-N2_post-prestimulus,mean,255,train,1.0,1.0
aggregated_ranked_features_gas-N2_keep-N2_post-prestimulus,mean,255,val,0.7711864406779662,0.7711700064641241
aggregated_ranked_features_gas-N2_keep-N2_post-prestimulus,mean,255,test,0.7954545454545454,0.7901430842607313
aggregated_ranked_features_gas-N2_keep-N2_post-prestimulus,mean,256,train,1.0,1.0
aggregated_ranked_features_gas-N2_keep-N2_post-prestimulus,mean,256,val,0.7542372881355932,0.753795237067415
aggregated_ranked_features_gas-N2_keep-N2_post-prestimulus,mean,256,test,0.8181818181818182,0.8147368421052632
aggregated_ranked_features_gas-N2_keep-N2_post-prestimulus,mean,257,train,1.0,1.0
aggregated_ranked_features_gas-N2_keep-N2_post-prestimulus,mean,257,val,0.7796610169491526,0.7794075352315214
aggregated_ranked_features_gas-N2_keep-N2_post-prestimulus,mean,257,test,0.8181818181818182,0.8147368421052632
aggregated_ranked_features_gas-N2_keep-N2_post-prestimulus,mean,258,train,1.0,1.0
aggregated_ranked_features_gas-N2_keep-N2_post-prestimulus,mean,258,val,0.7627118644067796,0.7627118644067796
aggregated_ranked_features_gas-N2_keep-N2_post-prestimulus,mean,258,test,0.8181818181818182,0.8147368421052632
aggregated_ranked_features_gas-N2_keep-N2_post-prestimulus,mean,259,train,1.0,1.0
aggregated_ranked_features_gas-N2_keep-N2_post-prestimulus,mean,259,val,0.7288135593220338,0.7288135593220338
aggregated_ranked_features_gas-N2_keep-N2_post-prestimulus,mean,259,test,0.8181818181818182,0.8147368421052632
aggregated_ranked_features_gas-N2_keep-N2_post-prestimulus,mean,260,train,1.0,1.0
aggregated_ranked_features_gas-N2_keep-N2_post-prestimulus,mean,260,val,0.7542372881355932,0.7542196365725777
aggregated_ranked_features_gas-N2_keep-N2_post-prestimulus,mean,260,test,0.7954545454545454,0.7901430842607313
aggregated_ranked_features_gas-N2_keep-N2_post-prestimulus,mean,261,train,1.0,1.0
aggregated_ranked_features_gas-N2_keep-N2_post-prestimulus,mean,261,val,0.7457627118644068,0.7456896551724138
aggregated_ranked_features_gas-N2_keep-N2_post-prestimulus,mean,261,test,0.7954545454545454,0.792778649921507
aggregated_ranked_features_gas-N2_keep-N2_post-prestimulus,mean,262,train,1.0,1.0
aggregated_ranked_features_gas-N2_keep-N2_post-prestimulus,mean,262,val,0.7372881355932204,0.7372692666810314
aggregated_ranked_features_gas-N2_keep-N2_post-prestimulus,mean,262,test,0.7954545454545454,0.792778649921507
aggregated_ranked_features_gas-N2_keep-N2_post-prestimulus,mean,263,train,1.0,1.0
aggregated_ranked_features_gas-N2_keep-N2_post-prestimulus,mean,263,val,0.7627118644067796,0.7627118644067796
aggregated_ranked_features_gas-N2_keep-N2_post-prestimulus,mean,263,test,0.8181818181818182,0.8147368421052632
aggregated_ranked_features_gas-N2_keep-N2_post-prestimulus,mean,264,train,1.0,1.0
aggregated_ranked_features_gas-N2_keep-N2_post-prestimulus,mean,264,val,0.7457627118644068,0.7456896551724138
aggregated_ranked_features_gas-N2_keep-N2_post-prestimulus,mean,264,test,0.8636363636363636,0.8625
aggregated_ranked_features_gas-N2_keep-N2_post-prestimulus,mean,265,train,1.0,1.0
aggregated_ranked_features_gas-N2_keep-N2_post-prestimulus,mean,265,val,0.7796610169491526,0.7795977011494253
aggregated_ranked_features_gas-N2_keep-N2_post-prestimulus,mean,265,test,0.8181818181818182,0.8147368421052632
aggregated_ranked_features_gas-N2_keep-N2_post-prestimulus,mean,266,train,1.0,1.0
aggregated_ranked_features_gas-N2_keep-N2_post-prestimulus,mean,266,val,0.7542372881355932,0.7542196365725777
aggregated_ranked_features_gas-N2_keep-N2_post-prestimulus,mean,266,test,0.8181818181818182,0.8147368421052632
aggregated_ranked_features_gas-N2_keep-N2_post-prestimulus,mean,267,train,1.0,1.0
aggregated_ranked_features_gas-N2_keep-N2_post-prestimulus,mean,267,val,0.7457627118644068,0.7454702329594478
aggregated_ranked_features_gas-N2_keep-N2_post-prestimulus,mean,267,test,0.8181818181818182,0.8147368421052632
aggregated_ranked_features_gas-N2_keep-N2_post-prestimulus,mean,268,train,1.0,1.0
aggregated_ranked_features_gas-N2_keep-N2_post-prestimulus,mean,268,val,0.788135593220339,0.78799856270212
aggregated_ranked_features_gas-N2_keep-N2_post-prestimulus,mean,268,test,0.8409090909090909,0.8388278388278387
aggregated_ranked_features_gas-N2_keep-N2_post-prestimulus,mean,269,train,1.0,1.0
aggregated_ranked_features_gas-N2_keep-N2_post-prestimulus,mean,269,val,0.7542372881355932,0.7540783327344592
aggregated_ranked_features_gas-N2_keep-N2_post-prestimulus,mean,269,test,0.8181818181818182,0.8147368421052632
aggregated_ranked_features_gas-N2_keep-N2_post-prestimulus,mean,270,train,1.0,1.0
aggregated_ranked_features_gas-N2_keep-N2_post-prestimulus,mean,270,val,0.7542372881355932,0.7542196365725777
aggregated_ranked_features_gas-N2_keep-N2_post-prestimulus,mean,270,test,0.7954545454545454,0.7901430842607313
aggregated_ranked_features_gas-N2_keep-N2_post-prestimulus,mean,271,train,1.0,1.0
aggregated_ranked_features_gas-N2_keep-N2_post-prestimulus,mean,271,val,0.7288135593220338,0.7288135593220338
aggregated_ranked_features_gas-N2_keep-N2_post-prestimulus,mean,271,test,0.8409090909090909,0.8388278388278387
aggregated_ranked_features_gas-N2_keep-N2_post-prestimulus,mean,272,train,1.0,1.0
aggregated_ranked_features_gas-N2_keep-N2_post-prestimulus,mean,272,val,0.7457627118644068,0.7457627118644068
aggregated_ranked_features_gas-N2_keep-N2_post-prestimulus,mean,272,test,0.8181818181818182,0.8147368421052632
aggregated_ranked_features_gas-N2_keep-N2_post-prestimulus,mean,273,train,1.0,1.0
aggregated_ranked_features_gas-N2_keep-N2_post-prestimulus,mean,273,val,0.7711864406779662,0.7711700064641241
aggregated_ranked_features_gas-N2_keep-N2_post-prestimulus,mean,273,test,0.8409090909090909,0.8388278388278387
aggregated_ranked_features_gas-N2_keep-N2_post-prestimulus,mean,274,train,1.0,1.0
aggregated_ranked_features_gas-N2_keep-N2_post-prestimulus,mean,274,val,0.7457627118644068,0.7456896551724138
aggregated_ranked_features_gas-N2_keep-N2_post-prestimulus,mean,274,test,0.8181818181818182,0.8147368421052632
aggregated_ranked_features_gas-N2_keep-N2_post-prestimulus,mean,275,train,1.0,1.0
aggregated_ranked_features_gas-N2_keep-N2_post-prestimulus,mean,275,val,0.7796610169491526,0.7796610169491526
aggregated_ranked_features_gas-N2_keep-N2_post-prestimulus,mean,275,test,0.7954545454545454,0.7901430842607313
aggregated_ranked_features_gas-N2_keep-N2_post-prestimulus,mean,276,train,1.0,1.0
aggregated_ranked_features_gas-N2_keep-N2_post-prestimulus,mean,276,val,0.7796610169491526,0.7795977011494253
aggregated_ranked_features_gas-N2_keep-N2_post-prestimulus,mean,276,test,0.7727272727272727,0.7649572649572649
aggregated_ranked_features_gas-N2_keep-N2_post-prestimulus,mean,277,train,1.0,1.0
aggregated_ranked_features_gas-N2_keep-N2_post-prestimulus,mean,277,val,0.7711864406779662,0.7711700064641241
aggregated_ranked_features_gas-N2_keep-N2_post-prestimulus,mean,277,test,0.7954545454545454,0.7901430842607313
aggregated_ranked_features_gas-N2_keep-N2_post-prestimulus,mean,278,train,1.0,1.0
aggregated_ranked_features_gas-N2_keep-N2_post-prestimulus,mean,278,val,0.7711864406779662,0.7710384477182897
aggregated_ranked_features_gas-N2_keep-N2_post-prestimulus,mean,278,test,0.7954545454545454,0.7901430842607313
aggregated_ranked_features_gas-N2_keep-N2_post-prestimulus,mean,279,train,1.0,1.0
aggregated_ranked_features_gas-N2_keep-N2_post-prestimulus,mean,279,val,0.8135593220338984,0.8135057471264368
aggregated_ranked_features_gas-N2_keep-N2_post-prestimulus,mean,279,test,0.8181818181818182,0.8147368421052632
aggregated_ranked_features_gas-N2_keep-N2_post-prestimulus,mean,280,train,1.0,1.0
aggregated_ranked_features_gas-N2_keep-N2_post-prestimulus,mean,280,val,0.7711864406779662,0.7711700064641241
aggregated_ranked_features_gas-N2_keep-N2_post-prestimulus,mean,280,test,0.7727272727272727,0.7649572649572649
aggregated_ranked_features_gas-N2_keep-N2_post-prestimulus,mean,281,train,1.0,1.0
aggregated_ranked_features_gas-N2_keep-N2_post-prestimulus,mean,281,val,0.8050847457627118,0.8050707462472169
aggregated_ranked_features_gas-N2_keep-N2_post-prestimulus,mean,281,test,0.8181818181818182,0.8147368421052632
aggregated_ranked_features_gas-N2_keep-N2_post-prestimulus,mean,282,train,1.0,1.0
aggregated_ranked_features_gas-N2_keep-N2_post-prestimulus,mean,282,val,0.7711864406779662,0.7710384477182897
aggregated_ranked_features_gas-N2_keep-N2_post-prestimulus,mean,282,test,0.7954545454545454,0.7901430842607313
aggregated_ranked_features_gas-N2_keep-N2_post-prestimulus,mean,283,train,1.0,1.0
aggregated_ranked_features_gas-N2_keep-N2_post-prestimulus,mean,283,val,0.7542372881355932,0.7542196365725777
aggregated_ranked_features_gas-N2_keep-N2_post-prestimulus,mean,283,test,0.7954545454545454,0.7901430842607313
aggregated_ranked_features_gas-N2_keep-N2_post-prestimulus,mean,284,train,1.0,1.0
aggregated_ranked_features_gas-N2_keep-N2_post-prestimulus,mean,284,val,0.7711864406779662,0.7711700064641241
aggregated_ranked_features_gas-N2_keep-N2_post-prestimulus,mean,284,test,0.8636363636363636,0.8625
aggregated_ranked_features_gas-N2_keep-N2_post-prestimulus,mean,285,train,1.0,1.0
aggregated_ranked_features_gas-N2_keep-N2_post-prestimulus,mean,285,val,0.7627118644067796,0.7627118644067796
aggregated_ranked_features_gas-N2_keep-N2_post-prestimulus,mean,285,test,0.7727272727272727,0.7649572649572649
aggregated_ranked_features_gas-N2_keep-N2_post-prestimulus,mean,286,train,1.0,1.0
aggregated_ranked_features_gas-N2_keep-N2_post-prestimulus,mean,286,val,0.7542372881355932,0.753795237067415
aggregated_ranked_features_gas-N2_keep-N2_post-prestimulus,mean,286,test,0.7954545454545454,0.7901430842607313
aggregated_ranked_features_gas-N2_keep-N2_post-prestimulus,mean,287,train,1.0,1.0
aggregated_ranked_features_gas-N2_keep-N2_post-prestimulus,mean,287,val,0.7542372881355932,0.7540783327344592
aggregated_ranked_features_gas-N2_keep-N2_post-prestimulus,mean,287,test,0.7727272727272727,0.7649572649572649
aggregated_ranked_features_gas-N2_keep-N2_post-prestimulus,mean,288,train,1.0,1.0
aggregated_ranked_features_gas-N2_keep-N2_post-prestimulus,mean,288,val,0.7711864406779662,0.7710384477182897
aggregated_ranked_features_gas-N2_keep-N2_post-prestimulus,mean,288,test,0.7954545454545454,0.7901430842607313
aggregated_ranked_features_gas-N2_keep-N2_post-prestimulus,mean,289,train,1.0,1.0
aggregated_ranked_features_gas-N2_keep-N2_post-prestimulus,mean,289,val,0.7627118644067796,0.7626436781609196
aggregated_ranked_features_gas-N2_keep-N2_post-prestimulus,mean,289,test,0.8181818181818182,0.8147368421052632
aggregated_ranked_features_gas-N2_keep-N2_post-prestimulus,mean,290,train,1.0,1.0
aggregated_ranked_features_gas-N2_keep-N2_post-prestimulus,mean,290,val,0.7796610169491526,0.7795977011494253
aggregated_ranked_features_gas-N2_keep-N2_post-prestimulus,mean,290,test,0.8181818181818182,0.8147368421052632
aggregated_ranked_features_gas-N2_keep-N2_post-prestimulus,mean,291,train,1.0,1.0
aggregated_ranked_features_gas-N2_keep-N2_post-prestimulus,mean,291,val,0.7627118644067796,0.7626436781609196
aggregated_ranked_features_gas-N2_keep-N2_post-prestimulus,mean,291,test,0.7727272727272727,0.7649572649572649
aggregated_ranked_features_gas-N2_keep-N2_post-prestimulus,mean,292,train,1.0,1.0
aggregated_ranked_features_gas-N2_keep-N2_post-prestimulus,mean,292,val,0.7627118644067796,0.7627118644067796
aggregated_ranked_features_gas-N2_keep-N2_post-prestimulus,mean,292,test,0.8409090909090909,0.8388278388278387
aggregated_ranked_features_gas-N2_keep-N2_post-prestimulus,mean,293,train,1.0,1.0
aggregated_ranked_features_gas-N2_keep-N2_post-prestimulus,mean,293,val,0.7542372881355932,0.7542196365725777
aggregated_ranked_features_gas-N2_keep-N2_post-prestimulus,mean,293,test,0.8181818181818182,0.8147368421052632
aggregated_ranked_features_gas-N2_keep-N2_post-prestimulus,mean,294,train,1.0,1.0
aggregated_ranked_features_gas-N2_keep-N2_post-prestimulus,mean,294,val,0.7542372881355932,0.7540783327344592
aggregated_ranked_features_gas-N2_keep-N2_post-prestimulus,mean,294,test,0.8636363636363636,0.8625
aggregated_ranked_features_gas-N2_keep-N2_post-prestimulus,mean,295,train,1.0,1.0
aggregated_ranked_features_gas-N2_keep-N2_post-prestimulus,mean,295,val,0.7711864406779662,0.7711700064641241
aggregated_ranked_features_gas-N2_keep-N2_post-prestimulus,mean,295,test,0.8181818181818182,0.8147368421052632
aggregated_ranked_features_gas-N2_keep-N2_post-prestimulus,mean,296,train,1.0,1.0
aggregated_ranked_features_gas-N2_keep-N2_post-prestimulus,mean,296,val,0.788135593220339,0.7881203763556704
aggregated_ranked_features_gas-N2_keep-N2_post-prestimulus,mean,296,test,0.7954545454545454,0.7901430842607313
aggregated_ranked_features_gas-N2_keep-N2_post-prestimulus,mean,297,train,1.0,1.0
aggregated_ranked_features_gas-N2_keep-N2_post-prestimulus,mean,297,val,0.7542372881355932,0.7542196365725777
aggregated_ranked_features_gas-N2_keep-N2_post-prestimulus,mean,297,test,0.7954545454545454,0.7901430842607313
aggregated_ranked_features_gas-N2_keep-N2_post-prestimulus,mean,298,train,1.0,1.0
aggregated_ranked_features_gas-N2_keep-N2_post-prestimulus,mean,298,val,0.7457627118644068,0.7456896551724138
aggregated_ranked_features_gas-N2_keep-N2_post-prestimulus,mean,298,test,0.8181818181818182,0.8147368421052632
aggregated_ranked_features_gas-N2_keep-N2_post-prestimulus,mean,299,train,1.0,1.0
aggregated_ranked_features_gas-N2_keep-N2_post-prestimulus,mean,299,val,0.7711864406779662,0.7711700064641241
aggregated_ranked_features_gas-N2_keep-N2_post-prestimulus,mean,299,test,0.8181818181818182,0.8147368421052632
aggregated_ranked_features_gas-N2_keep-N2_post-prestimulus,mean,300,train,1.0,1.0
aggregated_ranked_features_gas-N2_keep-N2_post-prestimulus,mean,300,val,0.7457627118644068,0.7456896551724138
aggregated_ranked_features_gas-N2_keep-N2_post-prestimulus,mean,300,test,0.8181818181818182,0.8147368421052632
aggregated_ranked_features_gas-N2_keep-N2_post-prestimulus,mean,301,train,1.0,1.0
aggregated_ranked_features_gas-N2_keep-N2_post-prestimulus,mean,301,val,0.7796610169491526,0.7795977011494253
aggregated_ranked_features_gas-N2_keep-N2_post-prestimulus,mean,301,test,0.8181818181818182,0.8147368421052632
aggregated_ranked_features_gas-N2_keep-N2_post-prestimulus,mean,302,train,1.0,1.0
aggregated_ranked_features_gas-N2_keep-N2_post-prestimulus,mean,302,val,0.7796610169491526,0.7795977011494253
aggregated_ranked_features_gas-N2_keep-N2_post-prestimulus,mean,302,test,0.7954545454545454,0.7901430842607313
aggregated_ranked_features_gas-N2_keep-N2_post-prestimulus,mean,303,train,1.0,1.0
aggregated_ranked_features_gas-N2_keep-N2_post-prestimulus,mean,303,val,0.7966101694915254,0.7965517241379311
aggregated_ranked_features_gas-N2_keep-N2_post-prestimulus,mean,303,test,0.8181818181818182,0.8147368421052632
aggregated_ranked_features_gas-N2_keep-N2_post-prestimulus,mean,304,train,1.0,1.0
aggregated_ranked_features_gas-N2_keep-N2_post-prestimulus,mean,304,val,0.7457627118644068,0.7457627118644068
aggregated_ranked_features_gas-N2_keep-N2_post-prestimulus,mean,304,test,0.8181818181818182,0.8147368421052632
aggregated_ranked_features_gas-N2_keep-N2_post-prestimulus,mean,305,train,1.0,1.0
aggregated_ranked_features_gas-N2_keep-N2_post-prestimulus,mean,305,val,0.7796610169491526,0.7795977011494253
aggregated_ranked_features_gas-N2_keep-N2_post-prestimulus,mean,305,test,0.8409090909090909,0.8388278388278387
aggregated_ranked_features_gas-N2_keep-N2_post-prestimulus,mean,306,train,1.0,1.0
aggregated_ranked_features_gas-N2_keep-N2_post-prestimulus,mean,306,val,0.7627118644067796,0.7626436781609196
aggregated_ranked_features_gas-N2_keep-N2_post-prestimulus,mean,306,test,0.8181818181818182,0.8147368421052632
aggregated_ranked_features_gas-N2_keep-N2_post-prestimulus,mean,307,train,1.0,1.0
aggregated_ranked_features_gas-N2_keep-N2_post-prestimulus,mean,307,val,0.7627118644067796,0.7627118644067796
aggregated_ranked_features_gas-N2_keep-N2_post-prestimulus,mean,307,test,0.7727272727272727,0.7649572649572649
aggregated_ranked_features_gas-N2_keep-N2_post-prestimulus,mean,308,train,1.0,1.0
aggregated_ranked_features_gas-N2_keep-N2_post-prestimulus,mean,308,val,0.788135593220339,0.7881203763556704
aggregated_ranked_features_gas-N2_keep-N2_post-prestimulus,mean,308,test,0.7954545454545454,0.7901430842607313
aggregated_ranked_features_gas-N2_keep-N2_post-prestimulus,mean,309,train,1.0,1.0
aggregated_ranked_features_gas-N2_keep-N2_post-prestimulus,mean,309,val,0.7796610169491526,0.7796610169491526
aggregated_ranked_features_gas-N2_keep-N2_post-prestimulus,mean,309,test,0.7954545454545454,0.7901430842607313
aggregated_ranked_features_gas-N2_keep-N2_post-prestimulus,mean,310,train,1.0,1.0
aggregated_ranked_features_gas-N2_keep-N2_post-prestimulus,mean,310,val,0.8050847457627118,0.8049586776859504
aggregated_ranked_features_gas-N2_keep-N2_post-prestimulus,mean,310,test,0.7954545454545454,0.792778649921507
aggregated_ranked_features_gas-N2_keep-N2_post-prestimulus,mean,311,train,1.0,1.0
aggregated_ranked_features_gas-N2_keep-N2_post-prestimulus,mean,311,val,0.8050847457627118,0.8049586776859504
aggregated_ranked_features_gas-N2_keep-N2_post-prestimulus,mean,311,test,0.7954545454545454,0.792778649921507
aggregated_ranked_features_gas-N2_keep-N2_post-prestimulus,mean,312,train,1.0,1.0
aggregated_ranked_features_gas-N2_keep-N2_post-prestimulus,mean,312,val,0.7711864406779662,0.7711700064641241
aggregated_ranked_features_gas-N2_keep-N2_post-prestimulus,mean,312,test,0.8409090909090909,0.8388278388278387
aggregated_ranked_features_gas-N2_keep-N2_post-prestimulus,mean,313,train,1.0,1.0
aggregated_ranked_features_gas-N2_keep-N2_post-prestimulus,mean,313,val,0.7796610169491526,0.7796610169491526
aggregated_ranked_features_gas-N2_keep-N2_post-prestimulus,mean,313,test,0.7954545454545454,0.7901430842607313
aggregated_ranked_features_gas-N2_keep-N2_post-prestimulus,mean,314,train,1.0,1.0
aggregated_ranked_features_gas-N2_keep-N2_post-prestimulus,mean,314,val,0.788135593220339,0.7881203763556704
aggregated_ranked_features_gas-N2_keep-N2_post-prestimulus,mean,314,test,0.7954545454545454,0.7901430842607313
aggregated_ranked_features_gas-N2_keep-N2_post-prestimulus,mean,315,train,1.0,1.0
aggregated_ranked_features_gas-N2_keep-N2_post-prestimulus,mean,315,val,0.7542372881355932,0.7542196365725777
aggregated_ranked_features_gas-N2_keep-N2_post-prestimulus,mean,315,test,0.8181818181818182,0.8147368421052632
aggregated_ranked_features_gas-N2_keep-N2_post-prestimulus,mean,316,train,1.0,1.0
aggregated_ranked_features_gas-N2_keep-N2_post-prestimulus,mean,316,val,0.7711864406779662,0.7711700064641241
aggregated_ranked_features_gas-N2_keep-N2_post-prestimulus,mean,316,test,0.8181818181818182,0.8147368421052632
aggregated_ranked_features_gas-N2_keep-N2_post-prestimulus,mean,317,train,1.0,1.0
aggregated_ranked_features_gas-N2_keep-N2_post-prestimulus,mean,317,val,0.7627118644067796,0.7627118644067796
aggregated_ranked_features_gas-N2_keep-N2_post-prestimulus,mean,317,test,0.7954545454545454,0.7901430842607313
aggregated_ranked_features_gas-N2_keep-N2_post-prestimulus,mean,318,train,1.0,1.0
aggregated_ranked_features_gas-N2_keep-N2_post-prestimulus,mean,318,val,0.7796610169491526,0.7794075352315214
aggregated_ranked_features_gas-N2_keep-N2_post-prestimulus,mean,318,test,0.7954545454545454,0.7901430842607313
aggregated_ranked_features_gas-N2_keep-N2_post-prestimulus,mean,319,train,1.0,1.0
aggregated_ranked_features_gas-N2_keep-N2_post-prestimulus,mean,319,val,0.788135593220339,0.78799856270212
aggregated_ranked_features_gas-N2_keep-N2_post-prestimulus,mean,319,test,0.7727272727272727,0.7649572649572649
aggregated_ranked_features_gas-N2_keep-N2_post-prestimulus,mean,320,train,1.0,1.0
aggregated_ranked_features_gas-N2_keep-N2_post-prestimulus,mean,320,val,0.7457627118644068,0.7457627118644068
aggregated_ranked_features_gas-N2_keep-N2_post-prestimulus,mean,320,test,0.7954545454545454,0.7901430842607313
aggregated_ranked_features_gas-N2_keep-N2_post-prestimulus,mean,321,train,1.0,1.0
aggregated_ranked_features_gas-N2_keep-N2_post-prestimulus,mean,321,val,0.7711864406779662,0.7711700064641241
aggregated_ranked_features_gas-N2_keep-N2_post-prestimulus,mean,321,test,0.7954545454545454,0.7901430842607313
aggregated_ranked_features_gas-N2_keep-N2_post-prestimulus,mean,322,train,1.0,1.0
aggregated_ranked_features_gas-N2_keep-N2_post-prestimulus,mean,322,val,0.7966101694915254,0.7966101694915254
aggregated_ranked_features_gas-N2_keep-N2_post-prestimulus,mean,322,test,0.8181818181818182,0.8147368421052632
aggregated_ranked_features_gas-N2_keep-N2_post-prestimulus,mean,323,train,1.0,1.0
aggregated_ranked_features_gas-N2_keep-N2_post-prestimulus,mean,323,val,0.7711864406779662,0.7711700064641241
aggregated_ranked_features_gas-N2_keep-N2_post-prestimulus,mean,323,test,0.7954545454545454,0.7901430842607313
aggregated_ranked_features_gas-N2_keep-N2_post-prestimulus,mean,324,train,1.0,1.0
aggregated_ranked_features_gas-N2_keep-N2_post-prestimulus,mean,324,val,0.7796610169491526,0.7796610169491526
aggregated_ranked_features_gas-N2_keep-N2_post-prestimulus,mean,324,test,0.75,0.7435082140964494
aggregated_ranked_features_gas-N2_keep-N2_post-prestimulus,mean,325,train,1.0,1.0
aggregated_ranked_features_gas-N2_keep-N2_post-prestimulus,mean,325,val,0.7711864406779662,0.7711700064641241
aggregated_ranked_features_gas-N2_keep-N2_post-prestimulus,mean,325,test,0.7954545454545454,0.7901430842607313
aggregated_ranked_features_gas-N2_keep-N2_post-prestimulus,mean,326,train,1.0,1.0
aggregated_ranked_features_gas-N2_keep-N2_post-prestimulus,mean,326,val,0.788135593220339,0.78799856270212
aggregated_ranked_features_gas-N2_keep-N2_post-prestimulus,mean,326,test,0.8181818181818182,0.8147368421052632
aggregated_ranked_features_gas-N2_keep-N2_post-prestimulus,mean,327,train,1.0,1.0
aggregated_ranked_features_gas-N2_keep-N2_post-prestimulus,mean,327,val,0.788135593220339,0.78799856270212
aggregated_ranked_features_gas-N2_keep-N2_post-prestimulus,mean,327,test,0.7954545454545454,0.7901430842607313
aggregated_ranked_features_gas-N2_keep-N2_post-prestimulus,mean,328,train,1.0,1.0
aggregated_ranked_features_gas-N2_keep-N2_post-prestimulus,mean,328,val,0.7796610169491526,0.7795977011494253
aggregated_ranked_features_gas-N2_keep-N2_post-prestimulus,mean,328,test,0.7954545454545454,0.7901430842607313
aggregated_ranked_features_gas-N2_keep-N2_post-prestimulus,mean,329,train,1.0,1.0
aggregated_ranked_features_gas-N2_keep-N2_post-prestimulus,mean,329,val,0.7966101694915254,0.7966101694915254
aggregated_ranked_features_gas-N2_keep-N2_post-prestimulus,mean,329,test,0.7954545454545454,0.7901430842607313
aggregated_ranked_features_gas-N2_keep-N2_post-prestimulus,mean,330,train,1.0,1.0
aggregated_ranked_features_gas-N2_keep-N2_post-prestimulus,mean,330,val,0.7966101694915254,0.7966101694915254
aggregated_ranked_features_gas-N2_keep-N2_post-prestimulus,mean,330,test,0.8409090909090909,0.8388278388278387
aggregated_ranked_features_gas-N2_keep-N2_post-prestimulus,mean,331,train,1.0,1.0
aggregated_ranked_features_gas-N2_keep-N2_post-prestimulus,mean,331,val,0.7627118644067796,0.7626436781609196
aggregated_ranked_features_gas-N2_keep-N2_post-prestimulus,mean,331,test,0.8409090909090909,0.8388278388278387
aggregated_ranked_features_gas-N2_keep-N2_post-prestimulus,mean,332,train,1.0,1.0
aggregated_ranked_features_gas-N2_keep-N2_post-prestimulus,mean,332,val,0.7711864406779662,0.7711700064641241
aggregated_ranked_features_gas-N2_keep-N2_post-prestimulus,mean,332,test,0.7954545454545454,0.7901430842607313
aggregated_ranked_features_gas-N2_keep-N2_post-prestimulus,mean,333,train,1.0,1.0
aggregated_ranked_features_gas-N2_keep-N2_post-prestimulus,mean,333,val,0.7796610169491526,0.7796610169491526
aggregated_ranked_features_gas-N2_keep-N2_post-prestimulus,mean,333,test,0.7954545454545454,0.7901430842607313
aggregated_ranked_features_gas-N2_keep-N2_post-prestimulus,mean,334,train,1.0,1.0
aggregated_ranked_features_gas-N2_keep-N2_post-prestimulus,mean,334,val,0.7796610169491526,0.7794075352315214
aggregated_ranked_features_gas-N2_keep-N2_post-prestimulus,mean,334,test,0.7727272727272727,0.7684210526315789
aggregated_ranked_features_gas-N2_keep-N2_post-prestimulus,mean,335,train,1.0,1.0
aggregated_ranked_features_gas-N2_keep-N2_post-prestimulus,mean,335,val,0.7796610169491526,0.7794075352315214
aggregated_ranked_features_gas-N2_keep-N2_post-prestimulus,mean,335,test,0.7727272727272727,0.7684210526315789
aggregated_ranked_features_gas-N2_keep-N2_post-prestimulus,mean,336,train,1.0,1.0
aggregated_ranked_features_gas-N2_keep-N2_post-prestimulus,mean,336,val,0.7966101694915254,0.7966101694915254
aggregated_ranked_features_gas-N2_keep-N2_post-prestimulus,mean,336,test,0.7954545454545454,0.7901430842607313
aggregated_ranked_features_gas-N2_keep-N2_post-prestimulus,mean,337,train,1.0,1.0
aggregated_ranked_features_gas-N2_keep-N2_post-prestimulus,mean,337,val,0.7627118644067796,0.7626436781609196
aggregated_ranked_features_gas-N2_keep-N2_post-prestimulus,mean,337,test,0.7954545454545454,0.7901430842607313
aggregated_ranked_features_gas-N2_keep-N2_post-prestimulus,mean,338,train,1.0,1.0
aggregated_ranked_features_gas-N2_keep-N2_post-prestimulus,mean,338,val,0.7966101694915254,0.7966101694915254
aggregated_ranked_features_gas-N2_keep-N2_post-prestimulus,mean,338,test,0.8181818181818182,0.8147368421052632
aggregated_ranked_features_gas-N2_keep-N2_post-prestimulus,mean,339,train,1.0,1.0
aggregated_ranked_features_gas-N2_keep-N2_post-prestimulus,mean,339,val,0.7796610169491526,0.7796610169491526
aggregated_ranked_features_gas-N2_keep-N2_post-prestimulus,mean,339,test,0.7954545454545454,0.7901430842607313
aggregated_ranked_features_gas-N2_keep-N2_post-prestimulus,mean,340,train,1.0,1.0
aggregated_ranked_features_gas-N2_keep-N2_post-prestimulus,mean,340,val,0.7627118644067796,0.7624388840954845
aggregated_ranked_features_gas-N2_keep-N2_post-prestimulus,mean,340,test,0.7954545454545454,0.7901430842607313
aggregated_ranked_features_gas-N2_keep-N2_post-prestimulus,mean,341,train,1.0,1.0
aggregated_ranked_features_gas-N2_keep-N2_post-prestimulus,mean,341,val,0.7711864406779662,0.7707748758903519
aggregated_ranked_features_gas-N2_keep-N2_post-prestimulus,mean,341,test,0.7954545454545454,0.7901430842607313
aggregated_ranked_features_gas-N2_keep-N2_post-prestimulus,mean,342,train,1.0,1.0
aggregated_ranked_features_gas-N2_keep-N2_post-prestimulus,mean,342,val,0.7627118644067796,0.7626436781609196
aggregated_ranked_features_gas-N2_keep-N2_post-prestimulus,mean,342,test,0.7727272727272727,0.7649572649572649
aggregated_ranked_features_gas-N2_keep-N2_post-prestimulus,mean,343,train,1.0,1.0
aggregated_ranked_features_gas-N2_keep-N2_post-prestimulus,mean,343,val,0.7627118644067796,0.7626436781609196
aggregated_ranked_features_gas-N2_keep-N2_post-prestimulus,mean,343,test,0.8181818181818182,0.8147368421052632
aggregated_ranked_features_gas-N2_keep-N2_post-prestimulus,mean,344,train,1.0,1.0
aggregated_ranked_features_gas-N2_keep-N2_post-prestimulus,mean,344,val,0.7457627118644068,0.7454702329594478
aggregated_ranked_features_gas-N2_keep-N2_post-prestimulus,mean,344,test,0.8181818181818182,0.8147368421052632
aggregated_ranked_features_gas-N2_keep-N2_post-prestimulus,mean,345,train,1.0,1.0
aggregated_ranked_features_gas-N2_keep-N2_post-prestimulus,mean,345,val,0.7966101694915254,0.7965517241379311
aggregated_ranked_features_gas-N2_keep-N2_post-prestimulus,mean,345,test,0.7954545454545454,0.7901430842607313
aggregated_ranked_features_gas-N2_keep-N2_post-prestimulus,mean,346,train,1.0,1.0
aggregated_ranked_features_gas-N2_keep-N2_post-prestimulus,mean,346,val,0.7796610169491526,0.7795977011494253
aggregated_ranked_features_gas-N2_keep-N2_post-prestimulus,mean,346,test,0.7954545454545454,0.7901430842607313
aggregated_ranked_features_gas-N2_keep-N2_post-prestimulus,mean,347,train,1.0,1.0
aggregated_ranked_features_gas-N2_keep-N2_post-prestimulus,mean,347,val,0.788135593220339,0.7881203763556704
aggregated_ranked_features_gas-N2_keep-N2_post-prestimulus,mean,347,test,0.8181818181818182,0.8147368421052632
aggregated_ranked_features_gas-N2_keep-N2_post-prestimulus,mean,348,train,1.0,1.0
aggregated_ranked_features_gas-N2_keep-N2_post-prestimulus,mean,348,val,0.7796610169491526,0.7796610169491526
aggregated_ranked_features_gas-N2_keep-N2_post-prestimulus,mean,348,test,0.8409090909090909,0.8388278388278387
aggregated_ranked_features_gas-N2_keep-N2_post-prestimulus,mean,349,train,1.0,1.0
aggregated_ranked_features_gas-N2_keep-N2_post-prestimulus,mean,349,val,0.7966101694915254,0.7965517241379311
aggregated_ranked_features_gas-N2_keep-N2_post-prestimulus,mean,349,test,0.8181818181818182,0.8147368421052632
aggregated_ranked_features_gas-N2_keep-N2_post-prestimulus,mean,350,train,1.0,1.0
aggregated_ranked_features_gas-N2_keep-N2_post-prestimulus,mean,350,val,0.7966101694915254,0.7965517241379311
aggregated_ranked_features_gas-N2_keep-N2_post-prestimulus,mean,350,test,0.8181818181818182,0.8147368421052632
aggregated_ranked_features_gas-N2_keep-N2_post-prestimulus,mean,351,train,1.0,1.0
aggregated_ranked_features_gas-N2_keep-N2_post-prestimulus,mean,351,val,0.788135593220339,0.7881203763556704
aggregated_ranked_features_gas-N2_keep-N2_post-prestimulus,mean,351,test,0.7954545454545454,0.7901430842607313
aggregated_ranked_features_gas-N2_keep-N2_post-prestimulus,mean,352,train,1.0,1.0
aggregated_ranked_features_gas-N2_keep-N2_post-prestimulus,mean,352,val,0.788135593220339,0.7881203763556704
aggregated_ranked_features_gas-N2_keep-N2_post-prestimulus,mean,352,test,0.7954545454545454,0.7901430842607313
aggregated_ranked_features_gas-N2_keep-N2_post-prestimulus,mean,353,train,1.0,1.0
aggregated_ranked_features_gas-N2_keep-N2_post-prestimulus,mean,353,val,0.7796610169491526,0.7795977011494253
aggregated_ranked_features_gas-N2_keep-N2_post-prestimulus,mean,353,test,0.8409090909090909,0.8388278388278387
aggregated_ranked_features_gas-N2_keep-N2_post-prestimulus,mean,354,train,1.0,1.0
aggregated_ranked_features_gas-N2_keep-N2_post-prestimulus,mean,354,val,0.7796610169491526,0.7795977011494253
aggregated_ranked_features_gas-N2_keep-N2_post-prestimulus,mean,354,test,0.8409090909090909,0.8388278388278387
aggregated_ranked_features_gas-N2_keep-N2_post-prestimulus,mean,355,train,1.0,1.0
aggregated_ranked_features_gas-N2_keep-N2_post-prestimulus,mean,355,val,0.7796610169491526,0.7796610169491526
aggregated_ranked_features_gas-N2_keep-N2_post-prestimulus,mean,355,test,0.8409090909090909,0.8388278388278387
aggregated_ranked_features_gas-N2_keep-N2_post-prestimulus,mean,356,train,1.0,1.0
aggregated_ranked_features_gas-N2_keep-N2_post-prestimulus,mean,356,val,0.7966101694915254,0.7963761863675582
aggregated_ranked_features_gas-N2_keep-N2_post-prestimulus,mean,356,test,0.7954545454545454,0.7901430842607313
aggregated_ranked_features_gas-N2_keep-N2_post-prestimulus,mean,357,train,1.0,1.0
aggregated_ranked_features_gas-N2_keep-N2_post-prestimulus,mean,357,val,0.7627118644067796,0.7626436781609196
aggregated_ranked_features_gas-N2_keep-N2_post-prestimulus,mean,357,test,0.8181818181818182,0.8147368421052632
aggregated_ranked_features_gas-N2_keep-N2_post-prestimulus,mean,358,train,1.0,1.0
aggregated_ranked_features_gas-N2_keep-N2_post-prestimulus,mean,358,val,0.7627118644067796,0.7626436781609196
aggregated_ranked_features_gas-N2_keep-N2_post-prestimulus,mean,358,test,0.8181818181818182,0.8147368421052632
aggregated_ranked_features_gas-N2_keep-N2_post-prestimulus,mean,359,train,1.0,1.0
aggregated_ranked_features_gas-N2_keep-N2_post-prestimulus,mean,359,val,0.7627118644067796,0.7626436781609196
aggregated_ranked_features_gas-N2_keep-N2_post-prestimulus,mean,359,test,0.8181818181818182,0.8147368421052632
aggregated_ranked_features_gas-N2_keep-N2_post-prestimulus,mean,360,train,1.0,1.0
aggregated_ranked_features_gas-N2_keep-N2_post-prestimulus,mean,360,val,0.7966101694915254,0.7965517241379311
aggregated_ranked_features_gas-N2_keep-N2_post-prestimulus,mean,360,test,0.7954545454545454,0.7901430842607313
aggregated_ranked_features_gas-N2_keep-N2_post-prestimulus,mean,361,train,1.0,1.0
aggregated_ranked_features_gas-N2_keep-N2_post-prestimulus,mean,361,val,0.7966101694915254,0.7965517241379311
aggregated_ranked_features_gas-N2_keep-N2_post-prestimulus,mean,361,test,0.7954545454545454,0.7901430842607313
aggregated_ranked_features_gas-N2_keep-N2_post-prestimulus,mean,362,train,1.0,1.0
aggregated_ranked_features_gas-N2_keep-N2_post-prestimulus,mean,362,val,0.7796610169491526,0.7795977011494253
aggregated_ranked_features_gas-N2_keep-N2_post-prestimulus,mean,362,test,0.8181818181818182,0.8166666666666667
aggregated_ranked_features_gas-N2_keep-N2_post-prestimulus,mean,363,train,1.0,1.0
aggregated_ranked_features_gas-N2_keep-N2_post-prestimulus,mean,363,val,0.7966101694915254,0.7965517241379311
aggregated_ranked_features_gas-N2_keep-N2_post-prestimulus,mean,363,test,0.7727272727272727,0.7684210526315789
aggregated_ranked_features_gas-N2_keep-N2_post-prestimulus,mean,364,train,1.0,1.0
aggregated_ranked_features_gas-N2_keep-N2_post-prestimulus,mean,364,val,0.788135593220339,0.7881203763556704
aggregated_ranked_features_gas-N2_keep-N2_post-prestimulus,mean,364,test,0.8181818181818182,0.8147368421052632
aggregated_ranked_features_gas-N2_keep-N2_post-prestimulus,mean,365,train,1.0,1.0
aggregated_ranked_features_gas-N2_keep-N2_post-prestimulus,mean,365,val,0.7796610169491526,0.7796610169491526
aggregated_ranked_features_gas-N2_keep-N2_post-prestimulus,mean,365,test,0.8181818181818182,0.8147368421052632
aggregated_ranked_features_gas-N2_keep-N2_post-prestimulus,mean,366,train,1.0,1.0
aggregated_ranked_features_gas-N2_keep-N2_post-prestimulus,mean,366,val,0.788135593220339,0.7881203763556704
aggregated_ranked_features_gas-N2_keep-N2_post-prestimulus,mean,366,test,0.7954545454545454,0.7901430842607313
aggregated_ranked_features_gas-N2_keep-N2_post-prestimulus,mean,367,train,1.0,1.0
aggregated_ranked_features_gas-N2_keep-N2_post-prestimulus,mean,367,val,0.788135593220339,0.7877545147132887
aggregated_ranked_features_gas-N2_keep-N2_post-prestimulus,mean,367,test,0.8181818181818182,0.8147368421052632
aggregated_ranked_features_gas-N2_keep-N2_post-prestimulus,mean,368,train,1.0,1.0
aggregated_ranked_features_gas-N2_keep-N2_post-prestimulus,mean,368,val,0.7796610169491526,0.7795977011494253
aggregated_ranked_features_gas-N2_keep-N2_post-prestimulus,mean,368,test,0.7954545454545454,0.792778649921507
aggregated_ranked_features_gas-N2_keep-N2_post-prestimulus,mean,369,train,1.0,1.0
aggregated_ranked_features_gas-N2_keep-N2_post-prestimulus,mean,369,val,0.7796610169491526,0.7795977011494253
aggregated_ranked_features_gas-N2_keep-N2_post-prestimulus,mean,369,test,0.7954545454545454,0.792778649921507
aggregated_ranked_features_gas-N2_keep-N2_post-prestimulus,mean,370,train,1.0,1.0
aggregated_ranked_features_gas-N2_keep-N2_post-prestimulus,mean,370,val,0.7711864406779662,0.7710384477182897
aggregated_ranked_features_gas-N2_keep-N2_post-prestimulus,mean,370,test,0.7954545454545454,0.7901430842607313
aggregated_ranked_features_gas-N2_keep-N2_post-prestimulus,mean,371,train,1.0,1.0
aggregated_ranked_features_gas-N2_keep-N2_post-prestimulus,mean,371,val,0.7796610169491526,0.7795977011494253
aggregated_ranked_features_gas-N2_keep-N2_post-prestimulus,mean,371,test,0.7954545454545454,0.7901430842607313
aggregated_ranked_features_gas-N2_keep-N2_post-prestimulus,mean,372,train,1.0,1.0
aggregated_ranked_features_gas-N2_keep-N2_post-prestimulus,mean,372,val,0.788135593220339,0.7881203763556704
aggregated_ranked_features_gas-N2_keep-N2_post-prestimulus,mean,372,test,0.7954545454545454,0.7901430842607313
aggregated_ranked_features_gas-N2_keep-N2_post-prestimulus,mean,373,train,1.0,1.0
aggregated_ranked_features_gas-N2_keep-N2_post-prestimulus,mean,373,val,0.788135593220339,0.7881203763556704
aggregated_ranked_features_gas-N2_keep-N2_post-prestimulus,mean,373,test,0.8181818181818182,0.8147368421052632
aggregated_ranked_features_gas-N2_keep-N2_post-prestimulus,mean,374,train,1.0,1.0
aggregated_ranked_features_gas-N2_keep-N2_post-prestimulus,mean,374,val,0.788135593220339,0.7881203763556704
aggregated_ranked_features_gas-N2_keep-N2_post-prestimulus,mean,374,test,0.8181818181818182,0.8147368421052632
aggregated_ranked_features_gas-N2_keep-N2_post-prestimulus,mean,375,train,1.0,1.0
aggregated_ranked_features_gas-N2_keep-N2_post-prestimulus,mean,375,val,0.8050847457627118,0.8050707462472169
aggregated_ranked_features_gas-N2_keep-N2_post-prestimulus,mean,375,test,0.7954545454545454,0.7901430842607313
aggregated_ranked_features_gas-N2_keep-N2_post-prestimulus,mean,376,train,1.0,1.0
aggregated_ranked_features_gas-N2_keep-N2_post-prestimulus,mean,376,val,0.8135593220338984,0.8135593220338984
aggregated_ranked_features_gas-N2_keep-N2_post-prestimulus,mean,376,test,0.8409090909090909,0.8388278388278387
aggregated_ranked_features_gas-N2_keep-N2_post-prestimulus,mean,377,train,1.0,1.0
aggregated_ranked_features_gas-N2_keep-N2_post-prestimulus,mean,377,val,0.7627118644067796,0.7627118644067796
aggregated_ranked_features_gas-N2_keep-N2_post-prestimulus,mean,377,test,0.8181818181818182,0.8147368421052632
aggregated_ranked_features_gas-N2_keep-N2_post-prestimulus,mean,378,train,1.0,1.0
aggregated_ranked_features_gas-N2_keep-N2_post-prestimulus,mean,378,val,0.788135593220339,0.7881203763556704
aggregated_ranked_features_gas-N2_keep-N2_post-prestimulus,mean,378,test,0.7727272727272727,0.7649572649572649
aggregated_ranked_features_gas-N2_keep-N2_post-prestimulus,mean,379,train,1.0,1.0
aggregated_ranked_features_gas-N2_keep-N2_post-prestimulus,mean,379,val,0.7796610169491526,0.7796610169491526
aggregated_ranked_features_gas-N2_keep-N2_post-prestimulus,mean,379,test,0.7727272727272727,0.7684210526315789
aggregated_ranked_features_gas-N2_keep-N2_post-prestimulus,mean,380,train,1.0,1.0
aggregated_ranked_features_gas-N2_keep-N2_post-prestimulus,mean,380,val,0.7966101694915254,0.7960829493087558
aggregated_ranked_features_gas-N2_keep-N2_post-prestimulus,mean,380,test,0.7954545454545454,0.7901430842607313
aggregated_ranked_features_gas-N2_keep-N2_post-prestimulus,mean,381,train,1.0,1.0
aggregated_ranked_features_gas-N2_keep-N2_post-prestimulus,mean,381,val,0.788135593220339,0.7881203763556704
aggregated_ranked_features_gas-N2_keep-N2_post-prestimulus,mean,381,test,0.8181818181818182,0.8147368421052632
aggregated_ranked_features_gas-N2_keep-N2_post-prestimulus,mean,382,train,1.0,1.0
aggregated_ranked_features_gas-N2_keep-N2_post-prestimulus,mean,382,val,0.8220338983050848,0.8219187926697809
aggregated_ranked_features_gas-N2_keep-N2_post-prestimulus,mean,382,test,0.7727272727272727,0.7684210526315789
aggregated_ranked_features_gas-N2_keep-N2_post-prestimulus,mean,383,train,1.0,1.0
aggregated_ranked_features_gas-N2_keep-N2_post-prestimulus,mean,383,val,0.788135593220339,0.7881203763556704
aggregated_ranked_features_gas-N2_keep-N2_post-prestimulus,mean,383,test,0.8409090909090909,0.8388278388278387
aggregated_ranked_features_gas-N2_keep-N2_post-prestimulus,mean,384,train,1.0,1.0
aggregated_ranked_features_gas-N2_keep-N2_post-prestimulus,mean,384,val,0.7627118644067796,0.7624388840954845
aggregated_ranked_features_gas-N2_keep-N2_post-prestimulus,mean,384,test,0.8181818181818182,0.8147368421052632
aggregated_ranked_features_gas-N2_keep-N2_post-prestimulus,mean,385,train,1.0,1.0
aggregated_ranked_features_gas-N2_keep-N2_post-prestimulus,mean,385,val,0.7711864406779662,0.7710384477182897
aggregated_ranked_features_gas-N2_keep-N2_post-prestimulus,mean,385,test,0.7954545454545454,0.7901430842607313
aggregated_ranked_features_gas-N2_keep-N2_post-prestimulus,mean,386,train,1.0,1.0
aggregated_ranked_features_gas-N2_keep-N2_post-prestimulus,mean,386,val,0.7711864406779662,0.7710384477182897
aggregated_ranked_features_gas-N2_keep-N2_post-prestimulus,mean,386,test,0.7954545454545454,0.7901430842607313
aggregated_ranked_features_gas-N2_keep-N2_post-prestimulus,mean,387,train,1.0,1.0
aggregated_ranked_features_gas-N2_keep-N2_post-prestimulus,mean,387,val,0.7796610169491526,0.7796610169491526
aggregated_ranked_features_gas-N2_keep-N2_post-prestimulus,mean,387,test,0.8181818181818182,0.8147368421052632
aggregated_ranked_features_gas-N2_keep-N2_post-prestimulus,mean,388,train,1.0,1.0
aggregated_ranked_features_gas-N2_keep-N2_post-prestimulus,mean,388,val,0.7711864406779662,0.7711700064641241
aggregated_ranked_features_gas-N2_keep-N2_post-prestimulus,mean,388,test,0.7727272727272727,0.7649572649572649
aggregated_ranked_features_gas-N2_keep-N2_post-prestimulus,mean,389,train,1.0,1.0
aggregated_ranked_features_gas-N2_keep-N2_post-prestimulus,mean,389,val,0.7711864406779662,0.7711700064641241
aggregated_ranked_features_gas-N2_keep-N2_post-prestimulus,mean,389,test,0.7727272727272727,0.7649572649572649
aggregated_ranked_features_gas-N2_keep-N2_post-prestimulus,mean,390,train,1.0,1.0
aggregated_ranked_features_gas-N2_keep-N2_post-prestimulus,mean,390,val,0.788135593220339,0.7881203763556704
aggregated_ranked_features_gas-N2_keep-N2_post-prestimulus,mean,390,test,0.8181818181818182,0.8147368421052632
aggregated_ranked_features_gas-N2_keep-N2_post-prestimulus,mean,391,train,1.0,1.0
aggregated_ranked_features_gas-N2_keep-N2_post-prestimulus,mean,391,val,0.7796610169491526,0.7796610169491526
aggregated_ranked_features_gas-N2_keep-N2_post-prestimulus,mean,391,test,0.8409090909090909,0.8388278388278387
aggregated_ranked_features_gas-N2_keep-N2_post-prestimulus,mean,392,train,1.0,1.0
aggregated_ranked_features_gas-N2_keep-N2_post-prestimulus,mean,392,val,0.7796610169491526,0.7796610169491526
aggregated_ranked_features_gas-N2_keep-N2_post-prestimulus,mean,392,test,0.8409090909090909,0.8388278388278387
aggregated_ranked_features_gas-N2_keep-N2_post-prestimulus,mean,393,train,1.0,1.0
aggregated_ranked_features_gas-N2_keep-N2_post-prestimulus,mean,393,val,0.8135593220338984,0.8135057471264368
aggregated_ranked_features_gas-N2_keep-N2_post-prestimulus,mean,393,test,0.7954545454545454,0.7901430842607313
aggregated_ranked_features_gas-N2_keep-N2_post-prestimulus,mean,394,train,1.0,1.0
aggregated_ranked_features_gas-N2_keep-N2_post-prestimulus,mean,394,val,0.788135593220339,0.7881203763556704
aggregated_ranked_features_gas-N2_keep-N2_post-prestimulus,mean,394,test,0.7954545454545454,0.7901430842607313
aggregated_ranked_features_gas-N2_keep-N2_post-prestimulus,mean,395,train,1.0,1.0
aggregated_ranked_features_gas-N2_keep-N2_post-prestimulus,mean,395,val,0.7711864406779662,0.7711700064641241
aggregated_ranked_features_gas-N2_keep-N2_post-prestimulus,mean,395,test,0.7954545454545454,0.7901430842607313
aggregated_ranked_features_gas-N2_keep-N2_post-prestimulus,mean,396,train,1.0,1.0
aggregated_ranked_features_gas-N2_keep-N2_post-prestimulus,mean,396,val,0.7711864406779662,0.7711700064641241
aggregated_ranked_features_gas-N2_keep-N2_post-prestimulus,mean,396,test,0.7954545454545454,0.7901430842607313
aggregated_ranked_features_gas-N2_keep-N2_post-prestimulus,mean,397,train,1.0,1.0
aggregated_ranked_features_gas-N2_keep-N2_post-prestimulus,mean,397,val,0.7796610169491526,0.7795977011494253
aggregated_ranked_features_gas-N2_keep-N2_post-prestimulus,mean,397,test,0.8409090909090909,0.8388278388278387
aggregated_ranked_features_gas-N2_keep-N2_post-prestimulus,mean,398,train,1.0,1.0
aggregated_ranked_features_gas-N2_keep-N2_post-prestimulus,mean,398,val,0.7796610169491526,0.7795977011494253
aggregated_ranked_features_gas-N2_keep-N2_post-prestimulus,mean,398,test,0.7727272727272727,0.7649572649572649
aggregated_ranked_features_gas-N2_keep-N2_post-prestimulus,mean,399,train,1.0,1.0
aggregated_ranked_features_gas-N2_keep-N2_post-prestimulus,mean,399,val,0.7796610169491526,0.7795977011494253
aggregated_ranked_features_gas-N2_keep-N2_post-prestimulus,mean,399,test,0.7727272727272727,0.7649572649572649
aggregated_ranked_features_gas-N2_keep-N2_post-prestimulus,mean,400,train,1.0,1.0
aggregated_ranked_features_gas-N2_keep-N2_post-prestimulus,mean,400,val,0.7966101694915254,0.7965517241379311
aggregated_ranked_features_gas-N2_keep-N2_post-prestimulus,mean,400,test,0.8181818181818182,0.8147368421052632
aggregated_ranked_features_gas-N2_keep-N2_post-prestimulus,mean,401,train,1.0,1.0
aggregated_ranked_features_gas-N2_keep-N2_post-prestimulus,mean,401,val,0.7796610169491526,0.7794075352315214
aggregated_ranked_features_gas-N2_keep-N2_post-prestimulus,mean,401,test,0.8409090909090909,0.8388278388278387
aggregated_ranked_features_gas-N2_keep-N2_post-prestimulus,mean,402,train,1.0,1.0
aggregated_ranked_features_gas-N2_keep-N2_post-prestimulus,mean,402,val,0.7796610169491526,0.7796610169491526
aggregated_ranked_features_gas-N2_keep-N2_post-prestimulus,mean,402,test,0.7727272727272727,0.7649572649572649
aggregated_ranked_features_gas-N2_keep-N2_post-prestimulus,mean,403,train,1.0,1.0
aggregated_ranked_features_gas-N2_keep-N2_post-prestimulus,mean,403,val,0.7796610169491526,0.7795977011494253
aggregated_ranked_features_gas-N2_keep-N2_post-prestimulus,mean,403,test,0.8181818181818182,0.8147368421052632
aggregated_ranked_features_gas-N2_keep-N2_post-prestimulus,mean,404,train,1.0,1.0
aggregated_ranked_features_gas-N2_keep-N2_post-prestimulus,mean,404,val,0.7711864406779662,0.7711700064641241
aggregated_ranked_features_gas-N2_keep-N2_post-prestimulus,mean,404,test,0.8181818181818182,0.8147368421052632
aggregated_ranked_features_gas-N2_keep-N2_post-prestimulus,mean,405,train,1.0,1.0
aggregated_ranked_features_gas-N2_keep-N2_post-prestimulus,mean,405,val,0.7796610169491526,0.7796610169491526
aggregated_ranked_features_gas-N2_keep-N2_post-prestimulus,mean,405,test,0.8181818181818182,0.8147368421052632
aggregated_ranked_features_gas-N2_keep-N2_post-prestimulus,mean,406,train,1.0,1.0
aggregated_ranked_features_gas-N2_keep-N2_post-prestimulus,mean,406,val,0.788135593220339,0.78799856270212
aggregated_ranked_features_gas-N2_keep-N2_post-prestimulus,mean,406,test,0.8409090909090909,0.8388278388278387
aggregated_ranked_features_gas-N2_keep-N2_post-prestimulus,mean,407,train,1.0,1.0
aggregated_ranked_features_gas-N2_keep-N2_post-prestimulus,mean,407,val,0.7966101694915254,0.7966101694915254
aggregated_ranked_features_gas-N2_keep-N2_post-prestimulus,mean,407,test,0.8636363636363636,0.8625
aggregated_ranked_features_gas-N2_keep-N2_post-prestimulus,mean,408,train,1.0,1.0
aggregated_ranked_features_gas-N2_keep-N2_post-prestimulus,mean,408,val,0.788135593220339,0.7881203763556704
aggregated_ranked_features_gas-N2_keep-N2_post-prestimulus,mean,408,test,0.8409090909090909,0.8388278388278387
aggregated_ranked_features_gas-N2_keep-N2_post-prestimulus,mean,409,train,1.0,1.0
aggregated_ranked_features_gas-N2_keep-N2_post-prestimulus,mean,409,val,0.7711864406779662,0.7711700064641241
aggregated_ranked_features_gas-N2_keep-N2_post-prestimulus,mean,409,test,0.8409090909090909,0.8388278388278387
aggregated_ranked_features_gas-N2_keep-N2_post-prestimulus,mean,410,train,1.0,1.0
aggregated_ranked_features_gas-N2_keep-N2_post-prestimulus,mean,410,val,0.7711864406779662,0.7711700064641241
aggregated_ranked_features_gas-N2_keep-N2_post-prestimulus,mean,410,test,0.7954545454545454,0.7901430842607313
aggregated_ranked_features_gas-N2_keep-N2_post-prestimulus,mean,411,train,1.0,1.0
aggregated_ranked_features_gas-N2_keep-N2_post-prestimulus,mean,411,val,0.788135593220339,0.7881203763556704
aggregated_ranked_features_gas-N2_keep-N2_post-prestimulus,mean,411,test,0.8181818181818182,0.8147368421052632
aggregated_ranked_features_gas-N2_keep-N2_post-prestimulus,mean,412,train,1.0,1.0
aggregated_ranked_features_gas-N2_keep-N2_post-prestimulus,mean,412,val,0.788135593220339,0.7881203763556704
aggregated_ranked_features_gas-N2_keep-N2_post-prestimulus,mean,412,test,0.8181818181818182,0.8147368421052632
aggregated_ranked_features_gas-N2_keep-N2_post-prestimulus,mean,413,train,1.0,1.0
aggregated_ranked_features_gas-N2_keep-N2_post-prestimulus,mean,413,val,0.788135593220339,0.7881203763556704
aggregated_ranked_features_gas-N2_keep-N2_post-prestimulus,mean,413,test,0.8181818181818182,0.8147368421052632
aggregated_ranked_features_gas-N2_keep-N2_post-prestimulus,mean,414,train,1.0,1.0
aggregated_ranked_features_gas-N2_keep-N2_post-prestimulus,mean,414,val,0.7711864406779662,0.7710384477182897
aggregated_ranked_features_gas-N2_keep-N2_post-prestimulus,mean,414,test,0.7954545454545454,0.7901430842607313
aggregated_ranked_features_gas-N2_keep-N2_post-prestimulus,mean,415,train,1.0,1.0
aggregated_ranked_features_gas-N2_keep-N2_post-prestimulus,mean,415,val,0.7966101694915254,0.7966101694915254
aggregated_ranked_features_gas-N2_keep-N2_post-prestimulus,mean,415,test,0.8181818181818182,0.8147368421052632
aggregated_ranked_features_gas-N2_keep-N2_post-prestimulus,mean,416,train,1.0,1.0
aggregated_ranked_features_gas-N2_keep-N2_post-prestimulus,mean,416,val,0.7966101694915254,0.7966101694915254
aggregated_ranked_features_gas-N2_keep-N2_post-prestimulus,mean,416,test,0.8181818181818182,0.8147368421052632
aggregated_ranked_features_gas-N2_keep-N2_post-prestimulus,mean,417,train,1.0,1.0
aggregated_ranked_features_gas-N2_keep-N2_post-prestimulus,mean,417,val,0.788135593220339,0.7881203763556704
aggregated_ranked_features_gas-N2_keep-N2_post-prestimulus,mean,417,test,0.7954545454545454,0.7901430842607313
aggregated_ranked_features_gas-N2_keep-N2_post-prestimulus,mean,418,train,1.0,1.0
aggregated_ranked_features_gas-N2_keep-N2_post-prestimulus,mean,418,val,0.788135593220339,0.78799856270212
aggregated_ranked_features_gas-N2_keep-N2_post-prestimulus,mean,418,test,0.7954545454545454,0.7901430842607313
aggregated_ranked_features_gas-N2_keep-N2_post-prestimulus,mean,419,train,1.0,1.0
aggregated_ranked_features_gas-N2_keep-N2_post-prestimulus,mean,419,val,0.7966101694915254,0.7965517241379311
aggregated_ranked_features_gas-N2_keep-N2_post-prestimulus,mean,419,test,0.8181818181818182,0.8147368421052632
aggregated_ranked_features_gas-N2_keep-N2_post-prestimulus,mean,420,train,1.0,1.0
aggregated_ranked_features_gas-N2_keep-N2_post-prestimulus,mean,420,val,0.7796610169491526,0.7795977011494253
aggregated_ranked_features_gas-N2_keep-N2_post-prestimulus,mean,420,test,0.8181818181818182,0.8147368421052632
aggregated_ranked_features_gas-N2_keep-N2_post-prestimulus,mean,421,train,1.0,1.0
aggregated_ranked_features_gas-N2_keep-N2_post-prestimulus,mean,421,val,0.7796610169491526,0.7795977011494253
aggregated_ranked_features_gas-N2_keep-N2_post-prestimulus,mean,421,test,0.7727272727272727,0.7649572649572649
aggregated_ranked_features_gas-N2_keep-N2_post-prestimulus,mean,422,train,1.0,1.0
aggregated_ranked_features_gas-N2_keep-N2_post-prestimulus,mean,422,val,0.788135593220339,0.7881203763556704
aggregated_ranked_features_gas-N2_keep-N2_post-prestimulus,mean,422,test,0.8409090909090909,0.8388278388278387
aggregated_ranked_features_gas-N2_keep-N2_post-prestimulus,mean,423,train,1.0,1.0
aggregated_ranked_features_gas-N2_keep-N2_post-prestimulus,mean,423,val,0.7966101694915254,0.7965517241379311
aggregated_ranked_features_gas-N2_keep-N2_post-prestimulus,mean,423,test,0.7954545454545454,0.7901430842607313
aggregated_ranked_features_gas-N2_keep-N2_post-prestimulus,mean,424,train,1.0,1.0
aggregated_ranked_features_gas-N2_keep-N2_post-prestimulus,mean,424,val,0.7711864406779662,0.7711700064641241
aggregated_ranked_features_gas-N2_keep-N2_post-prestimulus,mean,424,test,0.8181818181818182,0.8147368421052632
aggregated_ranked_features_gas-N2_keep-N2_post-prestimulus,mean,425,train,1.0,1.0
aggregated_ranked_features_gas-N2_keep-N2_post-prestimulus,mean,425,val,0.788135593220339,0.7881203763556704
aggregated_ranked_features_gas-N2_keep-N2_post-prestimulus,mean,425,test,0.7954545454545454,0.7901430842607313
aggregated_ranked_features_gas-N2_keep-N2_post-prestimulus,mean,426,train,1.0,1.0
aggregated_ranked_features_gas-N2_keep-N2_post-prestimulus,mean,426,val,0.7966101694915254,0.7966101694915254
aggregated_ranked_features_gas-N2_keep-N2_post-prestimulus,mean,426,test,0.7954545454545454,0.7901430842607313
aggregated_ranked_features_gas-N2_keep-N2_post-prestimulus,mean,427,train,1.0,1.0
aggregated_ranked_features_gas-N2_keep-N2_post-prestimulus,mean,427,val,0.7711864406779662,0.7711700064641241
aggregated_ranked_features_gas-N2_keep-N2_post-prestimulus,mean,427,test,0.8181818181818182,0.8147368421052632
aggregated_ranked_features_gas-N2_keep-N2_post-prestimulus,mean,428,train,1.0,1.0
aggregated_ranked_features_gas-N2_keep-N2_post-prestimulus,mean,428,val,0.7796610169491526,0.7795977011494253
aggregated_ranked_features_gas-N2_keep-N2_post-prestimulus,mean,428,test,0.8181818181818182,0.8147368421052632
aggregated_ranked_features_gas-N2_keep-N2_post-prestimulus,mean,429,train,1.0,1.0
aggregated_ranked_features_gas-N2_keep-N2_post-prestimulus,mean,429,val,0.7796610169491526,0.7795977011494253
aggregated_ranked_features_gas-N2_keep-N2_post-prestimulus,mean,429,test,0.8409090909090909,0.8388278388278387
aggregated_ranked_features_gas-N2_keep-N2_post-prestimulus,mean,430,train,1.0,1.0
aggregated_ranked_features_gas-N2_keep-N2_post-prestimulus,mean,430,val,0.7711864406779662,0.7711700064641241
aggregated_ranked_features_gas-N2_keep-N2_post-prestimulus,mean,430,test,0.7954545454545454,0.7901430842607313
aggregated_ranked_features_gas-N2_keep-N2_post-prestimulus,mean,431,train,1.0,1.0
aggregated_ranked_features_gas-N2_keep-N2_post-prestimulus,mean,431,val,0.788135593220339,0.7881203763556704
aggregated_ranked_features_gas-N2_keep-N2_post-prestimulus,mean,431,test,0.8181818181818182,0.8147368421052632
aggregated_ranked_features_gas-N2_keep-N2_post-prestimulus,mean,432,train,1.0,1.0
aggregated_ranked_features_gas-N2_keep-N2_post-prestimulus,mean,432,val,0.8050847457627118,0.8049586776859504
aggregated_ranked_features_gas-N2_keep-N2_post-prestimulus,mean,432,test,0.8181818181818182,0.8147368421052632
aggregated_ranked_features_gas-N2_keep-N2_post-prestimulus,mean,433,train,1.0,1.0
aggregated_ranked_features_gas-N2_keep-N2_post-prestimulus,mean,433,val,0.8050847457627118,0.8049586776859504
aggregated_ranked_features_gas-N2_keep-N2_post-prestimulus,mean,433,test,0.8181818181818182,0.8147368421052632
aggregated_ranked_features_gas-N2_keep-N2_post-prestimulus,mean,434,train,1.0,1.0
aggregated_ranked_features_gas-N2_keep-N2_post-prestimulus,mean,434,val,0.8135593220338984,0.8135593220338984
aggregated_ranked_features_gas-N2_keep-N2_post-prestimulus,mean,434,test,0.8181818181818182,0.8147368421052632
aggregated_ranked_features_gas-N2_keep-N2_post-prestimulus,mean,435,train,1.0,1.0
aggregated_ranked_features_gas-N2_keep-N2_post-prestimulus,mean,435,val,0.788135593220339,0.7881203763556704
aggregated_ranked_features_gas-N2_keep-N2_post-prestimulus,mean,435,test,0.7954545454545454,0.7901430842607313
aggregated_ranked_features_gas-N2_keep-N2_post-prestimulus,mean,436,train,1.0,1.0
aggregated_ranked_features_gas-N2_keep-N2_post-prestimulus,mean,436,val,0.7796610169491526,0.7794075352315214
aggregated_ranked_features_gas-N2_keep-N2_post-prestimulus,mean,436,test,0.8409090909090909,0.8388278388278387
aggregated_ranked_features_gas-N2_keep-N2_post-prestimulus,mean,437,train,1.0,1.0
aggregated_ranked_features_gas-N2_keep-N2_post-prestimulus,mean,437,val,0.788135593220339,0.78799856270212
aggregated_ranked_features_gas-N2_keep-N2_post-prestimulus,mean,437,test,0.8409090909090909,0.8388278388278387
aggregated_ranked_features_gas-N2_keep-N2_post-prestimulus,mean,438,train,1.0,1.0
aggregated_ranked_features_gas-N2_keep-N2_post-prestimulus,mean,438,val,0.7796610169491526,0.7795977011494253
aggregated_ranked_features_gas-N2_keep-N2_post-prestimulus,mean,438,test,0.8181818181818182,0.8147368421052632
aggregated_ranked_features_gas-N2_keep-N2_post-prestimulus,mean,439,train,1.0,1.0
aggregated_ranked_features_gas-N2_keep-N2_post-prestimulus,mean,439,val,0.788135593220339,0.7881203763556704
aggregated_ranked_features_gas-N2_keep-N2_post-prestimulus,mean,439,test,0.8409090909090909,0.8388278388278387
aggregated_ranked_features_gas-N2_keep-N2_post-prestimulus,mean,440,train,1.0,1.0
aggregated_ranked_features_gas-N2_keep-N2_post-prestimulus,mean,440,val,0.788135593220339,0.7881203763556704
aggregated_ranked_features_gas-N2_keep-N2_post-prestimulus,mean,440,test,0.8409090909090909,0.8388278388278387
aggregated_ranked_features_gas-N2_keep-N2_post-prestimulus,mean,441,train,1.0,1.0
aggregated_ranked_features_gas-N2_keep-N2_post-prestimulus,mean,441,val,0.7796610169491526,0.7796610169491526
aggregated_ranked_features_gas-N2_keep-N2_post-prestimulus,mean,441,test,0.7954545454545454,0.7901430842607313
aggregated_ranked_features_gas-N2_keep-N2_post-prestimulus,mean,442,train,1.0,1.0
aggregated_ranked_features_gas-N2_keep-N2_post-prestimulus,mean,442,val,0.7796610169491526,0.7796610169491526
aggregated_ranked_features_gas-N2_keep-N2_post-prestimulus,mean,442,test,0.7954545454545454,0.7901430842607313
aggregated_ranked_features_gas-N2_keep-N2_post-prestimulus,mean,443,train,1.0,1.0
aggregated_ranked_features_gas-N2_keep-N2_post-prestimulus,mean,443,val,0.7711864406779662,0.7710384477182897
aggregated_ranked_features_gas-N2_keep-N2_post-prestimulus,mean,443,test,0.8181818181818182,0.8147368421052632
aggregated_ranked_features_gas-N2_keep-N2_post-prestimulus,mean,444,train,1.0,1.0
aggregated_ranked_features_gas-N2_keep-N2_post-prestimulus,mean,444,val,0.7627118644067796,0.7627118644067796
aggregated_ranked_features_gas-N2_keep-N2_post-prestimulus,mean,444,test,0.8181818181818182,0.8147368421052632
aggregated_ranked_features_gas-N2_keep-N2_post-prestimulus,mean,445,train,1.0,1.0
aggregated_ranked_features_gas-N2_keep-N2_post-prestimulus,mean,445,val,0.7796610169491526,0.7795977011494253
aggregated_ranked_features_gas-N2_keep-N2_post-prestimulus,mean,445,test,0.7954545454545454,0.7901430842607313
aggregated_ranked_features_gas-N2_keep-N2_post-prestimulus,mean,446,train,1.0,1.0
aggregated_ranked_features_gas-N2_keep-N2_post-prestimulus,mean,446,val,0.7796610169491526,0.7796610169491526
aggregated_ranked_features_gas-N2_keep-N2_post-prestimulus,mean,446,test,0.8409090909090909,0.8388278388278387
aggregated_ranked_features_gas-N2_keep-N2_post-prestimulus,mean,447,train,1.0,1.0
aggregated_ranked_features_gas-N2_keep-N2_post-prestimulus,mean,447,val,0.7711864406779662,0.7711700064641241
aggregated_ranked_features_gas-N2_keep-N2_post-prestimulus,mean,447,test,0.8409090909090909,0.8388278388278387
aggregated_ranked_features_gas-N2_keep-N2_post-prestimulus,mean,448,train,1.0,1.0
aggregated_ranked_features_gas-N2_keep-N2_post-prestimulus,mean,448,val,0.7796610169491526,0.7794075352315214
aggregated_ranked_features_gas-N2_keep-N2_post-prestimulus,mean,448,test,0.8409090909090909,0.8388278388278387
aggregated_ranked_features_gas-N2_keep-N2_post-prestimulus,mean,449,train,1.0,1.0
aggregated_ranked_features_gas-N2_keep-N2_post-prestimulus,mean,449,val,0.788135593220339,0.7881203763556704
aggregated_ranked_features_gas-N2_keep-N2_post-prestimulus,mean,449,test,0.7954545454545454,0.7901430842607313
aggregated_ranked_features_gas-N2_keep-N2_post-prestimulus,mean,450,train,1.0,1.0
aggregated_ranked_features_gas-N2_keep-N2_post-prestimulus,mean,450,val,0.7796610169491526,0.7795977011494253
aggregated_ranked_features_gas-N2_keep-N2_post-prestimulus,mean,450,test,0.8181818181818182,0.8147368421052632
aggregated_ranked_features_gas-N2_keep-N2_post-prestimulus,mean,451,train,1.0,1.0
aggregated_ranked_features_gas-N2_keep-N2_post-prestimulus,mean,451,val,0.7711864406779662,0.7711700064641241
aggregated_ranked_features_gas-N2_keep-N2_post-prestimulus,mean,451,test,0.7954545454545454,0.7901430842607313
aggregated_ranked_features_gas-N2_keep-N2_post-prestimulus,mean,452,train,1.0,1.0
aggregated_ranked_features_gas-N2_keep-N2_post-prestimulus,mean,452,val,0.7966101694915254,0.7966101694915254
aggregated_ranked_features_gas-N2_keep-N2_post-prestimulus,mean,452,test,0.8409090909090909,0.8388278388278387
aggregated_ranked_features_gas-N2_keep-N2_post-prestimulus,mean,453,train,1.0,1.0
aggregated_ranked_features_gas-N2_keep-N2_post-prestimulus,mean,453,val,0.7966101694915254,0.7966101694915254
aggregated_ranked_features_gas-N2_keep-N2_post-prestimulus,mean,453,test,0.7954545454545454,0.7901430842607313
aggregated_ranked_features_gas-N2_keep-N2_post-prestimulus,mean,454,train,1.0,1.0
aggregated_ranked_features_gas-N2_keep-N2_post-prestimulus,mean,454,val,0.8050847457627118,0.8050707462472169
aggregated_ranked_features_gas-N2_keep-N2_post-prestimulus,mean,454,test,0.8181818181818182,0.8147368421052632
aggregated_ranked_features_gas-N2_keep-N2_post-prestimulus,mean,455,train,1.0,1.0
aggregated_ranked_features_gas-N2_keep-N2_post-prestimulus,mean,455,val,0.8050847457627118,0.8050707462472169
aggregated_ranked_features_gas-N2_keep-N2_post-prestimulus,mean,455,test,0.8181818181818182,0.8147368421052632
aggregated_ranked_features_gas-N2_keep-N2_post-prestimulus,mean,456,train,1.0,1.0
aggregated_ranked_features_gas-N2_keep-N2_post-prestimulus,mean,456,val,0.7627118644067796,0.7627118644067796
aggregated_ranked_features_gas-N2_keep-N2_post-prestimulus,mean,456,test,0.8181818181818182,0.8147368421052632
aggregated_ranked_features_gas-N2_keep-N2_post-prestimulus,mean,457,train,1.0,1.0
aggregated_ranked_features_gas-N2_keep-N2_post-prestimulus,mean,457,val,0.7966101694915254,0.7963761863675582
aggregated_ranked_features_gas-N2_keep-N2_post-prestimulus,mean,457,test,0.8181818181818182,0.8147368421052632
aggregated_ranked_features_gas-N2_keep-N2_post-prestimulus,mean,458,train,1.0,1.0
aggregated_ranked_features_gas-N2_keep-N2_post-prestimulus,mean,458,val,0.788135593220339,0.7881203763556704
aggregated_ranked_features_gas-N2_keep-N2_post-prestimulus,mean,458,test,0.8181818181818182,0.8147368421052632
aggregated_ranked_features_gas-N2_keep-N2_post-prestimulus,mean,459,train,1.0,1.0
aggregated_ranked_features_gas-N2_keep-N2_post-prestimulus,mean,459,val,0.7966101694915254,0.7966101694915254
aggregated_ranked_features_gas-N2_keep-N2_post-prestimulus,mean,459,test,0.8409090909090909,0.8388278388278387
aggregated_ranked_features_gas-N2_keep-N2_post-prestimulus,mean,460,train,1.0,1.0
aggregated_ranked_features_gas-N2_keep-N2_post-prestimulus,mean,460,val,0.7966101694915254,0.7966101694915254
aggregated_ranked_features_gas-N2_keep-N2_post-prestimulus,mean,460,test,0.8409090909090909,0.8388278388278387
aggregated_ranked_features_gas-N2_keep-N2_post-prestimulus,mean,461,train,1.0,1.0
aggregated_ranked_features_gas-N2_keep-N2_post-prestimulus,mean,461,val,0.7966101694915254,0.7966101694915254
aggregated_ranked_features_gas-N2_keep-N2_post-prestimulus,mean,461,test,0.8409090909090909,0.8388278388278387
aggregated_ranked_features_gas-N2_keep-N2_post-prestimulus,mean,462,train,1.0,1.0
aggregated_ranked_features_gas-N2_keep-N2_post-prestimulus,mean,462,val,0.7966101694915254,0.7965517241379311
aggregated_ranked_features_gas-N2_keep-N2_post-prestimulus,mean,462,test,0.7954545454545454,0.7901430842607313
aggregated_ranked_features_gas-N2_keep-N2_post-prestimulus,mean,463,train,1.0,1.0
aggregated_ranked_features_gas-N2_keep-N2_post-prestimulus,mean,463,val,0.788135593220339,0.78799856270212
aggregated_ranked_features_gas-N2_keep-N2_post-prestimulus,mean,463,test,0.8409090909090909,0.8388278388278387
aggregated_ranked_features_gas-N2_keep-N2_post-prestimulus,mean,464,train,1.0,1.0
aggregated_ranked_features_gas-N2_keep-N2_post-prestimulus,mean,464,val,0.7627118644067796,0.7626436781609196
aggregated_ranked_features_gas-N2_keep-N2_post-prestimulus,mean,464,test,0.8181818181818182,0.8147368421052632
aggregated_ranked_features_gas-N2_keep-N2_post-prestimulus,mean,465,train,1.0,1.0
aggregated_ranked_features_gas-N2_keep-N2_post-prestimulus,mean,465,val,0.7627118644067796,0.7626436781609196
aggregated_ranked_features_gas-N2_keep-N2_post-prestimulus,mean,465,test,0.8181818181818182,0.8147368421052632
aggregated_ranked_features_gas-N2_keep-N2_post-prestimulus,mean,466,train,1.0,1.0
aggregated_ranked_features_gas-N2_keep-N2_post-prestimulus,mean,466,val,0.788135593220339,0.78799856270212
aggregated_ranked_features_gas-N2_keep-N2_post-prestimulus,mean,466,test,0.7727272727272727,0.7649572649572649
aggregated_ranked_features_gas-N2_keep-N2_post-prestimulus,mean,467,train,1.0,1.0
aggregated_ranked_features_gas-N2_keep-N2_post-prestimulus,mean,467,val,0.7627118644067796,0.7626436781609196
aggregated_ranked_features_gas-N2_keep-N2_post-prestimulus,mean,467,test,0.7727272727272727,0.7649572649572649
aggregated_ranked_features_gas-N2_keep-N2_post-prestimulus,mean,468,train,1.0,1.0
aggregated_ranked_features_gas-N2_keep-N2_post-prestimulus,mean,468,val,0.788135593220339,0.78799856270212
aggregated_ranked_features_gas-N2_keep-N2_post-prestimulus,mean,468,test,0.8181818181818182,0.8147368421052632
aggregated_ranked_features_gas-N2_keep-N2_post-prestimulus,mean,469,train,1.0,1.0
aggregated_ranked_features_gas-N2_keep-N2_post-prestimulus,mean,469,val,0.7966101694915254,0.7965517241379311
aggregated_ranked_features_gas-N2_keep-N2_post-prestimulus,mean,469,test,0.8181818181818182,0.8147368421052632
aggregated_ranked_features_gas-N2_keep-N2_post-prestimulus,mean,470,train,1.0,1.0
aggregated_ranked_features_gas-N2_keep-N2_post-prestimulus,mean,470,val,0.7627118644067796,0.7626436781609196
aggregated_ranked_features_gas-N2_keep-N2_post-prestimulus,mean,470,test,0.8181818181818182,0.8147368421052632
aggregated_ranked_features_gas-N2_keep-N2_post-prestimulus,mean,471,train,1.0,1.0
aggregated_ranked_features_gas-N2_keep-N2_post-prestimulus,mean,471,val,0.7966101694915254,0.7963761863675582
aggregated_ranked_features_gas-N2_keep-N2_post-prestimulus,mean,471,test,0.7954545454545454,0.7901430842607313
aggregated_ranked_features_gas-N2_keep-N2_post-prestimulus,mean,472,train,1.0,1.0
aggregated_ranked_features_gas-N2_keep-N2_post-prestimulus,mean,472,val,0.788135593220339,0.7881203763556704
aggregated_ranked_features_gas-N2_keep-N2_post-prestimulus,mean,472,test,0.7954545454545454,0.7901430842607313
aggregated_ranked_features_gas-N2_keep-N2_post-prestimulus,mean,473,train,1.0,1.0
aggregated_ranked_features_gas-N2_keep-N2_post-prestimulus,mean,473,val,0.788135593220339,0.7881203763556704
aggregated_ranked_features_gas-N2_keep-N2_post-prestimulus,mean,473,test,0.7954545454545454,0.7901430842607313
aggregated_ranked_features_gas-N2_keep-N2_post-prestimulus,mean,474,train,1.0,1.0
aggregated_ranked_features_gas-N2_keep-N2_post-prestimulus,mean,474,val,0.8050847457627118,0.8050707462472169
aggregated_ranked_features_gas-N2_keep-N2_post-prestimulus,mean,474,test,0.8409090909090909,0.8388278388278387
aggregated_ranked_features_gas-N2_keep-N2_post-prestimulus,mean,475,train,1.0,1.0
aggregated_ranked_features_gas-N2_keep-N2_post-prestimulus,mean,475,val,0.7711864406779662,0.7711700064641241
aggregated_ranked_features_gas-N2_keep-N2_post-prestimulus,mean,475,test,0.8181818181818182,0.8147368421052632
aggregated_ranked_features_gas-N2_keep-N2_post-prestimulus,mean,476,train,1.0,1.0
aggregated_ranked_features_gas-N2_keep-N2_post-prestimulus,mean,476,val,0.788135593220339,0.7881203763556704
aggregated_ranked_features_gas-N2_keep-N2_post-prestimulus,mean,476,test,0.7954545454545454,0.7901430842607313
aggregated_ranked_features_gas-N2_keep-N2_post-prestimulus,mean,477,train,1.0,1.0
aggregated_ranked_features_gas-N2_keep-N2_post-prestimulus,mean,477,val,0.7966101694915254,0.7965517241379311
aggregated_ranked_features_gas-N2_keep-N2_post-prestimulus,mean,477,test,0.8181818181818182,0.8147368421052632
aggregated_ranked_features_gas-N2_keep-N2_post-prestimulus,mean,478,train,1.0,1.0
aggregated_ranked_features_gas-N2_keep-N2_post-prestimulus,mean,478,val,0.7796610169491526,0.7796610169491526
aggregated_ranked_features_gas-N2_keep-N2_post-prestimulus,mean,478,test,0.7954545454545454,0.7901430842607313
aggregated_ranked_features_gas-N2_keep-N2_post-prestimulus,mean,479,train,1.0,1.0
aggregated_ranked_features_gas-N2_keep-N2_post-prestimulus,mean,479,val,0.788135593220339,0.7881203763556704
aggregated_ranked_features_gas-N2_keep-N2_post-prestimulus,mean,479,test,0.8181818181818182,0.8147368421052632
aggregated_ranked_features_gas-N2_keep-N2_post-prestimulus,mean,480,train,1.0,1.0
aggregated_ranked_features_gas-N2_keep-N2_post-prestimulus,mean,480,val,0.7796610169491526,0.7796610169491526
aggregated_ranked_features_gas-N2_keep-N2_post-prestimulus,mean,480,test,0.8181818181818182,0.8147368421052632
aggregated_ranked_features_gas-N2_keep-N2_post-prestimulus,mean,481,train,1.0,1.0
aggregated_ranked_features_gas-N2_keep-N2_post-prestimulus,mean,481,val,0.8135593220338984,0.8135057471264368
aggregated_ranked_features_gas-N2_keep-N2_post-prestimulus,mean,481,test,0.8181818181818182,0.8147368421052632
aggregated_ranked_features_gas-N2_keep-N2_post-prestimulus,mean,482,train,1.0,1.0
aggregated_ranked_features_gas-N2_keep-N2_post-prestimulus,mean,482,val,0.7966101694915254,0.7965517241379311
aggregated_ranked_features_gas-N2_keep-N2_post-prestimulus,mean,482,test,0.8636363636363636,0.8625
aggregated_ranked_features_gas-N2_keep-N2_post-prestimulus,mean,483,train,1.0,1.0
aggregated_ranked_features_gas-N2_keep-N2_post-prestimulus,mean,483,val,0.788135593220339,0.7881203763556704
aggregated_ranked_features_gas-N2_keep-N2_post-prestimulus,mean,483,test,0.8409090909090909,0.8388278388278387
aggregated_ranked_features_gas-N2_keep-N2_post-prestimulus,mean,484,train,1.0,1.0
aggregated_ranked_features_gas-N2_keep-N2_post-prestimulus,mean,484,val,0.8220338983050848,0.8220211161387632
aggregated_ranked_features_gas-N2_keep-N2_post-prestimulus,mean,484,test,0.8181818181818182,0.8147368421052632
aggregated_ranked_features_gas-N2_keep-N2_post-prestimulus,mean,485,train,1.0,1.0
aggregated_ranked_features_gas-N2_keep-N2_post-prestimulus,mean,485,val,0.8220338983050848,0.8220211161387632
aggregated_ranked_features_gas-N2_keep-N2_post-prestimulus,mean,485,test,0.8181818181818182,0.8147368421052632
aggregated_ranked_features_gas-N2_keep-N2_post-prestimulus,mean,486,train,1.0,1.0
aggregated_ranked_features_gas-N2_keep-N2_post-prestimulus,mean,486,val,0.7627118644067796,0.7627118644067796
aggregated_ranked_features_gas-N2_keep-N2_post-prestimulus,mean,486,test,0.8181818181818182,0.8147368421052632
aggregated_ranked_features_gas-N2_keep-N2_post-prestimulus,mean,487,train,1.0,1.0
aggregated_ranked_features_gas-N2_keep-N2_post-prestimulus,mean,487,val,0.7711864406779662,0.7710384477182897
aggregated_ranked_features_gas-N2_keep-N2_post-prestimulus,mean,487,test,0.8409090909090909,0.8388278388278387
aggregated_ranked_features_gas-N2_keep-N2_post-prestimulus,mean,488,train,1.0,1.0
aggregated_ranked_features_gas-N2_keep-N2_post-prestimulus,mean,488,val,0.7711864406779662,0.7710384477182897
aggregated_ranked_features_gas-N2_keep-N2_post-prestimulus,mean,488,test,0.8409090909090909,0.8388278388278387
aggregated_ranked_features_gas-N2_keep-N2_post-prestimulus,mean,489,train,1.0,1.0
aggregated_ranked_features_gas-N2_keep-N2_post-prestimulus,mean,489,val,0.8050847457627118,0.8050707462472169
aggregated_ranked_features_gas-N2_keep-N2_post-prestimulus,mean,489,test,0.8181818181818182,0.8147368421052632
aggregated_ranked_features_gas-N2_keep-N2_post-prestimulus,mean,490,train,1.0,1.0
aggregated_ranked_features_gas-N2_keep-N2_post-prestimulus,mean,490,val,0.7711864406779662,0.7711700064641241
aggregated_ranked_features_gas-N2_keep-N2_post-prestimulus,mean,490,test,0.8181818181818182,0.8147368421052632
aggregated_ranked_features_gas-N2_keep-N2_post-prestimulus,mean,491,train,1.0,1.0
aggregated_ranked_features_gas-N2_keep-N2_post-prestimulus,mean,491,val,0.7796610169491526,0.7795977011494253
aggregated_ranked_features_gas-N2_keep-N2_post-prestimulus,mean,491,test,0.8409090909090909,0.8388278388278387
aggregated_ranked_features_gas-N2_keep-N2_post-prestimulus,mean,492,train,1.0,1.0
aggregated_ranked_features_gas-N2_keep-N2_post-prestimulus,mean,492,val,0.7796610169491526,0.7796610169491526
aggregated_ranked_features_gas-N2_keep-N2_post-prestimulus,mean,492,test,0.8409090909090909,0.8388278388278387
aggregated_ranked_features_gas-N2_keep-N2_post-prestimulus,mean,493,train,1.0,1.0
aggregated_ranked_features_gas-N2_keep-N2_post-prestimulus,mean,493,val,0.8050847457627118,0.8050707462472169
aggregated_ranked_features_gas-N2_keep-N2_post-prestimulus,mean,493,test,0.7954545454545454,0.7901430842607313
aggregated_ranked_features_gas-N2_keep-N2_post-prestimulus,mean,494,train,1.0,1.0
aggregated_ranked_features_gas-N2_keep-N2_post-prestimulus,mean,494,val,0.7796610169491526,0.7795977011494253
aggregated_ranked_features_gas-N2_keep-N2_post-prestimulus,mean,494,test,0.7954545454545454,0.7901430842607313
aggregated_ranked_features_gas-N2_keep-N2_post-prestimulus,mean,495,train,1.0,1.0
aggregated_ranked_features_gas-N2_keep-N2_post-prestimulus,mean,495,val,0.8135593220338984,0.8135593220338984
aggregated_ranked_features_gas-N2_keep-N2_post-prestimulus,mean,495,test,0.8181818181818182,0.8147368421052632
aggregated_ranked_features_gas-N2_keep-N2_post-prestimulus,mean,496,train,1.0,1.0
aggregated_ranked_features_gas-N2_keep-N2_post-prestimulus,mean,496,val,0.8135593220338984,0.8135593220338984
aggregated_ranked_features_gas-N2_keep-N2_post-prestimulus,mean,496,test,0.8409090909090909,0.8388278388278387
aggregated_ranked_features_gas-N2_keep-N2_post-prestimulus,mean,497,train,1.0,1.0
aggregated_ranked_features_gas-N2_keep-N2_post-prestimulus,mean,497,val,0.788135593220339,0.7881203763556704
aggregated_ranked_features_gas-N2_keep-N2_post-prestimulus,mean,497,test,0.7954545454545454,0.7901430842607313
aggregated_ranked_features_gas-N2_keep-N2_post-prestimulus,mean,498,train,1.0,1.0
aggregated_ranked_features_gas-N2_keep-N2_post-prestimulus,mean,498,val,0.788135593220339,0.7881203763556704
aggregated_ranked_features_gas-N2_keep-N2_post-prestimulus,mean,498,test,0.7954545454545454,0.7901430842607313
aggregated_ranked_features_gas-N2_keep-N2_post-prestimulus,mean,499,train,1.0,1.0
aggregated_ranked_features_gas-N2_keep-N2_post-prestimulus,mean,499,val,0.788135593220339,0.7881203763556704
aggregated_ranked_features_gas-N2_keep-N2_post-prestimulus,mean,499,test,0.8181818181818182,0.8147368421052632
aggregated_ranked_features_gas-N2_keep-N2_post-prestimulus,mean,500,train,1.0,1.0
aggregated_ranked_features_gas-N2_keep-N2_post-prestimulus,mean,500,val,0.788135593220339,0.7881203763556704
aggregated_ranked_features_gas-N2_keep-N2_post-prestimulus,mean,500,test,0.8181818181818182,0.8147368421052632
aggregated_ranked_features_gas-N2_keep-N2_post-prestimulus,mean,501,train,1.0,1.0
aggregated_ranked_features_gas-N2_keep-N2_post-prestimulus,mean,501,val,0.788135593220339,0.7881203763556704
aggregated_ranked_features_gas-N2_keep-N2_post-prestimulus,mean,501,test,0.8181818181818182,0.8147368421052632
aggregated_ranked_features_gas-N2_keep-N2_post-prestimulus,mean,502,train,1.0,1.0
aggregated_ranked_features_gas-N2_keep-N2_post-prestimulus,mean,502,val,0.7796610169491526,0.7795977011494253
aggregated_ranked_features_gas-N2_keep-N2_post-prestimulus,mean,502,test,0.7954545454545454,0.7901430842607313
aggregated_ranked_features_gas-N2_keep-N2_post-prestimulus,mean,503,train,1.0,1.0
aggregated_ranked_features_gas-N2_keep-N2_post-prestimulus,mean,503,val,0.7796610169491526,0.7795977011494253
aggregated_ranked_features_gas-N2_keep-N2_post-prestimulus,mean,503,test,0.8181818181818182,0.8147368421052632
aggregated_ranked_features_gas-N2_keep-N2_post-prestimulus,mean,504,train,1.0,1.0
aggregated_ranked_features_gas-N2_keep-N2_post-prestimulus,mean,504,val,0.8050847457627118,0.8049586776859504
aggregated_ranked_features_gas-N2_keep-N2_post-prestimulus,mean,504,test,0.8409090909090909,0.8388278388278387
aggregated_ranked_features_gas-N2_keep-N2_post-prestimulus,mean,505,train,1.0,1.0
aggregated_ranked_features_gas-N2_keep-N2_post-prestimulus,mean,505,val,0.788135593220339,0.7881203763556704
aggregated_ranked_features_gas-N2_keep-N2_post-prestimulus,mean,505,test,0.8409090909090909,0.8388278388278387
aggregated_ranked_features_gas-N2_keep-N2_post-prestimulus,mean,506,train,1.0,1.0
aggregated_ranked_features_gas-N2_keep-N2_post-prestimulus,mean,506,val,0.8050847457627118,0.8050707462472169
aggregated_ranked_features_gas-N2_keep-N2_post-prestimulus,mean,506,test,0.8181818181818182,0.8147368421052632
aggregated_ranked_features_gas-N2_keep-N2_post-prestimulus,mean,507,train,1.0,1.0
aggregated_ranked_features_gas-N2_keep-N2_post-prestimulus,mean,507,val,0.7966101694915254,0.7966101694915254
aggregated_ranked_features_gas-N2_keep-N2_post-prestimulus,mean,507,test,0.7954545454545454,0.7901430842607313
aggregated_ranked_features_gas-N2_keep-N2_post-prestimulus,mean,508,train,1.0,1.0
aggregated_ranked_features_gas-N2_keep-N2_post-prestimulus,mean,508,val,0.788135593220339,0.7881203763556704
aggregated_ranked_features_gas-N2_keep-N2_post-prestimulus,mean,508,test,0.8181818181818182,0.8147368421052632
aggregated_ranked_features_gas-N2_keep-N2_post-prestimulus,mean,509,train,1.0,1.0
aggregated_ranked_features_gas-N2_keep-N2_post-prestimulus,mean,509,val,0.7627118644067796,0.7626436781609196
aggregated_ranked_features_gas-N2_keep-N2_post-prestimulus,mean,509,test,0.8181818181818182,0.8147368421052632
aggregated_ranked_features_gas-N2_keep-N2_post-prestimulus,mean,510,train,1.0,1.0
aggregated_ranked_features_gas-N2_keep-N2_post-prestimulus,mean,510,val,0.788135593220339,0.7881203763556704
aggregated_ranked_features_gas-N2_keep-N2_post-prestimulus,mean,510,test,0.8409090909090909,0.8388278388278387
aggregated_ranked_features_gas-N2_keep-N2_post-prestimulus,mean,511,train,1.0,1.0
aggregated_ranked_features_gas-N2_keep-N2_post-prestimulus,mean,511,val,0.7711864406779662,0.7711700064641241
aggregated_ranked_features_gas-N2_keep-N2_post-prestimulus,mean,511,test,0.7954545454545454,0.7901430842607313
aggregated_ranked_features_gas-N2_keep-N2_post-prestimulus,mean,512,train,1.0,1.0
aggregated_ranked_features_gas-N2_keep-N2_post-prestimulus,mean,512,val,0.7796610169491526,0.7796610169491526
aggregated_ranked_features_gas-N2_keep-N2_post-prestimulus,mean,512,test,0.8181818181818182,0.8147368421052632
aggregated_ranked_features_gas-N2_keep-N2_post-prestimulus,mean,513,train,1.0,1.0
aggregated_ranked_features_gas-N2_keep-N2_post-prestimulus,mean,513,val,0.7711864406779662,0.7710384477182897
aggregated_ranked_features_gas-N2_keep-N2_post-prestimulus,mean,513,test,0.8409090909090909,0.8388278388278387
aggregated_ranked_features_gas-N2_keep-N2_post-prestimulus,mean,514,train,1.0,1.0
aggregated_ranked_features_gas-N2_keep-N2_post-prestimulus,mean,514,val,0.7711864406779662,0.7710384477182897
aggregated_ranked_features_gas-N2_keep-N2_post-prestimulus,mean,514,test,0.7954545454545454,0.7901430842607313
aggregated_ranked_features_gas-N2_keep-N2_post-prestimulus,mean,515,train,1.0,1.0
aggregated_ranked_features_gas-N2_keep-N2_post-prestimulus,mean,515,val,0.8050847457627118,0.8049586776859504
aggregated_ranked_features_gas-N2_keep-N2_post-prestimulus,mean,515,test,0.8181818181818182,0.8147368421052632
aggregated_ranked_features_gas-N2_keep-N2_post-prestimulus,mean,516,train,1.0,1.0
aggregated_ranked_features_gas-N2_keep-N2_post-prestimulus,mean,516,val,0.8050847457627118,0.8049586776859504
aggregated_ranked_features_gas-N2_keep-N2_post-prestimulus,mean,516,test,0.8181818181818182,0.8147368421052632
aggregated_ranked_features_gas-N2_keep-N2_post-prestimulus,mean,517,train,1.0,1.0
aggregated_ranked_features_gas-N2_keep-N2_post-prestimulus,mean,517,val,0.7966101694915254,0.7965517241379311
aggregated_ranked_features_gas-N2_keep-N2_post-prestimulus,mean,517,test,0.8181818181818182,0.8147368421052632
aggregated_ranked_features_gas-N2_keep-N2_post-prestimulus,mean,518,train,1.0,1.0
aggregated_ranked_features_gas-N2_keep-N2_post-prestimulus,mean,518,val,0.7627118644067796,0.7627118644067796
aggregated_ranked_features_gas-N2_keep-N2_post-prestimulus,mean,518,test,0.8181818181818182,0.8147368421052632
aggregated_ranked_features_gas-N2_keep-N2_post-prestimulus,mean,519,train,1.0,1.0
aggregated_ranked_features_gas-N2_keep-N2_post-prestimulus,mean,519,val,0.7711864406779662,0.7707748758903519
aggregated_ranked_features_gas-N2_keep-N2_post-prestimulus,mean,519,test,0.8181818181818182,0.8147368421052632
aggregated_ranked_features_gas-N2_keep-N2_post-prestimulus,mean,520,train,1.0,1.0
aggregated_ranked_features_gas-N2_keep-N2_post-prestimulus,mean,520,val,0.7711864406779662,0.7707748758903519
aggregated_ranked_features_gas-N2_keep-N2_post-prestimulus,mean,520,test,0.8181818181818182,0.8147368421052632
aggregated_ranked_features_gas-N2_keep-N2_post-prestimulus,mean,521,train,1.0,1.0
aggregated_ranked_features_gas-N2_keep-N2_post-prestimulus,mean,521,val,0.7711864406779662,0.7707748758903519
aggregated_ranked_features_gas-N2_keep-N2_post-prestimulus,mean,521,test,0.8181818181818182,0.8147368421052632
aggregated_ranked_features_gas-N2_keep-N2_post-prestimulus,mean,522,train,1.0,1.0
aggregated_ranked_features_gas-N2_keep-N2_post-prestimulus,mean,522,val,0.788135593220339,0.7881203763556704
aggregated_ranked_features_gas-N2_keep-N2_post-prestimulus,mean,522,test,0.8181818181818182,0.8147368421052632
aggregated_ranked_features_gas-N2_keep-N2_post-prestimulus,mean,523,train,1.0,1.0
aggregated_ranked_features_gas-N2_keep-N2_post-prestimulus,mean,523,val,0.788135593220339,0.7881203763556704
aggregated_ranked_features_gas-N2_keep-N2_post-prestimulus,mean,523,test,0.8181818181818182,0.8147368421052632
aggregated_ranked_features_gas-N2_keep-N2_post-prestimulus,mean,524,train,1.0,1.0
aggregated_ranked_features_gas-N2_keep-N2_post-prestimulus,mean,524,val,0.788135593220339,0.7881203763556704
aggregated_ranked_features_gas-N2_keep-N2_post-prestimulus,mean,524,test,0.7954545454545454,0.7901430842607313
aggregated_ranked_features_gas-N2_keep-N2_post-prestimulus,mean,525,train,1.0,1.0
aggregated_ranked_features_gas-N2_keep-N2_post-prestimulus,mean,525,val,0.7711864406779662,0.7711700064641241
aggregated_ranked_features_gas-N2_keep-N2_post-prestimulus,mean,525,test,0.7954545454545454,0.7901430842607313
aggregated_ranked_features_gas-N2_keep-N2_post-prestimulus,mean,526,train,1.0,1.0
aggregated_ranked_features_gas-N2_keep-N2_post-prestimulus,mean,526,val,0.7711864406779662,0.7711700064641241
aggregated_ranked_features_gas-N2_keep-N2_post-prestimulus,mean,526,test,0.7954545454545454,0.7901430842607313
aggregated_ranked_features_gas-N2_keep-N2_post-prestimulus,mean,527,train,1.0,1.0
aggregated_ranked_features_gas-N2_keep-N2_post-prestimulus,mean,527,val,0.7796610169491526,0.7796610169491526
aggregated_ranked_features_gas-N2_keep-N2_post-prestimulus,mean,527,test,0.7954545454545454,0.7901430842607313
aggregated_ranked_features_gas-N2_keep-N2_post-prestimulus,mean,528,train,1.0,1.0
aggregated_ranked_features_gas-N2_keep-N2_post-prestimulus,mean,528,val,0.7966101694915254,0.7965517241379311
aggregated_ranked_features_gas-N2_keep-N2_post-prestimulus,mean,528,test,0.7954545454545454,0.7901430842607313
aggregated_ranked_features_gas-N2_keep-N2_post-prestimulus,mean,529,train,1.0,1.0
aggregated_ranked_features_gas-N2_keep-N2_post-prestimulus,mean,529,val,0.8050847457627118,0.8049586776859504
aggregated_ranked_features_gas-N2_keep-N2_post-prestimulus,mean,529,test,0.8409090909090909,0.8388278388278387
aggregated_ranked_features_gas-N2_keep-N2_post-prestimulus,mean,530,train,1.0,1.0
aggregated_ranked_features_gas-N2_keep-N2_post-prestimulus,mean,530,val,0.788135593220339,0.7881203763556704
aggregated_ranked_features_gas-N2_keep-N2_post-prestimulus,mean,530,test,0.7954545454545454,0.7901430842607313
aggregated_ranked_features_gas-N2_keep-N2_post-prestimulus,mean,531,train,1.0,1.0
aggregated_ranked_features_gas-N2_keep-N2_post-prestimulus,mean,531,val,0.7711864406779662,0.7711700064641241
aggregated_ranked_features_gas-N2_keep-N2_post-prestimulus,mean,531,test,0.8181818181818182,0.8147368421052632
aggregated_ranked_features_gas-N2_keep-N2_post-prestimulus,mean,532,train,1.0,1.0
aggregated_ranked_features_gas-N2_keep-N2_post-prestimulus,mean,532,val,0.7711864406779662,0.7711700064641241
aggregated_ranked_features_gas-N2_keep-N2_post-prestimulus,mean,532,test,0.8181818181818182,0.8147368421052632
aggregated_ranked_features_gas-N2_keep-N2_post-prestimulus,mean,533,train,1.0,1.0
aggregated_ranked_features_gas-N2_keep-N2_post-prestimulus,mean,533,val,0.7711864406779662,0.7711700064641241
aggregated_ranked_features_gas-N2_keep-N2_post-prestimulus,mean,533,test,0.8181818181818182,0.8147368421052632
aggregated_ranked_features_gas-N2_keep-N2_post-prestimulus,mean,534,train,1.0,1.0
aggregated_ranked_features_gas-N2_keep-N2_post-prestimulus,mean,534,val,0.788135593220339,0.78799856270212
aggregated_ranked_features_gas-N2_keep-N2_post-prestimulus,mean,534,test,0.8181818181818182,0.8147368421052632
aggregated_ranked_features_gas-N2_keep-N2_post-prestimulus,mean,535,train,1.0,1.0
aggregated_ranked_features_gas-N2_keep-N2_post-prestimulus,mean,535,val,0.788135593220339,0.7881203763556704
aggregated_ranked_features_gas-N2_keep-N2_post-prestimulus,mean,535,test,0.8181818181818182,0.8147368421052632
aggregated_ranked_features_gas-N2_keep-N2_post-prestimulus,mean,536,train,1.0,1.0
aggregated_ranked_features_gas-N2_keep-N2_post-prestimulus,mean,536,val,0.7796610169491526,0.7796610169491526
aggregated_ranked_features_gas-N2_keep-N2_post-prestimulus,mean,536,test,0.8181818181818182,0.8147368421052632
aggregated_ranked_features_gas-N2_keep-N2_post-prestimulus,mean,537,train,1.0,1.0
aggregated_ranked_features_gas-N2_keep-N2_post-prestimulus,mean,537,val,0.788135593220339,0.7881203763556704
aggregated_ranked_features_gas-N2_keep-N2_post-prestimulus,mean,537,test,0.8181818181818182,0.8147368421052632
aggregated_ranked_features_gas-N2_keep-N2_post-prestimulus,mean,538,train,1.0,1.0
aggregated_ranked_features_gas-N2_keep-N2_post-prestimulus,mean,538,val,0.788135593220339,0.7881203763556704
aggregated_ranked_features_gas-N2_keep-N2_post-prestimulus,mean,538,test,0.8181818181818182,0.8147368421052632
aggregated_ranked_features_gas-N2_keep-N2_post-prestimulus,mean,539,train,1.0,1.0
aggregated_ranked_features_gas-N2_keep-N2_post-prestimulus,mean,539,val,0.8050847457627118,0.8050707462472169
aggregated_ranked_features_gas-N2_keep-N2_post-prestimulus,mean,539,test,0.8181818181818182,0.8147368421052632
aggregated_ranked_features_gas-N2_keep-N2_post-prestimulus,mean,540,train,1.0,1.0
aggregated_ranked_features_gas-N2_keep-N2_post-prestimulus,mean,540,val,0.7966101694915254,0.7966101694915254
aggregated_ranked_features_gas-N2_keep-N2_post-prestimulus,mean,540,test,0.8181818181818182,0.8147368421052632
aggregated_ranked_features_gas-N2_keep-N2_post-prestimulus,mean,541,train,1.0,1.0
aggregated_ranked_features_gas-N2_keep-N2_post-prestimulus,mean,541,val,0.7711864406779662,0.7711700064641241
aggregated_ranked_features_gas-N2_keep-N2_post-prestimulus,mean,541,test,0.8409090909090909,0.8388278388278387
aggregated_ranked_features_gas-N2_keep-N2_post-prestimulus,mean,542,train,1.0,1.0
aggregated_ranked_features_gas-N2_keep-N2_post-prestimulus,mean,542,val,0.8050847457627118,0.8050707462472169
aggregated_ranked_features_gas-N2_keep-N2_post-prestimulus,mean,542,test,0.7954545454545454,0.7901430842607313
aggregated_ranked_features_gas-N2_keep-N2_post-prestimulus,mean,543,train,1.0,1.0
aggregated_ranked_features_gas-N2_keep-N2_post-prestimulus,mean,543,val,0.8050847457627118,0.8050707462472169
aggregated_ranked_features_gas-N2_keep-N2_post-prestimulus,mean,543,test,0.7954545454545454,0.7901430842607313
aggregated_ranked_features_gas-N2_keep-N2_post-prestimulus,mean,544,train,1.0,1.0
aggregated_ranked_features_gas-N2_keep-N2_post-prestimulus,mean,544,val,0.8050847457627118,0.8050707462472169
aggregated_ranked_features_gas-N2_keep-N2_post-prestimulus,mean,544,test,0.7954545454545454,0.7901430842607313
aggregated_ranked_features_gas-N2_keep-N2_post-prestimulus,mean,545,train,1.0,1.0
aggregated_ranked_features_gas-N2_keep-N2_post-prestimulus,mean,545,val,0.8050847457627118,0.8050707462472169
aggregated_ranked_features_gas-N2_keep-N2_post-prestimulus,mean,545,test,0.7954545454545454,0.7901430842607313
aggregated_ranked_features_gas-N2_keep-N2_post-prestimulus,mean,546,train,1.0,1.0
aggregated_ranked_features_gas-N2_keep-N2_post-prestimulus,mean,546,val,0.7796610169491526,0.7795977011494253
aggregated_ranked_features_gas-N2_keep-N2_post-prestimulus,mean,546,test,0.8181818181818182,0.8147368421052632
aggregated_ranked_features_gas-N2_keep-N2_post-prestimulus,mean,547,train,1.0,1.0
aggregated_ranked_features_gas-N2_keep-N2_post-prestimulus,mean,547,val,0.7796610169491526,0.7795977011494253
aggregated_ranked_features_gas-N2_keep-N2_post-prestimulus,mean,547,test,0.7954545454545454,0.7901430842607313
aggregated_ranked_features_gas-N2_keep-N2_post-prestimulus,mean,548,train,1.0,1.0
aggregated_ranked_features_gas-N2_keep-N2_post-prestimulus,mean,548,val,0.7796610169491526,0.7795977011494253
aggregated_ranked_features_gas-N2_keep-N2_post-prestimulus,mean,548,test,0.8181818181818182,0.8147368421052632
aggregated_ranked_features_gas-N2_keep-N2_post-prestimulus,mean,549,train,1.0,1.0
aggregated_ranked_features_gas-N2_keep-N2_post-prestimulus,mean,549,val,0.7711864406779662,0.7710384477182897
aggregated_ranked_features_gas-N2_keep-N2_post-prestimulus,mean,549,test,0.8181818181818182,0.8147368421052632
aggregated_ranked_features_gas-N2_keep-N2_post-prestimulus,mean,550,train,1.0,1.0
aggregated_ranked_features_gas-N2_keep-N2_post-prestimulus,mean,550,val,0.788135593220339,0.7881203763556704
aggregated_ranked_features_gas-N2_keep-N2_post-prestimulus,mean,550,test,0.7954545454545454,0.7901430842607313
aggregated_ranked_features_gas-N2_keep-N2_post-prestimulus,mean,551,train,1.0,1.0
aggregated_ranked_features_gas-N2_keep-N2_post-prestimulus,mean,551,val,0.8050847457627118,0.8050707462472169
aggregated_ranked_features_gas-N2_keep-N2_post-prestimulus,mean,551,test,0.8181818181818182,0.8147368421052632
aggregated_ranked_features_gas-N2_keep-N2_post-prestimulus,mean,552,train,1.0,1.0
aggregated_ranked_features_gas-N2_keep-N2_post-prestimulus,mean,552,val,0.8050847457627118,0.8050707462472169
aggregated_ranked_features_gas-N2_keep-N2_post-prestimulus,mean,552,test,0.8181818181818182,0.8147368421052632
aggregated_ranked_features_gas-N2_keep-N2_post-prestimulus,mean,553,train,1.0,1.0
aggregated_ranked_features_gas-N2_keep-N2_post-prestimulus,mean,553,val,0.8050847457627118,0.8050707462472169
aggregated_ranked_features_gas-N2_keep-N2_post-prestimulus,mean,553,test,0.8181818181818182,0.8147368421052632
aggregated_ranked_features_gas-N2_keep-N2_post-prestimulus,mean,554,train,1.0,1.0
aggregated_ranked_features_gas-N2_keep-N2_post-prestimulus,mean,554,val,0.8050847457627118,0.8050707462472169
aggregated_ranked_features_gas-N2_keep-N2_post-prestimulus,mean,554,test,0.8181818181818182,0.8147368421052632
aggregated_ranked_features_gas-N2_keep-N2_post-prestimulus,mean,555,train,1.0,1.0
aggregated_ranked_features_gas-N2_keep-N2_post-prestimulus,mean,555,val,0.7796610169491526,0.7796610169491526
aggregated_ranked_features_gas-N2_keep-N2_post-prestimulus,mean,555,test,0.8409090909090909,0.8388278388278387
aggregated_ranked_features_gas-N2_keep-N2_post-prestimulus,mean,556,train,1.0,1.0
aggregated_ranked_features_gas-N2_keep-N2_post-prestimulus,mean,556,val,0.7796610169491526,0.7794075352315214
aggregated_ranked_features_gas-N2_keep-N2_post-prestimulus,mean,556,test,0.7954545454545454,0.7901430842607313
aggregated_ranked_features_gas-N2_keep-N2_post-prestimulus,mean,557,train,1.0,1.0
aggregated_ranked_features_gas-N2_keep-N2_post-prestimulus,mean,557,val,0.7796610169491526,0.7796610169491526
aggregated_ranked_features_gas-N2_keep-N2_post-prestimulus,mean,557,test,0.8409090909090909,0.8388278388278387
aggregated_ranked_features_gas-N2_keep-N2_post-prestimulus,mean,558,train,1.0,1.0
aggregated_ranked_features_gas-N2_keep-N2_post-prestimulus,mean,558,val,0.788135593220339,0.7881203763556704
aggregated_ranked_features_gas-N2_keep-N2_post-prestimulus,mean,558,test,0.8181818181818182,0.8147368421052632
aggregated_ranked_features_gas-N2_keep-N2_post-prestimulus,mean,559,train,1.0,1.0
aggregated_ranked_features_gas-N2_keep-N2_post-prestimulus,mean,559,val,0.788135593220339,0.7881203763556704
aggregated_ranked_features_gas-N2_keep-N2_post-prestimulus,mean,559,test,0.8181818181818182,0.8147368421052632
aggregated_ranked_features_gas-N2_keep-N2_post-prestimulus,mean,560,train,1.0,1.0
aggregated_ranked_features_gas-N2_keep-N2_post-prestimulus,mean,560,val,0.788135593220339,0.7881203763556704
aggregated_ranked_features_gas-N2_keep-N2_post-prestimulus,mean,560,test,0.8181818181818182,0.8147368421052632
aggregated_ranked_features_gas-N2_keep-N2_post-prestimulus,mean,561,train,1.0,1.0
aggregated_ranked_features_gas-N2_keep-N2_post-prestimulus,mean,561,val,0.7627118644067796,0.7627118644067796
aggregated_ranked_features_gas-N2_keep-N2_post-prestimulus,mean,561,test,0.8181818181818182,0.8147368421052632
aggregated_ranked_features_gas-N2_keep-N2_post-prestimulus,mean,562,train,1.0,1.0
aggregated_ranked_features_gas-N2_keep-N2_post-prestimulus,mean,562,val,0.7796610169491526,0.7796610169491526
aggregated_ranked_features_gas-N2_keep-N2_post-prestimulus,mean,562,test,0.8409090909090909,0.8388278388278387
aggregated_ranked_features_gas-N2_keep-N2_post-prestimulus,mean,563,train,1.0,1.0
aggregated_ranked_features_gas-N2_keep-N2_post-prestimulus,mean,563,val,0.7966101694915254,0.7965517241379311
aggregated_ranked_features_gas-N2_keep-N2_post-prestimulus,mean,563,test,0.8409090909090909,0.8388278388278387
aggregated_ranked_features_gas-N2_keep-N2_post-prestimulus,mean,564,train,1.0,1.0
aggregated_ranked_features_gas-N2_keep-N2_post-prestimulus,mean,564,val,0.7711864406779662,0.7711700064641241
aggregated_ranked_features_gas-N2_keep-N2_post-prestimulus,mean,564,test,0.8181818181818182,0.8147368421052632
aggregated_ranked_features_gas-N2_keep-N2_post-prestimulus,mean,565,train,1.0,1.0
aggregated_ranked_features_gas-N2_keep-N2_post-prestimulus,mean,565,val,0.788135593220339,0.7881203763556704
aggregated_ranked_features_gas-N2_keep-N2_post-prestimulus,mean,565,test,0.7954545454545454,0.7901430842607313
aggregated_ranked_features_gas-N2_keep-N2_post-prestimulus,mean,566,train,1.0,1.0
aggregated_ranked_features_gas-N2_keep-N2_post-prestimulus,mean,566,val,0.7627118644067796,0.7627118644067796
aggregated_ranked_features_gas-N2_keep-N2_post-prestimulus,mean,566,test,0.8181818181818182,0.8147368421052632
aggregated_ranked_features_gas-N2_keep-N2_post-prestimulus,mean,567,train,1.0,1.0
aggregated_ranked_features_gas-N2_keep-N2_post-prestimulus,mean,567,val,0.7711864406779662,0.7711700064641241
aggregated_ranked_features_gas-N2_keep-N2_post-prestimulus,mean,567,test,0.8181818181818182,0.8147368421052632
aggregated_ranked_features_gas-N2_keep-N2_post-prestimulus,mean,568,train,1.0,1.0
aggregated_ranked_features_gas-N2_keep-N2_post-prestimulus,mean,568,val,0.7711864406779662,0.7711700064641241
aggregated_ranked_features_gas-N2_keep-N2_post-prestimulus,mean,568,test,0.8181818181818182,0.8147368421052632
aggregated_ranked_features_gas-N2_keep-N2_post-prestimulus,mean,569,train,1.0,1.0
aggregated_ranked_features_gas-N2_keep-N2_post-prestimulus,mean,569,val,0.7711864406779662,0.7711700064641241
aggregated_ranked_features_gas-N2_keep-N2_post-prestimulus,mean,569,test,0.8181818181818182,0.8147368421052632
aggregated_ranked_features_gas-N2_keep-N2_post-prestimulus,mean,570,train,1.0,1.0
aggregated_ranked_features_gas-N2_keep-N2_post-prestimulus,mean,570,val,0.7711864406779662,0.7711700064641241
aggregated_ranked_features_gas-N2_keep-N2_post-prestimulus,mean,570,test,0.8181818181818182,0.8147368421052632
aggregated_ranked_features_gas-N2_keep-N2_post-prestimulus,mean,571,train,1.0,1.0
aggregated_ranked_features_gas-N2_keep-N2_post-prestimulus,mean,571,val,0.788135593220339,0.7881203763556704
aggregated_ranked_features_gas-N2_keep-N2_post-prestimulus,mean,571,test,0.7954545454545454,0.7901430842607313
aggregated_ranked_features_gas-N2_keep-N2_post-prestimulus,mean,572,train,1.0,1.0
aggregated_ranked_features_gas-N2_keep-N2_post-prestimulus,mean,572,val,0.7711864406779662,0.7711700064641241
aggregated_ranked_features_gas-N2_keep-N2_post-prestimulus,mean,572,test,0.8181818181818182,0.8147368421052632
aggregated_ranked_features_gas-N2_keep-N2_post-prestimulus,mean,573,train,1.0,1.0
aggregated_ranked_features_gas-N2_keep-N2_post-prestimulus,mean,573,val,0.7966101694915254,0.7966101694915254
aggregated_ranked_features_gas-N2_keep-N2_post-prestimulus,mean,573,test,0.8181818181818182,0.8147368421052632
aggregated_ranked_features_gas-N2_keep-N2_post-prestimulus,mean,574,train,1.0,1.0
aggregated_ranked_features_gas-N2_keep-N2_post-prestimulus,mean,574,val,0.788135593220339,0.7881203763556704
aggregated_ranked_features_gas-N2_keep-N2_post-prestimulus,mean,574,test,0.8181818181818182,0.8147368421052632
aggregated_ranked_features_gas-N2_keep-N2_post-prestimulus,mean,575,train,1.0,1.0
aggregated_ranked_features_gas-N2_keep-N2_post-prestimulus,mean,575,val,0.7627118644067796,0.7626436781609196
aggregated_ranked_features_gas-N2_keep-N2_post-prestimulus,mean,575,test,0.8181818181818182,0.8147368421052632
aggregated_ranked_features_gas-N2_keep-N2_post-prestimulus,mean,576,train,1.0,1.0
aggregated_ranked_features_gas-N2_keep-N2_post-prestimulus,mean,576,val,0.788135593220339,0.7881203763556704
aggregated_ranked_features_gas-N2_keep-N2_post-prestimulus,mean,576,test,0.8181818181818182,0.8147368421052632
aggregated_ranked_features_gas-N2_keep-N2_post-prestimulus,mean,577,train,1.0,1.0
aggregated_ranked_features_gas-N2_keep-N2_post-prestimulus,mean,577,val,0.788135593220339,0.7881203763556704
aggregated_ranked_features_gas-N2_keep-N2_post-prestimulus,mean,577,test,0.8181818181818182,0.8147368421052632
aggregated_ranked_features_gas-N2_keep-N2_post-prestimulus,mean,578,train,1.0,1.0
aggregated_ranked_features_gas-N2_keep-N2_post-prestimulus,mean,578,val,0.7796610169491526,0.7796610169491526
aggregated_ranked_features_gas-N2_keep-N2_post-prestimulus,mean,578,test,0.8181818181818182,0.8147368421052632
aggregated_ranked_features_gas-N2_keep-N2_post-prestimulus,mean,579,train,1.0,1.0
aggregated_ranked_features_gas-N2_keep-N2_post-prestimulus,mean,579,val,0.8050847457627118,0.8050707462472169
aggregated_ranked_features_gas-N2_keep-N2_post-prestimulus,mean,579,test,0.8409090909090909,0.8388278388278387
aggregated_ranked_features_gas-N2_keep-N2_post-prestimulus,mean,580,train,1.0,1.0
aggregated_ranked_features_gas-N2_keep-N2_post-prestimulus,mean,580,val,0.7966101694915254,0.7966101694915254
aggregated_ranked_features_gas-N2_keep-N2_post-prestimulus,mean,580,test,0.8181818181818182,0.8147368421052632
aggregated_ranked_features_gas-N2_keep-N2_post-prestimulus,mean,581,train,1.0,1.0
aggregated_ranked_features_gas-N2_keep-N2_post-prestimulus,mean,581,val,0.788135593220339,0.7881203763556704
aggregated_ranked_features_gas-N2_keep-N2_post-prestimulus,mean,581,test,0.8181818181818182,0.8147368421052632
aggregated_ranked_features_gas-N2_keep-N2_post-prestimulus,mean,582,train,1.0,1.0
aggregated_ranked_features_gas-N2_keep-N2_post-prestimulus,mean,582,val,0.788135593220339,0.7881203763556704
aggregated_ranked_features_gas-N2_keep-N2_post-prestimulus,mean,582,test,0.8181818181818182,0.8147368421052632
aggregated_ranked_features_gas-N2_keep-N2_post-prestimulus,mean,583,train,1.0,1.0
aggregated_ranked_features_gas-N2_keep-N2_post-prestimulus,mean,583,val,0.7796610169491526,0.7795977011494253
aggregated_ranked_features_gas-N2_keep-N2_post-prestimulus,mean,583,test,0.8181818181818182,0.8147368421052632
aggregated_ranked_features_gas-N2_keep-N2_post-prestimulus,mean,584,train,1.0,1.0
aggregated_ranked_features_gas-N2_keep-N2_post-prestimulus,mean,584,val,0.7542372881355932,0.7542196365725777
aggregated_ranked_features_gas-N2_keep-N2_post-prestimulus,mean,584,test,0.8181818181818182,0.8147368421052632
aggregated_ranked_features_gas-N2_keep-N2_post-prestimulus,mean,585,train,1.0,1.0
aggregated_ranked_features_gas-N2_keep-N2_post-prestimulus,mean,585,val,0.788135593220339,0.7881203763556704
aggregated_ranked_features_gas-N2_keep-N2_post-prestimulus,mean,585,test,0.8181818181818182,0.8147368421052632
aggregated_ranked_features_gas-N2_keep-N2_post-prestimulus,mean,586,train,1.0,1.0
aggregated_ranked_features_gas-N2_keep-N2_post-prestimulus,mean,586,val,0.7966101694915254,0.7965517241379311
aggregated_ranked_features_gas-N2_keep-N2_post-prestimulus,mean,586,test,0.8181818181818182,0.8147368421052632
aggregated_ranked_features_gas-N2_keep-N2_post-prestimulus,mean,587,train,1.0,1.0
aggregated_ranked_features_gas-N2_keep-N2_post-prestimulus,mean,587,val,0.7796610169491526,0.7795977011494253
aggregated_ranked_features_gas-N2_keep-N2_post-prestimulus,mean,587,test,0.8181818181818182,0.8147368421052632
aggregated_ranked_features_gas-N2_keep-N2_post-prestimulus,mean,588,train,1.0,1.0
aggregated_ranked_features_gas-N2_keep-N2_post-prestimulus,mean,588,val,0.7966101694915254,0.7965517241379311
aggregated_ranked_features_gas-N2_keep-N2_post-prestimulus,mean,588,test,0.8181818181818182,0.8147368421052632
aggregated_ranked_features_gas-N2_keep-N2_post-prestimulus,mean,589,train,1.0,1.0
aggregated_ranked_features_gas-N2_keep-N2_post-prestimulus,mean,589,val,0.7966101694915254,0.7965517241379311
aggregated_ranked_features_gas-N2_keep-N2_post-prestimulus,mean,589,test,0.8181818181818182,0.8147368421052632
aggregated_ranked_features_gas-N2_keep-N2_post-prestimulus,mean,590,train,1.0,1.0
aggregated_ranked_features_gas-N2_keep-N2_post-prestimulus,mean,590,val,0.7966101694915254,0.7966101694915254
aggregated_ranked_features_gas-N2_keep-N2_post-prestimulus,mean,590,test,0.8181818181818182,0.8147368421052632
aggregated_ranked_features_gas-N2_keep-N2_post-prestimulus,mean,591,train,1.0,1.0
aggregated_ranked_features_gas-N2_keep-N2_post-prestimulus,mean,591,val,0.7966101694915254,0.7966101694915254
aggregated_ranked_features_gas-N2_keep-N2_post-prestimulus,mean,591,test,0.8181818181818182,0.8147368421052632
aggregated_ranked_features_gas-N2_keep-N2_post-prestimulus,mean,592,train,1.0,1.0
aggregated_ranked_features_gas-N2_keep-N2_post-prestimulus,mean,592,val,0.8050847457627118,0.8050707462472169
aggregated_ranked_features_gas-N2_keep-N2_post-prestimulus,mean,592,test,0.8181818181818182,0.8147368421052632
aggregated_ranked_features_gas-N2_keep-N2_post-prestimulus,mean,593,train,1.0,1.0
aggregated_ranked_features_gas-N2_keep-N2_post-prestimulus,mean,593,val,0.8050847457627118,0.8050707462472169
aggregated_ranked_features_gas-N2_keep-N2_post-prestimulus,mean,593,test,0.8181818181818182,0.8147368421052632
aggregated_ranked_features_gas-N2_keep-N2_post-prestimulus,mean,594,train,1.0,1.0
aggregated_ranked_features_gas-N2_keep-N2_post-prestimulus,mean,594,val,0.788135593220339,0.7881203763556704
aggregated_ranked_features_gas-N2_keep-N2_post-prestimulus,mean,594,test,0.7954545454545454,0.7901430842607313
aggregated_ranked_features_gas-N2_keep-N2_post-prestimulus,mean,595,train,1.0,1.0
aggregated_ranked_features_gas-N2_keep-N2_post-prestimulus,mean,595,val,0.8050847457627118,0.8050707462472169
aggregated_ranked_features_gas-N2_keep-N2_post-prestimulus,mean,595,test,0.7954545454545454,0.7901430842607313
aggregated_ranked_features_gas-N2_keep-N2_post-prestimulus,mean,596,train,1.0,1.0
aggregated_ranked_features_gas-N2_keep-N2_post-prestimulus,mean,596,val,0.8050847457627118,0.8050707462472169
aggregated_ranked_features_gas-N2_keep-N2_post-prestimulus,mean,596,test,0.8181818181818182,0.8147368421052632
aggregated_ranked_features_gas-N2_keep-N2_post-prestimulus,mean,597,train,1.0,1.0
aggregated_ranked_features_gas-N2_keep-N2_post-prestimulus,mean,597,val,0.7966101694915254,0.7966101694915254
aggregated_ranked_features_gas-N2_keep-N2_post-prestimulus,mean,597,test,0.8181818181818182,0.8147368421052632
aggregated_ranked_features_gas-N2_keep-N2_post-prestimulus,mean,598,train,1.0,1.0
aggregated_ranked_features_gas-N2_keep-N2_post-prestimulus,mean,598,val,0.7966101694915254,0.7966101694915254
aggregated_ranked_features_gas-N2_keep-N2_post-prestimulus,mean,598,test,0.8181818181818182,0.8147368421052632
aggregated_ranked_features_gas-N2_keep-N2_post-prestimulus,mean,599,train,1.0,1.0
aggregated_ranked_features_gas-N2_keep-N2_post-prestimulus,mean,599,val,0.7966101694915254,0.7965517241379311
aggregated_ranked_features_gas-N2_keep-N2_post-prestimulus,mean,599,test,0.8181818181818182,0.8147368421052632
aggregated_ranked_features_gas-N2_keep-N2_post-prestimulus,mean,600,train,1.0,1.0
aggregated_ranked_features_gas-N2_keep-N2_post-prestimulus,mean,600,val,0.7966101694915254,0.7965517241379311
aggregated_ranked_features_gas-N2_keep-N2_post-prestimulus,mean,600,test,0.8181818181818182,0.8147368421052632
aggregated_ranked_features_gas-N2_keep-N2_post-prestimulus,mean,601,train,1.0,1.0
aggregated_ranked_features_gas-N2_keep-N2_post-prestimulus,mean,601,val,0.7796610169491526,0.7795977011494253
aggregated_ranked_features_gas-N2_keep-N2_post-prestimulus,mean,601,test,0.8181818181818182,0.8147368421052632
aggregated_ranked_features_gas-N2_keep-N2_post-prestimulus,mean,602,train,1.0,1.0
aggregated_ranked_features_gas-N2_keep-N2_post-prestimulus,mean,602,val,0.7796610169491526,0.7795977011494253
aggregated_ranked_features_gas-N2_keep-N2_post-prestimulus,mean,602,test,0.8181818181818182,0.8147368421052632
aggregated_ranked_features_gas-N2_keep-N2_post-prestimulus,mean,603,train,1.0,1.0
aggregated_ranked_features_gas-N2_keep-N2_post-prestimulus,mean,603,val,0.7966101694915254,0.7966101694915254
aggregated_ranked_features_gas-N2_keep-N2_post-prestimulus,mean,603,test,0.8181818181818182,0.8147368421052632
aggregated_ranked_features_gas-N2_keep-N2_post-prestimulus,mean,604,train,1.0,1.0
aggregated_ranked_features_gas-N2_keep-N2_post-prestimulus,mean,604,val,0.7966101694915254,0.7966101694915254
aggregated_ranked_features_gas-N2_keep-N2_post-prestimulus,mean,604,test,0.8181818181818182,0.8147368421052632
aggregated_ranked_features_gas-N2_keep-N2_post-prestimulus,mean,605,train,1.0,1.0
aggregated_ranked_features_gas-N2_keep-N2_post-prestimulus,mean,605,val,0.7966101694915254,0.7966101694915254
aggregated_ranked_features_gas-N2_keep-N2_post-prestimulus,mean,605,test,0.8181818181818182,0.8147368421052632
aggregated_ranked_features_gas-N2_keep-N2_post-prestimulus,mean,606,train,1.0,1.0
aggregated_ranked_features_gas-N2_keep-N2_post-prestimulus,mean,606,val,0.788135593220339,0.7881203763556704
aggregated_ranked_features_gas-N2_keep-N2_post-prestimulus,mean,606,test,0.7954545454545454,0.7901430842607313
aggregated_ranked_features_gas-N2_keep-N2_post-prestimulus,mean,607,train,1.0,1.0
aggregated_ranked_features_gas-N2_keep-N2_post-prestimulus,mean,607,val,0.7966101694915254,0.7965517241379311
aggregated_ranked_features_gas-N2_keep-N2_post-prestimulus,mean,607,test,0.7954545454545454,0.7901430842607313
aggregated_ranked_features_gas-N2_keep-N2_post-prestimulus,mean,608,train,1.0,1.0
aggregated_ranked_features_gas-N2_keep-N2_post-prestimulus,mean,608,val,0.7796610169491526,0.7795977011494253
aggregated_ranked_features_gas-N2_keep-N2_post-prestimulus,mean,608,test,0.7954545454545454,0.7901430842607313
aggregated_ranked_features_gas-N2_keep-N2_post-prestimulus,mean,609,train,1.0,1.0
aggregated_ranked_features_gas-N2_keep-N2_post-prestimulus,mean,609,val,0.7627118644067796,0.7624388840954845
aggregated_ranked_features_gas-N2_keep-N2_post-prestimulus,mean,609,test,0.8181818181818182,0.8147368421052632
aggregated_ranked_features_gas-N2_keep-N2_post-prestimulus,mean,610,train,1.0,1.0
aggregated_ranked_features_gas-N2_keep-N2_post-prestimulus,mean,610,val,0.7796610169491526,0.7796610169491526
aggregated_ranked_features_gas-N2_keep-N2_post-prestimulus,mean,610,test,0.7954545454545454,0.7901430842607313
aggregated_ranked_features_gas-N2_keep-N2_post-prestimulus,mean,611,train,1.0,1.0
aggregated_ranked_features_gas-N2_keep-N2_post-prestimulus,mean,611,val,0.7796610169491526,0.7795977011494253
aggregated_ranked_features_gas-N2_keep-N2_post-prestimulus,mean,611,test,0.8181818181818182,0.8147368421052632
aggregated_ranked_features_gas-N2_keep-N2_post-prestimulus,mean,612,train,1.0,1.0
aggregated_ranked_features_gas-N2_keep-N2_post-prestimulus,mean,612,val,0.8050847457627118,0.8049586776859504
aggregated_ranked_features_gas-N2_keep-N2_post-prestimulus,mean,612,test,0.7954545454545454,0.7901430842607313
aggregated_ranked_features_gas-N2_keep-N2_post-prestimulus,mean,613,train,1.0,1.0
aggregated_ranked_features_gas-N2_keep-N2_post-prestimulus,mean,613,val,0.8050847457627118,0.8049586776859504
aggregated_ranked_features_gas-N2_keep-N2_post-prestimulus,mean,613,test,0.7954545454545454,0.7901430842607313
aggregated_ranked_features_gas-N2_keep-N2_post-prestimulus,mean,614,train,1.0,1.0
aggregated_ranked_features_gas-N2_keep-N2_post-prestimulus,mean,614,val,0.8050847457627118,0.8049586776859504
aggregated_ranked_features_gas-N2_keep-N2_post-prestimulus,mean,614,test,0.7954545454545454,0.7901430842607313
aggregated_ranked_features_gas-N2_keep-N2_post-prestimulus,mean,615,train,1.0,1.0
aggregated_ranked_features_gas-N2_keep-N2_post-prestimulus,mean,615,val,0.7796610169491526,0.7796610169491526
aggregated_ranked_features_gas-N2_keep-N2_post-prestimulus,mean,615,test,0.8181818181818182,0.8147368421052632
aggregated_ranked_features_gas-N2_keep-N2_post-prestimulus,mean,616,train,1.0,1.0
aggregated_ranked_features_gas-N2_keep-N2_post-prestimulus,mean,616,val,0.788135593220339,0.7881203763556704
aggregated_ranked_features_gas-N2_keep-N2_post-prestimulus,mean,616,test,0.8409090909090909,0.8388278388278387
aggregated_ranked_features_gas-N2_keep-N2_post-prestimulus,mean,617,train,1.0,1.0
aggregated_ranked_features_gas-N2_keep-N2_post-prestimulus,mean,617,val,0.788135593220339,0.7881203763556704
aggregated_ranked_features_gas-N2_keep-N2_post-prestimulus,mean,617,test,0.8181818181818182,0.8147368421052632
aggregated_ranked_features_gas-N2_keep-N2_post-prestimulus,mean,618,train,1.0,1.0
aggregated_ranked_features_gas-N2_keep-N2_post-prestimulus,mean,618,val,0.7796610169491526,0.7795977011494253
aggregated_ranked_features_gas-N2_keep-N2_post-prestimulus,mean,618,test,0.7954545454545454,0.7901430842607313
aggregated_ranked_features_gas-N2_keep-N2_post-prestimulus,mean,619,train,1.0,1.0
aggregated_ranked_features_gas-N2_keep-N2_post-prestimulus,mean,619,val,0.7966101694915254,0.7966101694915254
aggregated_ranked_features_gas-N2_keep-N2_post-prestimulus,mean,619,test,0.7954545454545454,0.7901430842607313
aggregated_ranked_features_gas-N2_keep-N2_post-prestimulus,mean,620,train,1.0,1.0
aggregated_ranked_features_gas-N2_keep-N2_post-prestimulus,mean,620,val,0.7796610169491526,0.7794075352315214
aggregated_ranked_features_gas-N2_keep-N2_post-prestimulus,mean,620,test,0.8181818181818182,0.8147368421052632
aggregated_ranked_features_gas-N2_keep-N2_post-prestimulus,mean,621,train,1.0,1.0
aggregated_ranked_features_gas-N2_keep-N2_post-prestimulus,mean,621,val,0.7627118644067796,0.7626436781609196
aggregated_ranked_features_gas-N2_keep-N2_post-prestimulus,mean,621,test,0.8181818181818182,0.8147368421052632
aggregated_ranked_features_gas-N2_keep-N2_post-prestimulus,mean,622,train,1.0,1.0
aggregated_ranked_features_gas-N2_keep-N2_post-prestimulus,mean,622,val,0.7627118644067796,0.7626436781609196
aggregated_ranked_features_gas-N2_keep-N2_post-prestimulus,mean,622,test,0.8181818181818182,0.8147368421052632
aggregated_ranked_features_gas-N2_keep-N2_post-prestimulus,mean,623,train,1.0,1.0
aggregated_ranked_features_gas-N2_keep-N2_post-prestimulus,mean,623,val,0.788135593220339,0.7881203763556704
aggregated_ranked_features_gas-N2_keep-N2_post-prestimulus,mean,623,test,0.8181818181818182,0.8147368421052632
aggregated_ranked_features_gas-N2_keep-N2_post-prestimulus,mean,624,train,1.0,1.0
aggregated_ranked_features_gas-N2_keep-N2_post-prestimulus,mean,624,val,0.7796610169491526,0.7796610169491526
aggregated_ranked_features_gas-N2_keep-N2_post-prestimulus,mean,624,test,0.8409090909090909,0.8388278388278387
aggregated_ranked_features_gas-N2_keep-N2_post-prestimulus,mean,625,train,1.0,1.0
aggregated_ranked_features_gas-N2_keep-N2_post-prestimulus,mean,625,val,0.7711864406779662,0.7711700064641241
aggregated_ranked_features_gas-N2_keep-N2_post-prestimulus,mean,625,test,0.8181818181818182,0.8147368421052632
aggregated_ranked_features_gas-N2_keep-N2_post-prestimulus,mean,626,train,1.0,1.0
aggregated_ranked_features_gas-N2_keep-N2_post-prestimulus,mean,626,val,0.7711864406779662,0.7711700064641241
aggregated_ranked_features_gas-N2_keep-N2_post-prestimulus,mean,626,test,0.8181818181818182,0.8147368421052632
aggregated_ranked_features_gas-N2_keep-N2_post-prestimulus,mean,627,train,1.0,1.0
aggregated_ranked_features_gas-N2_keep-N2_post-prestimulus,mean,627,val,0.7966101694915254,0.7966101694915254
aggregated_ranked_features_gas-N2_keep-N2_post-prestimulus,mean,627,test,0.7954545454545454,0.7901430842607313
aggregated_ranked_features_gas-N2_keep-N2_post-prestimulus,mean,628,train,1.0,1.0
aggregated_ranked_features_gas-N2_keep-N2_post-prestimulus,mean,628,val,0.7966101694915254,0.7965517241379311
aggregated_ranked_features_gas-N2_keep-N2_post-prestimulus,mean,628,test,0.8181818181818182,0.8147368421052632
aggregated_ranked_features_gas-N2_keep-N2_post-prestimulus,mean,629,train,1.0,1.0
aggregated_ranked_features_gas-N2_keep-N2_post-prestimulus,mean,629,val,0.7966101694915254,0.7965517241379311
aggregated_ranked_features_gas-N2_keep-N2_post-prestimulus,mean,629,test,0.8181818181818182,0.8147368421052632
aggregated_ranked_features_gas-N2_keep-N2_post-prestimulus,mean,630,train,1.0,1.0
aggregated_ranked_features_gas-N2_keep-N2_post-prestimulus,mean,630,val,0.7966101694915254,0.7965517241379311
aggregated_ranked_features_gas-N2_keep-N2_post-prestimulus,mean,630,test,0.8181818181818182,0.8147368421052632
aggregated_ranked_features_gas-N2_keep-N2_post-prestimulus,mean,631,train,1.0,1.0
aggregated_ranked_features_gas-N2_keep-N2_post-prestimulus,mean,631,val,0.7796610169491526,0.7796610169491526
aggregated_ranked_features_gas-N2_keep-N2_post-prestimulus,mean,631,test,0.7954545454545454,0.7901430842607313
aggregated_ranked_features_gas-N2_keep-N2_post-prestimulus,mean,632,train,1.0,1.0
aggregated_ranked_features_gas-N2_keep-N2_post-prestimulus,mean,632,val,0.7796610169491526,0.7796610169491526
aggregated_ranked_features_gas-N2_keep-N2_post-prestimulus,mean,632,test,0.7954545454545454,0.7901430842607313
aggregated_ranked_features_gas-N2_keep-N2_post-prestimulus,mean,633,train,1.0,1.0
aggregated_ranked_features_gas-N2_keep-N2_post-prestimulus,mean,633,val,0.7711864406779662,0.7711700064641241
aggregated_ranked_features_gas-N2_keep-N2_post-prestimulus,mean,633,test,0.7954545454545454,0.7901430842607313
aggregated_ranked_features_gas-N2_keep-N2_post-prestimulus,mean,634,train,1.0,1.0
aggregated_ranked_features_gas-N2_keep-N2_post-prestimulus,mean,634,val,0.7711864406779662,0.7711700064641241
aggregated_ranked_features_gas-N2_keep-N2_post-prestimulus,mean,634,test,0.7954545454545454,0.7901430842607313
aggregated_ranked_features_gas-N2_keep-N2_post-prestimulus,mean,635,train,1.0,1.0
aggregated_ranked_features_gas-N2_keep-N2_post-prestimulus,mean,635,val,0.7711864406779662,0.7710384477182897
aggregated_ranked_features_gas-N2_keep-N2_post-prestimulus,mean,635,test,0.8181818181818182,0.8147368421052632
aggregated_ranked_features_gas-N2_keep-N2_post-prestimulus,mean,636,train,1.0,1.0
aggregated_ranked_features_gas-N2_keep-N2_post-prestimulus,mean,636,val,0.7711864406779662,0.7710384477182897
aggregated_ranked_features_gas-N2_keep-N2_post-prestimulus,mean,636,test,0.8181818181818182,0.8147368421052632
aggregated_ranked_features_gas-N2_keep-N2_post-prestimulus,mean,637,train,1.0,1.0
aggregated_ranked_features_gas-N2_keep-N2_post-prestimulus,mean,637,val,0.7542372881355932,0.7542196365725777
aggregated_ranked_features_gas-N2_keep-N2_post-prestimulus,mean,637,test,0.8181818181818182,0.8147368421052632
aggregated_ranked_features_gas-N2_keep-N2_post-prestimulus,mean,638,train,1.0,1.0
aggregated_ranked_features_gas-N2_keep-N2_post-prestimulus,mean,638,val,0.7542372881355932,0.7542196365725777
aggregated_ranked_features_gas-N2_keep-N2_post-prestimulus,mean,638,test,0.8181818181818182,0.8147368421052632
aggregated_ranked_features_gas-N2_keep-N2_post-prestimulus,mean,639,train,1.0,1.0
aggregated_ranked_features_gas-N2_keep-N2_post-prestimulus,mean,639,val,0.7711864406779662,0.7710384477182897
aggregated_ranked_features_gas-N2_keep-N2_post-prestimulus,mean,639,test,0.8181818181818182,0.8147368421052632
aggregated_ranked_features_gas-N2_keep-N2_post-prestimulus,mean,640,train,1.0,1.0
aggregated_ranked_features_gas-N2_keep-N2_post-prestimulus,mean,640,val,0.7796610169491526,0.7795977011494253
aggregated_ranked_features_gas-N2_keep-N2_post-prestimulus,mean,640,test,0.8181818181818182,0.8147368421052632
aggregated_ranked_features_gas-N2_keep-N2_post-prestimulus,mean,641,train,1.0,1.0
aggregated_ranked_features_gas-N2_keep-N2_post-prestimulus,mean,641,val,0.7796610169491526,0.7795977011494253
aggregated_ranked_features_gas-N2_keep-N2_post-prestimulus,mean,641,test,0.8181818181818182,0.8147368421052632
aggregated_ranked_features_gas-N2_keep-N2_post-prestimulus,mean,642,train,1.0,1.0
aggregated_ranked_features_gas-N2_keep-N2_post-prestimulus,mean,642,val,0.7796610169491526,0.7795977011494253
aggregated_ranked_features_gas-N2_keep-N2_post-prestimulus,mean,642,test,0.8409090909090909,0.8388278388278387
aggregated_ranked_features_gas-N2_keep-N2_post-prestimulus,mean,643,train,1.0,1.0
aggregated_ranked_features_gas-N2_keep-N2_post-prestimulus,mean,643,val,0.788135593220339,0.7881203763556704
aggregated_ranked_features_gas-N2_keep-N2_post-prestimulus,mean,643,test,0.8181818181818182,0.8147368421052632
aggregated_ranked_features_gas-N2_keep-N2_post-prestimulus,mean,644,train,1.0,1.0
aggregated_ranked_features_gas-N2_keep-N2_post-prestimulus,mean,644,val,0.788135593220339,0.7881203763556704
aggregated_ranked_features_gas-N2_keep-N2_post-prestimulus,mean,644,test,0.8181818181818182,0.8147368421052632
aggregated_ranked_features_gas-N2_keep-N2_post-prestimulus,mean,645,train,1.0,1.0
aggregated_ranked_features_gas-N2_keep-N2_post-prestimulus,mean,645,val,0.788135593220339,0.7881203763556704
aggregated_ranked_features_gas-N2_keep-N2_post-prestimulus,mean,645,test,0.8181818181818182,0.8147368421052632
aggregated_ranked_features_gas-N2_keep-N2_post-prestimulus,mean,646,train,1.0,1.0
aggregated_ranked_features_gas-N2_keep-N2_post-prestimulus,mean,646,val,0.7711864406779662,0.7711700064641241
aggregated_ranked_features_gas-N2_keep-N2_post-prestimulus,mean,646,test,0.8181818181818182,0.8147368421052632
aggregated_ranked_features_gas-N2_keep-N2_post-prestimulus,mean,647,train,1.0,1.0
aggregated_ranked_features_gas-N2_keep-N2_post-prestimulus,mean,647,val,0.7966101694915254,0.7966101694915254
aggregated_ranked_features_gas-N2_keep-N2_post-prestimulus,mean,647,test,0.7954545454545454,0.7901430842607313
aggregated_ranked_features_gas-N2_keep-N2_post-prestimulus,mean,648,train,1.0,1.0
aggregated_ranked_features_gas-N2_keep-N2_post-prestimulus,mean,648,val,0.7627118644067796,0.7627118644067796
aggregated_ranked_features_gas-N2_keep-N2_post-prestimulus,mean,648,test,0.8181818181818182,0.8147368421052632
aggregated_ranked_features_gas-N2_keep-N2_post-prestimulus,mean,649,train,1.0,1.0
aggregated_ranked_features_gas-N2_keep-N2_post-prestimulus,mean,649,val,0.7542372881355932,0.7542196365725777
aggregated_ranked_features_gas-N2_keep-N2_post-prestimulus,mean,649,test,0.7954545454545454,0.7901430842607313
aggregated_ranked_features_gas-N2_keep-N2_post-prestimulus,mean,650,train,1.0,1.0
aggregated_ranked_features_gas-N2_keep-N2_post-prestimulus,mean,650,val,0.7711864406779662,0.7710384477182897
aggregated_ranked_features_gas-N2_keep-N2_post-prestimulus,mean,650,test,0.8181818181818182,0.8147368421052632
aggregated_ranked_features_gas-N2_keep-N2_post-prestimulus,mean,651,train,1.0,1.0
aggregated_ranked_features_gas-N2_keep-N2_post-prestimulus,mean,651,val,0.788135593220339,0.7881203763556704
aggregated_ranked_features_gas-N2_keep-N2_post-prestimulus,mean,651,test,0.7954545454545454,0.7901430842607313
aggregated_ranked_features_gas-N2_keep-N2_post-prestimulus,mean,652,train,1.0,1.0
aggregated_ranked_features_gas-N2_keep-N2_post-prestimulus,mean,652,val,0.7711864406779662,0.7711700064641241
aggregated_ranked_features_gas-N2_keep-N2_post-prestimulus,mean,652,test,0.8181818181818182,0.8147368421052632
aggregated_ranked_features_gas-N2_keep-N2_post-prestimulus,mean,653,train,1.0,1.0
aggregated_ranked_features_gas-N2_keep-N2_post-prestimulus,mean,653,val,0.7711864406779662,0.7711700064641241
aggregated_ranked_features_gas-N2_keep-N2_post-prestimulus,mean,653,test,0.8181818181818182,0.8147368421052632
aggregated_ranked_features_gas-N2_keep-N2_post-prestimulus,mean,654,train,1.0,1.0
aggregated_ranked_features_gas-N2_keep-N2_post-prestimulus,mean,654,val,0.788135593220339,0.78799856270212
aggregated_ranked_features_gas-N2_keep-N2_post-prestimulus,mean,654,test,0.8181818181818182,0.8147368421052632
aggregated_ranked_features_gas-N2_keep-N2_post-prestimulus,mean,655,train,1.0,1.0
aggregated_ranked_features_gas-N2_keep-N2_post-prestimulus,mean,655,val,0.7627118644067796,0.7626436781609196
aggregated_ranked_features_gas-N2_keep-N2_post-prestimulus,mean,655,test,0.8409090909090909,0.8388278388278387
aggregated_ranked_features_gas-N2_keep-N2_post-prestimulus,mean,656,train,1.0,1.0
aggregated_ranked_features_gas-N2_keep-N2_post-prestimulus,mean,656,val,0.8050847457627118,0.8050707462472169
aggregated_ranked_features_gas-N2_keep-N2_post-prestimulus,mean,656,test,0.8409090909090909,0.8388278388278387
aggregated_ranked_features_gas-N2_keep-N2_post-prestimulus,mean,657,train,1.0,1.0
aggregated_ranked_features_gas-N2_keep-N2_post-prestimulus,mean,657,val,0.8050847457627118,0.8050707462472169
aggregated_ranked_features_gas-N2_keep-N2_post-prestimulus,mean,657,test,0.8409090909090909,0.8388278388278387
aggregated_ranked_features_gas-N2_keep-N2_post-prestimulus,mean,658,train,1.0,1.0
aggregated_ranked_features_gas-N2_keep-N2_post-prestimulus,mean,658,val,0.8050847457627118,0.8050707462472169
aggregated_ranked_features_gas-N2_keep-N2_post-prestimulus,mean,658,test,0.8409090909090909,0.8388278388278387
aggregated_ranked_features_gas-N2_keep-N2_post-prestimulus,mean,659,train,1.0,1.0
aggregated_ranked_features_gas-N2_keep-N2_post-prestimulus,mean,659,val,0.7542372881355932,0.7540783327344592
aggregated_ranked_features_gas-N2_keep-N2_post-prestimulus,mean,659,test,0.8181818181818182,0.8147368421052632
aggregated_ranked_features_gas-N2_keep-N2_post-prestimulus,mean,660,train,1.0,1.0
aggregated_ranked_features_gas-N2_keep-N2_post-prestimulus,mean,660,val,0.7966101694915254,0.7963761863675582
aggregated_ranked_features_gas-N2_keep-N2_post-prestimulus,mean,660,test,0.8181818181818182,0.8147368421052632
aggregated_ranked_features_gas-N2_keep-N2_post-prestimulus,mean,661,train,1.0,1.0
aggregated_ranked_features_gas-N2_keep-N2_post-prestimulus,mean,661,val,0.7966101694915254,0.7963761863675582
aggregated_ranked_features_gas-N2_keep-N2_post-prestimulus,mean,661,test,0.8181818181818182,0.8147368421052632
aggregated_ranked_features_gas-N2_keep-N2_post-prestimulus,mean,662,train,1.0,1.0
aggregated_ranked_features_gas-N2_keep-N2_post-prestimulus,mean,662,val,0.7966101694915254,0.7963761863675582
aggregated_ranked_features_gas-N2_keep-N2_post-prestimulus,mean,662,test,0.8181818181818182,0.8147368421052632
aggregated_ranked_features_gas-N2_keep-N2_post-prestimulus,mean,663,train,1.0,1.0
aggregated_ranked_features_gas-N2_keep-N2_post-prestimulus,mean,663,val,0.7966101694915254,0.7963761863675582
aggregated_ranked_features_gas-N2_keep-N2_post-prestimulus,mean,663,test,0.8181818181818182,0.8147368421052632
aggregated_ranked_features_gas-N2_keep-N2_post-prestimulus,mean,664,train,1.0,1.0
aggregated_ranked_features_gas-N2_keep-N2_post-prestimulus,mean,664,val,0.7966101694915254,0.7963761863675582
aggregated_ranked_features_gas-N2_keep-N2_post-prestimulus,mean,664,test,0.8181818181818182,0.8147368421052632
aggregated_ranked_features_gas-N2_keep-N2_post-prestimulus,mean,665,train,1.0,1.0
aggregated_ranked_features_gas-N2_keep-N2_post-prestimulus,mean,665,val,0.7966101694915254,0.7963761863675582
aggregated_ranked_features_gas-N2_keep-N2_post-prestimulus,mean,665,test,0.8181818181818182,0.8147368421052632
aggregated_ranked_features_gas-N2_keep-N2_post-prestimulus,mean,666,train,1.0,1.0
aggregated_ranked_features_gas-N2_keep-N2_post-prestimulus,mean,666,val,0.7542372881355932,0.7542196365725777
aggregated_ranked_features_gas-N2_keep-N2_post-prestimulus,mean,666,test,0.8181818181818182,0.8147368421052632
aggregated_ranked_features_gas-N2_keep-N2_post-prestimulus,mean,667,train,1.0,1.0
aggregated_ranked_features_gas-N2_keep-N2_post-prestimulus,mean,667,val,0.7627118644067796,0.7624388840954845
aggregated_ranked_features_gas-N2_keep-N2_post-prestimulus,mean,667,test,0.8181818181818182,0.8147368421052632
aggregated_ranked_features_gas-N2_keep-N2_post-prestimulus,mean,668,train,1.0,1.0
aggregated_ranked_features_gas-N2_keep-N2_post-prestimulus,mean,668,val,0.7796610169491526,0.7794075352315214
aggregated_ranked_features_gas-N2_keep-N2_post-prestimulus,mean,668,test,0.7954545454545454,0.7901430842607313
aggregated_ranked_features_gas-N2_keep-N2_post-prestimulus,mean,669,train,1.0,1.0
aggregated_ranked_features_gas-N2_keep-N2_post-prestimulus,mean,669,val,0.7627118644067796,0.7626436781609196
aggregated_ranked_features_gas-N2_keep-N2_post-prestimulus,mean,669,test,0.7954545454545454,0.7901430842607313
aggregated_ranked_features_gas-N2_keep-N2_post-prestimulus,mean,670,train,1.0,1.0
aggregated_ranked_features_gas-N2_keep-N2_post-prestimulus,mean,670,val,0.7542372881355932,0.7540783327344592
aggregated_ranked_features_gas-N2_keep-N2_post-prestimulus,mean,670,test,0.8409090909090909,0.8388278388278387
aggregated_ranked_features_gas-N2_keep-N2_post-prestimulus,mean,671,train,1.0,1.0
aggregated_ranked_features_gas-N2_keep-N2_post-prestimulus,mean,671,val,0.7542372881355932,0.7540783327344592
aggregated_ranked_features_gas-N2_keep-N2_post-prestimulus,mean,671,test,0.8409090909090909,0.8388278388278387
aggregated_ranked_features_gas-N2_keep-N2_post-prestimulus,mean,672,train,1.0,1.0
aggregated_ranked_features_gas-N2_keep-N2_post-prestimulus,mean,672,val,0.7542372881355932,0.7540783327344592
aggregated_ranked_features_gas-N2_keep-N2_post-prestimulus,mean,672,test,0.8409090909090909,0.8388278388278387
aggregated_ranked_features_gas-N2_keep-N2_post-prestimulus,mean,673,train,1.0,1.0
aggregated_ranked_features_gas-N2_keep-N2_post-prestimulus,mean,673,val,0.7542372881355932,0.7540783327344592
aggregated_ranked_features_gas-N2_keep-N2_post-prestimulus,mean,673,test,0.8409090909090909,0.8388278388278387
aggregated_ranked_features_gas-N2_keep-N2_post-prestimulus,mean,674,train,1.0,1.0
aggregated_ranked_features_gas-N2_keep-N2_post-prestimulus,mean,674,val,0.7966101694915254,0.7965517241379311
aggregated_ranked_features_gas-N2_keep-N2_post-prestimulus,mean,674,test,0.7954545454545454,0.7901430842607313
aggregated_ranked_features_gas-N2_keep-N2_post-prestimulus,mean,675,train,1.0,1.0
aggregated_ranked_features_gas-N2_keep-N2_post-prestimulus,mean,675,val,0.7966101694915254,0.7965517241379311
aggregated_ranked_features_gas-N2_keep-N2_post-prestimulus,mean,675,test,0.7954545454545454,0.7901430842607313
aggregated_ranked_features_gas-N2_keep-N2_post-prestimulus,mean,676,train,1.0,1.0
aggregated_ranked_features_gas-N2_keep-N2_post-prestimulus,mean,676,val,0.7966101694915254,0.7965517241379311
aggregated_ranked_features_gas-N2_keep-N2_post-prestimulus,mean,676,test,0.7954545454545454,0.7901430842607313
aggregated_ranked_features_gas-N2_keep-N2_post-prestimulus,mean,677,train,1.0,1.0
aggregated_ranked_features_gas-N2_keep-N2_post-prestimulus,mean,677,val,0.7966101694915254,0.7965517241379311
aggregated_ranked_features_gas-N2_keep-N2_post-prestimulus,mean,677,test,0.7954545454545454,0.7901430842607313
aggregated_ranked_features_gas-N2_keep-N2_post-prestimulus,mean,678,train,1.0,1.0
aggregated_ranked_features_gas-N2_keep-N2_post-prestimulus,mean,678,val,0.7966101694915254,0.7965517241379311
aggregated_ranked_features_gas-N2_keep-N2_post-prestimulus,mean,678,test,0.7954545454545454,0.7901430842607313
aggregated_ranked_features_gas-N2_keep-N2_post-prestimulus,mean,679,train,1.0,1.0
aggregated_ranked_features_gas-N2_keep-N2_post-prestimulus,mean,679,val,0.788135593220339,0.7877545147132887
aggregated_ranked_features_gas-N2_keep-N2_post-prestimulus,mean,679,test,0.7727272727272727,0.7649572649572649
aggregated_ranked_features_gas-N2_keep-N2_post-prestimulus,mean,680,train,1.0,1.0
aggregated_ranked_features_gas-N2_keep-N2_post-prestimulus,mean,680,val,0.788135593220339,0.7881203763556704
aggregated_ranked_features_gas-N2_keep-N2_post-prestimulus,mean,680,test,0.7954545454545454,0.7901430842607313
aggregated_ranked_features_gas-N2_keep-N2_post-prestimulus,mean,681,train,1.0,1.0
aggregated_ranked_features_gas-N2_keep-N2_post-prestimulus,mean,681,val,0.788135593220339,0.7881203763556704
aggregated_ranked_features_gas-N2_keep-N2_post-prestimulus,mean,681,test,0.7954545454545454,0.7901430842607313
aggregated_ranked_features_gas-N2_keep-N2_post-prestimulus,mean,682,train,1.0,1.0
aggregated_ranked_features_gas-N2_keep-N2_post-prestimulus,mean,682,val,0.788135593220339,0.7881203763556704
aggregated_ranked_features_gas-N2_keep-N2_post-prestimulus,mean,682,test,0.7954545454545454,0.7901430842607313
aggregated_ranked_features_gas-N2_keep-N2_post-prestimulus,mean,683,train,1.0,1.0
aggregated_ranked_features_gas-N2_keep-N2_post-prestimulus,mean,683,val,0.7711864406779662,0.7711700064641241
aggregated_ranked_features_gas-N2_keep-N2_post-prestimulus,mean,683,test,0.7954545454545454,0.7901430842607313
aggregated_ranked_features_gas-N2_keep-N2_post-prestimulus,mean,684,train,1.0,1.0
aggregated_ranked_features_gas-N2_keep-N2_post-prestimulus,mean,684,val,0.7711864406779662,0.7711700064641241
aggregated_ranked_features_gas-N2_keep-N2_post-prestimulus,mean,684,test,0.7954545454545454,0.7901430842607313
aggregated_ranked_features_gas-N2_keep-N2_post-prestimulus,mean,685,train,1.0,1.0
aggregated_ranked_features_gas-N2_keep-N2_post-prestimulus,mean,685,val,0.7711864406779662,0.7711700064641241
aggregated_ranked_features_gas-N2_keep-N2_post-prestimulus,mean,685,test,0.7954545454545454,0.7901430842607313
aggregated_ranked_features_gas-N2_keep-N2_post-prestimulus,mean,686,train,1.0,1.0
aggregated_ranked_features_gas-N2_keep-N2_post-prestimulus,mean,686,val,0.788135593220339,0.7881203763556704
aggregated_ranked_features_gas-N2_keep-N2_post-prestimulus,mean,686,test,0.8181818181818182,0.8147368421052632
aggregated_ranked_features_gas-N2_keep-N2_post-prestimulus,mean,687,train,1.0,1.0
aggregated_ranked_features_gas-N2_keep-N2_post-prestimulus,mean,687,val,0.788135593220339,0.7881203763556704
aggregated_ranked_features_gas-N2_keep-N2_post-prestimulus,mean,687,test,0.8181818181818182,0.8147368421052632
aggregated_ranked_features_gas-N2_keep-N2_post-prestimulus,mean,688,train,1.0,1.0
aggregated_ranked_features_gas-N2_keep-N2_post-prestimulus,mean,688,val,0.788135593220339,0.7881203763556704
aggregated_ranked_features_gas-N2_keep-N2_post-prestimulus,mean,688,test,0.8181818181818182,0.8147368421052632
aggregated_ranked_features_gas-N2_keep-N2_post-prestimulus,mean,689,train,1.0,1.0
aggregated_ranked_features_gas-N2_keep-N2_post-prestimulus,mean,689,val,0.788135593220339,0.7881203763556704
aggregated_ranked_features_gas-N2_keep-N2_post-prestimulus,mean,689,test,0.8181818181818182,0.8147368421052632
aggregated_ranked_features_gas-N2_keep-N2_post-prestimulus,mean,690,train,1.0,1.0
aggregated_ranked_features_gas-N2_keep-N2_post-prestimulus,mean,690,val,0.788135593220339,0.7881203763556704
aggregated_ranked_features_gas-N2_keep-N2_post-prestimulus,mean,690,test,0.8181818181818182,0.8147368421052632
aggregated_ranked_features_gas-N2_keep-N2_post-prestimulus,mean,691,train,1.0,1.0
aggregated_ranked_features_gas-N2_keep-N2_post-prestimulus,mean,691,val,0.788135593220339,0.7881203763556704
aggregated_ranked_features_gas-N2_keep-N2_post-prestimulus,mean,691,test,0.8181818181818182,0.8147368421052632
aggregated_ranked_features_gas-N2_keep-N2_post-prestimulus,mean,692,train,1.0,1.0
aggregated_ranked_features_gas-N2_keep-N2_post-prestimulus,mean,692,val,0.788135593220339,0.7881203763556704
aggregated_ranked_features_gas-N2_keep-N2_post-prestimulus,mean,692,test,0.8181818181818182,0.8147368421052632
aggregated_ranked_features_gas-N2_keep-N2_post-prestimulus,mean,693,train,1.0,1.0
aggregated_ranked_features_gas-N2_keep-N2_post-prestimulus,mean,693,val,0.788135593220339,0.7881203763556704
aggregated_ranked_features_gas-N2_keep-N2_post-prestimulus,mean,693,test,0.8181818181818182,0.8147368421052632
aggregated_ranked_features_gas-N2_keep-N2_post-prestimulus,mean,694,train,1.0,1.0
aggregated_ranked_features_gas-N2_keep-N2_post-prestimulus,mean,694,val,0.788135593220339,0.7881203763556704
aggregated_ranked_features_gas-N2_keep-N2_post-prestimulus,mean,694,test,0.8181818181818182,0.8147368421052632
aggregated_ranked_features_gas-N2_keep-N2_post-prestimulus,mean,695,train,1.0,1.0
aggregated_ranked_features_gas-N2_keep-N2_post-prestimulus,mean,695,val,0.788135593220339,0.7881203763556704
aggregated_ranked_features_gas-N2_keep-N2_post-prestimulus,mean,695,test,0.8181818181818182,0.8147368421052632
aggregated_ranked_features_gas-N2_keep-N2_post-prestimulus,mean,696,train,1.0,1.0
aggregated_ranked_features_gas-N2_keep-N2_post-prestimulus,mean,696,val,0.7966101694915254,0.7963761863675582
aggregated_ranked_features_gas-N2_keep-N2_post-prestimulus,mean,696,test,0.8181818181818182,0.8147368421052632
aggregated_ranked_features_gas-N2_keep-N2_post-prestimulus,mean,697,train,1.0,1.0
aggregated_ranked_features_gas-N2_keep-N2_post-prestimulus,mean,697,val,0.7966101694915254,0.7963761863675582
aggregated_ranked_features_gas-N2_keep-N2_post-prestimulus,mean,697,test,0.8181818181818182,0.8147368421052632
aggregated_ranked_features_gas-N2_keep-N2_post-prestimulus,mean,698,train,1.0,1.0
aggregated_ranked_features_gas-N2_keep-N2_post-prestimulus,mean,698,val,0.7966101694915254,0.7963761863675582
aggregated_ranked_features_gas-N2_keep-N2_post-prestimulus,mean,698,test,0.8181818181818182,0.8147368421052632
aggregated_ranked_features_gas-N2_keep-N2_post-prestimulus,mean,699,train,1.0,1.0
aggregated_ranked_features_gas-N2_keep-N2_post-prestimulus,mean,699,val,0.7966101694915254,0.7963761863675582
aggregated_ranked_features_gas-N2_keep-N2_post-prestimulus,mean,699,test,0.8181818181818182,0.8147368421052632
aggregated_ranked_features_gas-N2_keep-N2_post-prestimulus,mean,700,train,1.0,1.0
aggregated_ranked_features_gas-N2_keep-N2_post-prestimulus,mean,700,val,0.7966101694915254,0.7963761863675582
aggregated_ranked_features_gas-N2_keep-N2_post-prestimulus,mean,700,test,0.8181818181818182,0.8147368421052632
aggregated_ranked_features_gas-N2_keep-N2_post-prestimulus,mean,701,train,1.0,1.0
aggregated_ranked_features_gas-N2_keep-N2_post-prestimulus,mean,701,val,0.7966101694915254,0.7963761863675582
aggregated_ranked_features_gas-N2_keep-N2_post-prestimulus,mean,701,test,0.8181818181818182,0.8147368421052632
aggregated_ranked_features_gas-N2_keep-N2_post-prestimulus,mean,702,train,1.0,1.0
aggregated_ranked_features_gas-N2_keep-N2_post-prestimulus,mean,702,val,0.7966101694915254,0.7963761863675582
aggregated_ranked_features_gas-N2_keep-N2_post-prestimulus,mean,702,test,0.8181818181818182,0.8147368421052632
aggregated_ranked_features_gas-N2_keep-N2_post-prestimulus,mean,703,train,1.0,1.0
aggregated_ranked_features_gas-N2_keep-N2_post-prestimulus,mean,703,val,0.788135593220339,0.7881203763556704
aggregated_ranked_features_gas-N2_keep-N2_post-prestimulus,mean,703,test,0.8181818181818182,0.8147368421052632
aggregated_ranked_features_gas-N2_keep-N2_post-prestimulus,mean,704,train,1.0,1.0
aggregated_ranked_features_gas-N2_keep-N2_post-prestimulus,mean,704,val,0.788135593220339,0.7881203763556704
aggregated_ranked_features_gas-N2_keep-N2_post-prestimulus,mean,704,test,0.8181818181818182,0.8147368421052632
aggregated_ranked_features_gas-N2_keep-N2_post-prestimulus,mean,705,train,1.0,1.0
aggregated_ranked_features_gas-N2_keep-N2_post-prestimulus,mean,705,val,0.788135593220339,0.7881203763556704
aggregated_ranked_features_gas-N2_keep-N2_post-prestimulus,mean,705,test,0.8181818181818182,0.8147368421052632
aggregated_ranked_features_gas-N2_keep-N2_post-prestimulus,mean,706,train,1.0,1.0
aggregated_ranked_features_gas-N2_keep-N2_post-prestimulus,mean,706,val,0.788135593220339,0.7881203763556704
aggregated_ranked_features_gas-N2_keep-N2_post-prestimulus,mean,706,test,0.8181818181818182,0.8147368421052632
aggregated_ranked_features_gas-N2_keep-N2_post-prestimulus,mean,707,train,1.0,1.0
aggregated_ranked_features_gas-N2_keep-N2_post-prestimulus,mean,707,val,0.788135593220339,0.7881203763556704
aggregated_ranked_features_gas-N2_keep-N2_post-prestimulus,mean,707,test,0.8181818181818182,0.8147368421052632
aggregated_ranked_features_gas-N2_keep-N2_post-prestimulus,mean,708,train,1.0,1.0
aggregated_ranked_features_gas-N2_keep-N2_post-prestimulus,mean,708,val,0.788135593220339,0.7881203763556704
aggregated_ranked_features_gas-N2_keep-N2_post-prestimulus,mean,708,test,0.8181818181818182,0.8147368421052632
aggregated_ranked_features_gas-N2_keep-N2_post-prestimulus,mean,709,train,1.0,1.0
aggregated_ranked_features_gas-N2_keep-N2_post-prestimulus,mean,709,val,0.7711864406779662,0.7711700064641241
aggregated_ranked_features_gas-N2_keep-N2_post-prestimulus,mean,709,test,0.7954545454545454,0.7901430842607313
aggregated_ranked_features_gas-N2_keep-N2_post-prestimulus,mean,710,train,1.0,1.0
aggregated_ranked_features_gas-N2_keep-N2_post-prestimulus,mean,710,val,0.7711864406779662,0.7711700064641241
aggregated_ranked_features_gas-N2_keep-N2_post-prestimulus,mean,710,test,0.7954545454545454,0.7901430842607313
aggregated_ranked_features_gas-N2_keep-N2_post-prestimulus,mean,711,train,1.0,1.0
aggregated_ranked_features_gas-N2_keep-N2_post-prestimulus,mean,711,val,0.7711864406779662,0.7711700064641241
aggregated_ranked_features_gas-N2_keep-N2_post-prestimulus,mean,711,test,0.7954545454545454,0.7901430842607313
aggregated_ranked_features_gas-N2_keep-N2_post-prestimulus,mean,712,train,1.0,1.0
aggregated_ranked_features_gas-N2_keep-N2_post-prestimulus,mean,712,val,0.7711864406779662,0.7710384477182897
aggregated_ranked_features_gas-N2_keep-N2_post-prestimulus,mean,712,test,0.8181818181818182,0.8147368421052632
aggregated_ranked_features_gas-N2_keep-N2_post-prestimulus,mean,713,train,1.0,1.0
aggregated_ranked_features_gas-N2_keep-N2_post-prestimulus,mean,713,val,0.7711864406779662,0.7710384477182897
aggregated_ranked_features_gas-N2_keep-N2_post-prestimulus,mean,713,test,0.8181818181818182,0.8147368421052632
aggregated_ranked_features_gas-N2_keep-N2_post-prestimulus,mean,714,train,1.0,1.0
aggregated_ranked_features_gas-N2_keep-N2_post-prestimulus,mean,714,val,0.7711864406779662,0.7710384477182897
aggregated_ranked_features_gas-N2_keep-N2_post-prestimulus,mean,714,test,0.8181818181818182,0.8147368421052632
aggregated_ranked_features_gas-N2_keep-N2_post-prestimulus,mean,715,train,1.0,1.0
aggregated_ranked_features_gas-N2_keep-N2_post-prestimulus,mean,715,val,0.788135593220339,0.7881203763556704
aggregated_ranked_features_gas-N2_keep-N2_post-prestimulus,mean,715,test,0.8181818181818182,0.8147368421052632
aggregated_ranked_features_gas-N2_keep-N2_post-prestimulus,mean,716,train,1.0,1.0
aggregated_ranked_features_gas-N2_keep-N2_post-prestimulus,mean,716,val,0.788135593220339,0.7881203763556704
aggregated_ranked_features_gas-N2_keep-N2_post-prestimulus,mean,716,test,0.8181818181818182,0.8147368421052632
aggregated_ranked_features_gas-N2_keep-N2_post-prestimulus,mean,717,train,1.0,1.0
aggregated_ranked_features_gas-N2_keep-N2_post-prestimulus,mean,717,val,0.7627118644067796,0.7626436781609196
aggregated_ranked_features_gas-N2_keep-N2_post-prestimulus,mean,717,test,0.8409090909090909,0.8388278388278387
aggregated_ranked_features_gas-N2_keep-N2_post-prestimulus,mean,718,train,1.0,1.0
aggregated_ranked_features_gas-N2_keep-N2_post-prestimulus,mean,718,val,0.7627118644067796,0.7626436781609196
aggregated_ranked_features_gas-N2_keep-N2_post-prestimulus,mean,718,test,0.8181818181818182,0.8147368421052632
aggregated_ranked_features_gas-N2_keep-N2_post-prestimulus,mean,719,train,1.0,1.0
aggregated_ranked_features_gas-N2_keep-N2_post-prestimulus,mean,719,val,0.7627118644067796,0.7626436781609196
aggregated_ranked_features_gas-N2_keep-N2_post-prestimulus,mean,719,test,0.8181818181818182,0.8147368421052632
aggregated_ranked_features_gas-N2_keep-N2_post-prestimulus,mean,720,train,1.0,1.0
aggregated_ranked_features_gas-N2_keep-N2_post-prestimulus,mean,720,val,0.788135593220339,0.7881203763556704
aggregated_ranked_features_gas-N2_keep-N2_post-prestimulus,mean,720,test,0.8181818181818182,0.8147368421052632
aggregated_ranked_features_gas-N2_keep-N2_post-prestimulus,mean,721,train,1.0,1.0
aggregated_ranked_features_gas-N2_keep-N2_post-prestimulus,mean,721,val,0.788135593220339,0.7881203763556704
aggregated_ranked_features_gas-N2_keep-N2_post-prestimulus,mean,721,test,0.8181818181818182,0.8147368421052632
aggregated_ranked_features_gas-N2_keep-N2_post-prestimulus,mean,722,train,1.0,1.0
aggregated_ranked_features_gas-N2_keep-N2_post-prestimulus,mean,722,val,0.788135593220339,0.7881203763556704
aggregated_ranked_features_gas-N2_keep-N2_post-prestimulus,mean,722,test,0.8181818181818182,0.8147368421052632
aggregated_ranked_features_gas-N2_keep-N2_post-prestimulus,mean,723,train,1.0,1.0
aggregated_ranked_features_gas-N2_keep-N2_post-prestimulus,mean,723,val,0.7796610169491526,0.7795977011494253
aggregated_ranked_features_gas-N2_keep-N2_post-prestimulus,mean,723,test,0.8181818181818182,0.8147368421052632
aggregated_ranked_features_gas-N2_keep-N2_post-prestimulus,mean,724,train,1.0,1.0
aggregated_ranked_features_gas-N2_keep-N2_post-prestimulus,mean,724,val,0.7796610169491526,0.7795977011494253
aggregated_ranked_features_gas-N2_keep-N2_post-prestimulus,mean,724,test,0.8181818181818182,0.8147368421052632
aggregated_ranked_features_gas-N2_keep-N2_post-prestimulus,mean,725,train,1.0,1.0
aggregated_ranked_features_gas-N2_keep-N2_post-prestimulus,mean,725,val,0.7796610169491526,0.7795977011494253
aggregated_ranked_features_gas-N2_keep-N2_post-prestimulus,mean,725,test,0.8181818181818182,0.8147368421052632
aggregated_ranked_features_gas-N2_keep-N2_post-prestimulus,mean,726,train,1.0,1.0
aggregated_ranked_features_gas-N2_keep-N2_post-prestimulus,mean,726,val,0.7542372881355932,0.7542196365725777
aggregated_ranked_features_gas-N2_keep-N2_post-prestimulus,mean,726,test,0.7954545454545454,0.7901430842607313
aggregated_ranked_features_gas-N2_keep-N2_post-prestimulus,mean,727,train,1.0,1.0
aggregated_ranked_features_gas-N2_keep-N2_post-prestimulus,mean,727,val,0.7542372881355932,0.7542196365725777
aggregated_ranked_features_gas-N2_keep-N2_post-prestimulus,mean,727,test,0.7954545454545454,0.7901430842607313
aggregated_ranked_features_gas-N2_keep-N2_post-prestimulus,mean,728,train,1.0,1.0
aggregated_ranked_features_gas-N2_keep-N2_post-prestimulus,mean,728,val,0.7542372881355932,0.7542196365725777
aggregated_ranked_features_gas-N2_keep-N2_post-prestimulus,mean,728,test,0.7954545454545454,0.7901430842607313
aggregated_ranked_features_gas-N2_keep-N2_post-prestimulus,mean,729,train,1.0,1.0
aggregated_ranked_features_gas-N2_keep-N2_post-prestimulus,mean,729,val,0.7542372881355932,0.7542196365725777
aggregated_ranked_features_gas-N2_keep-N2_post-prestimulus,mean,729,test,0.7954545454545454,0.7901430842607313
aggregated_ranked_features_gas-N2_keep-N2_post-prestimulus,mean,730,train,1.0,1.0
aggregated_ranked_features_gas-N2_keep-N2_post-prestimulus,mean,730,val,0.7542372881355932,0.7542196365725777
aggregated_ranked_features_gas-N2_keep-N2_post-prestimulus,mean,730,test,0.7954545454545454,0.7901430842607313
aggregated_ranked_features_gas-N2_keep-N2_post-prestimulus,mean,731,train,1.0,1.0
aggregated_ranked_features_gas-N2_keep-N2_post-prestimulus,mean,731,val,0.7542372881355932,0.7542196365725777
aggregated_ranked_features_gas-N2_keep-N2_post-prestimulus,mean,731,test,0.7954545454545454,0.7901430842607313
aggregated_ranked_features_gas-N2_keep-N2_post-prestimulus,mean,732,train,1.0,1.0
aggregated_ranked_features_gas-N2_keep-N2_post-prestimulus,mean,732,val,0.7542372881355932,0.7542196365725777
aggregated_ranked_features_gas-N2_keep-N2_post-prestimulus,mean,732,test,0.7954545454545454,0.7901430842607313
aggregated_ranked_features_gas-N2_keep-N2_post-prestimulus,mean,733,train,1.0,1.0
aggregated_ranked_features_gas-N2_keep-N2_post-prestimulus,mean,733,val,0.8050847457627118,0.8050707462472169
aggregated_ranked_features_gas-N2_keep-N2_post-prestimulus,mean,733,test,0.7954545454545454,0.7901430842607313
aggregated_ranked_features_gas-N2_keep-N2_post-prestimulus,mean,734,train,1.0,1.0
aggregated_ranked_features_gas-N2_keep-N2_post-prestimulus,mean,734,val,0.8050847457627118,0.8050707462472169
aggregated_ranked_features_gas-N2_keep-N2_post-prestimulus,mean,734,test,0.7954545454545454,0.7901430842607313
aggregated_ranked_features_gas-N2_keep-N2_post-prestimulus,mean,735,train,1.0,1.0
aggregated_ranked_features_gas-N2_keep-N2_post-prestimulus,mean,735,val,0.8050847457627118,0.8050707462472169
aggregated_ranked_features_gas-N2_keep-N2_post-prestimulus,mean,735,test,0.7954545454545454,0.7901430842607313
aggregated_ranked_features_gas-N2_keep-N2_post-prestimulus,mean,736,train,1.0,1.0
aggregated_ranked_features_gas-N2_keep-N2_post-prestimulus,mean,736,val,0.8050847457627118,0.8050707462472169
aggregated_ranked_features_gas-N2_keep-N2_post-prestimulus,mean,736,test,0.7954545454545454,0.7901430842607313
aggregated_ranked_features_gas-N2_keep-N2_post-prestimulus,mean,737,train,1.0,1.0
aggregated_ranked_features_gas-N2_keep-N2_post-prestimulus,mean,737,val,0.8050847457627118,0.8050707462472169
aggregated_ranked_features_gas-N2_keep-N2_post-prestimulus,mean,737,test,0.7954545454545454,0.7901430842607313
aggregated_ranked_features_gas-N2_keep-N2_post-prestimulus,mean,738,train,1.0,1.0
aggregated_ranked_features_gas-N2_keep-N2_post-prestimulus,mean,738,val,0.8050847457627118,0.8050707462472169
aggregated_ranked_features_gas-N2_keep-N2_post-prestimulus,mean,738,test,0.7954545454545454,0.7901430842607313
aggregated_ranked_features_gas-N2_keep-N2_post-prestimulus,mean,739,train,1.0,1.0
aggregated_ranked_features_gas-N2_keep-N2_post-prestimulus,mean,739,val,0.8050847457627118,0.8050707462472169
aggregated_ranked_features_gas-N2_keep-N2_post-prestimulus,mean,739,test,0.7954545454545454,0.7901430842607313
aggregated_ranked_features_gas-N2_keep-N2_post-prestimulus,mean,740,train,1.0,1.0
aggregated_ranked_features_gas-N2_keep-N2_post-prestimulus,mean,740,val,0.8050847457627118,0.8050707462472169
aggregated_ranked_features_gas-N2_keep-N2_post-prestimulus,mean,740,test,0.7954545454545454,0.7901430842607313
aggregated_ranked_features_gas-N2_keep-N2_post-prestimulus,mean,741,train,1.0,1.0
aggregated_ranked_features_gas-N2_keep-N2_post-prestimulus,mean,741,val,0.8220338983050848,0.8219187926697809
aggregated_ranked_features_gas-N2_keep-N2_post-prestimulus,mean,741,test,0.7954545454545454,0.7901430842607313
aggregated_ranked_features_gas-N2_keep-N2_post-prestimulus,mean,742,train,1.0,1.0
aggregated_ranked_features_gas-N2_keep-N2_post-prestimulus,mean,742,val,0.8220338983050848,0.8219187926697809
aggregated_ranked_features_gas-N2_keep-N2_post-prestimulus,mean,742,test,0.7954545454545454,0.7901430842607313
aggregated_ranked_features_gas-N2_keep-N2_post-prestimulus,mean,743,train,1.0,1.0
aggregated_ranked_features_gas-N2_keep-N2_post-prestimulus,mean,743,val,0.8220338983050848,0.8219187926697809
aggregated_ranked_features_gas-N2_keep-N2_post-prestimulus,mean,743,test,0.7954545454545454,0.7901430842607313
aggregated_ranked_features_gas-N2_keep-N2_post-prestimulus,mean,744,train,1.0,1.0
aggregated_ranked_features_gas-N2_keep-N2_post-prestimulus,mean,744,val,0.7966101694915254,0.7966101694915254
aggregated_ranked_features_gas-N2_keep-N2_post-prestimulus,mean,744,test,0.8409090909090909,0.8388278388278387
aggregated_ranked_features_gas-N2_keep-N2_post-prestimulus,mean,745,train,1.0,1.0
aggregated_ranked_features_gas-N2_keep-N2_post-prestimulus,mean,745,val,0.7966101694915254,0.7966101694915254
aggregated_ranked_features_gas-N2_keep-N2_post-prestimulus,mean,745,test,0.8409090909090909,0.8388278388278387
aggregated_ranked_features_gas-N2_keep-N2_post-prestimulus,mean,746,train,1.0,1.0
aggregated_ranked_features_gas-N2_keep-N2_post-prestimulus,mean,746,val,0.7966101694915254,0.7966101694915254
aggregated_ranked_features_gas-N2_keep-N2_post-prestimulus,mean,746,test,0.8409090909090909,0.8388278388278387
aggregated_ranked_features_gas-N2_keep-N2_post-prestimulus,mean,747,train,1.0,1.0
aggregated_ranked_features_gas-N2_keep-N2_post-prestimulus,mean,747,val,0.7966101694915254,0.7966101694915254
aggregated_ranked_features_gas-N2_keep-N2_post-prestimulus,mean,747,test,0.8409090909090909,0.8388278388278387
aggregated_ranked_features_gas-N2_keep-N2_post-prestimulus,mean,748,train,1.0,1.0
aggregated_ranked_features_gas-N2_keep-N2_post-prestimulus,mean,748,val,0.7966101694915254,0.7966101694915254
aggregated_ranked_features_gas-N2_keep-N2_post-prestimulus,mean,748,test,0.8409090909090909,0.8388278388278387
aggregated_ranked_features_gas-N2_keep-N2_post-prestimulus,mean,749,train,1.0,1.0
aggregated_ranked_features_gas-N2_keep-N2_post-prestimulus,mean,749,val,0.7966101694915254,0.7966101694915254
aggregated_ranked_features_gas-N2_keep-N2_post-prestimulus,mean,749,test,0.8409090909090909,0.8388278388278387
aggregated_ranked_features_gas-N2_keep-N2_post-prestimulus,mean,750,train,1.0,1.0
aggregated_ranked_features_gas-N2_keep-N2_post-prestimulus,mean,750,val,0.7966101694915254,0.7966101694915254
aggregated_ranked_features_gas-N2_keep-N2_post-prestimulus,mean,750,test,0.8409090909090909,0.8388278388278387
aggregated_ranked_features_gas-N2_keep-N2_post-prestimulus,mean,751,train,1.0,1.0
aggregated_ranked_features_gas-N2_keep-N2_post-prestimulus,mean,751,val,0.7966101694915254,0.7966101694915254
aggregated_ranked_features_gas-N2_keep-N2_post-prestimulus,mean,751,test,0.8409090909090909,0.8388278388278387
aggregated_ranked_features_gas-N2_keep-N2_post-prestimulus,mean,752,train,1.0,1.0
aggregated_ranked_features_gas-N2_keep-N2_post-prestimulus,mean,752,val,0.788135593220339,0.7881203763556704
aggregated_ranked_features_gas-N2_keep-N2_post-prestimulus,mean,752,test,0.7954545454545454,0.7901430842607313
aggregated_ranked_features_gas-N2_keep-N2_post-prestimulus,mean,753,train,1.0,1.0
aggregated_ranked_features_gas-N2_keep-N2_post-prestimulus,mean,753,val,0.788135593220339,0.7881203763556704
aggregated_ranked_features_gas-N2_keep-N2_post-prestimulus,mean,753,test,0.7954545454545454,0.7901430842607313
aggregated_ranked_features_gas-N2_keep-N2_post-prestimulus,mean,754,train,1.0,1.0
aggregated_ranked_features_gas-N2_keep-N2_post-prestimulus,mean,754,val,0.788135593220339,0.7881203763556704
aggregated_ranked_features_gas-N2_keep-N2_post-prestimulus,mean,754,test,0.7954545454545454,0.7901430842607313
aggregated_ranked_features_gas-N2_keep-N2_post-prestimulus,mean,755,train,1.0,1.0
aggregated_ranked_features_gas-N2_keep-N2_post-prestimulus,mean,755,val,0.788135593220339,0.7881203763556704
aggregated_ranked_features_gas-N2_keep-N2_post-prestimulus,mean,755,test,0.7954545454545454,0.7901430842607313
aggregated_ranked_features_gas-N2_keep-N2_post-prestimulus,mean,756,train,1.0,1.0
aggregated_ranked_features_gas-N2_keep-N2_post-prestimulus,mean,756,val,0.788135593220339,0.7881203763556704
aggregated_ranked_features_gas-N2_keep-N2_post-prestimulus,mean,756,test,0.7954545454545454,0.7901430842607313
aggregated_ranked_features_gas-N2_keep-N2_post-prestimulus,mean,757,train,1.0,1.0
aggregated_ranked_features_gas-N2_keep-N2_post-prestimulus,mean,757,val,0.788135593220339,0.7881203763556704
aggregated_ranked_features_gas-N2_keep-N2_post-prestimulus,mean,757,test,0.7954545454545454,0.7901430842607313
aggregated_ranked_features_gas-N2_keep-N2_post-prestimulus,mean,758,train,1.0,1.0
aggregated_ranked_features_gas-N2_keep-N2_post-prestimulus,mean,758,val,0.788135593220339,0.7881203763556704
aggregated_ranked_features_gas-N2_keep-N2_post-prestimulus,mean,758,test,0.7954545454545454,0.7901430842607313
aggregated_ranked_features_gas-N2_keep-N2_post-prestimulus,mean,759,train,1.0,1.0
aggregated_ranked_features_gas-N2_keep-N2_post-prestimulus,mean,759,val,0.788135593220339,0.7881203763556704
aggregated_ranked_features_gas-N2_keep-N2_post-prestimulus,mean,759,test,0.7954545454545454,0.7901430842607313
aggregated_ranked_features_gas-N2_keep-N2_post-prestimulus,mean,760,train,1.0,1.0
aggregated_ranked_features_gas-N2_keep-N2_post-prestimulus,mean,760,val,0.788135593220339,0.7881203763556704
aggregated_ranked_features_gas-N2_keep-N2_post-prestimulus,mean,760,test,0.7954545454545454,0.7901430842607313
aggregated_ranked_features_gas-N2_keep-N2_post-prestimulus,mean,761,train,1.0,1.0
aggregated_ranked_features_gas-N2_keep-N2_post-prestimulus,mean,761,val,0.788135593220339,0.7881203763556704
aggregated_ranked_features_gas-N2_keep-N2_post-prestimulus,mean,761,test,0.7954545454545454,0.7901430842607313
aggregated_ranked_features_gas-N2_keep-N2_post-prestimulus,mean,762,train,1.0,1.0
aggregated_ranked_features_gas-N2_keep-N2_post-prestimulus,mean,762,val,0.788135593220339,0.7881203763556704
aggregated_ranked_features_gas-N2_keep-N2_post-prestimulus,mean,762,test,0.7954545454545454,0.7901430842607313
aggregated_ranked_features_gas-N2_keep-N2_post-prestimulus,mean,763,train,1.0,1.0
aggregated_ranked_features_gas-N2_keep-N2_post-prestimulus,mean,763,val,0.788135593220339,0.7881203763556704
aggregated_ranked_features_gas-N2_keep-N2_post-prestimulus,mean,763,test,0.7954545454545454,0.7901430842607313
aggregated_ranked_features_gas-N2_keep-N2_post-prestimulus,mean,764,train,1.0,1.0
aggregated_ranked_features_gas-N2_keep-N2_post-prestimulus,mean,764,val,0.788135593220339,0.7881203763556704
aggregated_ranked_features_gas-N2_keep-N2_post-prestimulus,mean,764,test,0.7954545454545454,0.7901430842607313
aggregated_ranked_features_gas-N2_keep-N2_post-prestimulus,mean,765,train,1.0,1.0
aggregated_ranked_features_gas-N2_keep-N2_post-prestimulus,mean,765,val,0.788135593220339,0.7881203763556704
aggregated_ranked_features_gas-N2_keep-N2_post-prestimulus,mean,765,test,0.7954545454545454,0.7901430842607313
aggregated_ranked_features_gas-N2_keep-N2_post-prestimulus,mean,766,train,1.0,1.0
aggregated_ranked_features_gas-N2_keep-N2_post-prestimulus,mean,766,val,0.788135593220339,0.7881203763556704
aggregated_ranked_features_gas-N2_keep-N2_post-prestimulus,mean,766,test,0.7954545454545454,0.7901430842607313
aggregated_ranked_features_gas-N2_keep-N2_post-prestimulus,mean,767,train,1.0,1.0
aggregated_ranked_features_gas-N2_keep-N2_post-prestimulus,mean,767,val,0.788135593220339,0.7881203763556704
aggregated_ranked_features_gas-N2_keep-N2_post-prestimulus,mean,767,test,0.7954545454545454,0.7901430842607313
aggregated_ranked_features_gas-N2_keep-N2_post-prestimulus,mean,768,train,1.0,1.0
aggregated_ranked_features_gas-N2_keep-N2_post-prestimulus,mean,768,val,0.788135593220339,0.7881203763556704
aggregated_ranked_features_gas-N2_keep-N2_post-prestimulus,mean,768,test,0.7954545454545454,0.7901430842607313
aggregated_ranked_features_gas-N2_keep-N2_post-prestimulus,mean,769,train,1.0,1.0
aggregated_ranked_features_gas-N2_keep-N2_post-prestimulus,mean,769,val,0.788135593220339,0.7881203763556704
aggregated_ranked_features_gas-N2_keep-N2_post-prestimulus,mean,769,test,0.7954545454545454,0.7901430842607313
aggregated_ranked_features_gas-N2_keep-N2_post-prestimulus,mean,770,train,1.0,1.0
aggregated_ranked_features_gas-N2_keep-N2_post-prestimulus,mean,770,val,0.788135593220339,0.7881203763556704
aggregated_ranked_features_gas-N2_keep-N2_post-prestimulus,mean,770,test,0.7954545454545454,0.7901430842607313
aggregated_ranked_features_gas-N2_keep-N2_post-prestimulus,mean,771,train,1.0,1.0
aggregated_ranked_features_gas-N2_keep-N2_post-prestimulus,mean,771,val,0.788135593220339,0.7881203763556704
aggregated_ranked_features_gas-N2_keep-N2_post-prestimulus,mean,771,test,0.7954545454545454,0.7901430842607313
aggregated_ranked_features_gas-N2_keep-N2_post-prestimulus,mean,772,train,1.0,1.0
aggregated_ranked_features_gas-N2_keep-N2_post-prestimulus,mean,772,val,0.788135593220339,0.7881203763556704
aggregated_ranked_features_gas-N2_keep-N2_post-prestimulus,mean,772,test,0.7954545454545454,0.7901430842607313
aggregated_ranked_features_gas-N2_keep-N2_post-prestimulus,mean,773,train,1.0,1.0
aggregated_ranked_features_gas-N2_keep-N2_post-prestimulus,mean,773,val,0.788135593220339,0.7881203763556704
aggregated_ranked_features_gas-N2_keep-N2_post-prestimulus,mean,773,test,0.7954545454545454,0.7901430842607313
aggregated_ranked_features_gas-N2_keep-N2_post-prestimulus,mean,774,train,1.0,1.0
aggregated_ranked_features_gas-N2_keep-N2_post-prestimulus,mean,774,val,0.788135593220339,0.7881203763556704
aggregated_ranked_features_gas-N2_keep-N2_post-prestimulus,mean,774,test,0.7954545454545454,0.7901430842607313
aggregated_ranked_features_gas-N2_keep-N2_post-prestimulus,mean,775,train,1.0,1.0
aggregated_ranked_features_gas-N2_keep-N2_post-prestimulus,mean,775,val,0.788135593220339,0.7881203763556704
aggregated_ranked_features_gas-N2_keep-N2_post-prestimulus,mean,775,test,0.7954545454545454,0.7901430842607313
aggregated_ranked_features_gas-N2_keep-N2_post-prestimulus,mean,776,train,1.0,1.0
aggregated_ranked_features_gas-N2_keep-N2_post-prestimulus,mean,776,val,0.788135593220339,0.7881203763556704
aggregated_ranked_features_gas-N2_keep-N2_post-prestimulus,mean,776,test,0.7954545454545454,0.7901430842607313
aggregated_ranked_features_gas-N2_keep-N2_post-prestimulus,mean,777,train,1.0,1.0
aggregated_ranked_features_gas-N2_keep-N2_post-prestimulus,mean,777,val,0.788135593220339,0.7881203763556704
aggregated_ranked_features_gas-N2_keep-N2_post-prestimulus,mean,777,test,0.7954545454545454,0.7901430842607313
aggregated_ranked_features_gas-N2_keep-N2_post-prestimulus,mean,778,train,1.0,1.0
aggregated_ranked_features_gas-N2_keep-N2_post-prestimulus,mean,778,val,0.788135593220339,0.7881203763556704
aggregated_ranked_features_gas-N2_keep-N2_post-prestimulus,mean,778,test,0.7954545454545454,0.7901430842607313
aggregated_ranked_features_gas-N2_keep-N2_post-prestimulus,mean,779,train,1.0,1.0
aggregated_ranked_features_gas-N2_keep-N2_post-prestimulus,mean,779,val,0.788135593220339,0.7881203763556704
aggregated_ranked_features_gas-N2_keep-N2_post-prestimulus,mean,779,test,0.7954545454545454,0.7901430842607313
aggregated_ranked_features_gas-N2_keep-N2_post-prestimulus,mean,780,train,1.0,1.0
aggregated_ranked_features_gas-N2_keep-N2_post-prestimulus,mean,780,val,0.788135593220339,0.7881203763556704
aggregated_ranked_features_gas-N2_keep-N2_post-prestimulus,mean,780,test,0.7954545454545454,0.7901430842607313
aggregated_ranked_features_gas-N2_keep-N2_post-prestimulus,mean,781,train,1.0,1.0
aggregated_ranked_features_gas-N2_keep-N2_post-prestimulus,mean,781,val,0.788135593220339,0.7881203763556704
aggregated_ranked_features_gas-N2_keep-N2_post-prestimulus,mean,781,test,0.7954545454545454,0.7901430842607313
aggregated_ranked_features_gas-N2_keep-N2_post-prestimulus,mean,782,train,1.0,1.0
aggregated_ranked_features_gas-N2_keep-N2_post-prestimulus,mean,782,val,0.788135593220339,0.7881203763556704
aggregated_ranked_features_gas-N2_keep-N2_post-prestimulus,mean,782,test,0.7954545454545454,0.7901430842607313
aggregated_ranked_features_gas-N2_keep-N2_post-prestimulus,median,1,train,0.8422222222222222,0.8418778673555745
aggregated_ranked_features_gas-N2_keep-N2_post-prestimulus,median,1,val,0.7288135593220338,0.728735632183908
aggregated_ranked_features_gas-N2_keep-N2_post-prestimulus,median,1,test,0.7954545454545454,0.7901430842607313
aggregated_ranked_features_gas-N2_keep-N2_post-prestimulus,median,2,train,0.9977777777777778,0.9977777668037867
aggregated_ranked_features_gas-N2_keep-N2_post-prestimulus,median,2,val,0.6610169491525424,0.6610169491525424
aggregated_ranked_features_gas-N2_keep-N2_post-prestimulus,median,2,test,0.75,0.7390835579514825
aggregated_ranked_features_gas-N2_keep-N2_post-prestimulus,median,3,train,1.0,1.0
aggregated_ranked_features_gas-N2_keep-N2_post-prestimulus,median,3,val,0.6610169491525424,0.6606269772792637
aggregated_ranked_features_gas-N2_keep-N2_post-prestimulus,median,3,test,0.7727272727272727,0.7649572649572649
aggregated_ranked_features_gas-N2_keep-N2_post-prestimulus,median,4,train,1.0,1.0
aggregated_ranked_features_gas-N2_keep-N2_post-prestimulus,median,4,val,0.6949152542372882,0.6948275862068966
aggregated_ranked_features_gas-N2_keep-N2_post-prestimulus,median,4,test,0.7727272727272727,0.7649572649572649
aggregated_ranked_features_gas-N2_keep-N2_post-prestimulus,median,5,train,1.0,1.0
aggregated_ranked_features_gas-N2_keep-N2_post-prestimulus,median,5,val,0.6864406779661016,0.6864181570063923
aggregated_ranked_features_gas-N2_keep-N2_post-prestimulus,median,5,test,0.7954545454545454,0.7901430842607313
aggregated_ranked_features_gas-N2_keep-N2_post-prestimulus,median,6,train,1.0,1.0
aggregated_ranked_features_gas-N2_keep-N2_post-prestimulus,median,6,val,0.6949152542372882,0.6945642795513374
aggregated_ranked_features_gas-N2_keep-N2_post-prestimulus,median,6,test,0.8181818181818182,0.8147368421052632
aggregated_ranked_features_gas-N2_keep-N2_post-prestimulus,median,7,train,1.0,1.0
aggregated_ranked_features_gas-N2_keep-N2_post-prestimulus,median,7,val,0.6864406779661016,0.6864181570063923
aggregated_ranked_features_gas-N2_keep-N2_post-prestimulus,median,7,test,0.7954545454545454,0.7901430842607313
aggregated_ranked_features_gas-N2_keep-N2_post-prestimulus,median,8,train,1.0,1.0
aggregated_ranked_features_gas-N2_keep-N2_post-prestimulus,median,8,val,0.6949152542372882,0.6948275862068966
aggregated_ranked_features_gas-N2_keep-N2_post-prestimulus,median,8,test,0.7727272727272727,0.7684210526315789
aggregated_ranked_features_gas-N2_keep-N2_post-prestimulus,median,9,train,1.0,1.0
aggregated_ranked_features_gas-N2_keep-N2_post-prestimulus,median,9,val,0.6949152542372882,0.6941244239631337
aggregated_ranked_features_gas-N2_keep-N2_post-prestimulus,median,9,test,0.7954545454545454,0.7901430842607313
aggregated_ranked_features_gas-N2_keep-N2_post-prestimulus,median,10,train,1.0,1.0
aggregated_ranked_features_gas-N2_keep-N2_post-prestimulus,median,10,val,0.7033898305084746,0.7031979877829679
aggregated_ranked_features_gas-N2_keep-N2_post-prestimulus,median,10,test,0.8181818181818182,0.8147368421052632
aggregated_ranked_features_gas-N2_keep-N2_post-prestimulus,median,11,train,1.0,1.0
aggregated_ranked_features_gas-N2_keep-N2_post-prestimulus,median,11,val,0.6949152542372882,0.6945642795513374
aggregated_ranked_features_gas-N2_keep-N2_post-prestimulus,median,11,test,0.8181818181818182,0.8147368421052632
aggregated_ranked_features_gas-N2_keep-N2_post-prestimulus,median,12,train,1.0,1.0
aggregated_ranked_features_gas-N2_keep-N2_post-prestimulus,median,12,val,0.6864406779661016,0.6853333333333333
aggregated_ranked_features_gas-N2_keep-N2_post-prestimulus,median,12,test,0.8181818181818182,0.8147368421052632
aggregated_ranked_features_gas-N2_keep-N2_post-prestimulus,median,13,train,1.0,1.0
aggregated_ranked_features_gas-N2_keep-N2_post-prestimulus,median,13,val,0.6779661016949152,0.67713133640553
aggregated_ranked_features_gas-N2_keep-N2_post-prestimulus,median,13,test,0.8181818181818182,0.8147368421052632
aggregated_ranked_features_gas-N2_keep-N2_post-prestimulus,median,14,train,1.0,1.0
aggregated_ranked_features_gas-N2_keep-N2_post-prestimulus,median,14,val,0.6949152542372882,0.6941244239631337
aggregated_ranked_features_gas-N2_keep-N2_post-prestimulus,median,14,test,0.8181818181818182,0.8147368421052632
aggregated_ranked_features_gas-N2_keep-N2_post-prestimulus,median,15,train,1.0,1.0
aggregated_ranked_features_gas-N2_keep-N2_post-prestimulus,median,15,val,0.6949152542372882,0.6935064935064935
aggregated_ranked_features_gas-N2_keep-N2_post-prestimulus,median,15,test,0.8636363636363636,0.8610526315789473
aggregated_ranked_features_gas-N2_keep-N2_post-prestimulus,median,16,train,1.0,1.0
aggregated_ranked_features_gas-N2_keep-N2_post-prestimulus,median,16,val,0.7203389830508474,0.7201581027667985
aggregated_ranked_features_gas-N2_keep-N2_post-prestimulus,median,16,test,0.8181818181818182,0.8166666666666667
aggregated_ranked_features_gas-N2_keep-N2_post-prestimulus,median,17,train,1.0,1.0
aggregated_ranked_features_gas-N2_keep-N2_post-prestimulus,median,17,val,0.7033898305084746,0.7028563205986043
aggregated_ranked_features_gas-N2_keep-N2_post-prestimulus,median,17,test,0.8181818181818182,0.8147368421052632
aggregated_ranked_features_gas-N2_keep-N2_post-prestimulus,median,18,train,1.0,1.0
aggregated_ranked_features_gas-N2_keep-N2_post-prestimulus,median,18,val,0.6949152542372882,0.6945642795513374
aggregated_ranked_features_gas-N2_keep-N2_post-prestimulus,median,18,test,0.8409090909090909,0.8388278388278387
aggregated_ranked_features_gas-N2_keep-N2_post-prestimulus,median,19,train,1.0,1.0
aggregated_ranked_features_gas-N2_keep-N2_post-prestimulus,median,19,val,0.7033898305084746,0.7028563205986043
aggregated_ranked_features_gas-N2_keep-N2_post-prestimulus,median,19,test,0.8409090909090909,0.8401660612350804
aggregated_ranked_features_gas-N2_keep-N2_post-prestimulus,median,20,train,1.0,1.0
aggregated_ranked_features_gas-N2_keep-N2_post-prestimulus,median,20,val,0.6779661016949152,0.67713133640553
aggregated_ranked_features_gas-N2_keep-N2_post-prestimulus,median,20,test,0.8181818181818182,0.8166666666666667
aggregated_ranked_features_gas-N2_keep-N2_post-prestimulus,median,21,train,1.0,1.0
aggregated_ranked_features_gas-N2_keep-N2_post-prestimulus,median,21,val,0.6694915254237288,0.669467787114846
aggregated_ranked_features_gas-N2_keep-N2_post-prestimulus,median,21,test,0.8636363636363636,0.8633540372670807
aggregated_ranked_features_gas-N2_keep-N2_post-prestimulus,median,22,train,1.0,1.0
aggregated_ranked_features_gas-N2_keep-N2_post-prestimulus,median,22,val,0.7203389830508474,0.7201581027667985
aggregated_ranked_features_gas-N2_keep-N2_post-prestimulus,median,22,test,0.7727272727272727,0.7708333333333333
aggregated_ranked_features_gas-N2_keep-N2_post-prestimulus,median,23,train,1.0,1.0
aggregated_ranked_features_gas-N2_keep-N2_post-prestimulus,median,23,val,0.7288135593220338,0.7285015818234111
aggregated_ranked_features_gas-N2_keep-N2_post-prestimulus,median,23,test,0.75,0.7467294610151753
aggregated_ranked_features_gas-N2_keep-N2_post-prestimulus,median,24,train,1.0,1.0
aggregated_ranked_features_gas-N2_keep-N2_post-prestimulus,median,24,val,0.7288135593220338,0.728735632183908
aggregated_ranked_features_gas-N2_keep-N2_post-prestimulus,median,24,test,0.7727272727272727,0.7708333333333333
aggregated_ranked_features_gas-N2_keep-N2_post-prestimulus,median,25,train,1.0,1.0
aggregated_ranked_features_gas-N2_keep-N2_post-prestimulus,median,25,val,0.7288135593220338,0.7285015818234111
aggregated_ranked_features_gas-N2_keep-N2_post-prestimulus,median,25,test,0.75,0.7467294610151753
aggregated_ranked_features_gas-N2_keep-N2_post-prestimulus,median,26,train,1.0,1.0
aggregated_ranked_features_gas-N2_keep-N2_post-prestimulus,median,26,val,0.7627118644067796,0.7624388840954845
aggregated_ranked_features_gas-N2_keep-N2_post-prestimulus,median,26,test,0.7045454545454546,0.6968733439321675
aggregated_ranked_features_gas-N2_keep-N2_post-prestimulus,median,27,train,1.0,1.0
aggregated_ranked_features_gas-N2_keep-N2_post-prestimulus,median,27,val,0.7627118644067796,0.7620967741935484
aggregated_ranked_features_gas-N2_keep-N2_post-prestimulus,median,27,test,0.7045454545454546,0.6968733439321675
aggregated_ranked_features_gas-N2_keep-N2_post-prestimulus,median,28,train,1.0,1.0
aggregated_ranked_features_gas-N2_keep-N2_post-prestimulus,median,28,val,0.7627118644067796,0.7627118644067796
aggregated_ranked_features_gas-N2_keep-N2_post-prestimulus,median,28,test,0.7045454545454546,0.6968733439321675
aggregated_ranked_features_gas-N2_keep-N2_post-prestimulus,median,29,train,1.0,1.0
aggregated_ranked_features_gas-N2_keep-N2_post-prestimulus,median,29,val,0.7542372881355932,0.7542196365725777
aggregated_ranked_features_gas-N2_keep-N2_post-prestimulus,median,29,test,0.7272727272727273,0.7221052631578948
aggregated_ranked_features_gas-N2_keep-N2_post-prestimulus,median,30,train,1.0,1.0
aggregated_ranked_features_gas-N2_keep-N2_post-prestimulus,median,30,val,0.7542372881355932,0.7542196365725777
aggregated_ranked_features_gas-N2_keep-N2_post-prestimulus,median,30,test,0.7272727272727273,0.7221052631578948
aggregated_ranked_features_gas-N2_keep-N2_post-prestimulus,median,31,train,1.0,1.0
aggregated_ranked_features_gas-N2_keep-N2_post-prestimulus,median,31,val,0.7627118644067796,0.7626436781609196
aggregated_ranked_features_gas-N2_keep-N2_post-prestimulus,median,31,test,0.7272727272727273,0.7221052631578948
aggregated_ranked_features_gas-N2_keep-N2_post-prestimulus,median,32,train,1.0,1.0
aggregated_ranked_features_gas-N2_keep-N2_post-prestimulus,median,32,val,0.7627118644067796,0.7620967741935484
aggregated_ranked_features_gas-N2_keep-N2_post-prestimulus,median,32,test,0.75,0.7467294610151753
aggregated_ranked_features_gas-N2_keep-N2_post-prestimulus,median,33,train,1.0,1.0
aggregated_ranked_features_gas-N2_keep-N2_post-prestimulus,median,33,val,0.7457627118644068,0.7456896551724138
aggregated_ranked_features_gas-N2_keep-N2_post-prestimulus,median,33,test,0.7045454545454546,0.6968733439321675
aggregated_ranked_features_gas-N2_keep-N2_post-prestimulus,median,34,train,1.0,1.0
aggregated_ranked_features_gas-N2_keep-N2_post-prestimulus,median,34,val,0.7457627118644068,0.7451036866359446
aggregated_ranked_features_gas-N2_keep-N2_post-prestimulus,median,34,test,0.7272727272727273,0.717948717948718
aggregated_ranked_features_gas-N2_keep-N2_post-prestimulus,median,35,train,1.0,1.0
aggregated_ranked_features_gas-N2_keep-N2_post-prestimulus,median,35,val,0.7372881355932204,0.7363603603603603
aggregated_ranked_features_gas-N2_keep-N2_post-prestimulus,median,35,test,0.7272727272727273,0.717948717948718
aggregated_ranked_features_gas-N2_keep-N2_post-prestimulus,median,36,train,1.0,1.0
aggregated_ranked_features_gas-N2_keep-N2_post-prestimulus,median,36,val,0.7542372881355932,0.7540783327344592
aggregated_ranked_features_gas-N2_keep-N2_post-prestimulus,median,36,test,0.75,0.7435082140964494
aggregated_ranked_features_gas-N2_keep-N2_post-prestimulus,median,37,train,1.0,1.0
aggregated_ranked_features_gas-N2_keep-N2_post-prestimulus,median,37,val,0.7542372881355932,0.753795237067415
aggregated_ranked_features_gas-N2_keep-N2_post-prestimulus,median,37,test,0.7272727272727273,0.717948717948718
aggregated_ranked_features_gas-N2_keep-N2_post-prestimulus,median,38,train,1.0,1.0
aggregated_ranked_features_gas-N2_keep-N2_post-prestimulus,median,38,val,0.7542372881355932,0.7542196365725777
aggregated_ranked_features_gas-N2_keep-N2_post-prestimulus,median,38,test,0.75,0.7435082140964494
aggregated_ranked_features_gas-N2_keep-N2_post-prestimulus,median,39,train,1.0,1.0
aggregated_ranked_features_gas-N2_keep-N2_post-prestimulus,median,39,val,0.7203389830508474,0.720318896789485
aggregated_ranked_features_gas-N2_keep-N2_post-prestimulus,median,39,test,0.7727272727272727,0.7684210526315789
aggregated_ranked_features_gas-N2_keep-N2_post-prestimulus,median,40,train,1.0,1.0
aggregated_ranked_features_gas-N2_keep-N2_post-prestimulus,median,40,val,0.7796610169491526,0.7795977011494253
aggregated_ranked_features_gas-N2_keep-N2_post-prestimulus,median,40,test,0.7272727272727273,0.7221052631578948
aggregated_ranked_features_gas-N2_keep-N2_post-prestimulus,median,41,train,1.0,1.0
aggregated_ranked_features_gas-N2_keep-N2_post-prestimulus,median,41,val,0.7627118644067796,0.7626436781609196
aggregated_ranked_features_gas-N2_keep-N2_post-prestimulus,median,41,test,0.75,0.7467294610151753
aggregated_ranked_features_gas-N2_keep-N2_post-prestimulus,median,42,train,1.0,1.0
aggregated_ranked_features_gas-N2_keep-N2_post-prestimulus,median,42,val,0.7457627118644068,0.7457627118644068
aggregated_ranked_features_gas-N2_keep-N2_post-prestimulus,median,42,test,0.7727272727272727,0.7684210526315789
aggregated_ranked_features_gas-N2_keep-N2_post-prestimulus,median,43,train,1.0,1.0
aggregated_ranked_features_gas-N2_keep-N2_post-prestimulus,median,43,val,0.7627118644067796,0.7627118644067796
aggregated_ranked_features_gas-N2_keep-N2_post-prestimulus,median,43,test,0.7954545454545454,0.792778649921507
aggregated_ranked_features_gas-N2_keep-N2_post-prestimulus,median,44,train,1.0,1.0
aggregated_ranked_features_gas-N2_keep-N2_post-prestimulus,median,44,val,0.7542372881355932,0.7542196365725777
aggregated_ranked_features_gas-N2_keep-N2_post-prestimulus,median,44,test,0.7727272727272727,0.7684210526315789
aggregated_ranked_features_gas-N2_keep-N2_post-prestimulus,median,45,train,1.0,1.0
aggregated_ranked_features_gas-N2_keep-N2_post-prestimulus,median,45,val,0.8050847457627118,0.8050707462472169
aggregated_ranked_features_gas-N2_keep-N2_post-prestimulus,median,45,test,0.7727272727272727,0.7684210526315789
aggregated_ranked_features_gas-N2_keep-N2_post-prestimulus,median,46,train,1.0,1.0
aggregated_ranked_features_gas-N2_keep-N2_post-prestimulus,median,46,val,0.7966101694915254,0.7965517241379311
aggregated_ranked_features_gas-N2_keep-N2_post-prestimulus,median,46,test,0.7727272727272727,0.7684210526315789
aggregated_ranked_features_gas-N2_keep-N2_post-prestimulus,median,47,train,1.0,1.0
aggregated_ranked_features_gas-N2_keep-N2_post-prestimulus,median,47,val,0.7796610169491526,0.7795977011494253
aggregated_ranked_features_gas-N2_keep-N2_post-prestimulus,median,47,test,0.7727272727272727,0.7684210526315789
aggregated_ranked_features_gas-N2_keep-N2_post-prestimulus,median,48,train,1.0,1.0
aggregated_ranked_features_gas-N2_keep-N2_post-prestimulus,median,48,val,0.7711864406779662,0.7711700064641241
aggregated_ranked_features_gas-N2_keep-N2_post-prestimulus,median,48,test,0.75,0.7435082140964494
aggregated_ranked_features_gas-N2_keep-N2_post-prestimulus,median,49,train,1.0,1.0
aggregated_ranked_features_gas-N2_keep-N2_post-prestimulus,median,49,val,0.7966101694915254,0.7965517241379311
aggregated_ranked_features_gas-N2_keep-N2_post-prestimulus,median,49,test,0.7727272727272727,0.7684210526315789
aggregated_ranked_features_gas-N2_keep-N2_post-prestimulus,median,50,train,1.0,1.0
aggregated_ranked_features_gas-N2_keep-N2_post-prestimulus,median,50,val,0.7711864406779662,0.7710384477182897
aggregated_ranked_features_gas-N2_keep-N2_post-prestimulus,median,50,test,0.7727272727272727,0.7684210526315789
aggregated_ranked_features_gas-N2_keep-N2_post-prestimulus,median,51,train,1.0,1.0
aggregated_ranked_features_gas-N2_keep-N2_post-prestimulus,median,51,val,0.7627118644067796,0.7624388840954845
aggregated_ranked_features_gas-N2_keep-N2_post-prestimulus,median,51,test,0.75,0.7435082140964494
aggregated_ranked_features_gas-N2_keep-N2_post-prestimulus,median,52,train,1.0,1.0
aggregated_ranked_features_gas-N2_keep-N2_post-prestimulus,median,52,val,0.7796610169491526,0.7794075352315214
aggregated_ranked_features_gas-N2_keep-N2_post-prestimulus,median,52,test,0.75,0.7435082140964494
aggregated_ranked_features_gas-N2_keep-N2_post-prestimulus,median,53,train,1.0,1.0
aggregated_ranked_features_gas-N2_keep-N2_post-prestimulus,median,53,val,0.7796610169491526,0.7794075352315214
aggregated_ranked_features_gas-N2_keep-N2_post-prestimulus,median,53,test,0.75,0.7435082140964494
aggregated_ranked_features_gas-N2_keep-N2_post-prestimulus,median,54,train,1.0,1.0
aggregated_ranked_features_gas-N2_keep-N2_post-prestimulus,median,54,val,0.7711864406779662,0.7710384477182897
aggregated_ranked_features_gas-N2_keep-N2_post-prestimulus,median,54,test,0.75,0.7435082140964494
aggregated_ranked_features_gas-N2_keep-N2_post-prestimulus,median,55,train,1.0,1.0
aggregated_ranked_features_gas-N2_keep-N2_post-prestimulus,median,55,val,0.7542372881355932,0.7542196365725777
aggregated_ranked_features_gas-N2_keep-N2_post-prestimulus,median,55,test,0.75,0.7435082140964494
aggregated_ranked_features_gas-N2_keep-N2_post-prestimulus,median,56,train,1.0,1.0
aggregated_ranked_features_gas-N2_keep-N2_post-prestimulus,median,56,val,0.8135593220338984,0.8135057471264368
aggregated_ranked_features_gas-N2_keep-N2_post-prestimulus,median,56,test,0.75,0.7435082140964494
aggregated_ranked_features_gas-N2_keep-N2_post-prestimulus,median,57,train,1.0,1.0
aggregated_ranked_features_gas-N2_keep-N2_post-prestimulus,median,57,val,0.8135593220338984,0.8135057471264368
aggregated_ranked_features_gas-N2_keep-N2_post-prestimulus,median,57,test,0.7727272727272727,0.7684210526315789
aggregated_ranked_features_gas-N2_keep-N2_post-prestimulus,median,58,train,1.0,1.0
aggregated_ranked_features_gas-N2_keep-N2_post-prestimulus,median,58,val,0.7966101694915254,0.7966101694915254
aggregated_ranked_features_gas-N2_keep-N2_post-prestimulus,median,58,test,0.7727272727272727,0.7684210526315789
aggregated_ranked_features_gas-N2_keep-N2_post-prestimulus,median,59,train,1.0,1.0
aggregated_ranked_features_gas-N2_keep-N2_post-prestimulus,median,59,val,0.8050847457627118,0.8049586776859504
aggregated_ranked_features_gas-N2_keep-N2_post-prestimulus,median,59,test,0.75,0.7435082140964494
aggregated_ranked_features_gas-N2_keep-N2_post-prestimulus,median,60,train,1.0,1.0
aggregated_ranked_features_gas-N2_keep-N2_post-prestimulus,median,60,val,0.788135593220339,0.78799856270212
aggregated_ranked_features_gas-N2_keep-N2_post-prestimulus,median,60,test,0.7727272727272727,0.7684210526315789
aggregated_ranked_features_gas-N2_keep-N2_post-prestimulus,median,61,train,1.0,1.0
aggregated_ranked_features_gas-N2_keep-N2_post-prestimulus,median,61,val,0.8050847457627118,0.8050707462472169
aggregated_ranked_features_gas-N2_keep-N2_post-prestimulus,median,61,test,0.7272727272727273,0.717948717948718
aggregated_ranked_features_gas-N2_keep-N2_post-prestimulus,median,62,train,1.0,1.0
aggregated_ranked_features_gas-N2_keep-N2_post-prestimulus,median,62,val,0.8135593220338984,0.8135057471264368
aggregated_ranked_features_gas-N2_keep-N2_post-prestimulus,median,62,test,0.7272727272727273,0.717948717948718
aggregated_ranked_features_gas-N2_keep-N2_post-prestimulus,median,63,train,1.0,1.0
aggregated_ranked_features_gas-N2_keep-N2_post-prestimulus,median,63,val,0.8050847457627118,0.8050707462472169
aggregated_ranked_features_gas-N2_keep-N2_post-prestimulus,median,63,test,0.6818181818181818,0.6644880174291938
aggregated_ranked_features_gas-N2_keep-N2_post-prestimulus,median,64,train,1.0,1.0
aggregated_ranked_features_gas-N2_keep-N2_post-prestimulus,median,64,val,0.788135593220339,0.7881203763556704
aggregated_ranked_features_gas-N2_keep-N2_post-prestimulus,median,64,test,0.7272727272727273,0.717948717948718
aggregated_ranked_features_gas-N2_keep-N2_post-prestimulus,median,65,train,1.0,1.0
aggregated_ranked_features_gas-N2_keep-N2_post-prestimulus,median,65,val,0.7542372881355932,0.7540783327344592
aggregated_ranked_features_gas-N2_keep-N2_post-prestimulus,median,65,test,0.6818181818181818,0.6644880174291938
aggregated_ranked_features_gas-N2_keep-N2_post-prestimulus,median,66,train,1.0,1.0
aggregated_ranked_features_gas-N2_keep-N2_post-prestimulus,median,66,val,0.8050847457627118,0.8050707462472169
aggregated_ranked_features_gas-N2_keep-N2_post-prestimulus,median,66,test,0.75,0.7435082140964494
aggregated_ranked_features_gas-N2_keep-N2_post-prestimulus,median,67,train,1.0,1.0
aggregated_ranked_features_gas-N2_keep-N2_post-prestimulus,median,67,val,0.788135593220339,0.7877545147132887
aggregated_ranked_features_gas-N2_keep-N2_post-prestimulus,median,67,test,0.75,0.7435082140964494
aggregated_ranked_features_gas-N2_keep-N2_post-prestimulus,median,68,train,1.0,1.0
aggregated_ranked_features_gas-N2_keep-N2_post-prestimulus,median,68,val,0.7966101694915254,0.7965517241379311
aggregated_ranked_features_gas-N2_keep-N2_post-prestimulus,median,68,test,0.7272727272727273,0.717948717948718
aggregated_ranked_features_gas-N2_keep-N2_post-prestimulus,median,69,train,1.0,1.0
aggregated_ranked_features_gas-N2_keep-N2_post-prestimulus,median,69,val,0.788135593220339,0.78799856270212
aggregated_ranked_features_gas-N2_keep-N2_post-prestimulus,median,69,test,0.75,0.7435082140964494
aggregated_ranked_features_gas-N2_keep-N2_post-prestimulus,median,70,train,1.0,1.0
aggregated_ranked_features_gas-N2_keep-N2_post-prestimulus,median,70,val,0.788135593220339,0.7881203763556704
aggregated_ranked_features_gas-N2_keep-N2_post-prestimulus,median,70,test,0.7272727272727273,0.717948717948718
aggregated_ranked_features_gas-N2_keep-N2_post-prestimulus,median,71,train,1.0,1.0
aggregated_ranked_features_gas-N2_keep-N2_post-prestimulus,median,71,val,0.7542372881355932,0.7540783327344592
aggregated_ranked_features_gas-N2_keep-N2_post-prestimulus,median,71,test,0.7272727272727273,0.717948717948718
aggregated_ranked_features_gas-N2_keep-N2_post-prestimulus,median,72,train,1.0,1.0
aggregated_ranked_features_gas-N2_keep-N2_post-prestimulus,median,72,val,0.7203389830508474,0.720318896789485
aggregated_ranked_features_gas-N2_keep-N2_post-prestimulus,median,72,test,0.7045454545454546,0.691644204851752
aggregated_ranked_features_gas-N2_keep-N2_post-prestimulus,median,73,train,1.0,1.0
aggregated_ranked_features_gas-N2_keep-N2_post-prestimulus,median,73,val,0.7542372881355932,0.7542196365725777
aggregated_ranked_features_gas-N2_keep-N2_post-prestimulus,median,73,test,0.7727272727272727,0.7684210526315789
aggregated_ranked_features_gas-N2_keep-N2_post-prestimulus,median,74,train,1.0,1.0
aggregated_ranked_features_gas-N2_keep-N2_post-prestimulus,median,74,val,0.7796610169491526,0.7796610169491526
aggregated_ranked_features_gas-N2_keep-N2_post-prestimulus,median,74,test,0.75,0.7435082140964494
aggregated_ranked_features_gas-N2_keep-N2_post-prestimulus,median,75,train,1.0,1.0
aggregated_ranked_features_gas-N2_keep-N2_post-prestimulus,median,75,val,0.7457627118644068,0.7456896551724138
aggregated_ranked_features_gas-N2_keep-N2_post-prestimulus,median,75,test,0.7045454545454546,0.691644204851752
aggregated_ranked_features_gas-N2_keep-N2_post-prestimulus,median,76,train,1.0,1.0
aggregated_ranked_features_gas-N2_keep-N2_post-prestimulus,median,76,val,0.7457627118644068,0.7457627118644068
aggregated_ranked_features_gas-N2_keep-N2_post-prestimulus,median,76,test,0.75,0.7435082140964494
aggregated_ranked_features_gas-N2_keep-N2_post-prestimulus,median,77,train,1.0,1.0
aggregated_ranked_features_gas-N2_keep-N2_post-prestimulus,median,77,val,0.7711864406779662,0.7711700064641241
aggregated_ranked_features_gas-N2_keep-N2_post-prestimulus,median,77,test,0.7045454545454546,0.6968733439321675
aggregated_ranked_features_gas-N2_keep-N2_post-prestimulus,median,78,train,1.0,1.0
aggregated_ranked_features_gas-N2_keep-N2_post-prestimulus,median,78,val,0.7627118644067796,0.7626436781609196
aggregated_ranked_features_gas-N2_keep-N2_post-prestimulus,median,78,test,0.6590909090909091,0.6363636363636364
aggregated_ranked_features_gas-N2_keep-N2_post-prestimulus,median,79,train,1.0,1.0
aggregated_ranked_features_gas-N2_keep-N2_post-prestimulus,median,79,val,0.7627118644067796,0.7626436781609196
aggregated_ranked_features_gas-N2_keep-N2_post-prestimulus,median,79,test,0.6818181818181818,0.670940170940171
aggregated_ranked_features_gas-N2_keep-N2_post-prestimulus,median,80,train,1.0,1.0
aggregated_ranked_features_gas-N2_keep-N2_post-prestimulus,median,80,val,0.7457627118644068,0.7456896551724138
aggregated_ranked_features_gas-N2_keep-N2_post-prestimulus,median,80,test,0.7272727272727273,0.717948717948718
aggregated_ranked_features_gas-N2_keep-N2_post-prestimulus,median,81,train,1.0,1.0
aggregated_ranked_features_gas-N2_keep-N2_post-prestimulus,median,81,val,0.7711864406779662,0.7711700064641241
aggregated_ranked_features_gas-N2_keep-N2_post-prestimulus,median,81,test,0.75,0.7435082140964494
aggregated_ranked_features_gas-N2_keep-N2_post-prestimulus,median,82,train,1.0,1.0
aggregated_ranked_features_gas-N2_keep-N2_post-prestimulus,median,82,val,0.7457627118644068,0.7456896551724138
aggregated_ranked_features_gas-N2_keep-N2_post-prestimulus,median,82,test,0.7272727272727273,0.717948717948718
aggregated_ranked_features_gas-N2_keep-N2_post-prestimulus,median,83,train,1.0,1.0
aggregated_ranked_features_gas-N2_keep-N2_post-prestimulus,median,83,val,0.7711864406779662,0.7711700064641241
aggregated_ranked_features_gas-N2_keep-N2_post-prestimulus,median,83,test,0.75,0.7435082140964494
aggregated_ranked_features_gas-N2_keep-N2_post-prestimulus,median,84,train,1.0,1.0
aggregated_ranked_features_gas-N2_keep-N2_post-prestimulus,median,84,val,0.7542372881355932,0.7542196365725777
aggregated_ranked_features_gas-N2_keep-N2_post-prestimulus,median,84,test,0.6818181818181818,0.6644880174291938
aggregated_ranked_features_gas-N2_keep-N2_post-prestimulus,median,85,train,1.0,1.0
aggregated_ranked_features_gas-N2_keep-N2_post-prestimulus,median,85,val,0.7796610169491526,0.7795977011494253
aggregated_ranked_features_gas-N2_keep-N2_post-prestimulus,median,85,test,0.75,0.7435082140964494
aggregated_ranked_features_gas-N2_keep-N2_post-prestimulus,median,86,train,1.0,1.0
aggregated_ranked_features_gas-N2_keep-N2_post-prestimulus,median,86,val,0.7457627118644068,0.7456896551724138
aggregated_ranked_features_gas-N2_keep-N2_post-prestimulus,median,86,test,0.7045454545454546,0.691644204851752
aggregated_ranked_features_gas-N2_keep-N2_post-prestimulus,median,87,train,1.0,1.0
aggregated_ranked_features_gas-N2_keep-N2_post-prestimulus,median,87,val,0.7627118644067796,0.7626436781609196
aggregated_ranked_features_gas-N2_keep-N2_post-prestimulus,median,87,test,0.7045454545454546,0.691644204851752
aggregated_ranked_features_gas-N2_keep-N2_post-prestimulus,median,88,train,1.0,1.0
aggregated_ranked_features_gas-N2_keep-N2_post-prestimulus,median,88,val,0.7711864406779662,0.7710384477182897
aggregated_ranked_features_gas-N2_keep-N2_post-prestimulus,median,88,test,0.6590909090909091,0.6363636363636364
aggregated_ranked_features_gas-N2_keep-N2_post-prestimulus,median,89,train,1.0,1.0
aggregated_ranked_features_gas-N2_keep-N2_post-prestimulus,median,89,val,0.7372881355932204,0.7372692666810314
aggregated_ranked_features_gas-N2_keep-N2_post-prestimulus,median,89,test,0.7045454545454546,0.691644204851752
aggregated_ranked_features_gas-N2_keep-N2_post-prestimulus,median,90,train,1.0,1.0
aggregated_ranked_features_gas-N2_keep-N2_post-prestimulus,median,90,val,0.7457627118644068,0.7456896551724138
aggregated_ranked_features_gas-N2_keep-N2_post-prestimulus,median,90,test,0.6818181818181818,0.6644880174291938
aggregated_ranked_features_gas-N2_keep-N2_post-prestimulus,median,91,train,1.0,1.0
aggregated_ranked_features_gas-N2_keep-N2_post-prestimulus,median,91,val,0.7627118644067796,0.7624388840954845
aggregated_ranked_features_gas-N2_keep-N2_post-prestimulus,median,91,test,0.75,0.7435082140964494
aggregated_ranked_features_gas-N2_keep-N2_post-prestimulus,median,92,train,1.0,1.0
aggregated_ranked_features_gas-N2_keep-N2_post-prestimulus,median,92,val,0.7372881355932204,0.7371182177506288
aggregated_ranked_features_gas-N2_keep-N2_post-prestimulus,median,92,test,0.7272727272727273,0.717948717948718
aggregated_ranked_features_gas-N2_keep-N2_post-prestimulus,median,93,train,1.0,1.0
aggregated_ranked_features_gas-N2_keep-N2_post-prestimulus,median,93,val,0.7542372881355932,0.7542196365725777
aggregated_ranked_features_gas-N2_keep-N2_post-prestimulus,median,93,test,0.6818181818181818,0.6644880174291938
aggregated_ranked_features_gas-N2_keep-N2_post-prestimulus,median,94,train,1.0,1.0
aggregated_ranked_features_gas-N2_keep-N2_post-prestimulus,median,94,val,0.7542372881355932,0.7542196365725777
aggregated_ranked_features_gas-N2_keep-N2_post-prestimulus,median,94,test,0.6818181818181818,0.6644880174291938
aggregated_ranked_features_gas-N2_keep-N2_post-prestimulus,median,95,train,1.0,1.0
aggregated_ranked_features_gas-N2_keep-N2_post-prestimulus,median,95,val,0.7457627118644068,0.7456896551724138
aggregated_ranked_features_gas-N2_keep-N2_post-prestimulus,median,95,test,0.7272727272727273,0.717948717948718
aggregated_ranked_features_gas-N2_keep-N2_post-prestimulus,median,96,train,1.0,1.0
aggregated_ranked_features_gas-N2_keep-N2_post-prestimulus,median,96,val,0.7288135593220338,0.7288135593220338
aggregated_ranked_features_gas-N2_keep-N2_post-prestimulus,median,96,test,0.6818181818181818,0.6644880174291938
aggregated_ranked_features_gas-N2_keep-N2_post-prestimulus,median,97,train,1.0,1.0
aggregated_ranked_features_gas-N2_keep-N2_post-prestimulus,median,97,val,0.788135593220339,0.7881203763556704
aggregated_ranked_features_gas-N2_keep-N2_post-prestimulus,median,97,test,0.7045454545454546,0.691644204851752
aggregated_ranked_features_gas-N2_keep-N2_post-prestimulus,median,98,train,1.0,1.0
aggregated_ranked_features_gas-N2_keep-N2_post-prestimulus,median,98,val,0.7542372881355932,0.7540783327344592
aggregated_ranked_features_gas-N2_keep-N2_post-prestimulus,median,98,test,0.7727272727272727,0.7684210526315789
aggregated_ranked_features_gas-N2_keep-N2_post-prestimulus,median,99,train,1.0,1.0
aggregated_ranked_features_gas-N2_keep-N2_post-prestimulus,median,99,val,0.7796610169491526,0.7795977011494253
aggregated_ranked_features_gas-N2_keep-N2_post-prestimulus,median,99,test,0.7272727272727273,0.717948717948718
aggregated_ranked_features_gas-N2_keep-N2_post-prestimulus,median,100,train,1.0,1.0
aggregated_ranked_features_gas-N2_keep-N2_post-prestimulus,median,100,val,0.7457627118644068,0.7457627118644068
aggregated_ranked_features_gas-N2_keep-N2_post-prestimulus,median,100,test,0.7272727272727273,0.7124183006535948
aggregated_ranked_features_gas-N2_keep-N2_post-prestimulus,median,101,train,1.0,1.0
aggregated_ranked_features_gas-N2_keep-N2_post-prestimulus,median,101,val,0.7542372881355932,0.7542196365725777
aggregated_ranked_features_gas-N2_keep-N2_post-prestimulus,median,101,test,0.7272727272727273,0.7124183006535948
aggregated_ranked_features_gas-N2_keep-N2_post-prestimulus,median,102,train,1.0,1.0
aggregated_ranked_features_gas-N2_keep-N2_post-prestimulus,median,102,val,0.7542372881355932,0.7542196365725777
aggregated_ranked_features_gas-N2_keep-N2_post-prestimulus,median,102,test,0.7272727272727273,0.7124183006535948
aggregated_ranked_features_gas-N2_keep-N2_post-prestimulus,median,103,train,1.0,1.0
aggregated_ranked_features_gas-N2_keep-N2_post-prestimulus,median,103,val,0.7542372881355932,0.7542196365725777
aggregated_ranked_features_gas-N2_keep-N2_post-prestimulus,median,103,test,0.7272727272727273,0.7124183006535948
aggregated_ranked_features_gas-N2_keep-N2_post-prestimulus,median,104,train,1.0,1.0
aggregated_ranked_features_gas-N2_keep-N2_post-prestimulus,median,104,val,0.7372881355932204,0.7372692666810314
aggregated_ranked_features_gas-N2_keep-N2_post-prestimulus,median,104,test,0.7045454545454546,0.6848484848484848
aggregated_ranked_features_gas-N2_keep-N2_post-prestimulus,median,105,train,1.0,1.0
aggregated_ranked_features_gas-N2_keep-N2_post-prestimulus,median,105,val,0.788135593220339,0.78799856270212
aggregated_ranked_features_gas-N2_keep-N2_post-prestimulus,median,105,test,0.7727272727272727,0.7649572649572649
aggregated_ranked_features_gas-N2_keep-N2_post-prestimulus,median,106,train,1.0,1.0
aggregated_ranked_features_gas-N2_keep-N2_post-prestimulus,median,106,val,0.7796610169491526,0.7796610169491526
aggregated_ranked_features_gas-N2_keep-N2_post-prestimulus,median,106,test,0.75,0.7390835579514825
aggregated_ranked_features_gas-N2_keep-N2_post-prestimulus,median,107,train,1.0,1.0
aggregated_ranked_features_gas-N2_keep-N2_post-prestimulus,median,107,val,0.7457627118644068,0.7457627118644068
aggregated_ranked_features_gas-N2_keep-N2_post-prestimulus,median,107,test,0.7727272727272727,0.7649572649572649
aggregated_ranked_features_gas-N2_keep-N2_post-prestimulus,median,108,train,1.0,1.0
aggregated_ranked_features_gas-N2_keep-N2_post-prestimulus,median,108,val,0.7542372881355932,0.7542196365725777
aggregated_ranked_features_gas-N2_keep-N2_post-prestimulus,median,108,test,0.7045454545454546,0.6848484848484848
aggregated_ranked_features_gas-N2_keep-N2_post-prestimulus,median,109,train,1.0,1.0
aggregated_ranked_features_gas-N2_keep-N2_post-prestimulus,median,109,val,0.7627118644067796,0.7626436781609196
aggregated_ranked_features_gas-N2_keep-N2_post-prestimulus,median,109,test,0.7272727272727273,0.7124183006535948
aggregated_ranked_features_gas-N2_keep-N2_post-prestimulus,median,110,train,1.0,1.0
aggregated_ranked_features_gas-N2_keep-N2_post-prestimulus,median,110,val,0.7372881355932204,0.7372692666810314
aggregated_ranked_features_gas-N2_keep-N2_post-prestimulus,median,110,test,0.7272727272727273,0.7124183006535948
aggregated_ranked_features_gas-N2_keep-N2_post-prestimulus,median,111,train,1.0,1.0
aggregated_ranked_features_gas-N2_keep-N2_post-prestimulus,median,111,val,0.7542372881355932,0.7540783327344592
aggregated_ranked_features_gas-N2_keep-N2_post-prestimulus,median,111,test,0.7272727272727273,0.7124183006535948
aggregated_ranked_features_gas-N2_keep-N2_post-prestimulus,median,112,train,1.0,1.0
aggregated_ranked_features_gas-N2_keep-N2_post-prestimulus,median,112,val,0.7372881355932204,0.7372692666810314
aggregated_ranked_features_gas-N2_keep-N2_post-prestimulus,median,112,test,0.7272727272727273,0.7124183006535948
aggregated_ranked_features_gas-N2_keep-N2_post-prestimulus,median,113,train,1.0,1.0
aggregated_ranked_features_gas-N2_keep-N2_post-prestimulus,median,113,val,0.7372881355932204,0.7372692666810314
aggregated_ranked_features_gas-N2_keep-N2_post-prestimulus,median,113,test,0.75,0.7390835579514825
aggregated_ranked_features_gas-N2_keep-N2_post-prestimulus,median,114,train,1.0,1.0
aggregated_ranked_features_gas-N2_keep-N2_post-prestimulus,median,114,val,0.7288135593220338,0.728735632183908
aggregated_ranked_features_gas-N2_keep-N2_post-prestimulus,median,114,test,0.7045454545454546,0.6848484848484848
aggregated_ranked_features_gas-N2_keep-N2_post-prestimulus,median,115,train,1.0,1.0
aggregated_ranked_features_gas-N2_keep-N2_post-prestimulus,median,115,val,0.7457627118644068,0.7456896551724138
aggregated_ranked_features_gas-N2_keep-N2_post-prestimulus,median,115,test,0.7272727272727273,0.7124183006535948
aggregated_ranked_features_gas-N2_keep-N2_post-prestimulus,median,116,train,1.0,1.0
aggregated_ranked_features_gas-N2_keep-N2_post-prestimulus,median,116,val,0.7542372881355932,0.7542196365725777
aggregated_ranked_features_gas-N2_keep-N2_post-prestimulus,median,116,test,0.7727272727272727,0.7649572649572649
aggregated_ranked_features_gas-N2_keep-N2_post-prestimulus,median,117,train,1.0,1.0
aggregated_ranked_features_gas-N2_keep-N2_post-prestimulus,median,117,val,0.7203389830508474,0.7198359594215411
aggregated_ranked_features_gas-N2_keep-N2_post-prestimulus,median,117,test,0.7045454545454546,0.691644204851752
aggregated_ranked_features_gas-N2_keep-N2_post-prestimulus,median,118,train,1.0,1.0
aggregated_ranked_features_gas-N2_keep-N2_post-prestimulus,median,118,val,0.7288135593220338,0.7288135593220338
aggregated_ranked_features_gas-N2_keep-N2_post-prestimulus,median,118,test,0.7045454545454546,0.6848484848484848
aggregated_ranked_features_gas-N2_keep-N2_post-prestimulus,median,119,train,1.0,1.0
aggregated_ranked_features_gas-N2_keep-N2_post-prestimulus,median,119,val,0.7203389830508474,0.720318896789485
aggregated_ranked_features_gas-N2_keep-N2_post-prestimulus,median,119,test,0.75,0.7390835579514825
aggregated_ranked_features_gas-N2_keep-N2_post-prestimulus,median,120,train,1.0,1.0
aggregated_ranked_features_gas-N2_keep-N2_post-prestimulus,median,120,val,0.7288135593220338,0.728735632183908
aggregated_ranked_features_gas-N2_keep-N2_post-prestimulus,median,120,test,0.7045454545454546,0.6848484848484848
aggregated_ranked_features_gas-N2_keep-N2_post-prestimulus,median,121,train,1.0,1.0
aggregated_ranked_features_gas-N2_keep-N2_post-prestimulus,median,121,val,0.7288135593220338,0.7288135593220338
aggregated_ranked_features_gas-N2_keep-N2_post-prestimulus,median,121,test,0.7272727272727273,0.7124183006535948
aggregated_ranked_features_gas-N2_keep-N2_post-prestimulus,median,122,train,1.0,1.0
aggregated_ranked_features_gas-N2_keep-N2_post-prestimulus,median,122,val,0.7288135593220338,0.728735632183908
aggregated_ranked_features_gas-N2_keep-N2_post-prestimulus,median,122,test,0.75,0.7435082140964494
aggregated_ranked_features_gas-N2_keep-N2_post-prestimulus,median,123,train,1.0,1.0
aggregated_ranked_features_gas-N2_keep-N2_post-prestimulus,median,123,val,0.7457627118644068,0.7456896551724138
aggregated_ranked_features_gas-N2_keep-N2_post-prestimulus,median,123,test,0.7272727272727273,0.7124183006535948
aggregated_ranked_features_gas-N2_keep-N2_post-prestimulus,median,124,train,1.0,1.0
aggregated_ranked_features_gas-N2_keep-N2_post-prestimulus,median,124,val,0.7372881355932204,0.7372692666810314
aggregated_ranked_features_gas-N2_keep-N2_post-prestimulus,median,124,test,0.7272727272727273,0.717948717948718
aggregated_ranked_features_gas-N2_keep-N2_post-prestimulus,median,125,train,1.0,1.0
aggregated_ranked_features_gas-N2_keep-N2_post-prestimulus,median,125,val,0.7372881355932204,0.7372692666810314
aggregated_ranked_features_gas-N2_keep-N2_post-prestimulus,median,125,test,0.7272727272727273,0.7124183006535948
aggregated_ranked_features_gas-N2_keep-N2_post-prestimulus,median,126,train,1.0,1.0
aggregated_ranked_features_gas-N2_keep-N2_post-prestimulus,median,126,val,0.7711864406779662,0.7710384477182897
aggregated_ranked_features_gas-N2_keep-N2_post-prestimulus,median,126,test,0.7045454545454546,0.691644204851752
aggregated_ranked_features_gas-N2_keep-N2_post-prestimulus,median,127,train,1.0,1.0
aggregated_ranked_features_gas-N2_keep-N2_post-prestimulus,median,127,val,0.7288135593220338,0.728735632183908
aggregated_ranked_features_gas-N2_keep-N2_post-prestimulus,median,127,test,0.75,0.7390835579514825
aggregated_ranked_features_gas-N2_keep-N2_post-prestimulus,median,128,train,1.0,1.0
aggregated_ranked_features_gas-N2_keep-N2_post-prestimulus,median,128,val,0.7457627118644068,0.7456896551724138
aggregated_ranked_features_gas-N2_keep-N2_post-prestimulus,median,128,test,0.75,0.7390835579514825
aggregated_ranked_features_gas-N2_keep-N2_post-prestimulus,median,129,train,1.0,1.0
aggregated_ranked_features_gas-N2_keep-N2_post-prestimulus,median,129,val,0.7203389830508474,0.720318896789485
aggregated_ranked_features_gas-N2_keep-N2_post-prestimulus,median,129,test,0.7272727272727273,0.717948717948718
aggregated_ranked_features_gas-N2_keep-N2_post-prestimulus,median,130,train,1.0,1.0
aggregated_ranked_features_gas-N2_keep-N2_post-prestimulus,median,130,val,0.7711864406779662,0.7710384477182897
aggregated_ranked_features_gas-N2_keep-N2_post-prestimulus,median,130,test,0.6818181818181818,0.6644880174291938
aggregated_ranked_features_gas-N2_keep-N2_post-prestimulus,median,131,train,1.0,1.0
aggregated_ranked_features_gas-N2_keep-N2_post-prestimulus,median,131,val,0.7372881355932204,0.7372692666810314
aggregated_ranked_features_gas-N2_keep-N2_post-prestimulus,median,131,test,0.7045454545454546,0.691644204851752
aggregated_ranked_features_gas-N2_keep-N2_post-prestimulus,median,132,train,1.0,1.0
aggregated_ranked_features_gas-N2_keep-N2_post-prestimulus,median,132,val,0.7372881355932204,0.7372692666810314
aggregated_ranked_features_gas-N2_keep-N2_post-prestimulus,median,132,test,0.7045454545454546,0.691644204851752
aggregated_ranked_features_gas-N2_keep-N2_post-prestimulus,median,133,train,1.0,1.0
aggregated_ranked_features_gas-N2_keep-N2_post-prestimulus,median,133,val,0.7033898305084746,0.7033685268979386
aggregated_ranked_features_gas-N2_keep-N2_post-prestimulus,median,133,test,0.75,0.7435082140964494
aggregated_ranked_features_gas-N2_keep-N2_post-prestimulus,median,134,train,1.0,1.0
aggregated_ranked_features_gas-N2_keep-N2_post-prestimulus,median,134,val,0.7542372881355932,0.753795237067415
aggregated_ranked_features_gas-N2_keep-N2_post-prestimulus,median,134,test,0.7045454545454546,0.691644204851752
aggregated_ranked_features_gas-N2_keep-N2_post-prestimulus,median,135,train,1.0,1.0
aggregated_ranked_features_gas-N2_keep-N2_post-prestimulus,median,135,val,0.7203389830508474,0.7198359594215411
aggregated_ranked_features_gas-N2_keep-N2_post-prestimulus,median,135,test,0.7272727272727273,0.717948717948718
aggregated_ranked_features_gas-N2_keep-N2_post-prestimulus,median,136,train,1.0,1.0
aggregated_ranked_features_gas-N2_keep-N2_post-prestimulus,median,136,val,0.7033898305084746,0.7031979877829679
aggregated_ranked_features_gas-N2_keep-N2_post-prestimulus,median,136,test,0.7272727272727273,0.7124183006535948
aggregated_ranked_features_gas-N2_keep-N2_post-prestimulus,median,137,train,1.0,1.0
aggregated_ranked_features_gas-N2_keep-N2_post-prestimulus,median,137,val,0.7033898305084746,0.7031979877829679
aggregated_ranked_features_gas-N2_keep-N2_post-prestimulus,median,137,test,0.7272727272727273,0.7124183006535948
aggregated_ranked_features_gas-N2_keep-N2_post-prestimulus,median,138,train,1.0,1.0
aggregated_ranked_features_gas-N2_keep-N2_post-prestimulus,median,138,val,0.7542372881355932,0.7542196365725777
aggregated_ranked_features_gas-N2_keep-N2_post-prestimulus,median,138,test,0.7045454545454546,0.691644204851752
aggregated_ranked_features_gas-N2_keep-N2_post-prestimulus,median,139,train,1.0,1.0
aggregated_ranked_features_gas-N2_keep-N2_post-prestimulus,median,139,val,0.7372881355932204,0.7372692666810314
aggregated_ranked_features_gas-N2_keep-N2_post-prestimulus,median,139,test,0.7045454545454546,0.691644204851752
aggregated_ranked_features_gas-N2_keep-N2_post-prestimulus,median,140,train,1.0,1.0
aggregated_ranked_features_gas-N2_keep-N2_post-prestimulus,median,140,val,0.7627118644067796,0.7624388840954845
aggregated_ranked_features_gas-N2_keep-N2_post-prestimulus,median,140,test,0.7272727272727273,0.7124183006535948
aggregated_ranked_features_gas-N2_keep-N2_post-prestimulus,median,141,train,1.0,1.0
aggregated_ranked_features_gas-N2_keep-N2_post-prestimulus,median,141,val,0.7288135593220338,0.728735632183908
aggregated_ranked_features_gas-N2_keep-N2_post-prestimulus,median,141,test,0.7727272727272727,0.7684210526315789
aggregated_ranked_features_gas-N2_keep-N2_post-prestimulus,median,142,train,1.0,1.0
aggregated_ranked_features_gas-N2_keep-N2_post-prestimulus,median,142,val,0.7542372881355932,0.7540783327344592
aggregated_ranked_features_gas-N2_keep-N2_post-prestimulus,median,142,test,0.7045454545454546,0.691644204851752
aggregated_ranked_features_gas-N2_keep-N2_post-prestimulus,median,143,train,1.0,1.0
aggregated_ranked_features_gas-N2_keep-N2_post-prestimulus,median,143,val,0.7542372881355932,0.7542196365725777
aggregated_ranked_features_gas-N2_keep-N2_post-prestimulus,median,143,test,0.75,0.7435082140964494
aggregated_ranked_features_gas-N2_keep-N2_post-prestimulus,median,144,train,1.0,1.0
aggregated_ranked_features_gas-N2_keep-N2_post-prestimulus,median,144,val,0.7372881355932204,0.7372692666810314
aggregated_ranked_features_gas-N2_keep-N2_post-prestimulus,median,144,test,0.7954545454545454,0.792778649921507
aggregated_ranked_features_gas-N2_keep-N2_post-prestimulus,median,145,train,1.0,1.0
aggregated_ranked_features_gas-N2_keep-N2_post-prestimulus,median,145,val,0.7372881355932204,0.7372692666810314
aggregated_ranked_features_gas-N2_keep-N2_post-prestimulus,median,145,test,0.7954545454545454,0.792778649921507
aggregated_ranked_features_gas-N2_keep-N2_post-prestimulus,median,146,train,1.0,1.0
aggregated_ranked_features_gas-N2_keep-N2_post-prestimulus,median,146,val,0.7711864406779662,0.7711700064641241
aggregated_ranked_features_gas-N2_keep-N2_post-prestimulus,median,146,test,0.7727272727272727,0.7684210526315789
aggregated_ranked_features_gas-N2_keep-N2_post-prestimulus,median,147,train,1.0,1.0
aggregated_ranked_features_gas-N2_keep-N2_post-prestimulus,median,147,val,0.7457627118644068,0.7457627118644068
aggregated_ranked_features_gas-N2_keep-N2_post-prestimulus,median,147,test,0.7272727272727273,0.717948717948718
aggregated_ranked_features_gas-N2_keep-N2_post-prestimulus,median,148,train,1.0,1.0
aggregated_ranked_features_gas-N2_keep-N2_post-prestimulus,median,148,val,0.7627118644067796,0.7626436781609196
aggregated_ranked_features_gas-N2_keep-N2_post-prestimulus,median,148,test,0.7727272727272727,0.7684210526315789
aggregated_ranked_features_gas-N2_keep-N2_post-prestimulus,median,149,train,1.0,1.0
aggregated_ranked_features_gas-N2_keep-N2_post-prestimulus,median,149,val,0.7372881355932204,0.7372692666810314
aggregated_ranked_features_gas-N2_keep-N2_post-prestimulus,median,149,test,0.7272727272727273,0.717948717948718
aggregated_ranked_features_gas-N2_keep-N2_post-prestimulus,median,150,train,1.0,1.0
aggregated_ranked_features_gas-N2_keep-N2_post-prestimulus,median,150,val,0.7457627118644068,0.7457627118644068
aggregated_ranked_features_gas-N2_keep-N2_post-prestimulus,median,150,test,0.7272727272727273,0.717948717948718
aggregated_ranked_features_gas-N2_keep-N2_post-prestimulus,median,151,train,1.0,1.0
aggregated_ranked_features_gas-N2_keep-N2_post-prestimulus,median,151,val,0.7542372881355932,0.7542196365725777
aggregated_ranked_features_gas-N2_keep-N2_post-prestimulus,median,151,test,0.7272727272727273,0.717948717948718
aggregated_ranked_features_gas-N2_keep-N2_post-prestimulus,median,152,train,1.0,1.0
aggregated_ranked_features_gas-N2_keep-N2_post-prestimulus,median,152,val,0.7457627118644068,0.7457627118644068
aggregated_ranked_features_gas-N2_keep-N2_post-prestimulus,median,152,test,0.7727272727272727,0.7684210526315789
aggregated_ranked_features_gas-N2_keep-N2_post-prestimulus,median,153,train,1.0,1.0
aggregated_ranked_features_gas-N2_keep-N2_post-prestimulus,median,153,val,0.7372881355932204,0.7372692666810314
aggregated_ranked_features_gas-N2_keep-N2_post-prestimulus,median,153,test,0.7727272727272727,0.7684210526315789
aggregated_ranked_features_gas-N2_keep-N2_post-prestimulus,median,154,train,1.0,1.0
aggregated_ranked_features_gas-N2_keep-N2_post-prestimulus,median,154,val,0.7542372881355932,0.7542196365725777
aggregated_ranked_features_gas-N2_keep-N2_post-prestimulus,median,154,test,0.75,0.7435082140964494
aggregated_ranked_features_gas-N2_keep-N2_post-prestimulus,median,155,train,1.0,1.0
aggregated_ranked_features_gas-N2_keep-N2_post-prestimulus,median,155,val,0.7288135593220338,0.7288135593220338
aggregated_ranked_features_gas-N2_keep-N2_post-prestimulus,median,155,test,0.75,0.7435082140964494
aggregated_ranked_features_gas-N2_keep-N2_post-prestimulus,median,156,train,1.0,1.0
aggregated_ranked_features_gas-N2_keep-N2_post-prestimulus,median,156,val,0.7542372881355932,0.7542196365725777
aggregated_ranked_features_gas-N2_keep-N2_post-prestimulus,median,156,test,0.75,0.7435082140964494
aggregated_ranked_features_gas-N2_keep-N2_post-prestimulus,median,157,train,1.0,1.0
aggregated_ranked_features_gas-N2_keep-N2_post-prestimulus,median,157,val,0.7372881355932204,0.7372692666810314
aggregated_ranked_features_gas-N2_keep-N2_post-prestimulus,median,157,test,0.75,0.7435082140964494
aggregated_ranked_features_gas-N2_keep-N2_post-prestimulus,median,158,train,1.0,1.0
aggregated_ranked_features_gas-N2_keep-N2_post-prestimulus,median,158,val,0.7372881355932204,0.7372692666810314
aggregated_ranked_features_gas-N2_keep-N2_post-prestimulus,median,158,test,0.75,0.7435082140964494
aggregated_ranked_features_gas-N2_keep-N2_post-prestimulus,median,159,train,1.0,1.0
aggregated_ranked_features_gas-N2_keep-N2_post-prestimulus,median,159,val,0.7627118644067796,0.7627118644067796
aggregated_ranked_features_gas-N2_keep-N2_post-prestimulus,median,159,test,0.75,0.7435082140964494
aggregated_ranked_features_gas-N2_keep-N2_post-prestimulus,median,160,train,1.0,1.0
aggregated_ranked_features_gas-N2_keep-N2_post-prestimulus,median,160,val,0.7542372881355932,0.7542196365725777
aggregated_ranked_features_gas-N2_keep-N2_post-prestimulus,median,160,test,0.75,0.7435082140964494
aggregated_ranked_features_gas-N2_keep-N2_post-prestimulus,median,161,train,1.0,1.0
aggregated_ranked_features_gas-N2_keep-N2_post-prestimulus,median,161,val,0.7457627118644068,0.7457627118644068
aggregated_ranked_features_gas-N2_keep-N2_post-prestimulus,median,161,test,0.75,0.7435082140964494
aggregated_ranked_features_gas-N2_keep-N2_post-prestimulus,median,162,train,1.0,1.0
aggregated_ranked_features_gas-N2_keep-N2_post-prestimulus,median,162,val,0.7627118644067796,0.7627118644067796
aggregated_ranked_features_gas-N2_keep-N2_post-prestimulus,median,162,test,0.7272727272727273,0.717948717948718
aggregated_ranked_features_gas-N2_keep-N2_post-prestimulus,median,163,train,1.0,1.0
aggregated_ranked_features_gas-N2_keep-N2_post-prestimulus,median,163,val,0.7542372881355932,0.7542196365725777
aggregated_ranked_features_gas-N2_keep-N2_post-prestimulus,median,163,test,0.75,0.7435082140964494
aggregated_ranked_features_gas-N2_keep-N2_post-prestimulus,median,164,train,1.0,1.0
aggregated_ranked_features_gas-N2_keep-N2_post-prestimulus,median,164,val,0.7542372881355932,0.7542196365725777
aggregated_ranked_features_gas-N2_keep-N2_post-prestimulus,median,164,test,0.75,0.7435082140964494
aggregated_ranked_features_gas-N2_keep-N2_post-prestimulus,median,165,train,1.0,1.0
aggregated_ranked_features_gas-N2_keep-N2_post-prestimulus,median,165,val,0.7627118644067796,0.7626436781609196
aggregated_ranked_features_gas-N2_keep-N2_post-prestimulus,median,165,test,0.7727272727272727,0.7684210526315789
aggregated_ranked_features_gas-N2_keep-N2_post-prestimulus,median,166,train,1.0,1.0
aggregated_ranked_features_gas-N2_keep-N2_post-prestimulus,median,166,val,0.7457627118644068,0.7456896551724138
aggregated_ranked_features_gas-N2_keep-N2_post-prestimulus,median,166,test,0.75,0.7435082140964494
aggregated_ranked_features_gas-N2_keep-N2_post-prestimulus,median,167,train,1.0,1.0
aggregated_ranked_features_gas-N2_keep-N2_post-prestimulus,median,167,val,0.7542372881355932,0.7542196365725777
aggregated_ranked_features_gas-N2_keep-N2_post-prestimulus,median,167,test,0.7727272727272727,0.7684210526315789
aggregated_ranked_features_gas-N2_keep-N2_post-prestimulus,median,168,train,1.0,1.0
aggregated_ranked_features_gas-N2_keep-N2_post-prestimulus,median,168,val,0.7627118644067796,0.7626436781609196
aggregated_ranked_features_gas-N2_keep-N2_post-prestimulus,median,168,test,0.7954545454545454,0.7901430842607313
aggregated_ranked_features_gas-N2_keep-N2_post-prestimulus,median,169,train,1.0,1.0
aggregated_ranked_features_gas-N2_keep-N2_post-prestimulus,median,169,val,0.7796610169491526,0.7795977011494253
aggregated_ranked_features_gas-N2_keep-N2_post-prestimulus,median,169,test,0.75,0.7435082140964494
aggregated_ranked_features_gas-N2_keep-N2_post-prestimulus,median,170,train,1.0,1.0
aggregated_ranked_features_gas-N2_keep-N2_post-prestimulus,median,170,val,0.7627118644067796,0.7627118644067796
aggregated_ranked_features_gas-N2_keep-N2_post-prestimulus,median,170,test,0.75,0.7390835579514825
aggregated_ranked_features_gas-N2_keep-N2_post-prestimulus,median,171,train,1.0,1.0
aggregated_ranked_features_gas-N2_keep-N2_post-prestimulus,median,171,val,0.7203389830508474,0.720318896789485
aggregated_ranked_features_gas-N2_keep-N2_post-prestimulus,median,171,test,0.7727272727272727,0.7684210526315789
aggregated_ranked_features_gas-N2_keep-N2_post-prestimulus,median,172,train,1.0,1.0
aggregated_ranked_features_gas-N2_keep-N2_post-prestimulus,median,172,val,0.7796610169491526,0.7795977011494253
aggregated_ranked_features_gas-N2_keep-N2_post-prestimulus,median,172,test,0.75,0.7435082140964494
aggregated_ranked_features_gas-N2_keep-N2_post-prestimulus,median,173,train,1.0,1.0
aggregated_ranked_features_gas-N2_keep-N2_post-prestimulus,median,173,val,0.7711864406779662,0.7711700064641241
aggregated_ranked_features_gas-N2_keep-N2_post-prestimulus,median,173,test,0.7954545454545454,0.792778649921507
aggregated_ranked_features_gas-N2_keep-N2_post-prestimulus,median,174,train,1.0,1.0
aggregated_ranked_features_gas-N2_keep-N2_post-prestimulus,median,174,val,0.7542372881355932,0.7542196365725777
aggregated_ranked_features_gas-N2_keep-N2_post-prestimulus,median,174,test,0.75,0.7435082140964494
aggregated_ranked_features_gas-N2_keep-N2_post-prestimulus,median,175,train,1.0,1.0
aggregated_ranked_features_gas-N2_keep-N2_post-prestimulus,median,175,val,0.7542372881355932,0.7540783327344592
aggregated_ranked_features_gas-N2_keep-N2_post-prestimulus,median,175,test,0.75,0.7435082140964494
aggregated_ranked_features_gas-N2_keep-N2_post-prestimulus,median,176,train,1.0,1.0
aggregated_ranked_features_gas-N2_keep-N2_post-prestimulus,median,176,val,0.7372881355932204,0.7371182177506288
aggregated_ranked_features_gas-N2_keep-N2_post-prestimulus,median,176,test,0.75,0.7435082140964494
aggregated_ranked_features_gas-N2_keep-N2_post-prestimulus,median,177,train,1.0,1.0
aggregated_ranked_features_gas-N2_keep-N2_post-prestimulus,median,177,val,0.711864406779661,0.7115329306873741
aggregated_ranked_features_gas-N2_keep-N2_post-prestimulus,median,177,test,0.7727272727272727,0.7684210526315789
aggregated_ranked_features_gas-N2_keep-N2_post-prestimulus,median,178,train,1.0,1.0
aggregated_ranked_features_gas-N2_keep-N2_post-prestimulus,median,178,val,0.7203389830508474,0.7201581027667985
aggregated_ranked_features_gas-N2_keep-N2_post-prestimulus,median,178,test,0.75,0.7435082140964494
aggregated_ranked_features_gas-N2_keep-N2_post-prestimulus,median,179,train,1.0,1.0
aggregated_ranked_features_gas-N2_keep-N2_post-prestimulus,median,179,val,0.7372881355932204,0.736815598244478
aggregated_ranked_features_gas-N2_keep-N2_post-prestimulus,median,179,test,0.75,0.7435082140964494
aggregated_ranked_features_gas-N2_keep-N2_post-prestimulus,median,180,train,1.0,1.0
aggregated_ranked_features_gas-N2_keep-N2_post-prestimulus,median,180,val,0.7372881355932204,0.7372692666810314
aggregated_ranked_features_gas-N2_keep-N2_post-prestimulus,median,180,test,0.7727272727272727,0.7684210526315789
aggregated_ranked_features_gas-N2_keep-N2_post-prestimulus,median,181,train,1.0,1.0
aggregated_ranked_features_gas-N2_keep-N2_post-prestimulus,median,181,val,0.7457627118644068,0.7457627118644068
aggregated_ranked_features_gas-N2_keep-N2_post-prestimulus,median,181,test,0.7954545454545454,0.792778649921507
aggregated_ranked_features_gas-N2_keep-N2_post-prestimulus,median,182,train,1.0,1.0
aggregated_ranked_features_gas-N2_keep-N2_post-prestimulus,median,182,val,0.7627118644067796,0.7626436781609196
aggregated_ranked_features_gas-N2_keep-N2_post-prestimulus,median,182,test,0.8181818181818182,0.8166666666666667
aggregated_ranked_features_gas-N2_keep-N2_post-prestimulus,median,183,train,1.0,1.0
aggregated_ranked_features_gas-N2_keep-N2_post-prestimulus,median,183,val,0.7542372881355932,0.7540783327344592
aggregated_ranked_features_gas-N2_keep-N2_post-prestimulus,median,183,test,0.7727272727272727,0.7684210526315789
aggregated_ranked_features_gas-N2_keep-N2_post-prestimulus,median,184,train,1.0,1.0
aggregated_ranked_features_gas-N2_keep-N2_post-prestimulus,median,184,val,0.7627118644067796,0.7627118644067796
aggregated_ranked_features_gas-N2_keep-N2_post-prestimulus,median,184,test,0.8181818181818182,0.8166666666666667
aggregated_ranked_features_gas-N2_keep-N2_post-prestimulus,median,185,train,1.0,1.0
aggregated_ranked_features_gas-N2_keep-N2_post-prestimulus,median,185,val,0.7542372881355932,0.7540783327344592
aggregated_ranked_features_gas-N2_keep-N2_post-prestimulus,median,185,test,0.7954545454545454,0.7901430842607313
aggregated_ranked_features_gas-N2_keep-N2_post-prestimulus,median,186,train,1.0,1.0
aggregated_ranked_features_gas-N2_keep-N2_post-prestimulus,median,186,val,0.711864406779661,0.7117816091954023
aggregated_ranked_features_gas-N2_keep-N2_post-prestimulus,median,186,test,0.75,0.7390835579514825
aggregated_ranked_features_gas-N2_keep-N2_post-prestimulus,median,187,train,1.0,1.0
aggregated_ranked_features_gas-N2_keep-N2_post-prestimulus,median,187,val,0.7288135593220338,0.7285015818234111
aggregated_ranked_features_gas-N2_keep-N2_post-prestimulus,median,187,test,0.8409090909090909,0.8388278388278387
aggregated_ranked_features_gas-N2_keep-N2_post-prestimulus,median,188,train,1.0,1.0
aggregated_ranked_features_gas-N2_keep-N2_post-prestimulus,median,188,val,0.7457627118644068,0.7454702329594478
aggregated_ranked_features_gas-N2_keep-N2_post-prestimulus,median,188,test,0.8409090909090909,0.8388278388278387
aggregated_ranked_features_gas-N2_keep-N2_post-prestimulus,median,189,train,1.0,1.0
aggregated_ranked_features_gas-N2_keep-N2_post-prestimulus,median,189,val,0.7542372881355932,0.7540783327344592
aggregated_ranked_features_gas-N2_keep-N2_post-prestimulus,median,189,test,0.8409090909090909,0.8388278388278387
aggregated_ranked_features_gas-N2_keep-N2_post-prestimulus,median,190,train,1.0,1.0
aggregated_ranked_features_gas-N2_keep-N2_post-prestimulus,median,190,val,0.7288135593220338,0.728735632183908
aggregated_ranked_features_gas-N2_keep-N2_post-prestimulus,median,190,test,0.8409090909090909,0.8388278388278387
aggregated_ranked_features_gas-N2_keep-N2_post-prestimulus,median,191,train,1.0,1.0
aggregated_ranked_features_gas-N2_keep-N2_post-prestimulus,median,191,val,0.7711864406779662,0.7711700064641241
aggregated_ranked_features_gas-N2_keep-N2_post-prestimulus,median,191,test,0.7954545454545454,0.792778649921507
aggregated_ranked_features_gas-N2_keep-N2_post-prestimulus,median,192,train,1.0,1.0
aggregated_ranked_features_gas-N2_keep-N2_post-prestimulus,median,192,val,0.7372881355932204,0.7372692666810314
aggregated_ranked_features_gas-N2_keep-N2_post-prestimulus,median,192,test,0.8181818181818182,0.8166666666666667
aggregated_ranked_features_gas-N2_keep-N2_post-prestimulus,median,193,train,1.0,1.0
aggregated_ranked_features_gas-N2_keep-N2_post-prestimulus,median,193,val,0.7542372881355932,0.7542196365725777
aggregated_ranked_features_gas-N2_keep-N2_post-prestimulus,median,193,test,0.7954545454545454,0.792778649921507
aggregated_ranked_features_gas-N2_keep-N2_post-prestimulus,median,194,train,1.0,1.0
aggregated_ranked_features_gas-N2_keep-N2_post-prestimulus,median,194,val,0.7372881355932204,0.7372692666810314
aggregated_ranked_features_gas-N2_keep-N2_post-prestimulus,median,194,test,0.7954545454545454,0.7901430842607313
aggregated_ranked_features_gas-N2_keep-N2_post-prestimulus,median,195,train,1.0,1.0
aggregated_ranked_features_gas-N2_keep-N2_post-prestimulus,median,195,val,0.7288135593220338,0.7288135593220338
aggregated_ranked_features_gas-N2_keep-N2_post-prestimulus,median,195,test,0.8409090909090909,0.8388278388278387
aggregated_ranked_features_gas-N2_keep-N2_post-prestimulus,median,196,train,1.0,1.0
aggregated_ranked_features_gas-N2_keep-N2_post-prestimulus,median,196,val,0.7203389830508474,0.720318896789485
aggregated_ranked_features_gas-N2_keep-N2_post-prestimulus,median,196,test,0.8181818181818182,0.8166666666666667
aggregated_ranked_features_gas-N2_keep-N2_post-prestimulus,median,197,train,1.0,1.0
aggregated_ranked_features_gas-N2_keep-N2_post-prestimulus,median,197,val,0.7457627118644068,0.7454702329594478
aggregated_ranked_features_gas-N2_keep-N2_post-prestimulus,median,197,test,0.8409090909090909,0.8388278388278387
aggregated_ranked_features_gas-N2_keep-N2_post-prestimulus,median,198,train,1.0,1.0
aggregated_ranked_features_gas-N2_keep-N2_post-prestimulus,median,198,val,0.7542372881355932,0.7542196365725777
aggregated_ranked_features_gas-N2_keep-N2_post-prestimulus,median,198,test,0.7954545454545454,0.792778649921507
aggregated_ranked_features_gas-N2_keep-N2_post-prestimulus,median,199,train,1.0,1.0
aggregated_ranked_features_gas-N2_keep-N2_post-prestimulus,median,199,val,0.7457627118644068,0.7456896551724138
aggregated_ranked_features_gas-N2_keep-N2_post-prestimulus,median,199,test,0.8181818181818182,0.8147368421052632
aggregated_ranked_features_gas-N2_keep-N2_post-prestimulus,median,200,train,1.0,1.0
aggregated_ranked_features_gas-N2_keep-N2_post-prestimulus,median,200,val,0.7542372881355932,0.7542196365725777
aggregated_ranked_features_gas-N2_keep-N2_post-prestimulus,median,200,test,0.7954545454545454,0.7901430842607313
aggregated_ranked_features_gas-N2_keep-N2_post-prestimulus,median,201,train,1.0,1.0
aggregated_ranked_features_gas-N2_keep-N2_post-prestimulus,median,201,val,0.7711864406779662,0.7710384477182897
aggregated_ranked_features_gas-N2_keep-N2_post-prestimulus,median,201,test,0.7954545454545454,0.7901430842607313
aggregated_ranked_features_gas-N2_keep-N2_post-prestimulus,median,202,train,1.0,1.0
aggregated_ranked_features_gas-N2_keep-N2_post-prestimulus,median,202,val,0.7627118644067796,0.7627118644067796
aggregated_ranked_features_gas-N2_keep-N2_post-prestimulus,median,202,test,0.7727272727272727,0.7684210526315789
aggregated_ranked_features_gas-N2_keep-N2_post-prestimulus,median,203,train,1.0,1.0
aggregated_ranked_features_gas-N2_keep-N2_post-prestimulus,median,203,val,0.7627118644067796,0.7627118644067796
aggregated_ranked_features_gas-N2_keep-N2_post-prestimulus,median,203,test,0.7727272727272727,0.7684210526315789
aggregated_ranked_features_gas-N2_keep-N2_post-prestimulus,median,204,train,1.0,1.0
aggregated_ranked_features_gas-N2_keep-N2_post-prestimulus,median,204,val,0.7542372881355932,0.753795237067415
aggregated_ranked_features_gas-N2_keep-N2_post-prestimulus,median,204,test,0.8181818181818182,0.8166666666666667
aggregated_ranked_features_gas-N2_keep-N2_post-prestimulus,median,205,train,1.0,1.0
aggregated_ranked_features_gas-N2_keep-N2_post-prestimulus,median,205,val,0.7711864406779662,0.7703783783783784
aggregated_ranked_features_gas-N2_keep-N2_post-prestimulus,median,205,test,0.7954545454545454,0.7901430842607313
aggregated_ranked_features_gas-N2_keep-N2_post-prestimulus,median,206,train,1.0,1.0
aggregated_ranked_features_gas-N2_keep-N2_post-prestimulus,median,206,val,0.7542372881355932,0.7542196365725777
aggregated_ranked_features_gas-N2_keep-N2_post-prestimulus,median,206,test,0.8181818181818182,0.8166666666666667
aggregated_ranked_features_gas-N2_keep-N2_post-prestimulus,median,207,train,1.0,1.0
aggregated_ranked_features_gas-N2_keep-N2_post-prestimulus,median,207,val,0.7627118644067796,0.7627118644067796
aggregated_ranked_features_gas-N2_keep-N2_post-prestimulus,median,207,test,0.8181818181818182,0.8147368421052632
aggregated_ranked_features_gas-N2_keep-N2_post-prestimulus,median,208,train,1.0,1.0
aggregated_ranked_features_gas-N2_keep-N2_post-prestimulus,median,208,val,0.7372881355932204,0.7372692666810314
aggregated_ranked_features_gas-N2_keep-N2_post-prestimulus,median,208,test,0.7954545454545454,0.7901430842607313
aggregated_ranked_features_gas-N2_keep-N2_post-prestimulus,median,209,train,1.0,1.0
aggregated_ranked_features_gas-N2_keep-N2_post-prestimulus,median,209,val,0.7203389830508474,0.720318896789485
aggregated_ranked_features_gas-N2_keep-N2_post-prestimulus,median,209,test,0.7954545454545454,0.7901430842607313
aggregated_ranked_features_gas-N2_keep-N2_post-prestimulus,median,210,train,1.0,1.0
aggregated_ranked_features_gas-N2_keep-N2_post-prestimulus,median,210,val,0.7203389830508474,0.720318896789485
aggregated_ranked_features_gas-N2_keep-N2_post-prestimulus,median,210,test,0.7954545454545454,0.7901430842607313
aggregated_ranked_features_gas-N2_keep-N2_post-prestimulus,median,211,train,1.0,1.0
aggregated_ranked_features_gas-N2_keep-N2_post-prestimulus,median,211,val,0.7542372881355932,0.7542196365725777
aggregated_ranked_features_gas-N2_keep-N2_post-prestimulus,median,211,test,0.7954545454545454,0.792778649921507
aggregated_ranked_features_gas-N2_keep-N2_post-prestimulus,median,212,train,1.0,1.0
aggregated_ranked_features_gas-N2_keep-N2_post-prestimulus,median,212,val,0.7542372881355932,0.7540783327344592
aggregated_ranked_features_gas-N2_keep-N2_post-prestimulus,median,212,test,0.8181818181818182,0.8166666666666667
aggregated_ranked_features_gas-N2_keep-N2_post-prestimulus,median,213,train,1.0,1.0
aggregated_ranked_features_gas-N2_keep-N2_post-prestimulus,median,213,val,0.7711864406779662,0.7710384477182897
aggregated_ranked_features_gas-N2_keep-N2_post-prestimulus,median,213,test,0.8181818181818182,0.8147368421052632
aggregated_ranked_features_gas-N2_keep-N2_post-prestimulus,median,214,train,1.0,1.0
aggregated_ranked_features_gas-N2_keep-N2_post-prestimulus,median,214,val,0.711864406779661,0.711864406779661
aggregated_ranked_features_gas-N2_keep-N2_post-prestimulus,median,214,test,0.8181818181818182,0.8147368421052632
aggregated_ranked_features_gas-N2_keep-N2_post-prestimulus,median,215,train,1.0,1.0
aggregated_ranked_features_gas-N2_keep-N2_post-prestimulus,median,215,val,0.711864406779661,0.7117816091954023
aggregated_ranked_features_gas-N2_keep-N2_post-prestimulus,median,215,test,0.8181818181818182,0.8147368421052632
aggregated_ranked_features_gas-N2_keep-N2_post-prestimulus,median,216,train,1.0,1.0
aggregated_ranked_features_gas-N2_keep-N2_post-prestimulus,median,216,val,0.7627118644067796,0.7627118644067796
aggregated_ranked_features_gas-N2_keep-N2_post-prestimulus,median,216,test,0.8409090909090909,0.8388278388278387
aggregated_ranked_features_gas-N2_keep-N2_post-prestimulus,median,217,train,1.0,1.0
aggregated_ranked_features_gas-N2_keep-N2_post-prestimulus,median,217,val,0.7542372881355932,0.7542196365725777
aggregated_ranked_features_gas-N2_keep-N2_post-prestimulus,median,217,test,0.7727272727272727,0.7684210526315789
aggregated_ranked_features_gas-N2_keep-N2_post-prestimulus,median,218,train,1.0,1.0
aggregated_ranked_features_gas-N2_keep-N2_post-prestimulus,median,218,val,0.788135593220339,0.7877545147132887
aggregated_ranked_features_gas-N2_keep-N2_post-prestimulus,median,218,test,0.7727272727272727,0.7684210526315789
aggregated_ranked_features_gas-N2_keep-N2_post-prestimulus,median,219,train,1.0,1.0
aggregated_ranked_features_gas-N2_keep-N2_post-prestimulus,median,219,val,0.7542372881355932,0.7542196365725777
aggregated_ranked_features_gas-N2_keep-N2_post-prestimulus,median,219,test,0.7954545454545454,0.792778649921507
aggregated_ranked_features_gas-N2_keep-N2_post-prestimulus,median,220,train,1.0,1.0
aggregated_ranked_features_gas-N2_keep-N2_post-prestimulus,median,220,val,0.7627118644067796,0.7620967741935484
aggregated_ranked_features_gas-N2_keep-N2_post-prestimulus,median,220,test,0.7727272727272727,0.7649572649572649
aggregated_ranked_features_gas-N2_keep-N2_post-prestimulus,median,221,train,1.0,1.0
aggregated_ranked_features_gas-N2_keep-N2_post-prestimulus,median,221,val,0.7627118644067796,0.7626436781609196
aggregated_ranked_features_gas-N2_keep-N2_post-prestimulus,median,221,test,0.7954545454545454,0.792778649921507
aggregated_ranked_features_gas-N2_keep-N2_post-prestimulus,median,222,train,1.0,1.0
aggregated_ranked_features_gas-N2_keep-N2_post-prestimulus,median,222,val,0.7796610169491526,0.7795977011494253
aggregated_ranked_features_gas-N2_keep-N2_post-prestimulus,median,222,test,0.8181818181818182,0.8166666666666667
aggregated_ranked_features_gas-N2_keep-N2_post-prestimulus,median,223,train,1.0,1.0
aggregated_ranked_features_gas-N2_keep-N2_post-prestimulus,median,223,val,0.7711864406779662,0.7711700064641241
aggregated_ranked_features_gas-N2_keep-N2_post-prestimulus,median,223,test,0.75,0.7435082140964494
aggregated_ranked_features_gas-N2_keep-N2_post-prestimulus,median,224,train,1.0,1.0
aggregated_ranked_features_gas-N2_keep-N2_post-prestimulus,median,224,val,0.7372881355932204,0.736815598244478
aggregated_ranked_features_gas-N2_keep-N2_post-prestimulus,median,224,test,0.8181818181818182,0.8147368421052632
aggregated_ranked_features_gas-N2_keep-N2_post-prestimulus,median,225,train,1.0,1.0
aggregated_ranked_features_gas-N2_keep-N2_post-prestimulus,median,225,val,0.7542372881355932,0.7540783327344592
aggregated_ranked_features_gas-N2_keep-N2_post-prestimulus,median,225,test,0.7727272727272727,0.7684210526315789
aggregated_ranked_features_gas-N2_keep-N2_post-prestimulus,median,226,train,1.0,1.0
aggregated_ranked_features_gas-N2_keep-N2_post-prestimulus,median,226,val,0.7542372881355932,0.7542196365725777
aggregated_ranked_features_gas-N2_keep-N2_post-prestimulus,median,226,test,0.7727272727272727,0.7684210526315789
aggregated_ranked_features_gas-N2_keep-N2_post-prestimulus,median,227,train,1.0,1.0
aggregated_ranked_features_gas-N2_keep-N2_post-prestimulus,median,227,val,0.7627118644067796,0.7627118644067796
aggregated_ranked_features_gas-N2_keep-N2_post-prestimulus,median,227,test,0.8181818181818182,0.8147368421052632
aggregated_ranked_features_gas-N2_keep-N2_post-prestimulus,median,228,train,1.0,1.0
aggregated_ranked_features_gas-N2_keep-N2_post-prestimulus,median,228,val,0.7627118644067796,0.7626436781609196
aggregated_ranked_features_gas-N2_keep-N2_post-prestimulus,median,228,test,0.8181818181818182,0.8166666666666667
aggregated_ranked_features_gas-N2_keep-N2_post-prestimulus,median,229,train,1.0,1.0
aggregated_ranked_features_gas-N2_keep-N2_post-prestimulus,median,229,val,0.7542372881355932,0.7542196365725777
aggregated_ranked_features_gas-N2_keep-N2_post-prestimulus,median,229,test,0.8181818181818182,0.8147368421052632
aggregated_ranked_features_gas-N2_keep-N2_post-prestimulus,median,230,train,1.0,1.0
aggregated_ranked_features_gas-N2_keep-N2_post-prestimulus,median,230,val,0.7542372881355932,0.7542196365725777
aggregated_ranked_features_gas-N2_keep-N2_post-prestimulus,median,230,test,0.8409090909090909,0.8388278388278387
aggregated_ranked_features_gas-N2_keep-N2_post-prestimulus,median,231,train,1.0,1.0
aggregated_ranked_features_gas-N2_keep-N2_post-prestimulus,median,231,val,0.7288135593220338,0.728735632183908
aggregated_ranked_features_gas-N2_keep-N2_post-prestimulus,median,231,test,0.8181818181818182,0.8166666666666667
aggregated_ranked_features_gas-N2_keep-N2_post-prestimulus,median,232,train,1.0,1.0
aggregated_ranked_features_gas-N2_keep-N2_post-prestimulus,median,232,val,0.7457627118644068,0.7456896551724138
aggregated_ranked_features_gas-N2_keep-N2_post-prestimulus,median,232,test,0.7954545454545454,0.792778649921507
aggregated_ranked_features_gas-N2_keep-N2_post-prestimulus,median,233,train,1.0,1.0
aggregated_ranked_features_gas-N2_keep-N2_post-prestimulus,median,233,val,0.7966101694915254,0.7963761863675582
aggregated_ranked_features_gas-N2_keep-N2_post-prestimulus,median,233,test,0.8181818181818182,0.8166666666666667
aggregated_ranked_features_gas-N2_keep-N2_post-prestimulus,median,234,train,1.0,1.0
aggregated_ranked_features_gas-N2_keep-N2_post-prestimulus,median,234,val,0.7372881355932204,0.7372692666810314
aggregated_ranked_features_gas-N2_keep-N2_post-prestimulus,median,234,test,0.8409090909090909,0.8388278388278387
aggregated_ranked_features_gas-N2_keep-N2_post-prestimulus,median,235,train,1.0,1.0
aggregated_ranked_features_gas-N2_keep-N2_post-prestimulus,median,235,val,0.711864406779661,0.7115329306873741
aggregated_ranked_features_gas-N2_keep-N2_post-prestimulus,median,235,test,0.8409090909090909,0.8388278388278387
aggregated_ranked_features_gas-N2_keep-N2_post-prestimulus,median,236,train,1.0,1.0
aggregated_ranked_features_gas-N2_keep-N2_post-prestimulus,median,236,val,0.7457627118644068,0.7456896551724138
aggregated_ranked_features_gas-N2_keep-N2_post-prestimulus,median,236,test,0.8409090909090909,0.8388278388278387
aggregated_ranked_features_gas-N2_keep-N2_post-prestimulus,median,237,train,1.0,1.0
aggregated_ranked_features_gas-N2_keep-N2_post-prestimulus,median,237,val,0.7627118644067796,0.7620967741935484
aggregated_ranked_features_gas-N2_keep-N2_post-prestimulus,median,237,test,0.8409090909090909,0.8388278388278387
aggregated_ranked_features_gas-N2_keep-N2_post-prestimulus,median,238,train,1.0,1.0
aggregated_ranked_features_gas-N2_keep-N2_post-prestimulus,median,238,val,0.7627118644067796,0.7620967741935484
aggregated_ranked_features_gas-N2_keep-N2_post-prestimulus,median,238,test,0.8409090909090909,0.8388278388278387
aggregated_ranked_features_gas-N2_keep-N2_post-prestimulus,median,239,train,1.0,1.0
aggregated_ranked_features_gas-N2_keep-N2_post-prestimulus,median,239,val,0.788135593220339,0.7881203763556704
aggregated_ranked_features_gas-N2_keep-N2_post-prestimulus,median,239,test,0.8409090909090909,0.8388278388278387
aggregated_ranked_features_gas-N2_keep-N2_post-prestimulus,median,240,train,1.0,1.0
aggregated_ranked_features_gas-N2_keep-N2_post-prestimulus,median,240,val,0.7542372881355932,0.7542196365725777
aggregated_ranked_features_gas-N2_keep-N2_post-prestimulus,median,240,test,0.8181818181818182,0.8166666666666667
aggregated_ranked_features_gas-N2_keep-N2_post-prestimulus,median,241,train,1.0,1.0
aggregated_ranked_features_gas-N2_keep-N2_post-prestimulus,median,241,val,0.7542372881355932,0.7542196365725777
aggregated_ranked_features_gas-N2_keep-N2_post-prestimulus,median,241,test,0.8181818181818182,0.8166666666666667
aggregated_ranked_features_gas-N2_keep-N2_post-prestimulus,median,242,train,1.0,1.0
aggregated_ranked_features_gas-N2_keep-N2_post-prestimulus,median,242,val,0.7627118644067796,0.7626436781609196
aggregated_ranked_features_gas-N2_keep-N2_post-prestimulus,median,242,test,0.8181818181818182,0.8147368421052632
aggregated_ranked_features_gas-N2_keep-N2_post-prestimulus,median,243,train,1.0,1.0
aggregated_ranked_features_gas-N2_keep-N2_post-prestimulus,median,243,val,0.7966101694915254,0.7965517241379311
aggregated_ranked_features_gas-N2_keep-N2_post-prestimulus,median,243,test,0.8409090909090909,0.8388278388278387
aggregated_ranked_features_gas-N2_keep-N2_post-prestimulus,median,244,train,1.0,1.0
aggregated_ranked_features_gas-N2_keep-N2_post-prestimulus,median,244,val,0.7288135593220338,0.728110599078341
aggregated_ranked_features_gas-N2_keep-N2_post-prestimulus,median,244,test,0.8181818181818182,0.8147368421052632
aggregated_ranked_features_gas-N2_keep-N2_post-prestimulus,median,245,train,1.0,1.0
aggregated_ranked_features_gas-N2_keep-N2_post-prestimulus,median,245,val,0.7966101694915254,0.7965517241379311
aggregated_ranked_features_gas-N2_keep-N2_post-prestimulus,median,245,test,0.8409090909090909,0.8388278388278387
aggregated_ranked_features_gas-N2_keep-N2_post-prestimulus,median,246,train,1.0,1.0
aggregated_ranked_features_gas-N2_keep-N2_post-prestimulus,median,246,val,0.7457627118644068,0.7445887445887446
aggregated_ranked_features_gas-N2_keep-N2_post-prestimulus,median,246,test,0.8181818181818182,0.8147368421052632
aggregated_ranked_features_gas-N2_keep-N2_post-prestimulus,median,247,train,1.0,1.0
aggregated_ranked_features_gas-N2_keep-N2_post-prestimulus,median,247,val,0.7542372881355932,0.7542196365725777
aggregated_ranked_features_gas-N2_keep-N2_post-prestimulus,median,247,test,0.8636363636363636,0.8625
aggregated_ranked_features_gas-N2_keep-N2_post-prestimulus,median,248,train,1.0,1.0
aggregated_ranked_features_gas-N2_keep-N2_post-prestimulus,median,248,val,0.7203389830508474,0.7193513513513514
aggregated_ranked_features_gas-N2_keep-N2_post-prestimulus,median,248,test,0.8409090909090909,0.8388278388278387
aggregated_ranked_features_gas-N2_keep-N2_post-prestimulus,median,249,train,1.0,1.0
aggregated_ranked_features_gas-N2_keep-N2_post-prestimulus,median,249,val,0.7627118644067796,0.7626436781609196
aggregated_ranked_features_gas-N2_keep-N2_post-prestimulus,median,249,test,0.8409090909090909,0.8388278388278387
aggregated_ranked_features_gas-N2_keep-N2_post-prestimulus,median,250,train,1.0,1.0
aggregated_ranked_features_gas-N2_keep-N2_post-prestimulus,median,250,val,0.7627118644067796,0.7624388840954845
aggregated_ranked_features_gas-N2_keep-N2_post-prestimulus,median,250,test,0.8409090909090909,0.8388278388278387
aggregated_ranked_features_gas-N2_keep-N2_post-prestimulus,median,251,train,1.0,1.0
aggregated_ranked_features_gas-N2_keep-N2_post-prestimulus,median,251,val,0.7711864406779662,0.7711700064641241
aggregated_ranked_features_gas-N2_keep-N2_post-prestimulus,median,251,test,0.8181818181818182,0.8147368421052632
aggregated_ranked_features_gas-N2_keep-N2_post-prestimulus,median,252,train,1.0,1.0
aggregated_ranked_features_gas-N2_keep-N2_post-prestimulus,median,252,val,0.7457627118644068,0.7457627118644068
aggregated_ranked_features_gas-N2_keep-N2_post-prestimulus,median,252,test,0.8409090909090909,0.8388278388278387
aggregated_ranked_features_gas-N2_keep-N2_post-prestimulus,median,253,train,1.0,1.0
aggregated_ranked_features_gas-N2_keep-N2_post-prestimulus,median,253,val,0.7457627118644068,0.7456896551724138
aggregated_ranked_features_gas-N2_keep-N2_post-prestimulus,median,253,test,0.8636363636363636,0.8625
aggregated_ranked_features_gas-N2_keep-N2_post-prestimulus,median,254,train,1.0,1.0
aggregated_ranked_features_gas-N2_keep-N2_post-prestimulus,median,254,val,0.7542372881355932,0.7540783327344592
aggregated_ranked_features_gas-N2_keep-N2_post-prestimulus,median,254,test,0.8409090909090909,0.8388278388278387
aggregated_ranked_features_gas-N2_keep-N2_post-prestimulus,median,255,train,1.0,1.0
aggregated_ranked_features_gas-N2_keep-N2_post-prestimulus,median,255,val,0.7627118644067796,0.7626436781609196
aggregated_ranked_features_gas-N2_keep-N2_post-prestimulus,median,255,test,0.8409090909090909,0.8388278388278387
aggregated_ranked_features_gas-N2_keep-N2_post-prestimulus,median,256,train,1.0,1.0
aggregated_ranked_features_gas-N2_keep-N2_post-prestimulus,median,256,val,0.7457627118644068,0.7456896551724138
aggregated_ranked_features_gas-N2_keep-N2_post-prestimulus,median,256,test,0.8181818181818182,0.8147368421052632
aggregated_ranked_features_gas-N2_keep-N2_post-prestimulus,median,257,train,1.0,1.0
aggregated_ranked_features_gas-N2_keep-N2_post-prestimulus,median,257,val,0.7288135593220338,0.7288135593220338
aggregated_ranked_features_gas-N2_keep-N2_post-prestimulus,median,257,test,0.8409090909090909,0.8388278388278387
aggregated_ranked_features_gas-N2_keep-N2_post-prestimulus,median,258,train,1.0,1.0
aggregated_ranked_features_gas-N2_keep-N2_post-prestimulus,median,258,val,0.7627118644067796,0.7626436781609196
aggregated_ranked_features_gas-N2_keep-N2_post-prestimulus,median,258,test,0.8181818181818182,0.8147368421052632
aggregated_ranked_features_gas-N2_keep-N2_post-prestimulus,median,259,train,1.0,1.0
aggregated_ranked_features_gas-N2_keep-N2_post-prestimulus,median,259,val,0.7288135593220338,0.7288135593220338
aggregated_ranked_features_gas-N2_keep-N2_post-prestimulus,median,259,test,0.8409090909090909,0.8388278388278387
aggregated_ranked_features_gas-N2_keep-N2_post-prestimulus,median,260,train,1.0,1.0
aggregated_ranked_features_gas-N2_keep-N2_post-prestimulus,median,260,val,0.7457627118644068,0.7454702329594478
aggregated_ranked_features_gas-N2_keep-N2_post-prestimulus,median,260,test,0.8409090909090909,0.8388278388278387
aggregated_ranked_features_gas-N2_keep-N2_post-prestimulus,median,261,train,1.0,1.0
aggregated_ranked_features_gas-N2_keep-N2_post-prestimulus,median,261,val,0.7372881355932204,0.7372692666810314
aggregated_ranked_features_gas-N2_keep-N2_post-prestimulus,median,261,test,0.8181818181818182,0.8147368421052632
aggregated_ranked_features_gas-N2_keep-N2_post-prestimulus,median,262,train,1.0,1.0
aggregated_ranked_features_gas-N2_keep-N2_post-prestimulus,median,262,val,0.7372881355932204,0.7372692666810314
aggregated_ranked_features_gas-N2_keep-N2_post-prestimulus,median,262,test,0.7954545454545454,0.7901430842607313
aggregated_ranked_features_gas-N2_keep-N2_post-prestimulus,median,263,train,1.0,1.0
aggregated_ranked_features_gas-N2_keep-N2_post-prestimulus,median,263,val,0.7288135593220338,0.7288135593220338
aggregated_ranked_features_gas-N2_keep-N2_post-prestimulus,median,263,test,0.8181818181818182,0.8147368421052632
aggregated_ranked_features_gas-N2_keep-N2_post-prestimulus,median,264,train,1.0,1.0
aggregated_ranked_features_gas-N2_keep-N2_post-prestimulus,median,264,val,0.7542372881355932,0.7540783327344592
aggregated_ranked_features_gas-N2_keep-N2_post-prestimulus,median,264,test,0.8636363636363636,0.8625
aggregated_ranked_features_gas-N2_keep-N2_post-prestimulus,median,265,train,1.0,1.0
aggregated_ranked_features_gas-N2_keep-N2_post-prestimulus,median,265,val,0.7542372881355932,0.7542196365725777
aggregated_ranked_features_gas-N2_keep-N2_post-prestimulus,median,265,test,0.8636363636363636,0.8625
aggregated_ranked_features_gas-N2_keep-N2_post-prestimulus,median,266,train,1.0,1.0
aggregated_ranked_features_gas-N2_keep-N2_post-prestimulus,median,266,val,0.7711864406779662,0.7707748758903519
aggregated_ranked_features_gas-N2_keep-N2_post-prestimulus,median,266,test,0.8636363636363636,0.8625
aggregated_ranked_features_gas-N2_keep-N2_post-prestimulus,median,267,train,1.0,1.0
aggregated_ranked_features_gas-N2_keep-N2_post-prestimulus,median,267,val,0.7542372881355932,0.7540783327344592
aggregated_ranked_features_gas-N2_keep-N2_post-prestimulus,median,267,test,0.8409090909090909,0.8388278388278387
aggregated_ranked_features_gas-N2_keep-N2_post-prestimulus,median,268,train,1.0,1.0
aggregated_ranked_features_gas-N2_keep-N2_post-prestimulus,median,268,val,0.7288135593220338,0.728735632183908
aggregated_ranked_features_gas-N2_keep-N2_post-prestimulus,median,268,test,0.8409090909090909,0.8388278388278387
aggregated_ranked_features_gas-N2_keep-N2_post-prestimulus,median,269,train,1.0,1.0
aggregated_ranked_features_gas-N2_keep-N2_post-prestimulus,median,269,val,0.7457627118644068,0.7457627118644068
aggregated_ranked_features_gas-N2_keep-N2_post-prestimulus,median,269,test,0.8636363636363636,0.8625
aggregated_ranked_features_gas-N2_keep-N2_post-prestimulus,median,270,train,1.0,1.0
aggregated_ranked_features_gas-N2_keep-N2_post-prestimulus,median,270,val,0.7457627118644068,0.7454702329594478
aggregated_ranked_features_gas-N2_keep-N2_post-prestimulus,median,270,test,0.8409090909090909,0.8388278388278387
aggregated_ranked_features_gas-N2_keep-N2_post-prestimulus,median,271,train,1.0,1.0
aggregated_ranked_features_gas-N2_keep-N2_post-prestimulus,median,271,val,0.7372881355932204,0.7372692666810314
aggregated_ranked_features_gas-N2_keep-N2_post-prestimulus,median,271,test,0.8636363636363636,0.8625
aggregated_ranked_features_gas-N2_keep-N2_post-prestimulus,median,272,train,1.0,1.0
aggregated_ranked_features_gas-N2_keep-N2_post-prestimulus,median,272,val,0.7457627118644068,0.7457627118644068
aggregated_ranked_features_gas-N2_keep-N2_post-prestimulus,median,272,test,0.7727272727272727,0.7649572649572649
aggregated_ranked_features_gas-N2_keep-N2_post-prestimulus,median,273,train,1.0,1.0
aggregated_ranked_features_gas-N2_keep-N2_post-prestimulus,median,273,val,0.7288135593220338,0.728735632183908
aggregated_ranked_features_gas-N2_keep-N2_post-prestimulus,median,273,test,0.8409090909090909,0.8388278388278387
aggregated_ranked_features_gas-N2_keep-N2_post-prestimulus,median,274,train,1.0,1.0
aggregated_ranked_features_gas-N2_keep-N2_post-prestimulus,median,274,val,0.7288135593220338,0.7285015818234111
aggregated_ranked_features_gas-N2_keep-N2_post-prestimulus,median,274,test,0.7954545454545454,0.792778649921507
aggregated_ranked_features_gas-N2_keep-N2_post-prestimulus,median,275,train,1.0,1.0
aggregated_ranked_features_gas-N2_keep-N2_post-prestimulus,median,275,val,0.7288135593220338,0.728735632183908
aggregated_ranked_features_gas-N2_keep-N2_post-prestimulus,median,275,test,0.8409090909090909,0.8388278388278387
aggregated_ranked_features_gas-N2_keep-N2_post-prestimulus,median,276,train,1.0,1.0
aggregated_ranked_features_gas-N2_keep-N2_post-prestimulus,median,276,val,0.7542372881355932,0.7540783327344592
aggregated_ranked_features_gas-N2_keep-N2_post-prestimulus,median,276,test,0.8181818181818182,0.8147368421052632
aggregated_ranked_features_gas-N2_keep-N2_post-prestimulus,median,277,train,1.0,1.0
aggregated_ranked_features_gas-N2_keep-N2_post-prestimulus,median,277,val,0.7457627118644068,0.7456896551724138
aggregated_ranked_features_gas-N2_keep-N2_post-prestimulus,median,277,test,0.8181818181818182,0.8147368421052632
aggregated_ranked_features_gas-N2_keep-N2_post-prestimulus,median,278,train,1.0,1.0
aggregated_ranked_features_gas-N2_keep-N2_post-prestimulus,median,278,val,0.7627118644067796,0.7626436781609196
aggregated_ranked_features_gas-N2_keep-N2_post-prestimulus,median,278,test,0.7727272727272727,0.7649572649572649
aggregated_ranked_features_gas-N2_keep-N2_post-prestimulus,median,279,train,1.0,1.0
aggregated_ranked_features_gas-N2_keep-N2_post-prestimulus,median,279,val,0.7457627118644068,0.7456896551724138
aggregated_ranked_features_gas-N2_keep-N2_post-prestimulus,median,279,test,0.7727272727272727,0.7684210526315789
aggregated_ranked_features_gas-N2_keep-N2_post-prestimulus,median,280,train,1.0,1.0
aggregated_ranked_features_gas-N2_keep-N2_post-prestimulus,median,280,val,0.7542372881355932,0.7542196365725777
aggregated_ranked_features_gas-N2_keep-N2_post-prestimulus,median,280,test,0.8409090909090909,0.8388278388278387
aggregated_ranked_features_gas-N2_keep-N2_post-prestimulus,median,281,train,1.0,1.0
aggregated_ranked_features_gas-N2_keep-N2_post-prestimulus,median,281,val,0.7711864406779662,0.7711700064641241
aggregated_ranked_features_gas-N2_keep-N2_post-prestimulus,median,281,test,0.8181818181818182,0.8147368421052632
aggregated_ranked_features_gas-N2_keep-N2_post-prestimulus,median,282,train,1.0,1.0
aggregated_ranked_features_gas-N2_keep-N2_post-prestimulus,median,282,val,0.7542372881355932,0.7542196365725777
aggregated_ranked_features_gas-N2_keep-N2_post-prestimulus,median,282,test,0.8409090909090909,0.8388278388278387
aggregated_ranked_features_gas-N2_keep-N2_post-prestimulus,median,283,train,1.0,1.0
aggregated_ranked_features_gas-N2_keep-N2_post-prestimulus,median,283,val,0.7627118644067796,0.7626436781609196
aggregated_ranked_features_gas-N2_keep-N2_post-prestimulus,median,283,test,0.8181818181818182,0.8147368421052632
aggregated_ranked_features_gas-N2_keep-N2_post-prestimulus,median,284,train,1.0,1.0
aggregated_ranked_features_gas-N2_keep-N2_post-prestimulus,median,284,val,0.7711864406779662,0.7711700064641241
aggregated_ranked_features_gas-N2_keep-N2_post-prestimulus,median,284,test,0.8181818181818182,0.8147368421052632
aggregated_ranked_features_gas-N2_keep-N2_post-prestimulus,median,285,train,1.0,1.0
aggregated_ranked_features_gas-N2_keep-N2_post-prestimulus,median,285,val,0.7627118644067796,0.7624388840954845
aggregated_ranked_features_gas-N2_keep-N2_post-prestimulus,median,285,test,0.7954545454545454,0.7901430842607313
aggregated_ranked_features_gas-N2_keep-N2_post-prestimulus,median,286,train,1.0,1.0
aggregated_ranked_features_gas-N2_keep-N2_post-prestimulus,median,286,val,0.7627118644067796,0.7627118644067796
aggregated_ranked_features_gas-N2_keep-N2_post-prestimulus,median,286,test,0.7954545454545454,0.7901430842607313
aggregated_ranked_features_gas-N2_keep-N2_post-prestimulus,median,287,train,1.0,1.0
aggregated_ranked_features_gas-N2_keep-N2_post-prestimulus,median,287,val,0.7627118644067796,0.7627118644067796
aggregated_ranked_features_gas-N2_keep-N2_post-prestimulus,median,287,test,0.7954545454545454,0.7901430842607313
aggregated_ranked_features_gas-N2_keep-N2_post-prestimulus,median,288,train,1.0,1.0
aggregated_ranked_features_gas-N2_keep-N2_post-prestimulus,median,288,val,0.7627118644067796,0.7627118644067796
aggregated_ranked_features_gas-N2_keep-N2_post-prestimulus,median,288,test,0.7954545454545454,0.7901430842607313
aggregated_ranked_features_gas-N2_keep-N2_post-prestimulus,median,289,train,1.0,1.0
aggregated_ranked_features_gas-N2_keep-N2_post-prestimulus,median,289,val,0.7627118644067796,0.7627118644067796
aggregated_ranked_features_gas-N2_keep-N2_post-prestimulus,median,289,test,0.7727272727272727,0.7684210526315789
aggregated_ranked_features_gas-N2_keep-N2_post-prestimulus,median,290,train,1.0,1.0
aggregated_ranked_features_gas-N2_keep-N2_post-prestimulus,median,290,val,0.7711864406779662,0.7711700064641241
aggregated_ranked_features_gas-N2_keep-N2_post-prestimulus,median,290,test,0.8181818181818182,0.8147368421052632
aggregated_ranked_features_gas-N2_keep-N2_post-prestimulus,median,291,train,1.0,1.0
aggregated_ranked_features_gas-N2_keep-N2_post-prestimulus,median,291,val,0.7627118644067796,0.7626436781609196
aggregated_ranked_features_gas-N2_keep-N2_post-prestimulus,median,291,test,0.8181818181818182,0.8147368421052632
aggregated_ranked_features_gas-N2_keep-N2_post-prestimulus,median,292,train,1.0,1.0
aggregated_ranked_features_gas-N2_keep-N2_post-prestimulus,median,292,val,0.7796610169491526,0.7796610169491526
aggregated_ranked_features_gas-N2_keep-N2_post-prestimulus,median,292,test,0.8181818181818182,0.8147368421052632
aggregated_ranked_features_gas-N2_keep-N2_post-prestimulus,median,293,train,1.0,1.0
aggregated_ranked_features_gas-N2_keep-N2_post-prestimulus,median,293,val,0.7542372881355932,0.7542196365725777
aggregated_ranked_features_gas-N2_keep-N2_post-prestimulus,median,293,test,0.8181818181818182,0.8147368421052632
aggregated_ranked_features_gas-N2_keep-N2_post-prestimulus,median,294,train,1.0,1.0
aggregated_ranked_features_gas-N2_keep-N2_post-prestimulus,median,294,val,0.7796610169491526,0.7794075352315214
aggregated_ranked_features_gas-N2_keep-N2_post-prestimulus,median,294,test,0.8181818181818182,0.8147368421052632
aggregated_ranked_features_gas-N2_keep-N2_post-prestimulus,median,295,train,1.0,1.0
aggregated_ranked_features_gas-N2_keep-N2_post-prestimulus,median,295,val,0.7711864406779662,0.7707748758903519
aggregated_ranked_features_gas-N2_keep-N2_post-prestimulus,median,295,test,0.7954545454545454,0.7901430842607313
aggregated_ranked_features_gas-N2_keep-N2_post-prestimulus,median,296,train,1.0,1.0
aggregated_ranked_features_gas-N2_keep-N2_post-prestimulus,median,296,val,0.7627118644067796,0.7627118644067796
aggregated_ranked_features_gas-N2_keep-N2_post-prestimulus,median,296,test,0.8409090909090909,0.8388278388278387
aggregated_ranked_features_gas-N2_keep-N2_post-prestimulus,median,297,train,1.0,1.0
aggregated_ranked_features_gas-N2_keep-N2_post-prestimulus,median,297,val,0.788135593220339,0.78799856270212
aggregated_ranked_features_gas-N2_keep-N2_post-prestimulus,median,297,test,0.8409090909090909,0.8388278388278387
aggregated_ranked_features_gas-N2_keep-N2_post-prestimulus,median,298,train,1.0,1.0
aggregated_ranked_features_gas-N2_keep-N2_post-prestimulus,median,298,val,0.788135593220339,0.7881203763556704
aggregated_ranked_features_gas-N2_keep-N2_post-prestimulus,median,298,test,0.7954545454545454,0.7901430842607313
aggregated_ranked_features_gas-N2_keep-N2_post-prestimulus,median,299,train,1.0,1.0
aggregated_ranked_features_gas-N2_keep-N2_post-prestimulus,median,299,val,0.7627118644067796,0.7627118644067796
aggregated_ranked_features_gas-N2_keep-N2_post-prestimulus,median,299,test,0.7954545454545454,0.7901430842607313
aggregated_ranked_features_gas-N2_keep-N2_post-prestimulus,median,300,train,1.0,1.0
aggregated_ranked_features_gas-N2_keep-N2_post-prestimulus,median,300,val,0.7542372881355932,0.7540783327344592
aggregated_ranked_features_gas-N2_keep-N2_post-prestimulus,median,300,test,0.8181818181818182,0.8166666666666667
aggregated_ranked_features_gas-N2_keep-N2_post-prestimulus,median,301,train,1.0,1.0
aggregated_ranked_features_gas-N2_keep-N2_post-prestimulus,median,301,val,0.7457627118644068,0.7457627118644068
aggregated_ranked_features_gas-N2_keep-N2_post-prestimulus,median,301,test,0.8409090909090909,0.8388278388278387
aggregated_ranked_features_gas-N2_keep-N2_post-prestimulus,median,302,train,1.0,1.0
aggregated_ranked_features_gas-N2_keep-N2_post-prestimulus,median,302,val,0.7796610169491526,0.7790898617511521
aggregated_ranked_features_gas-N2_keep-N2_post-prestimulus,median,302,test,0.8181818181818182,0.8147368421052632
aggregated_ranked_features_gas-N2_keep-N2_post-prestimulus,median,303,train,1.0,1.0
aggregated_ranked_features_gas-N2_keep-N2_post-prestimulus,median,303,val,0.7796610169491526,0.7794075352315214
aggregated_ranked_features_gas-N2_keep-N2_post-prestimulus,median,303,test,0.8181818181818182,0.8147368421052632
aggregated_ranked_features_gas-N2_keep-N2_post-prestimulus,median,304,train,1.0,1.0
aggregated_ranked_features_gas-N2_keep-N2_post-prestimulus,median,304,val,0.788135593220339,0.78799856270212
aggregated_ranked_features_gas-N2_keep-N2_post-prestimulus,median,304,test,0.7954545454545454,0.7901430842607313
aggregated_ranked_features_gas-N2_keep-N2_post-prestimulus,median,305,train,1.0,1.0
aggregated_ranked_features_gas-N2_keep-N2_post-prestimulus,median,305,val,0.7457627118644068,0.7454702329594478
aggregated_ranked_features_gas-N2_keep-N2_post-prestimulus,median,305,test,0.7727272727272727,0.7649572649572649
aggregated_ranked_features_gas-N2_keep-N2_post-prestimulus,median,306,train,1.0,1.0
aggregated_ranked_features_gas-N2_keep-N2_post-prestimulus,median,306,val,0.7627118644067796,0.7626436781609196
aggregated_ranked_features_gas-N2_keep-N2_post-prestimulus,median,306,test,0.7954545454545454,0.7901430842607313
aggregated_ranked_features_gas-N2_keep-N2_post-prestimulus,median,307,train,1.0,1.0
aggregated_ranked_features_gas-N2_keep-N2_post-prestimulus,median,307,val,0.7627118644067796,0.7626436781609196
aggregated_ranked_features_gas-N2_keep-N2_post-prestimulus,median,307,test,0.7954545454545454,0.7901430842607313
aggregated_ranked_features_gas-N2_keep-N2_post-prestimulus,median,308,train,1.0,1.0
aggregated_ranked_features_gas-N2_keep-N2_post-prestimulus,median,308,val,0.7372881355932204,0.7371182177506288
aggregated_ranked_features_gas-N2_keep-N2_post-prestimulus,median,308,test,0.7954545454545454,0.7901430842607313
aggregated_ranked_features_gas-N2_keep-N2_post-prestimulus,median,309,train,1.0,1.0
aggregated_ranked_features_gas-N2_keep-N2_post-prestimulus,median,309,val,0.7288135593220338,0.7288135593220338
aggregated_ranked_features_gas-N2_keep-N2_post-prestimulus,median,309,test,0.7954545454545454,0.792778649921507
aggregated_ranked_features_gas-N2_keep-N2_post-prestimulus,median,310,train,1.0,1.0
aggregated_ranked_features_gas-N2_keep-N2_post-prestimulus,median,310,val,0.7627118644067796,0.7624388840954845
aggregated_ranked_features_gas-N2_keep-N2_post-prestimulus,median,310,test,0.8181818181818182,0.8147368421052632
aggregated_ranked_features_gas-N2_keep-N2_post-prestimulus,median,311,train,1.0,1.0
aggregated_ranked_features_gas-N2_keep-N2_post-prestimulus,median,311,val,0.7457627118644068,0.7457627118644068
aggregated_ranked_features_gas-N2_keep-N2_post-prestimulus,median,311,test,0.7954545454545454,0.7901430842607313
aggregated_ranked_features_gas-N2_keep-N2_post-prestimulus,median,312,train,1.0,1.0
aggregated_ranked_features_gas-N2_keep-N2_post-prestimulus,median,312,val,0.7542372881355932,0.7542196365725777
aggregated_ranked_features_gas-N2_keep-N2_post-prestimulus,median,312,test,0.8181818181818182,0.8166666666666667
aggregated_ranked_features_gas-N2_keep-N2_post-prestimulus,median,313,train,1.0,1.0
aggregated_ranked_features_gas-N2_keep-N2_post-prestimulus,median,313,val,0.7627118644067796,0.7627118644067796
aggregated_ranked_features_gas-N2_keep-N2_post-prestimulus,median,313,test,0.7727272727272727,0.7649572649572649
aggregated_ranked_features_gas-N2_keep-N2_post-prestimulus,median,314,train,1.0,1.0
aggregated_ranked_features_gas-N2_keep-N2_post-prestimulus,median,314,val,0.7627118644067796,0.7626436781609196
aggregated_ranked_features_gas-N2_keep-N2_post-prestimulus,median,314,test,0.8181818181818182,0.8147368421052632
aggregated_ranked_features_gas-N2_keep-N2_post-prestimulus,median,315,train,1.0,1.0
aggregated_ranked_features_gas-N2_keep-N2_post-prestimulus,median,315,val,0.7627118644067796,0.7627118644067796
aggregated_ranked_features_gas-N2_keep-N2_post-prestimulus,median,315,test,0.7954545454545454,0.7901430842607313
aggregated_ranked_features_gas-N2_keep-N2_post-prestimulus,median,316,train,1.0,1.0
aggregated_ranked_features_gas-N2_keep-N2_post-prestimulus,median,316,val,0.7796610169491526,0.7795977011494253
aggregated_ranked_features_gas-N2_keep-N2_post-prestimulus,median,316,test,0.8409090909090909,0.8388278388278387
aggregated_ranked_features_gas-N2_keep-N2_post-prestimulus,median,317,train,1.0,1.0
aggregated_ranked_features_gas-N2_keep-N2_post-prestimulus,median,317,val,0.7796610169491526,0.7795977011494253
aggregated_ranked_features_gas-N2_keep-N2_post-prestimulus,median,317,test,0.8409090909090909,0.8388278388278387
aggregated_ranked_features_gas-N2_keep-N2_post-prestimulus,median,318,train,1.0,1.0
aggregated_ranked_features_gas-N2_keep-N2_post-prestimulus,median,318,val,0.7711864406779662,0.7711700064641241
aggregated_ranked_features_gas-N2_keep-N2_post-prestimulus,median,318,test,0.7727272727272727,0.7649572649572649
aggregated_ranked_features_gas-N2_keep-N2_post-prestimulus,median,319,train,1.0,1.0
aggregated_ranked_features_gas-N2_keep-N2_post-prestimulus,median,319,val,0.788135593220339,0.78799856270212
aggregated_ranked_features_gas-N2_keep-N2_post-prestimulus,median,319,test,0.7727272727272727,0.7649572649572649
aggregated_ranked_features_gas-N2_keep-N2_post-prestimulus,median,320,train,1.0,1.0
aggregated_ranked_features_gas-N2_keep-N2_post-prestimulus,median,320,val,0.7796610169491526,0.7795977011494253
aggregated_ranked_features_gas-N2_keep-N2_post-prestimulus,median,320,test,0.7954545454545454,0.7901430842607313
aggregated_ranked_features_gas-N2_keep-N2_post-prestimulus,median,321,train,1.0,1.0
aggregated_ranked_features_gas-N2_keep-N2_post-prestimulus,median,321,val,0.7542372881355932,0.7540783327344592
aggregated_ranked_features_gas-N2_keep-N2_post-prestimulus,median,321,test,0.8181818181818182,0.8147368421052632
aggregated_ranked_features_gas-N2_keep-N2_post-prestimulus,median,322,train,1.0,1.0
aggregated_ranked_features_gas-N2_keep-N2_post-prestimulus,median,322,val,0.7372881355932204,0.7372692666810314
aggregated_ranked_features_gas-N2_keep-N2_post-prestimulus,median,322,test,0.8181818181818182,0.8147368421052632
aggregated_ranked_features_gas-N2_keep-N2_post-prestimulus,median,323,train,1.0,1.0
aggregated_ranked_features_gas-N2_keep-N2_post-prestimulus,median,323,val,0.7542372881355932,0.7542196365725777
aggregated_ranked_features_gas-N2_keep-N2_post-prestimulus,median,323,test,0.7954545454545454,0.7901430842607313
aggregated_ranked_features_gas-N2_keep-N2_post-prestimulus,median,324,train,1.0,1.0
aggregated_ranked_features_gas-N2_keep-N2_post-prestimulus,median,324,val,0.788135593220339,0.7881203763556704
aggregated_ranked_features_gas-N2_keep-N2_post-prestimulus,median,324,test,0.8181818181818182,0.8147368421052632
aggregated_ranked_features_gas-N2_keep-N2_post-prestimulus,median,325,train,1.0,1.0
aggregated_ranked_features_gas-N2_keep-N2_post-prestimulus,median,325,val,0.7627118644067796,0.7626436781609196
aggregated_ranked_features_gas-N2_keep-N2_post-prestimulus,median,325,test,0.8181818181818182,0.8147368421052632
aggregated_ranked_features_gas-N2_keep-N2_post-prestimulus,median,326,train,1.0,1.0
aggregated_ranked_features_gas-N2_keep-N2_post-prestimulus,median,326,val,0.7796610169491526,0.7795977011494253
aggregated_ranked_features_gas-N2_keep-N2_post-prestimulus,median,326,test,0.7727272727272727,0.7649572649572649
aggregated_ranked_features_gas-N2_keep-N2_post-prestimulus,median,327,train,1.0,1.0
aggregated_ranked_features_gas-N2_keep-N2_post-prestimulus,median,327,val,0.7796610169491526,0.7795977011494253
aggregated_ranked_features_gas-N2_keep-N2_post-prestimulus,median,327,test,0.7954545454545454,0.7901430842607313
aggregated_ranked_features_gas-N2_keep-N2_post-prestimulus,median,328,train,1.0,1.0
aggregated_ranked_features_gas-N2_keep-N2_post-prestimulus,median,328,val,0.7796610169491526,0.7796610169491526
aggregated_ranked_features_gas-N2_keep-N2_post-prestimulus,median,328,test,0.7954545454545454,0.7901430842607313
aggregated_ranked_features_gas-N2_keep-N2_post-prestimulus,median,329,train,1.0,1.0
aggregated_ranked_features_gas-N2_keep-N2_post-prestimulus,median,329,val,0.7796610169491526,0.7796610169491526
aggregated_ranked_features_gas-N2_keep-N2_post-prestimulus,median,329,test,0.7954545454545454,0.7901430842607313
aggregated_ranked_features_gas-N2_keep-N2_post-prestimulus,median,330,train,1.0,1.0
aggregated_ranked_features_gas-N2_keep-N2_post-prestimulus,median,330,val,0.7966101694915254,0.7966101694915254
aggregated_ranked_features_gas-N2_keep-N2_post-prestimulus,median,330,test,0.7954545454545454,0.7901430842607313
aggregated_ranked_features_gas-N2_keep-N2_post-prestimulus,median,331,train,1.0,1.0
aggregated_ranked_features_gas-N2_keep-N2_post-prestimulus,median,331,val,0.7542372881355932,0.7542196365725777
aggregated_ranked_features_gas-N2_keep-N2_post-prestimulus,median,331,test,0.7954545454545454,0.7901430842607313
aggregated_ranked_features_gas-N2_keep-N2_post-prestimulus,median,332,train,1.0,1.0
aggregated_ranked_features_gas-N2_keep-N2_post-prestimulus,median,332,val,0.7542372881355932,0.7542196365725777
aggregated_ranked_features_gas-N2_keep-N2_post-prestimulus,median,332,test,0.7954545454545454,0.792778649921507
aggregated_ranked_features_gas-N2_keep-N2_post-prestimulus,median,333,train,1.0,1.0
aggregated_ranked_features_gas-N2_keep-N2_post-prestimulus,median,333,val,0.7542372881355932,0.753795237067415
aggregated_ranked_features_gas-N2_keep-N2_post-prestimulus,median,333,test,0.8181818181818182,0.8147368421052632
aggregated_ranked_features_gas-N2_keep-N2_post-prestimulus,median,334,train,1.0,1.0
aggregated_ranked_features_gas-N2_keep-N2_post-prestimulus,median,334,val,0.7627118644067796,0.7627118644067796
aggregated_ranked_features_gas-N2_keep-N2_post-prestimulus,median,334,test,0.75,0.7390835579514825
aggregated_ranked_features_gas-N2_keep-N2_post-prestimulus,median,335,train,1.0,1.0
aggregated_ranked_features_gas-N2_keep-N2_post-prestimulus,median,335,val,0.7711864406779662,0.7710384477182897
aggregated_ranked_features_gas-N2_keep-N2_post-prestimulus,median,335,test,0.7727272727272727,0.7649572649572649
aggregated_ranked_features_gas-N2_keep-N2_post-prestimulus,median,336,train,1.0,1.0
aggregated_ranked_features_gas-N2_keep-N2_post-prestimulus,median,336,val,0.7627118644067796,0.7626436781609196
aggregated_ranked_features_gas-N2_keep-N2_post-prestimulus,median,336,test,0.7727272727272727,0.7649572649572649
aggregated_ranked_features_gas-N2_keep-N2_post-prestimulus,median,337,train,1.0,1.0
aggregated_ranked_features_gas-N2_keep-N2_post-prestimulus,median,337,val,0.7711864406779662,0.7711700064641241
aggregated_ranked_features_gas-N2_keep-N2_post-prestimulus,median,337,test,0.7954545454545454,0.7901430842607313
aggregated_ranked_features_gas-N2_keep-N2_post-prestimulus,median,338,train,1.0,1.0
aggregated_ranked_features_gas-N2_keep-N2_post-prestimulus,median,338,val,0.7288135593220338,0.7288135593220338
aggregated_ranked_features_gas-N2_keep-N2_post-prestimulus,median,338,test,0.8181818181818182,0.8147368421052632
aggregated_ranked_features_gas-N2_keep-N2_post-prestimulus,median,339,train,1.0,1.0
aggregated_ranked_features_gas-N2_keep-N2_post-prestimulus,median,339,val,0.7627118644067796,0.7627118644067796
aggregated_ranked_features_gas-N2_keep-N2_post-prestimulus,median,339,test,0.7954545454545454,0.7901430842607313
aggregated_ranked_features_gas-N2_keep-N2_post-prestimulus,median,340,train,1.0,1.0
aggregated_ranked_features_gas-N2_keep-N2_post-prestimulus,median,340,val,0.7372881355932204,0.7371182177506288
aggregated_ranked_features_gas-N2_keep-N2_post-prestimulus,median,340,test,0.7954545454545454,0.7901430842607313
aggregated_ranked_features_gas-N2_keep-N2_post-prestimulus,median,341,train,1.0,1.0
aggregated_ranked_features_gas-N2_keep-N2_post-prestimulus,median,341,val,0.7627118644067796,0.7626436781609196
aggregated_ranked_features_gas-N2_keep-N2_post-prestimulus,median,341,test,0.7954545454545454,0.7901430842607313
aggregated_ranked_features_gas-N2_keep-N2_post-prestimulus,median,342,train,1.0,1.0
aggregated_ranked_features_gas-N2_keep-N2_post-prestimulus,median,342,val,0.7711864406779662,0.7711700064641241
aggregated_ranked_features_gas-N2_keep-N2_post-prestimulus,median,342,test,0.7727272727272727,0.7649572649572649
aggregated_ranked_features_gas-N2_keep-N2_post-prestimulus,median,343,train,1.0,1.0
aggregated_ranked_features_gas-N2_keep-N2_post-prestimulus,median,343,val,0.7711864406779662,0.7711700064641241
aggregated_ranked_features_gas-N2_keep-N2_post-prestimulus,median,343,test,0.7727272727272727,0.7649572649572649
aggregated_ranked_features_gas-N2_keep-N2_post-prestimulus,median,344,train,1.0,1.0
aggregated_ranked_features_gas-N2_keep-N2_post-prestimulus,median,344,val,0.7796610169491526,0.7796610169491526
aggregated_ranked_features_gas-N2_keep-N2_post-prestimulus,median,344,test,0.7954545454545454,0.7901430842607313
aggregated_ranked_features_gas-N2_keep-N2_post-prestimulus,median,345,train,1.0,1.0
aggregated_ranked_features_gas-N2_keep-N2_post-prestimulus,median,345,val,0.7711864406779662,0.7711700064641241
aggregated_ranked_features_gas-N2_keep-N2_post-prestimulus,median,345,test,0.8181818181818182,0.8147368421052632
aggregated_ranked_features_gas-N2_keep-N2_post-prestimulus,median,346,train,1.0,1.0
aggregated_ranked_features_gas-N2_keep-N2_post-prestimulus,median,346,val,0.7796610169491526,0.7796610169491526
aggregated_ranked_features_gas-N2_keep-N2_post-prestimulus,median,346,test,0.75,0.7435082140964494
aggregated_ranked_features_gas-N2_keep-N2_post-prestimulus,median,347,train,1.0,1.0
aggregated_ranked_features_gas-N2_keep-N2_post-prestimulus,median,347,val,0.7457627118644068,0.7456896551724138
aggregated_ranked_features_gas-N2_keep-N2_post-prestimulus,median,347,test,0.8181818181818182,0.8147368421052632
aggregated_ranked_features_gas-N2_keep-N2_post-prestimulus,median,348,train,1.0,1.0
aggregated_ranked_features_gas-N2_keep-N2_post-prestimulus,median,348,val,0.7711864406779662,0.7711700064641241
aggregated_ranked_features_gas-N2_keep-N2_post-prestimulus,median,348,test,0.7727272727272727,0.7649572649572649
aggregated_ranked_features_gas-N2_keep-N2_post-prestimulus,median,349,train,1.0,1.0
aggregated_ranked_features_gas-N2_keep-N2_post-prestimulus,median,349,val,0.7457627118644068,0.7456896551724138
aggregated_ranked_features_gas-N2_keep-N2_post-prestimulus,median,349,test,0.7954545454545454,0.792778649921507
aggregated_ranked_features_gas-N2_keep-N2_post-prestimulus,median,350,train,1.0,1.0
aggregated_ranked_features_gas-N2_keep-N2_post-prestimulus,median,350,val,0.7627118644067796,0.7626436781609196
aggregated_ranked_features_gas-N2_keep-N2_post-prestimulus,median,350,test,0.7954545454545454,0.7901430842607313
aggregated_ranked_features_gas-N2_keep-N2_post-prestimulus,median,351,train,1.0,1.0
aggregated_ranked_features_gas-N2_keep-N2_post-prestimulus,median,351,val,0.788135593220339,0.7881203763556704
aggregated_ranked_features_gas-N2_keep-N2_post-prestimulus,median,351,test,0.7727272727272727,0.7649572649572649
aggregated_ranked_features_gas-N2_keep-N2_post-prestimulus,median,352,train,1.0,1.0
aggregated_ranked_features_gas-N2_keep-N2_post-prestimulus,median,352,val,0.7542372881355932,0.7540783327344592
aggregated_ranked_features_gas-N2_keep-N2_post-prestimulus,median,352,test,0.75,0.7435082140964494
aggregated_ranked_features_gas-N2_keep-N2_post-prestimulus,median,353,train,1.0,1.0
aggregated_ranked_features_gas-N2_keep-N2_post-prestimulus,median,353,val,0.788135593220339,0.7881203763556704
aggregated_ranked_features_gas-N2_keep-N2_post-prestimulus,median,353,test,0.7954545454545454,0.7901430842607313
aggregated_ranked_features_gas-N2_keep-N2_post-prestimulus,median,354,train,1.0,1.0
aggregated_ranked_features_gas-N2_keep-N2_post-prestimulus,median,354,val,0.7627118644067796,0.7627118644067796
aggregated_ranked_features_gas-N2_keep-N2_post-prestimulus,median,354,test,0.8181818181818182,0.8147368421052632
aggregated_ranked_features_gas-N2_keep-N2_post-prestimulus,median,355,train,1.0,1.0
aggregated_ranked_features_gas-N2_keep-N2_post-prestimulus,median,355,val,0.7627118644067796,0.7627118644067796
aggregated_ranked_features_gas-N2_keep-N2_post-prestimulus,median,355,test,0.7954545454545454,0.7901430842607313
aggregated_ranked_features_gas-N2_keep-N2_post-prestimulus,median,356,train,1.0,1.0
aggregated_ranked_features_gas-N2_keep-N2_post-prestimulus,median,356,val,0.7542372881355932,0.7542196365725777
aggregated_ranked_features_gas-N2_keep-N2_post-prestimulus,median,356,test,0.7954545454545454,0.7901430842607313
aggregated_ranked_features_gas-N2_keep-N2_post-prestimulus,median,357,train,1.0,1.0
aggregated_ranked_features_gas-N2_keep-N2_post-prestimulus,median,357,val,0.7457627118644068,0.7456896551724138
aggregated_ranked_features_gas-N2_keep-N2_post-prestimulus,median,357,test,0.8181818181818182,0.8147368421052632
aggregated_ranked_features_gas-N2_keep-N2_post-prestimulus,median,358,train,1.0,1.0
aggregated_ranked_features_gas-N2_keep-N2_post-prestimulus,median,358,val,0.7711864406779662,0.7711700064641241
aggregated_ranked_features_gas-N2_keep-N2_post-prestimulus,median,358,test,0.8409090909090909,0.8388278388278387
aggregated_ranked_features_gas-N2_keep-N2_post-prestimulus,median,359,train,1.0,1.0
aggregated_ranked_features_gas-N2_keep-N2_post-prestimulus,median,359,val,0.7711864406779662,0.7710384477182897
aggregated_ranked_features_gas-N2_keep-N2_post-prestimulus,median,359,test,0.8409090909090909,0.8388278388278387
aggregated_ranked_features_gas-N2_keep-N2_post-prestimulus,median,360,train,1.0,1.0
aggregated_ranked_features_gas-N2_keep-N2_post-prestimulus,median,360,val,0.7711864406779662,0.7711700064641241
aggregated_ranked_features_gas-N2_keep-N2_post-prestimulus,median,360,test,0.8181818181818182,0.8147368421052632
aggregated_ranked_features_gas-N2_keep-N2_post-prestimulus,median,361,train,1.0,1.0
aggregated_ranked_features_gas-N2_keep-N2_post-prestimulus,median,361,val,0.7711864406779662,0.7711700064641241
aggregated_ranked_features_gas-N2_keep-N2_post-prestimulus,median,361,test,0.8181818181818182,0.8147368421052632
aggregated_ranked_features_gas-N2_keep-N2_post-prestimulus,median,362,train,1.0,1.0
aggregated_ranked_features_gas-N2_keep-N2_post-prestimulus,median,362,val,0.7966101694915254,0.7966101694915254
aggregated_ranked_features_gas-N2_keep-N2_post-prestimulus,median,362,test,0.7954545454545454,0.7901430842607313
aggregated_ranked_features_gas-N2_keep-N2_post-prestimulus,median,363,train,1.0,1.0
aggregated_ranked_features_gas-N2_keep-N2_post-prestimulus,median,363,val,0.8050847457627118,0.8050707462472169
aggregated_ranked_features_gas-N2_keep-N2_post-prestimulus,median,363,test,0.8181818181818182,0.8147368421052632
aggregated_ranked_features_gas-N2_keep-N2_post-prestimulus,median,364,train,1.0,1.0
aggregated_ranked_features_gas-N2_keep-N2_post-prestimulus,median,364,val,0.7542372881355932,0.7542196365725777
aggregated_ranked_features_gas-N2_keep-N2_post-prestimulus,median,364,test,0.7954545454545454,0.7901430842607313
aggregated_ranked_features_gas-N2_keep-N2_post-prestimulus,median,365,train,1.0,1.0
aggregated_ranked_features_gas-N2_keep-N2_post-prestimulus,median,365,val,0.788135593220339,0.7881203763556704
aggregated_ranked_features_gas-N2_keep-N2_post-prestimulus,median,365,test,0.7954545454545454,0.7901430842607313
aggregated_ranked_features_gas-N2_keep-N2_post-prestimulus,median,366,train,1.0,1.0
aggregated_ranked_features_gas-N2_keep-N2_post-prestimulus,median,366,val,0.7627118644067796,0.7627118644067796
aggregated_ranked_features_gas-N2_keep-N2_post-prestimulus,median,366,test,0.8181818181818182,0.8147368421052632
aggregated_ranked_features_gas-N2_keep-N2_post-prestimulus,median,367,train,1.0,1.0
aggregated_ranked_features_gas-N2_keep-N2_post-prestimulus,median,367,val,0.788135593220339,0.7881203763556704
aggregated_ranked_features_gas-N2_keep-N2_post-prestimulus,median,367,test,0.8181818181818182,0.8147368421052632
aggregated_ranked_features_gas-N2_keep-N2_post-prestimulus,median,368,train,1.0,1.0
aggregated_ranked_features_gas-N2_keep-N2_post-prestimulus,median,368,val,0.788135593220339,0.7881203763556704
aggregated_ranked_features_gas-N2_keep-N2_post-prestimulus,median,368,test,0.75,0.7390835579514825
aggregated_ranked_features_gas-N2_keep-N2_post-prestimulus,median,369,train,1.0,1.0
aggregated_ranked_features_gas-N2_keep-N2_post-prestimulus,median,369,val,0.7711864406779662,0.7711700064641241
aggregated_ranked_features_gas-N2_keep-N2_post-prestimulus,median,369,test,0.7954545454545454,0.7901430842607313
aggregated_ranked_features_gas-N2_keep-N2_post-prestimulus,median,370,train,1.0,1.0
aggregated_ranked_features_gas-N2_keep-N2_post-prestimulus,median,370,val,0.788135593220339,0.7881203763556704
aggregated_ranked_features_gas-N2_keep-N2_post-prestimulus,median,370,test,0.75,0.7435082140964494
aggregated_ranked_features_gas-N2_keep-N2_post-prestimulus,median,371,train,1.0,1.0
aggregated_ranked_features_gas-N2_keep-N2_post-prestimulus,median,371,val,0.7966101694915254,0.7966101694915254
aggregated_ranked_features_gas-N2_keep-N2_post-prestimulus,median,371,test,0.7727272727272727,0.7684210526315789
aggregated_ranked_features_gas-N2_keep-N2_post-prestimulus,median,372,train,1.0,1.0
aggregated_ranked_features_gas-N2_keep-N2_post-prestimulus,median,372,val,0.788135593220339,0.78799856270212
aggregated_ranked_features_gas-N2_keep-N2_post-prestimulus,median,372,test,0.7954545454545454,0.7901430842607313
aggregated_ranked_features_gas-N2_keep-N2_post-prestimulus,median,373,train,1.0,1.0
aggregated_ranked_features_gas-N2_keep-N2_post-prestimulus,median,373,val,0.8050847457627118,0.8050707462472169
aggregated_ranked_features_gas-N2_keep-N2_post-prestimulus,median,373,test,0.8181818181818182,0.8166666666666667
aggregated_ranked_features_gas-N2_keep-N2_post-prestimulus,median,374,train,1.0,1.0
aggregated_ranked_features_gas-N2_keep-N2_post-prestimulus,median,374,val,0.7711864406779662,0.7711700064641241
aggregated_ranked_features_gas-N2_keep-N2_post-prestimulus,median,374,test,0.8409090909090909,0.8388278388278387
aggregated_ranked_features_gas-N2_keep-N2_post-prestimulus,median,375,train,1.0,1.0
aggregated_ranked_features_gas-N2_keep-N2_post-prestimulus,median,375,val,0.7711864406779662,0.7711700064641241
aggregated_ranked_features_gas-N2_keep-N2_post-prestimulus,median,375,test,0.8181818181818182,0.8147368421052632
aggregated_ranked_features_gas-N2_keep-N2_post-prestimulus,median,376,train,1.0,1.0
aggregated_ranked_features_gas-N2_keep-N2_post-prestimulus,median,376,val,0.7711864406779662,0.7710384477182897
aggregated_ranked_features_gas-N2_keep-N2_post-prestimulus,median,376,test,0.7954545454545454,0.7901430842607313
aggregated_ranked_features_gas-N2_keep-N2_post-prestimulus,median,377,train,1.0,1.0
aggregated_ranked_features_gas-N2_keep-N2_post-prestimulus,median,377,val,0.7711864406779662,0.7710384477182897
aggregated_ranked_features_gas-N2_keep-N2_post-prestimulus,median,377,test,0.8181818181818182,0.8147368421052632
aggregated_ranked_features_gas-N2_keep-N2_post-prestimulus,median,378,train,1.0,1.0
aggregated_ranked_features_gas-N2_keep-N2_post-prestimulus,median,378,val,0.788135593220339,0.7881203763556704
aggregated_ranked_features_gas-N2_keep-N2_post-prestimulus,median,378,test,0.7954545454545454,0.7901430842607313
aggregated_ranked_features_gas-N2_keep-N2_post-prestimulus,median,379,train,1.0,1.0
aggregated_ranked_features_gas-N2_keep-N2_post-prestimulus,median,379,val,0.7966101694915254,0.7965517241379311
aggregated_ranked_features_gas-N2_keep-N2_post-prestimulus,median,379,test,0.8409090909090909,0.8388278388278387
aggregated_ranked_features_gas-N2_keep-N2_post-prestimulus,median,380,train,1.0,1.0
aggregated_ranked_features_gas-N2_keep-N2_post-prestimulus,median,380,val,0.7627118644067796,0.7626436781609196
aggregated_ranked_features_gas-N2_keep-N2_post-prestimulus,median,380,test,0.7954545454545454,0.7901430842607313
aggregated_ranked_features_gas-N2_keep-N2_post-prestimulus,median,381,train,1.0,1.0
aggregated_ranked_features_gas-N2_keep-N2_post-prestimulus,median,381,val,0.8050847457627118,0.8050707462472169
aggregated_ranked_features_gas-N2_keep-N2_post-prestimulus,median,381,test,0.7727272727272727,0.7649572649572649
aggregated_ranked_features_gas-N2_keep-N2_post-prestimulus,median,382,train,1.0,1.0
aggregated_ranked_features_gas-N2_keep-N2_post-prestimulus,median,382,val,0.8050847457627118,0.8050707462472169
aggregated_ranked_features_gas-N2_keep-N2_post-prestimulus,median,382,test,0.7727272727272727,0.7649572649572649
aggregated_ranked_features_gas-N2_keep-N2_post-prestimulus,median,383,train,1.0,1.0
aggregated_ranked_features_gas-N2_keep-N2_post-prestimulus,median,383,val,0.8050847457627118,0.8050707462472169
aggregated_ranked_features_gas-N2_keep-N2_post-prestimulus,median,383,test,0.7727272727272727,0.7649572649572649
aggregated_ranked_features_gas-N2_keep-N2_post-prestimulus,median,384,train,1.0,1.0
aggregated_ranked_features_gas-N2_keep-N2_post-prestimulus,median,384,val,0.788135593220339,0.7881203763556704
aggregated_ranked_features_gas-N2_keep-N2_post-prestimulus,median,384,test,0.8181818181818182,0.8147368421052632
aggregated_ranked_features_gas-N2_keep-N2_post-prestimulus,median,385,train,1.0,1.0
aggregated_ranked_features_gas-N2_keep-N2_post-prestimulus,median,385,val,0.788135593220339,0.7881203763556704
aggregated_ranked_features_gas-N2_keep-N2_post-prestimulus,median,385,test,0.8181818181818182,0.8147368421052632
aggregated_ranked_features_gas-N2_keep-N2_post-prestimulus,median,386,train,1.0,1.0
aggregated_ranked_features_gas-N2_keep-N2_post-prestimulus,median,386,val,0.8050847457627118,0.8050707462472169
aggregated_ranked_features_gas-N2_keep-N2_post-prestimulus,median,386,test,0.7954545454545454,0.7901430842607313
aggregated_ranked_features_gas-N2_keep-N2_post-prestimulus,median,387,train,1.0,1.0
aggregated_ranked_features_gas-N2_keep-N2_post-prestimulus,median,387,val,0.8050847457627118,0.8050707462472169
aggregated_ranked_features_gas-N2_keep-N2_post-prestimulus,median,387,test,0.7954545454545454,0.7901430842607313
aggregated_ranked_features_gas-N2_keep-N2_post-prestimulus,median,388,train,1.0,1.0
aggregated_ranked_features_gas-N2_keep-N2_post-prestimulus,median,388,val,0.7711864406779662,0.7711700064641241
aggregated_ranked_features_gas-N2_keep-N2_post-prestimulus,median,388,test,0.8409090909090909,0.8388278388278387
aggregated_ranked_features_gas-N2_keep-N2_post-prestimulus,median,389,train,1.0,1.0
aggregated_ranked_features_gas-N2_keep-N2_post-prestimulus,median,389,val,0.7796610169491526,0.7795977011494253
aggregated_ranked_features_gas-N2_keep-N2_post-prestimulus,median,389,test,0.8409090909090909,0.8388278388278387
aggregated_ranked_features_gas-N2_keep-N2_post-prestimulus,median,390,train,1.0,1.0
aggregated_ranked_features_gas-N2_keep-N2_post-prestimulus,median,390,val,0.8050847457627118,0.8050707462472169
aggregated_ranked_features_gas-N2_keep-N2_post-prestimulus,median,390,test,0.8409090909090909,0.8388278388278387
aggregated_ranked_features_gas-N2_keep-N2_post-prestimulus,median,391,train,1.0,1.0
aggregated_ranked_features_gas-N2_keep-N2_post-prestimulus,median,391,val,0.7966101694915254,0.7965517241379311
aggregated_ranked_features_gas-N2_keep-N2_post-prestimulus,median,391,test,0.8636363636363636,0.8625
aggregated_ranked_features_gas-N2_keep-N2_post-prestimulus,median,392,train,1.0,1.0
aggregated_ranked_features_gas-N2_keep-N2_post-prestimulus,median,392,val,0.7796610169491526,0.7794075352315214
aggregated_ranked_features_gas-N2_keep-N2_post-prestimulus,median,392,test,0.8181818181818182,0.8147368421052632
aggregated_ranked_features_gas-N2_keep-N2_post-prestimulus,median,393,train,1.0,1.0
aggregated_ranked_features_gas-N2_keep-N2_post-prestimulus,median,393,val,0.788135593220339,0.7881203763556704
aggregated_ranked_features_gas-N2_keep-N2_post-prestimulus,median,393,test,0.8181818181818182,0.8147368421052632
aggregated_ranked_features_gas-N2_keep-N2_post-prestimulus,median,394,train,1.0,1.0
aggregated_ranked_features_gas-N2_keep-N2_post-prestimulus,median,394,val,0.7966101694915254,0.7965517241379311
aggregated_ranked_features_gas-N2_keep-N2_post-prestimulus,median,394,test,0.8181818181818182,0.8147368421052632
aggregated_ranked_features_gas-N2_keep-N2_post-prestimulus,median,395,train,1.0,1.0
aggregated_ranked_features_gas-N2_keep-N2_post-prestimulus,median,395,val,0.788135593220339,0.7881203763556704
aggregated_ranked_features_gas-N2_keep-N2_post-prestimulus,median,395,test,0.7954545454545454,0.7901430842607313
aggregated_ranked_features_gas-N2_keep-N2_post-prestimulus,median,396,train,1.0,1.0
aggregated_ranked_features_gas-N2_keep-N2_post-prestimulus,median,396,val,0.8050847457627118,0.8050707462472169
aggregated_ranked_features_gas-N2_keep-N2_post-prestimulus,median,396,test,0.7954545454545454,0.7901430842607313
aggregated_ranked_features_gas-N2_keep-N2_post-prestimulus,median,397,train,1.0,1.0
aggregated_ranked_features_gas-N2_keep-N2_post-prestimulus,median,397,val,0.8050847457627118,0.8050707462472169
aggregated_ranked_features_gas-N2_keep-N2_post-prestimulus,median,397,test,0.7954545454545454,0.7901430842607313
aggregated_ranked_features_gas-N2_keep-N2_post-prestimulus,median,398,train,1.0,1.0
aggregated_ranked_features_gas-N2_keep-N2_post-prestimulus,median,398,val,0.8050847457627118,0.8050707462472169
aggregated_ranked_features_gas-N2_keep-N2_post-prestimulus,median,398,test,0.8181818181818182,0.8147368421052632
aggregated_ranked_features_gas-N2_keep-N2_post-prestimulus,median,399,train,1.0,1.0
aggregated_ranked_features_gas-N2_keep-N2_post-prestimulus,median,399,val,0.8050847457627118,0.8050707462472169
aggregated_ranked_features_gas-N2_keep-N2_post-prestimulus,median,399,test,0.7954545454545454,0.7901430842607313
aggregated_ranked_features_gas-N2_keep-N2_post-prestimulus,median,400,train,1.0,1.0
aggregated_ranked_features_gas-N2_keep-N2_post-prestimulus,median,400,val,0.8220338983050848,0.8220211161387632
aggregated_ranked_features_gas-N2_keep-N2_post-prestimulus,median,400,test,0.7954545454545454,0.7901430842607313
aggregated_ranked_features_gas-N2_keep-N2_post-prestimulus,median,401,train,1.0,1.0
aggregated_ranked_features_gas-N2_keep-N2_post-prestimulus,median,401,val,0.7796610169491526,0.7795977011494253
aggregated_ranked_features_gas-N2_keep-N2_post-prestimulus,median,401,test,0.8409090909090909,0.8388278388278387
aggregated_ranked_features_gas-N2_keep-N2_post-prestimulus,median,402,train,1.0,1.0
aggregated_ranked_features_gas-N2_keep-N2_post-prestimulus,median,402,val,0.7966101694915254,0.7965517241379311
aggregated_ranked_features_gas-N2_keep-N2_post-prestimulus,median,402,test,0.7954545454545454,0.7901430842607313
aggregated_ranked_features_gas-N2_keep-N2_post-prestimulus,median,403,train,1.0,1.0
aggregated_ranked_features_gas-N2_keep-N2_post-prestimulus,median,403,val,0.7966101694915254,0.7965517241379311
aggregated_ranked_features_gas-N2_keep-N2_post-prestimulus,median,403,test,0.7954545454545454,0.7901430842607313
aggregated_ranked_features_gas-N2_keep-N2_post-prestimulus,median,404,train,1.0,1.0
aggregated_ranked_features_gas-N2_keep-N2_post-prestimulus,median,404,val,0.7966101694915254,0.7963761863675582
aggregated_ranked_features_gas-N2_keep-N2_post-prestimulus,median,404,test,0.8409090909090909,0.8388278388278387
aggregated_ranked_features_gas-N2_keep-N2_post-prestimulus,median,405,train,1.0,1.0
aggregated_ranked_features_gas-N2_keep-N2_post-prestimulus,median,405,val,0.8220338983050848,0.8220211161387632
aggregated_ranked_features_gas-N2_keep-N2_post-prestimulus,median,405,test,0.8181818181818182,0.8147368421052632
aggregated_ranked_features_gas-N2_keep-N2_post-prestimulus,median,406,train,1.0,1.0
aggregated_ranked_features_gas-N2_keep-N2_post-prestimulus,median,406,val,0.8135593220338984,0.8135593220338984
aggregated_ranked_features_gas-N2_keep-N2_post-prestimulus,median,406,test,0.8409090909090909,0.8388278388278387
aggregated_ranked_features_gas-N2_keep-N2_post-prestimulus,median,407,train,1.0,1.0
aggregated_ranked_features_gas-N2_keep-N2_post-prestimulus,median,407,val,0.7542372881355932,0.7542196365725777
aggregated_ranked_features_gas-N2_keep-N2_post-prestimulus,median,407,test,0.8181818181818182,0.8147368421052632
aggregated_ranked_features_gas-N2_keep-N2_post-prestimulus,median,408,train,1.0,1.0
aggregated_ranked_features_gas-N2_keep-N2_post-prestimulus,median,408,val,0.7796610169491526,0.7796610169491526
aggregated_ranked_features_gas-N2_keep-N2_post-prestimulus,median,408,test,0.8409090909090909,0.8388278388278387
aggregated_ranked_features_gas-N2_keep-N2_post-prestimulus,median,409,train,1.0,1.0
aggregated_ranked_features_gas-N2_keep-N2_post-prestimulus,median,409,val,0.7711864406779662,0.7711700064641241
aggregated_ranked_features_gas-N2_keep-N2_post-prestimulus,median,409,test,0.8409090909090909,0.8388278388278387
aggregated_ranked_features_gas-N2_keep-N2_post-prestimulus,median,410,train,1.0,1.0
aggregated_ranked_features_gas-N2_keep-N2_post-prestimulus,median,410,val,0.7966101694915254,0.7966101694915254
aggregated_ranked_features_gas-N2_keep-N2_post-prestimulus,median,410,test,0.8409090909090909,0.8388278388278387
aggregated_ranked_features_gas-N2_keep-N2_post-prestimulus,median,411,train,1.0,1.0
aggregated_ranked_features_gas-N2_keep-N2_post-prestimulus,median,411,val,0.7966101694915254,0.7966101694915254
aggregated_ranked_features_gas-N2_keep-N2_post-prestimulus,median,411,test,0.8409090909090909,0.8388278388278387
aggregated_ranked_features_gas-N2_keep-N2_post-prestimulus,median,412,train,1.0,1.0
aggregated_ranked_features_gas-N2_keep-N2_post-prestimulus,median,412,val,0.7966101694915254,0.7966101694915254
aggregated_ranked_features_gas-N2_keep-N2_post-prestimulus,median,412,test,0.8409090909090909,0.8388278388278387
aggregated_ranked_features_gas-N2_keep-N2_post-prestimulus,median,413,train,1.0,1.0
aggregated_ranked_features_gas-N2_keep-N2_post-prestimulus,median,413,val,0.7711864406779662,0.7711700064641241
aggregated_ranked_features_gas-N2_keep-N2_post-prestimulus,median,413,test,0.8409090909090909,0.8388278388278387
aggregated_ranked_features_gas-N2_keep-N2_post-prestimulus,median,414,train,1.0,1.0
aggregated_ranked_features_gas-N2_keep-N2_post-prestimulus,median,414,val,0.788135593220339,0.7881203763556704
aggregated_ranked_features_gas-N2_keep-N2_post-prestimulus,median,414,test,0.8409090909090909,0.8388278388278387
aggregated_ranked_features_gas-N2_keep-N2_post-prestimulus,median,415,train,1.0,1.0
aggregated_ranked_features_gas-N2_keep-N2_post-prestimulus,median,415,val,0.7711864406779662,0.7710384477182897
aggregated_ranked_features_gas-N2_keep-N2_post-prestimulus,median,415,test,0.8409090909090909,0.8388278388278387
aggregated_ranked_features_gas-N2_keep-N2_post-prestimulus,median,416,train,1.0,1.0
aggregated_ranked_features_gas-N2_keep-N2_post-prestimulus,median,416,val,0.7796610169491526,0.7796610169491526
aggregated_ranked_features_gas-N2_keep-N2_post-prestimulus,median,416,test,0.8181818181818182,0.8166666666666667
aggregated_ranked_features_gas-N2_keep-N2_post-prestimulus,median,417,train,1.0,1.0
aggregated_ranked_features_gas-N2_keep-N2_post-prestimulus,median,417,val,0.7796610169491526,0.7796610169491526
aggregated_ranked_features_gas-N2_keep-N2_post-prestimulus,median,417,test,0.8181818181818182,0.8166666666666667
aggregated_ranked_features_gas-N2_keep-N2_post-prestimulus,median,418,train,1.0,1.0
aggregated_ranked_features_gas-N2_keep-N2_post-prestimulus,median,418,val,0.7711864406779662,0.7711700064641241
aggregated_ranked_features_gas-N2_keep-N2_post-prestimulus,median,418,test,0.7954545454545454,0.7901430842607313
aggregated_ranked_features_gas-N2_keep-N2_post-prestimulus,median,419,train,1.0,1.0
aggregated_ranked_features_gas-N2_keep-N2_post-prestimulus,median,419,val,0.7966101694915254,0.7965517241379311
aggregated_ranked_features_gas-N2_keep-N2_post-prestimulus,median,419,test,0.8181818181818182,0.8147368421052632
aggregated_ranked_features_gas-N2_keep-N2_post-prestimulus,median,420,train,1.0,1.0
aggregated_ranked_features_gas-N2_keep-N2_post-prestimulus,median,420,val,0.7966101694915254,0.7966101694915254
aggregated_ranked_features_gas-N2_keep-N2_post-prestimulus,median,420,test,0.7954545454545454,0.7901430842607313
aggregated_ranked_features_gas-N2_keep-N2_post-prestimulus,median,421,train,1.0,1.0
aggregated_ranked_features_gas-N2_keep-N2_post-prestimulus,median,421,val,0.8135593220338984,0.8135057471264368
aggregated_ranked_features_gas-N2_keep-N2_post-prestimulus,median,421,test,0.8181818181818182,0.8147368421052632
aggregated_ranked_features_gas-N2_keep-N2_post-prestimulus,median,422,train,1.0,1.0
aggregated_ranked_features_gas-N2_keep-N2_post-prestimulus,median,422,val,0.7796610169491526,0.7795977011494253
aggregated_ranked_features_gas-N2_keep-N2_post-prestimulus,median,422,test,0.8181818181818182,0.8147368421052632
aggregated_ranked_features_gas-N2_keep-N2_post-prestimulus,median,423,train,1.0,1.0
aggregated_ranked_features_gas-N2_keep-N2_post-prestimulus,median,423,val,0.8050847457627118,0.8050707462472169
aggregated_ranked_features_gas-N2_keep-N2_post-prestimulus,median,423,test,0.7954545454545454,0.7901430842607313
aggregated_ranked_features_gas-N2_keep-N2_post-prestimulus,median,424,train,1.0,1.0
aggregated_ranked_features_gas-N2_keep-N2_post-prestimulus,median,424,val,0.788135593220339,0.7881203763556704
aggregated_ranked_features_gas-N2_keep-N2_post-prestimulus,median,424,test,0.8181818181818182,0.8147368421052632
aggregated_ranked_features_gas-N2_keep-N2_post-prestimulus,median,425,train,1.0,1.0
aggregated_ranked_features_gas-N2_keep-N2_post-prestimulus,median,425,val,0.8050847457627118,0.8050707462472169
aggregated_ranked_features_gas-N2_keep-N2_post-prestimulus,median,425,test,0.8409090909090909,0.8388278388278387
aggregated_ranked_features_gas-N2_keep-N2_post-prestimulus,median,426,train,1.0,1.0
aggregated_ranked_features_gas-N2_keep-N2_post-prestimulus,median,426,val,0.788135593220339,0.7881203763556704
aggregated_ranked_features_gas-N2_keep-N2_post-prestimulus,median,426,test,0.8409090909090909,0.8388278388278387
aggregated_ranked_features_gas-N2_keep-N2_post-prestimulus,median,427,train,1.0,1.0
aggregated_ranked_features_gas-N2_keep-N2_post-prestimulus,median,427,val,0.788135593220339,0.7881203763556704
aggregated_ranked_features_gas-N2_keep-N2_post-prestimulus,median,427,test,0.7954545454545454,0.7901430842607313
aggregated_ranked_features_gas-N2_keep-N2_post-prestimulus,median,428,train,1.0,1.0
aggregated_ranked_features_gas-N2_keep-N2_post-prestimulus,median,428,val,0.8050847457627118,0.8049586776859504
aggregated_ranked_features_gas-N2_keep-N2_post-prestimulus,median,428,test,0.8409090909090909,0.8388278388278387
aggregated_ranked_features_gas-N2_keep-N2_post-prestimulus,median,429,train,1.0,1.0
aggregated_ranked_features_gas-N2_keep-N2_post-prestimulus,median,429,val,0.8135593220338984,0.8135057471264368
aggregated_ranked_features_gas-N2_keep-N2_post-prestimulus,median,429,test,0.8409090909090909,0.8388278388278387
aggregated_ranked_features_gas-N2_keep-N2_post-prestimulus,median,430,train,1.0,1.0
aggregated_ranked_features_gas-N2_keep-N2_post-prestimulus,median,430,val,0.7796610169491526,0.7796610169491526
aggregated_ranked_features_gas-N2_keep-N2_post-prestimulus,median,430,test,0.8181818181818182,0.8147368421052632
aggregated_ranked_features_gas-N2_keep-N2_post-prestimulus,median,431,train,1.0,1.0
aggregated_ranked_features_gas-N2_keep-N2_post-prestimulus,median,431,val,0.8135593220338984,0.8135593220338984
aggregated_ranked_features_gas-N2_keep-N2_post-prestimulus,median,431,test,0.8181818181818182,0.8147368421052632
aggregated_ranked_features_gas-N2_keep-N2_post-prestimulus,median,432,train,1.0,1.0
aggregated_ranked_features_gas-N2_keep-N2_post-prestimulus,median,432,val,0.8135593220338984,0.8135593220338984
aggregated_ranked_features_gas-N2_keep-N2_post-prestimulus,median,432,test,0.8181818181818182,0.8147368421052632
aggregated_ranked_features_gas-N2_keep-N2_post-prestimulus,median,433,train,1.0,1.0
aggregated_ranked_features_gas-N2_keep-N2_post-prestimulus,median,433,val,0.8050847457627118,0.8050707462472169
aggregated_ranked_features_gas-N2_keep-N2_post-prestimulus,median,433,test,0.7727272727272727,0.7649572649572649
aggregated_ranked_features_gas-N2_keep-N2_post-prestimulus,median,434,train,1.0,1.0
aggregated_ranked_features_gas-N2_keep-N2_post-prestimulus,median,434,val,0.8050847457627118,0.8050707462472169
aggregated_ranked_features_gas-N2_keep-N2_post-prestimulus,median,434,test,0.7727272727272727,0.7649572649572649
aggregated_ranked_features_gas-N2_keep-N2_post-prestimulus,median,435,train,1.0,1.0
aggregated_ranked_features_gas-N2_keep-N2_post-prestimulus,median,435,val,0.7711864406779662,0.7711700064641241
aggregated_ranked_features_gas-N2_keep-N2_post-prestimulus,median,435,test,0.8409090909090909,0.8388278388278387
aggregated_ranked_features_gas-N2_keep-N2_post-prestimulus,median,436,train,1.0,1.0
aggregated_ranked_features_gas-N2_keep-N2_post-prestimulus,median,436,val,0.788135593220339,0.7881203763556704
aggregated_ranked_features_gas-N2_keep-N2_post-prestimulus,median,436,test,0.8409090909090909,0.8388278388278387
aggregated_ranked_features_gas-N2_keep-N2_post-prestimulus,median,437,train,1.0,1.0
aggregated_ranked_features_gas-N2_keep-N2_post-prestimulus,median,437,val,0.788135593220339,0.78799856270212
aggregated_ranked_features_gas-N2_keep-N2_post-prestimulus,median,437,test,0.7954545454545454,0.7901430842607313
aggregated_ranked_features_gas-N2_keep-N2_post-prestimulus,median,438,train,1.0,1.0
aggregated_ranked_features_gas-N2_keep-N2_post-prestimulus,median,438,val,0.7711864406779662,0.7711700064641241
aggregated_ranked_features_gas-N2_keep-N2_post-prestimulus,median,438,test,0.8636363636363636,0.8625
aggregated_ranked_features_gas-N2_keep-N2_post-prestimulus,median,439,train,1.0,1.0
aggregated_ranked_features_gas-N2_keep-N2_post-prestimulus,median,439,val,0.788135593220339,0.78799856270212
aggregated_ranked_features_gas-N2_keep-N2_post-prestimulus,median,439,test,0.8409090909090909,0.8388278388278387
aggregated_ranked_features_gas-N2_keep-N2_post-prestimulus,median,440,train,1.0,1.0
aggregated_ranked_features_gas-N2_keep-N2_post-prestimulus,median,440,val,0.7796610169491526,0.7796610169491526
aggregated_ranked_features_gas-N2_keep-N2_post-prestimulus,median,440,test,0.8409090909090909,0.8388278388278387
aggregated_ranked_features_gas-N2_keep-N2_post-prestimulus,median,441,train,1.0,1.0
aggregated_ranked_features_gas-N2_keep-N2_post-prestimulus,median,441,val,0.7796610169491526,0.7796610169491526
aggregated_ranked_features_gas-N2_keep-N2_post-prestimulus,median,441,test,0.8409090909090909,0.8388278388278387
aggregated_ranked_features_gas-N2_keep-N2_post-prestimulus,median,442,train,1.0,1.0
aggregated_ranked_features_gas-N2_keep-N2_post-prestimulus,median,442,val,0.7966101694915254,0.7966101694915254
aggregated_ranked_features_gas-N2_keep-N2_post-prestimulus,median,442,test,0.8181818181818182,0.8147368421052632
aggregated_ranked_features_gas-N2_keep-N2_post-prestimulus,median,443,train,1.0,1.0
aggregated_ranked_features_gas-N2_keep-N2_post-prestimulus,median,443,val,0.7966101694915254,0.7966101694915254
aggregated_ranked_features_gas-N2_keep-N2_post-prestimulus,median,443,test,0.8181818181818182,0.8147368421052632
aggregated_ranked_features_gas-N2_keep-N2_post-prestimulus,median,444,train,1.0,1.0
aggregated_ranked_features_gas-N2_keep-N2_post-prestimulus,median,444,val,0.8050847457627118,0.8050707462472169
aggregated_ranked_features_gas-N2_keep-N2_post-prestimulus,median,444,test,0.8409090909090909,0.8388278388278387
aggregated_ranked_features_gas-N2_keep-N2_post-prestimulus,median,445,train,1.0,1.0
aggregated_ranked_features_gas-N2_keep-N2_post-prestimulus,median,445,val,0.8135593220338984,0.8135593220338984
aggregated_ranked_features_gas-N2_keep-N2_post-prestimulus,median,445,test,0.8181818181818182,0.8147368421052632
aggregated_ranked_features_gas-N2_keep-N2_post-prestimulus,median,446,train,1.0,1.0
aggregated_ranked_features_gas-N2_keep-N2_post-prestimulus,median,446,val,0.7966101694915254,0.7966101694915254
aggregated_ranked_features_gas-N2_keep-N2_post-prestimulus,median,446,test,0.7954545454545454,0.7901430842607313
aggregated_ranked_features_gas-N2_keep-N2_post-prestimulus,median,447,train,1.0,1.0
aggregated_ranked_features_gas-N2_keep-N2_post-prestimulus,median,447,val,0.7796610169491526,0.7796610169491526
aggregated_ranked_features_gas-N2_keep-N2_post-prestimulus,median,447,test,0.8409090909090909,0.8388278388278387
aggregated_ranked_features_gas-N2_keep-N2_post-prestimulus,median,448,train,1.0,1.0
aggregated_ranked_features_gas-N2_keep-N2_post-prestimulus,median,448,val,0.7796610169491526,0.7795977011494253
aggregated_ranked_features_gas-N2_keep-N2_post-prestimulus,median,448,test,0.8181818181818182,0.8147368421052632
aggregated_ranked_features_gas-N2_keep-N2_post-prestimulus,median,449,train,1.0,1.0
aggregated_ranked_features_gas-N2_keep-N2_post-prestimulus,median,449,val,0.7966101694915254,0.7965517241379311
aggregated_ranked_features_gas-N2_keep-N2_post-prestimulus,median,449,test,0.7954545454545454,0.7901430842607313
aggregated_ranked_features_gas-N2_keep-N2_post-prestimulus,median,450,train,1.0,1.0
aggregated_ranked_features_gas-N2_keep-N2_post-prestimulus,median,450,val,0.7711864406779662,0.7711700064641241
aggregated_ranked_features_gas-N2_keep-N2_post-prestimulus,median,450,test,0.8409090909090909,0.8388278388278387
aggregated_ranked_features_gas-N2_keep-N2_post-prestimulus,median,451,train,1.0,1.0
aggregated_ranked_features_gas-N2_keep-N2_post-prestimulus,median,451,val,0.7796610169491526,0.7795977011494253
aggregated_ranked_features_gas-N2_keep-N2_post-prestimulus,median,451,test,0.8409090909090909,0.8388278388278387
aggregated_ranked_features_gas-N2_keep-N2_post-prestimulus,median,452,train,1.0,1.0
aggregated_ranked_features_gas-N2_keep-N2_post-prestimulus,median,452,val,0.7796610169491526,0.7795977011494253
aggregated_ranked_features_gas-N2_keep-N2_post-prestimulus,median,452,test,0.8409090909090909,0.8388278388278387
aggregated_ranked_features_gas-N2_keep-N2_post-prestimulus,median,453,train,1.0,1.0
aggregated_ranked_features_gas-N2_keep-N2_post-prestimulus,median,453,val,0.788135593220339,0.7881203763556704
aggregated_ranked_features_gas-N2_keep-N2_post-prestimulus,median,453,test,0.7954545454545454,0.7901430842607313
aggregated_ranked_features_gas-N2_keep-N2_post-prestimulus,median,454,train,1.0,1.0
aggregated_ranked_features_gas-N2_keep-N2_post-prestimulus,median,454,val,0.8050847457627118,0.8050707462472169
aggregated_ranked_features_gas-N2_keep-N2_post-prestimulus,median,454,test,0.8181818181818182,0.8147368421052632
aggregated_ranked_features_gas-N2_keep-N2_post-prestimulus,median,455,train,1.0,1.0
aggregated_ranked_features_gas-N2_keep-N2_post-prestimulus,median,455,val,0.7966101694915254,0.7966101694915254
aggregated_ranked_features_gas-N2_keep-N2_post-prestimulus,median,455,test,0.8181818181818182,0.8147368421052632
aggregated_ranked_features_gas-N2_keep-N2_post-prestimulus,median,456,train,1.0,1.0
aggregated_ranked_features_gas-N2_keep-N2_post-prestimulus,median,456,val,0.7966101694915254,0.7966101694915254
aggregated_ranked_features_gas-N2_keep-N2_post-prestimulus,median,456,test,0.8181818181818182,0.8147368421052632
aggregated_ranked_features_gas-N2_keep-N2_post-prestimulus,median,457,train,1.0,1.0
aggregated_ranked_features_gas-N2_keep-N2_post-prestimulus,median,457,val,0.788135593220339,0.7881203763556704
aggregated_ranked_features_gas-N2_keep-N2_post-prestimulus,median,457,test,0.8181818181818182,0.8147368421052632
aggregated_ranked_features_gas-N2_keep-N2_post-prestimulus,median,458,train,1.0,1.0
aggregated_ranked_features_gas-N2_keep-N2_post-prestimulus,median,458,val,0.7796610169491526,0.7795977011494253
aggregated_ranked_features_gas-N2_keep-N2_post-prestimulus,median,458,test,0.8181818181818182,0.8147368421052632
aggregated_ranked_features_gas-N2_keep-N2_post-prestimulus,median,459,train,1.0,1.0
aggregated_ranked_features_gas-N2_keep-N2_post-prestimulus,median,459,val,0.788135593220339,0.7881203763556704
aggregated_ranked_features_gas-N2_keep-N2_post-prestimulus,median,459,test,0.8181818181818182,0.8147368421052632
aggregated_ranked_features_gas-N2_keep-N2_post-prestimulus,median,460,train,1.0,1.0
aggregated_ranked_features_gas-N2_keep-N2_post-prestimulus,median,460,val,0.7966101694915254,0.7965517241379311
aggregated_ranked_features_gas-N2_keep-N2_post-prestimulus,median,460,test,0.8181818181818182,0.8147368421052632
aggregated_ranked_features_gas-N2_keep-N2_post-prestimulus,median,461,train,1.0,1.0
aggregated_ranked_features_gas-N2_keep-N2_post-prestimulus,median,461,val,0.7966101694915254,0.7965517241379311
aggregated_ranked_features_gas-N2_keep-N2_post-prestimulus,median,461,test,0.8181818181818182,0.8147368421052632
aggregated_ranked_features_gas-N2_keep-N2_post-prestimulus,median,462,train,1.0,1.0
aggregated_ranked_features_gas-N2_keep-N2_post-prestimulus,median,462,val,0.788135593220339,0.78799856270212
aggregated_ranked_features_gas-N2_keep-N2_post-prestimulus,median,462,test,0.8409090909090909,0.8388278388278387
aggregated_ranked_features_gas-N2_keep-N2_post-prestimulus,median,463,train,1.0,1.0
aggregated_ranked_features_gas-N2_keep-N2_post-prestimulus,median,463,val,0.7966101694915254,0.7966101694915254
aggregated_ranked_features_gas-N2_keep-N2_post-prestimulus,median,463,test,0.7727272727272727,0.7649572649572649
aggregated_ranked_features_gas-N2_keep-N2_post-prestimulus,median,464,train,1.0,1.0
aggregated_ranked_features_gas-N2_keep-N2_post-prestimulus,median,464,val,0.7966101694915254,0.7963761863675582
aggregated_ranked_features_gas-N2_keep-N2_post-prestimulus,median,464,test,0.8181818181818182,0.8147368421052632
aggregated_ranked_features_gas-N2_keep-N2_post-prestimulus,median,465,train,1.0,1.0
aggregated_ranked_features_gas-N2_keep-N2_post-prestimulus,median,465,val,0.788135593220339,0.7881203763556704
aggregated_ranked_features_gas-N2_keep-N2_post-prestimulus,median,465,test,0.7954545454545454,0.7901430842607313
aggregated_ranked_features_gas-N2_keep-N2_post-prestimulus,median,466,train,1.0,1.0
aggregated_ranked_features_gas-N2_keep-N2_post-prestimulus,median,466,val,0.788135593220339,0.7881203763556704
aggregated_ranked_features_gas-N2_keep-N2_post-prestimulus,median,466,test,0.7954545454545454,0.7901430842607313
aggregated_ranked_features_gas-N2_keep-N2_post-prestimulus,median,467,train,1.0,1.0
aggregated_ranked_features_gas-N2_keep-N2_post-prestimulus,median,467,val,0.788135593220339,0.7881203763556704
aggregated_ranked_features_gas-N2_keep-N2_post-prestimulus,median,467,test,0.8409090909090909,0.8388278388278387
aggregated_ranked_features_gas-N2_keep-N2_post-prestimulus,median,468,train,1.0,1.0
aggregated_ranked_features_gas-N2_keep-N2_post-prestimulus,median,468,val,0.7966101694915254,0.7966101694915254
aggregated_ranked_features_gas-N2_keep-N2_post-prestimulus,median,468,test,0.8181818181818182,0.8147368421052632
aggregated_ranked_features_gas-N2_keep-N2_post-prestimulus,median,469,train,1.0,1.0
aggregated_ranked_features_gas-N2_keep-N2_post-prestimulus,median,469,val,0.7966101694915254,0.7966101694915254
aggregated_ranked_features_gas-N2_keep-N2_post-prestimulus,median,469,test,0.8181818181818182,0.8147368421052632
aggregated_ranked_features_gas-N2_keep-N2_post-prestimulus,median,470,train,1.0,1.0
aggregated_ranked_features_gas-N2_keep-N2_post-prestimulus,median,470,val,0.7796610169491526,0.7796610169491526
aggregated_ranked_features_gas-N2_keep-N2_post-prestimulus,median,470,test,0.7954545454545454,0.7901430842607313
aggregated_ranked_features_gas-N2_keep-N2_post-prestimulus,median,471,train,1.0,1.0
aggregated_ranked_features_gas-N2_keep-N2_post-prestimulus,median,471,val,0.7796610169491526,0.7795977011494253
aggregated_ranked_features_gas-N2_keep-N2_post-prestimulus,median,471,test,0.8409090909090909,0.8388278388278387
aggregated_ranked_features_gas-N2_keep-N2_post-prestimulus,median,472,train,1.0,1.0
aggregated_ranked_features_gas-N2_keep-N2_post-prestimulus,median,472,val,0.8135593220338984,0.8135593220338984
aggregated_ranked_features_gas-N2_keep-N2_post-prestimulus,median,472,test,0.8409090909090909,0.8388278388278387
aggregated_ranked_features_gas-N2_keep-N2_post-prestimulus,median,473,train,1.0,1.0
aggregated_ranked_features_gas-N2_keep-N2_post-prestimulus,median,473,val,0.7796610169491526,0.7795977011494253
aggregated_ranked_features_gas-N2_keep-N2_post-prestimulus,median,473,test,0.8409090909090909,0.8388278388278387
aggregated_ranked_features_gas-N2_keep-N2_post-prestimulus,median,474,train,1.0,1.0
aggregated_ranked_features_gas-N2_keep-N2_post-prestimulus,median,474,val,0.7627118644067796,0.7626436781609196
aggregated_ranked_features_gas-N2_keep-N2_post-prestimulus,median,474,test,0.8409090909090909,0.8388278388278387
aggregated_ranked_features_gas-N2_keep-N2_post-prestimulus,median,475,train,1.0,1.0
aggregated_ranked_features_gas-N2_keep-N2_post-prestimulus,median,475,val,0.7711864406779662,0.7710384477182897
aggregated_ranked_features_gas-N2_keep-N2_post-prestimulus,median,475,test,0.8409090909090909,0.8388278388278387
aggregated_ranked_features_gas-N2_keep-N2_post-prestimulus,median,476,train,1.0,1.0
aggregated_ranked_features_gas-N2_keep-N2_post-prestimulus,median,476,val,0.7711864406779662,0.7711700064641241
aggregated_ranked_features_gas-N2_keep-N2_post-prestimulus,median,476,test,0.7954545454545454,0.7901430842607313
aggregated_ranked_features_gas-N2_keep-N2_post-prestimulus,median,477,train,1.0,1.0
aggregated_ranked_features_gas-N2_keep-N2_post-prestimulus,median,477,val,0.7627118644067796,0.7627118644067796
aggregated_ranked_features_gas-N2_keep-N2_post-prestimulus,median,477,test,0.8181818181818182,0.8147368421052632
aggregated_ranked_features_gas-N2_keep-N2_post-prestimulus,median,478,train,1.0,1.0
aggregated_ranked_features_gas-N2_keep-N2_post-prestimulus,median,478,val,0.788135593220339,0.78799856270212
aggregated_ranked_features_gas-N2_keep-N2_post-prestimulus,median,478,test,0.8409090909090909,0.8388278388278387
aggregated_ranked_features_gas-N2_keep-N2_post-prestimulus,median,479,train,1.0,1.0
aggregated_ranked_features_gas-N2_keep-N2_post-prestimulus,median,479,val,0.788135593220339,0.78799856270212
aggregated_ranked_features_gas-N2_keep-N2_post-prestimulus,median,479,test,0.8409090909090909,0.8388278388278387
aggregated_ranked_features_gas-N2_keep-N2_post-prestimulus,median,480,train,1.0,1.0
aggregated_ranked_features_gas-N2_keep-N2_post-prestimulus,median,480,val,0.7711864406779662,0.7710384477182897
aggregated_ranked_features_gas-N2_keep-N2_post-prestimulus,median,480,test,0.8181818181818182,0.8147368421052632
aggregated_ranked_features_gas-N2_keep-N2_post-prestimulus,median,481,train,1.0,1.0
aggregated_ranked_features_gas-N2_keep-N2_post-prestimulus,median,481,val,0.7966101694915254,0.7965517241379311
aggregated_ranked_features_gas-N2_keep-N2_post-prestimulus,median,481,test,0.7954545454545454,0.7901430842607313
aggregated_ranked_features_gas-N2_keep-N2_post-prestimulus,median,482,train,1.0,1.0
aggregated_ranked_features_gas-N2_keep-N2_post-prestimulus,median,482,val,0.7627118644067796,0.7626436781609196
aggregated_ranked_features_gas-N2_keep-N2_post-prestimulus,median,482,test,0.7954545454545454,0.7901430842607313
aggregated_ranked_features_gas-N2_keep-N2_post-prestimulus,median,483,train,1.0,1.0
aggregated_ranked_features_gas-N2_keep-N2_post-prestimulus,median,483,val,0.7627118644067796,0.7627118644067796
aggregated_ranked_features_gas-N2_keep-N2_post-prestimulus,median,483,test,0.7954545454545454,0.7901430842607313
aggregated_ranked_features_gas-N2_keep-N2_post-prestimulus,median,484,train,1.0,1.0
aggregated_ranked_features_gas-N2_keep-N2_post-prestimulus,median,484,val,0.788135593220339,0.78799856270212
aggregated_ranked_features_gas-N2_keep-N2_post-prestimulus,median,484,test,0.8636363636363636,0.8625
aggregated_ranked_features_gas-N2_keep-N2_post-prestimulus,median,485,train,1.0,1.0
aggregated_ranked_features_gas-N2_keep-N2_post-prestimulus,median,485,val,0.7796610169491526,0.7795977011494253
aggregated_ranked_features_gas-N2_keep-N2_post-prestimulus,median,485,test,0.8863636363636364,0.8858329008822003
aggregated_ranked_features_gas-N2_keep-N2_post-prestimulus,median,486,train,1.0,1.0
aggregated_ranked_features_gas-N2_keep-N2_post-prestimulus,median,486,val,0.7796610169491526,0.7795977011494253
aggregated_ranked_features_gas-N2_keep-N2_post-prestimulus,median,486,test,0.8409090909090909,0.8388278388278387
aggregated_ranked_features_gas-N2_keep-N2_post-prestimulus,median,487,train,1.0,1.0
aggregated_ranked_features_gas-N2_keep-N2_post-prestimulus,median,487,val,0.8050847457627118,0.8050707462472169
aggregated_ranked_features_gas-N2_keep-N2_post-prestimulus,median,487,test,0.8409090909090909,0.8388278388278387
aggregated_ranked_features_gas-N2_keep-N2_post-prestimulus,median,488,train,1.0,1.0
aggregated_ranked_features_gas-N2_keep-N2_post-prestimulus,median,488,val,0.7711864406779662,0.7711700064641241
aggregated_ranked_features_gas-N2_keep-N2_post-prestimulus,median,488,test,0.8181818181818182,0.8147368421052632
aggregated_ranked_features_gas-N2_keep-N2_post-prestimulus,median,489,train,1.0,1.0
aggregated_ranked_features_gas-N2_keep-N2_post-prestimulus,median,489,val,0.788135593220339,0.7881203763556704
aggregated_ranked_features_gas-N2_keep-N2_post-prestimulus,median,489,test,0.8409090909090909,0.8388278388278387
aggregated_ranked_features_gas-N2_keep-N2_post-prestimulus,median,490,train,1.0,1.0
aggregated_ranked_features_gas-N2_keep-N2_post-prestimulus,median,490,val,0.7966101694915254,0.7965517241379311
aggregated_ranked_features_gas-N2_keep-N2_post-prestimulus,median,490,test,0.8409090909090909,0.8388278388278387
aggregated_ranked_features_gas-N2_keep-N2_post-prestimulus,median,491,train,1.0,1.0
aggregated_ranked_features_gas-N2_keep-N2_post-prestimulus,median,491,val,0.7796610169491526,0.7796610169491526
aggregated_ranked_features_gas-N2_keep-N2_post-prestimulus,median,491,test,0.8181818181818182,0.8147368421052632
aggregated_ranked_features_gas-N2_keep-N2_post-prestimulus,median,492,train,1.0,1.0
aggregated_ranked_features_gas-N2_keep-N2_post-prestimulus,median,492,val,0.7796610169491526,0.7795977011494253
aggregated_ranked_features_gas-N2_keep-N2_post-prestimulus,median,492,test,0.8636363636363636,0.8625
aggregated_ranked_features_gas-N2_keep-N2_post-prestimulus,median,493,train,1.0,1.0
aggregated_ranked_features_gas-N2_keep-N2_post-prestimulus,median,493,val,0.7796610169491526,0.7794075352315214
aggregated_ranked_features_gas-N2_keep-N2_post-prestimulus,median,493,test,0.8409090909090909,0.8388278388278387
aggregated_ranked_features_gas-N2_keep-N2_post-prestimulus,median,494,train,1.0,1.0
aggregated_ranked_features_gas-N2_keep-N2_post-prestimulus,median,494,val,0.7966101694915254,0.7965517241379311
aggregated_ranked_features_gas-N2_keep-N2_post-prestimulus,median,494,test,0.8181818181818182,0.8147368421052632
aggregated_ranked_features_gas-N2_keep-N2_post-prestimulus,median,495,train,1.0,1.0
aggregated_ranked_features_gas-N2_keep-N2_post-prestimulus,median,495,val,0.7796610169491526,0.7796610169491526
aggregated_ranked_features_gas-N2_keep-N2_post-prestimulus,median,495,test,0.8409090909090909,0.8388278388278387
aggregated_ranked_features_gas-N2_keep-N2_post-prestimulus,median,496,train,1.0,1.0
aggregated_ranked_features_gas-N2_keep-N2_post-prestimulus,median,496,val,0.7796610169491526,0.7795977011494253
aggregated_ranked_features_gas-N2_keep-N2_post-prestimulus,median,496,test,0.8181818181818182,0.8147368421052632
aggregated_ranked_features_gas-N2_keep-N2_post-prestimulus,median,497,train,1.0,1.0
aggregated_ranked_features_gas-N2_keep-N2_post-prestimulus,median,497,val,0.788135593220339,0.7881203763556704
aggregated_ranked_features_gas-N2_keep-N2_post-prestimulus,median,497,test,0.8181818181818182,0.8147368421052632
aggregated_ranked_features_gas-N2_keep-N2_post-prestimulus,median,498,train,1.0,1.0
aggregated_ranked_features_gas-N2_keep-N2_post-prestimulus,median,498,val,0.7966101694915254,0.7965517241379311
aggregated_ranked_features_gas-N2_keep-N2_post-prestimulus,median,498,test,0.8181818181818182,0.8147368421052632
aggregated_ranked_features_gas-N2_keep-N2_post-prestimulus,median,499,train,1.0,1.0
aggregated_ranked_features_gas-N2_keep-N2_post-prestimulus,median,499,val,0.7627118644067796,0.7627118644067796
aggregated_ranked_features_gas-N2_keep-N2_post-prestimulus,median,499,test,0.8181818181818182,0.8147368421052632
aggregated_ranked_features_gas-N2_keep-N2_post-prestimulus,median,500,train,1.0,1.0
aggregated_ranked_features_gas-N2_keep-N2_post-prestimulus,median,500,val,0.7966101694915254,0.7965517241379311
aggregated_ranked_features_gas-N2_keep-N2_post-prestimulus,median,500,test,0.8409090909090909,0.8388278388278387
aggregated_ranked_features_gas-N2_keep-N2_post-prestimulus,median,501,train,1.0,1.0
aggregated_ranked_features_gas-N2_keep-N2_post-prestimulus,median,501,val,0.8050847457627118,0.8050707462472169
aggregated_ranked_features_gas-N2_keep-N2_post-prestimulus,median,501,test,0.8181818181818182,0.8147368421052632
aggregated_ranked_features_gas-N2_keep-N2_post-prestimulus,median,502,train,1.0,1.0
aggregated_ranked_features_gas-N2_keep-N2_post-prestimulus,median,502,val,0.8135593220338984,0.8135593220338984
aggregated_ranked_features_gas-N2_keep-N2_post-prestimulus,median,502,test,0.8181818181818182,0.8147368421052632
aggregated_ranked_features_gas-N2_keep-N2_post-prestimulus,median,503,train,1.0,1.0
aggregated_ranked_features_gas-N2_keep-N2_post-prestimulus,median,503,val,0.7627118644067796,0.7627118644067796
aggregated_ranked_features_gas-N2_keep-N2_post-prestimulus,median,503,test,0.8181818181818182,0.8147368421052632
aggregated_ranked_features_gas-N2_keep-N2_post-prestimulus,median,504,train,1.0,1.0
aggregated_ranked_features_gas-N2_keep-N2_post-prestimulus,median,504,val,0.7966101694915254,0.7965517241379311
aggregated_ranked_features_gas-N2_keep-N2_post-prestimulus,median,504,test,0.8181818181818182,0.8147368421052632
aggregated_ranked_features_gas-N2_keep-N2_post-prestimulus,median,505,train,1.0,1.0
aggregated_ranked_features_gas-N2_keep-N2_post-prestimulus,median,505,val,0.7711864406779662,0.7711700064641241
aggregated_ranked_features_gas-N2_keep-N2_post-prestimulus,median,505,test,0.8181818181818182,0.8147368421052632
aggregated_ranked_features_gas-N2_keep-N2_post-prestimulus,median,506,train,1.0,1.0
aggregated_ranked_features_gas-N2_keep-N2_post-prestimulus,median,506,val,0.7796610169491526,0.7795977011494253
aggregated_ranked_features_gas-N2_keep-N2_post-prestimulus,median,506,test,0.7954545454545454,0.7901430842607313
aggregated_ranked_features_gas-N2_keep-N2_post-prestimulus,median,507,train,1.0,1.0
aggregated_ranked_features_gas-N2_keep-N2_post-prestimulus,median,507,val,0.788135593220339,0.78799856270212
aggregated_ranked_features_gas-N2_keep-N2_post-prestimulus,median,507,test,0.8181818181818182,0.8147368421052632
aggregated_ranked_features_gas-N2_keep-N2_post-prestimulus,median,508,train,1.0,1.0
aggregated_ranked_features_gas-N2_keep-N2_post-prestimulus,median,508,val,0.7796610169491526,0.7795977011494253
aggregated_ranked_features_gas-N2_keep-N2_post-prestimulus,median,508,test,0.8181818181818182,0.8147368421052632
aggregated_ranked_features_gas-N2_keep-N2_post-prestimulus,median,509,train,1.0,1.0
aggregated_ranked_features_gas-N2_keep-N2_post-prestimulus,median,509,val,0.7796610169491526,0.7796610169491526
aggregated_ranked_features_gas-N2_keep-N2_post-prestimulus,median,509,test,0.8181818181818182,0.8147368421052632
aggregated_ranked_features_gas-N2_keep-N2_post-prestimulus,median,510,train,1.0,1.0
aggregated_ranked_features_gas-N2_keep-N2_post-prestimulus,median,510,val,0.788135593220339,0.7881203763556704
aggregated_ranked_features_gas-N2_keep-N2_post-prestimulus,median,510,test,0.8181818181818182,0.8147368421052632
aggregated_ranked_features_gas-N2_keep-N2_post-prestimulus,median,511,train,1.0,1.0
aggregated_ranked_features_gas-N2_keep-N2_post-prestimulus,median,511,val,0.7796610169491526,0.7796610169491526
aggregated_ranked_features_gas-N2_keep-N2_post-prestimulus,median,511,test,0.8181818181818182,0.8147368421052632
aggregated_ranked_features_gas-N2_keep-N2_post-prestimulus,median,512,train,1.0,1.0
aggregated_ranked_features_gas-N2_keep-N2_post-prestimulus,median,512,val,0.7966101694915254,0.7965517241379311
aggregated_ranked_features_gas-N2_keep-N2_post-prestimulus,median,512,test,0.8181818181818182,0.8147368421052632
aggregated_ranked_features_gas-N2_keep-N2_post-prestimulus,median,513,train,1.0,1.0
aggregated_ranked_features_gas-N2_keep-N2_post-prestimulus,median,513,val,0.7627118644067796,0.7626436781609196
aggregated_ranked_features_gas-N2_keep-N2_post-prestimulus,median,513,test,0.7954545454545454,0.7901430842607313
aggregated_ranked_features_gas-N2_keep-N2_post-prestimulus,median,514,train,1.0,1.0
aggregated_ranked_features_gas-N2_keep-N2_post-prestimulus,median,514,val,0.7627118644067796,0.7626436781609196
aggregated_ranked_features_gas-N2_keep-N2_post-prestimulus,median,514,test,0.7954545454545454,0.7901430842607313
aggregated_ranked_features_gas-N2_keep-N2_post-prestimulus,median,515,train,1.0,1.0
aggregated_ranked_features_gas-N2_keep-N2_post-prestimulus,median,515,val,0.7796610169491526,0.7795977011494253
aggregated_ranked_features_gas-N2_keep-N2_post-prestimulus,median,515,test,0.8181818181818182,0.8147368421052632
aggregated_ranked_features_gas-N2_keep-N2_post-prestimulus,median,516,train,1.0,1.0
aggregated_ranked_features_gas-N2_keep-N2_post-prestimulus,median,516,val,0.8135593220338984,0.8135593220338984
aggregated_ranked_features_gas-N2_keep-N2_post-prestimulus,median,516,test,0.8181818181818182,0.8147368421052632
aggregated_ranked_features_gas-N2_keep-N2_post-prestimulus,median,517,train,1.0,1.0
aggregated_ranked_features_gas-N2_keep-N2_post-prestimulus,median,517,val,0.7711864406779662,0.7710384477182897
aggregated_ranked_features_gas-N2_keep-N2_post-prestimulus,median,517,test,0.8409090909090909,0.8388278388278387
aggregated_ranked_features_gas-N2_keep-N2_post-prestimulus,median,518,train,1.0,1.0
aggregated_ranked_features_gas-N2_keep-N2_post-prestimulus,median,518,val,0.788135593220339,0.7881203763556704
aggregated_ranked_features_gas-N2_keep-N2_post-prestimulus,median,518,test,0.8181818181818182,0.8147368421052632
aggregated_ranked_features_gas-N2_keep-N2_post-prestimulus,median,519,train,1.0,1.0
aggregated_ranked_features_gas-N2_keep-N2_post-prestimulus,median,519,val,0.7711864406779662,0.7707748758903519
aggregated_ranked_features_gas-N2_keep-N2_post-prestimulus,median,519,test,0.8181818181818182,0.8147368421052632
aggregated_ranked_features_gas-N2_keep-N2_post-prestimulus,median,520,train,1.0,1.0
aggregated_ranked_features_gas-N2_keep-N2_post-prestimulus,median,520,val,0.8050847457627118,0.8050707462472169
aggregated_ranked_features_gas-N2_keep-N2_post-prestimulus,median,520,test,0.8181818181818182,0.8147368421052632
aggregated_ranked_features_gas-N2_keep-N2_post-prestimulus,median,521,train,1.0,1.0
aggregated_ranked_features_gas-N2_keep-N2_post-prestimulus,median,521,val,0.788135593220339,0.7881203763556704
aggregated_ranked_features_gas-N2_keep-N2_post-prestimulus,median,521,test,0.8181818181818182,0.8147368421052632
aggregated_ranked_features_gas-N2_keep-N2_post-prestimulus,median,522,train,1.0,1.0
aggregated_ranked_features_gas-N2_keep-N2_post-prestimulus,median,522,val,0.7966101694915254,0.7966101694915254
aggregated_ranked_features_gas-N2_keep-N2_post-prestimulus,median,522,test,0.8181818181818182,0.8147368421052632
aggregated_ranked_features_gas-N2_keep-N2_post-prestimulus,median,523,train,1.0,1.0
aggregated_ranked_features_gas-N2_keep-N2_post-prestimulus,median,523,val,0.7542372881355932,0.753795237067415
aggregated_ranked_features_gas-N2_keep-N2_post-prestimulus,median,523,test,0.8181818181818182,0.8147368421052632
aggregated_ranked_features_gas-N2_keep-N2_post-prestimulus,median,524,train,1.0,1.0
aggregated_ranked_features_gas-N2_keep-N2_post-prestimulus,median,524,val,0.788135593220339,0.78799856270212
aggregated_ranked_features_gas-N2_keep-N2_post-prestimulus,median,524,test,0.8181818181818182,0.8147368421052632
aggregated_ranked_features_gas-N2_keep-N2_post-prestimulus,median,525,train,1.0,1.0
aggregated_ranked_features_gas-N2_keep-N2_post-prestimulus,median,525,val,0.7796610169491526,0.7790898617511521
aggregated_ranked_features_gas-N2_keep-N2_post-prestimulus,median,525,test,0.8181818181818182,0.8147368421052632
aggregated_ranked_features_gas-N2_keep-N2_post-prestimulus,median,526,train,1.0,1.0
aggregated_ranked_features_gas-N2_keep-N2_post-prestimulus,median,526,val,0.7627118644067796,0.7626436781609196
aggregated_ranked_features_gas-N2_keep-N2_post-prestimulus,median,526,test,0.8181818181818182,0.8147368421052632
aggregated_ranked_features_gas-N2_keep-N2_post-prestimulus,median,527,train,1.0,1.0
aggregated_ranked_features_gas-N2_keep-N2_post-prestimulus,median,527,val,0.7711864406779662,0.7711700064641241
aggregated_ranked_features_gas-N2_keep-N2_post-prestimulus,median,527,test,0.8181818181818182,0.8147368421052632
aggregated_ranked_features_gas-N2_keep-N2_post-prestimulus,median,528,train,1.0,1.0
aggregated_ranked_features_gas-N2_keep-N2_post-prestimulus,median,528,val,0.7627118644067796,0.7627118644067796
aggregated_ranked_features_gas-N2_keep-N2_post-prestimulus,median,528,test,0.8181818181818182,0.8147368421052632
aggregated_ranked_features_gas-N2_keep-N2_post-prestimulus,median,529,train,1.0,1.0
aggregated_ranked_features_gas-N2_keep-N2_post-prestimulus,median,529,val,0.7627118644067796,0.7627118644067796
aggregated_ranked_features_gas-N2_keep-N2_post-prestimulus,median,529,test,0.8181818181818182,0.8147368421052632
aggregated_ranked_features_gas-N2_keep-N2_post-prestimulus,median,530,train,1.0,1.0
aggregated_ranked_features_gas-N2_keep-N2_post-prestimulus,median,530,val,0.7627118644067796,0.7627118644067796
aggregated_ranked_features_gas-N2_keep-N2_post-prestimulus,median,530,test,0.8181818181818182,0.8147368421052632
aggregated_ranked_features_gas-N2_keep-N2_post-prestimulus,median,531,train,1.0,1.0
aggregated_ranked_features_gas-N2_keep-N2_post-prestimulus,median,531,val,0.7457627118644068,0.7457627118644068
aggregated_ranked_features_gas-N2_keep-N2_post-prestimulus,median,531,test,0.8409090909090909,0.8388278388278387
aggregated_ranked_features_gas-N2_keep-N2_post-prestimulus,median,532,train,1.0,1.0
aggregated_ranked_features_gas-N2_keep-N2_post-prestimulus,median,532,val,0.7796610169491526,0.7795977011494253
aggregated_ranked_features_gas-N2_keep-N2_post-prestimulus,median,532,test,0.8409090909090909,0.8388278388278387
aggregated_ranked_features_gas-N2_keep-N2_post-prestimulus,median,533,train,1.0,1.0
aggregated_ranked_features_gas-N2_keep-N2_post-prestimulus,median,533,val,0.7627118644067796,0.7627118644067796
aggregated_ranked_features_gas-N2_keep-N2_post-prestimulus,median,533,test,0.8181818181818182,0.8147368421052632
aggregated_ranked_features_gas-N2_keep-N2_post-prestimulus,median,534,train,1.0,1.0
aggregated_ranked_features_gas-N2_keep-N2_post-prestimulus,median,534,val,0.7627118644067796,0.7627118644067796
aggregated_ranked_features_gas-N2_keep-N2_post-prestimulus,median,534,test,0.8181818181818182,0.8147368421052632
aggregated_ranked_features_gas-N2_keep-N2_post-prestimulus,median,535,train,1.0,1.0
aggregated_ranked_features_gas-N2_keep-N2_post-prestimulus,median,535,val,0.7542372881355932,0.7540783327344592
aggregated_ranked_features_gas-N2_keep-N2_post-prestimulus,median,535,test,0.7954545454545454,0.7901430842607313
aggregated_ranked_features_gas-N2_keep-N2_post-prestimulus,median,536,train,1.0,1.0
aggregated_ranked_features_gas-N2_keep-N2_post-prestimulus,median,536,val,0.7711864406779662,0.7711700064641241
aggregated_ranked_features_gas-N2_keep-N2_post-prestimulus,median,536,test,0.7954545454545454,0.7901430842607313
aggregated_ranked_features_gas-N2_keep-N2_post-prestimulus,median,537,train,1.0,1.0
aggregated_ranked_features_gas-N2_keep-N2_post-prestimulus,median,537,val,0.7711864406779662,0.7707748758903519
aggregated_ranked_features_gas-N2_keep-N2_post-prestimulus,median,537,test,0.8181818181818182,0.8147368421052632
aggregated_ranked_features_gas-N2_keep-N2_post-prestimulus,median,538,train,1.0,1.0
aggregated_ranked_features_gas-N2_keep-N2_post-prestimulus,median,538,val,0.7711864406779662,0.7707748758903519
aggregated_ranked_features_gas-N2_keep-N2_post-prestimulus,median,538,test,0.8181818181818182,0.8147368421052632
aggregated_ranked_features_gas-N2_keep-N2_post-prestimulus,median,539,train,1.0,1.0
aggregated_ranked_features_gas-N2_keep-N2_post-prestimulus,median,539,val,0.7966101694915254,0.7966101694915254
aggregated_ranked_features_gas-N2_keep-N2_post-prestimulus,median,539,test,0.8181818181818182,0.8147368421052632
aggregated_ranked_features_gas-N2_keep-N2_post-prestimulus,median,540,train,1.0,1.0
aggregated_ranked_features_gas-N2_keep-N2_post-prestimulus,median,540,val,0.7372881355932204,0.7372692666810314
aggregated_ranked_features_gas-N2_keep-N2_post-prestimulus,median,540,test,0.8181818181818182,0.8147368421052632
aggregated_ranked_features_gas-N2_keep-N2_post-prestimulus,median,541,train,1.0,1.0
aggregated_ranked_features_gas-N2_keep-N2_post-prestimulus,median,541,val,0.7372881355932204,0.7372692666810314
aggregated_ranked_features_gas-N2_keep-N2_post-prestimulus,median,541,test,0.8181818181818182,0.8147368421052632
aggregated_ranked_features_gas-N2_keep-N2_post-prestimulus,median,542,train,1.0,1.0
aggregated_ranked_features_gas-N2_keep-N2_post-prestimulus,median,542,val,0.788135593220339,0.7881203763556704
aggregated_ranked_features_gas-N2_keep-N2_post-prestimulus,median,542,test,0.8181818181818182,0.8147368421052632
aggregated_ranked_features_gas-N2_keep-N2_post-prestimulus,median,543,train,1.0,1.0
aggregated_ranked_features_gas-N2_keep-N2_post-prestimulus,median,543,val,0.7796610169491526,0.7795977011494253
aggregated_ranked_features_gas-N2_keep-N2_post-prestimulus,median,543,test,0.8181818181818182,0.8147368421052632
aggregated_ranked_features_gas-N2_keep-N2_post-prestimulus,median,544,train,1.0,1.0
aggregated_ranked_features_gas-N2_keep-N2_post-prestimulus,median,544,val,0.8050847457627118,0.8049586776859504
aggregated_ranked_features_gas-N2_keep-N2_post-prestimulus,median,544,test,0.8181818181818182,0.8147368421052632
aggregated_ranked_features_gas-N2_keep-N2_post-prestimulus,median,545,train,1.0,1.0
aggregated_ranked_features_gas-N2_keep-N2_post-prestimulus,median,545,val,0.7796610169491526,0.7794075352315214
aggregated_ranked_features_gas-N2_keep-N2_post-prestimulus,median,545,test,0.7954545454545454,0.7901430842607313
aggregated_ranked_features_gas-N2_keep-N2_post-prestimulus,median,546,train,1.0,1.0
aggregated_ranked_features_gas-N2_keep-N2_post-prestimulus,median,546,val,0.7627118644067796,0.7626436781609196
aggregated_ranked_features_gas-N2_keep-N2_post-prestimulus,median,546,test,0.8181818181818182,0.8147368421052632
aggregated_ranked_features_gas-N2_keep-N2_post-prestimulus,median,547,train,1.0,1.0
aggregated_ranked_features_gas-N2_keep-N2_post-prestimulus,median,547,val,0.7796610169491526,0.7795977011494253
aggregated_ranked_features_gas-N2_keep-N2_post-prestimulus,median,547,test,0.8181818181818182,0.8147368421052632
aggregated_ranked_features_gas-N2_keep-N2_post-prestimulus,median,548,train,1.0,1.0
aggregated_ranked_features_gas-N2_keep-N2_post-prestimulus,median,548,val,0.788135593220339,0.78799856270212
aggregated_ranked_features_gas-N2_keep-N2_post-prestimulus,median,548,test,0.8181818181818182,0.8147368421052632
aggregated_ranked_features_gas-N2_keep-N2_post-prestimulus,median,549,train,1.0,1.0
aggregated_ranked_features_gas-N2_keep-N2_post-prestimulus,median,549,val,0.7711864406779662,0.7711700064641241
aggregated_ranked_features_gas-N2_keep-N2_post-prestimulus,median,549,test,0.8181818181818182,0.8147368421052632
aggregated_ranked_features_gas-N2_keep-N2_post-prestimulus,median,550,train,1.0,1.0
aggregated_ranked_features_gas-N2_keep-N2_post-prestimulus,median,550,val,0.7457627118644068,0.7457627118644068
aggregated_ranked_features_gas-N2_keep-N2_post-prestimulus,median,550,test,0.8181818181818182,0.8147368421052632
aggregated_ranked_features_gas-N2_keep-N2_post-prestimulus,median,551,train,1.0,1.0
aggregated_ranked_features_gas-N2_keep-N2_post-prestimulus,median,551,val,0.7966101694915254,0.7966101694915254
aggregated_ranked_features_gas-N2_keep-N2_post-prestimulus,median,551,test,0.7954545454545454,0.7901430842607313
aggregated_ranked_features_gas-N2_keep-N2_post-prestimulus,median,552,train,1.0,1.0
aggregated_ranked_features_gas-N2_keep-N2_post-prestimulus,median,552,val,0.7966101694915254,0.7966101694915254
aggregated_ranked_features_gas-N2_keep-N2_post-prestimulus,median,552,test,0.7954545454545454,0.7901430842607313
aggregated_ranked_features_gas-N2_keep-N2_post-prestimulus,median,553,train,1.0,1.0
aggregated_ranked_features_gas-N2_keep-N2_post-prestimulus,median,553,val,0.7966101694915254,0.7966101694915254
aggregated_ranked_features_gas-N2_keep-N2_post-prestimulus,median,553,test,0.7954545454545454,0.7901430842607313
aggregated_ranked_features_gas-N2_keep-N2_post-prestimulus,median,554,train,1.0,1.0
aggregated_ranked_features_gas-N2_keep-N2_post-prestimulus,median,554,val,0.788135593220339,0.7881203763556704
aggregated_ranked_features_gas-N2_keep-N2_post-prestimulus,median,554,test,0.8181818181818182,0.8147368421052632
aggregated_ranked_features_gas-N2_keep-N2_post-prestimulus,median,555,train,1.0,1.0
aggregated_ranked_features_gas-N2_keep-N2_post-prestimulus,median,555,val,0.7966101694915254,0.7966101694915254
aggregated_ranked_features_gas-N2_keep-N2_post-prestimulus,median,555,test,0.8181818181818182,0.8147368421052632
aggregated_ranked_features_gas-N2_keep-N2_post-prestimulus,median,556,train,1.0,1.0
aggregated_ranked_features_gas-N2_keep-N2_post-prestimulus,median,556,val,0.7796610169491526,0.7795977011494253
aggregated_ranked_features_gas-N2_keep-N2_post-prestimulus,median,556,test,0.8181818181818182,0.8147368421052632
aggregated_ranked_features_gas-N2_keep-N2_post-prestimulus,median,557,train,1.0,1.0
aggregated_ranked_features_gas-N2_keep-N2_post-prestimulus,median,557,val,0.788135593220339,0.7881203763556704
aggregated_ranked_features_gas-N2_keep-N2_post-prestimulus,median,557,test,0.8181818181818182,0.8147368421052632
aggregated_ranked_features_gas-N2_keep-N2_post-prestimulus,median,558,train,1.0,1.0
aggregated_ranked_features_gas-N2_keep-N2_post-prestimulus,median,558,val,0.7966101694915254,0.7966101694915254
aggregated_ranked_features_gas-N2_keep-N2_post-prestimulus,median,558,test,0.8409090909090909,0.8388278388278387
aggregated_ranked_features_gas-N2_keep-N2_post-prestimulus,median,559,train,1.0,1.0
aggregated_ranked_features_gas-N2_keep-N2_post-prestimulus,median,559,val,0.7966101694915254,0.7966101694915254
aggregated_ranked_features_gas-N2_keep-N2_post-prestimulus,median,559,test,0.8409090909090909,0.8388278388278387
aggregated_ranked_features_gas-N2_keep-N2_post-prestimulus,median,560,train,1.0,1.0
aggregated_ranked_features_gas-N2_keep-N2_post-prestimulus,median,560,val,0.7966101694915254,0.7966101694915254
aggregated_ranked_features_gas-N2_keep-N2_post-prestimulus,median,560,test,0.8409090909090909,0.8388278388278387
aggregated_ranked_features_gas-N2_keep-N2_post-prestimulus,median,561,train,1.0,1.0
aggregated_ranked_features_gas-N2_keep-N2_post-prestimulus,median,561,val,0.7966101694915254,0.7966101694915254
aggregated_ranked_features_gas-N2_keep-N2_post-prestimulus,median,561,test,0.8409090909090909,0.8388278388278387
aggregated_ranked_features_gas-N2_keep-N2_post-prestimulus,median,562,train,1.0,1.0
aggregated_ranked_features_gas-N2_keep-N2_post-prestimulus,median,562,val,0.788135593220339,0.7881203763556704
aggregated_ranked_features_gas-N2_keep-N2_post-prestimulus,median,562,test,0.8409090909090909,0.8388278388278387
aggregated_ranked_features_gas-N2_keep-N2_post-prestimulus,median,563,train,1.0,1.0
aggregated_ranked_features_gas-N2_keep-N2_post-prestimulus,median,563,val,0.788135593220339,0.7881203763556704
aggregated_ranked_features_gas-N2_keep-N2_post-prestimulus,median,563,test,0.8181818181818182,0.8147368421052632
aggregated_ranked_features_gas-N2_keep-N2_post-prestimulus,median,564,train,1.0,1.0
aggregated_ranked_features_gas-N2_keep-N2_post-prestimulus,median,564,val,0.7796610169491526,0.7794075352315214
aggregated_ranked_features_gas-N2_keep-N2_post-prestimulus,median,564,test,0.8181818181818182,0.8147368421052632
aggregated_ranked_features_gas-N2_keep-N2_post-prestimulus,median,565,train,1.0,1.0
aggregated_ranked_features_gas-N2_keep-N2_post-prestimulus,median,565,val,0.7711864406779662,0.7711700064641241
aggregated_ranked_features_gas-N2_keep-N2_post-prestimulus,median,565,test,0.7954545454545454,0.7901430842607313
aggregated_ranked_features_gas-N2_keep-N2_post-prestimulus,median,566,train,1.0,1.0
aggregated_ranked_features_gas-N2_keep-N2_post-prestimulus,median,566,val,0.8050847457627118,0.8050707462472169
aggregated_ranked_features_gas-N2_keep-N2_post-prestimulus,median,566,test,0.8181818181818182,0.8147368421052632
aggregated_ranked_features_gas-N2_keep-N2_post-prestimulus,median,567,train,1.0,1.0
aggregated_ranked_features_gas-N2_keep-N2_post-prestimulus,median,567,val,0.8050847457627118,0.8050707462472169
aggregated_ranked_features_gas-N2_keep-N2_post-prestimulus,median,567,test,0.8181818181818182,0.8147368421052632
aggregated_ranked_features_gas-N2_keep-N2_post-prestimulus,median,568,train,1.0,1.0
aggregated_ranked_features_gas-N2_keep-N2_post-prestimulus,median,568,val,0.788135593220339,0.78799856270212
aggregated_ranked_features_gas-N2_keep-N2_post-prestimulus,median,568,test,0.7954545454545454,0.7901430842607313
aggregated_ranked_features_gas-N2_keep-N2_post-prestimulus,median,569,train,1.0,1.0
aggregated_ranked_features_gas-N2_keep-N2_post-prestimulus,median,569,val,0.7966101694915254,0.7963761863675582
aggregated_ranked_features_gas-N2_keep-N2_post-prestimulus,median,569,test,0.7954545454545454,0.7901430842607313
aggregated_ranked_features_gas-N2_keep-N2_post-prestimulus,median,570,train,1.0,1.0
aggregated_ranked_features_gas-N2_keep-N2_post-prestimulus,median,570,val,0.7796610169491526,0.7795977011494253
aggregated_ranked_features_gas-N2_keep-N2_post-prestimulus,median,570,test,0.7954545454545454,0.7901430842607313
aggregated_ranked_features_gas-N2_keep-N2_post-prestimulus,median,571,train,1.0,1.0
aggregated_ranked_features_gas-N2_keep-N2_post-prestimulus,median,571,val,0.7966101694915254,0.7966101694915254
aggregated_ranked_features_gas-N2_keep-N2_post-prestimulus,median,571,test,0.7954545454545454,0.7901430842607313
aggregated_ranked_features_gas-N2_keep-N2_post-prestimulus,median,572,train,1.0,1.0
aggregated_ranked_features_gas-N2_keep-N2_post-prestimulus,median,572,val,0.7711864406779662,0.7711700064641241
aggregated_ranked_features_gas-N2_keep-N2_post-prestimulus,median,572,test,0.8181818181818182,0.8147368421052632
aggregated_ranked_features_gas-N2_keep-N2_post-prestimulus,median,573,train,1.0,1.0
aggregated_ranked_features_gas-N2_keep-N2_post-prestimulus,median,573,val,0.788135593220339,0.7881203763556704
aggregated_ranked_features_gas-N2_keep-N2_post-prestimulus,median,573,test,0.7954545454545454,0.7901430842607313
aggregated_ranked_features_gas-N2_keep-N2_post-prestimulus,median,574,train,1.0,1.0
aggregated_ranked_features_gas-N2_keep-N2_post-prestimulus,median,574,val,0.8135593220338984,0.8135593220338984
aggregated_ranked_features_gas-N2_keep-N2_post-prestimulus,median,574,test,0.8181818181818182,0.8147368421052632
aggregated_ranked_features_gas-N2_keep-N2_post-prestimulus,median,575,train,1.0,1.0
aggregated_ranked_features_gas-N2_keep-N2_post-prestimulus,median,575,val,0.7796610169491526,0.7795977011494253
aggregated_ranked_features_gas-N2_keep-N2_post-prestimulus,median,575,test,0.8181818181818182,0.8147368421052632
aggregated_ranked_features_gas-N2_keep-N2_post-prestimulus,median,576,train,1.0,1.0
aggregated_ranked_features_gas-N2_keep-N2_post-prestimulus,median,576,val,0.8135593220338984,0.8135057471264368
aggregated_ranked_features_gas-N2_keep-N2_post-prestimulus,median,576,test,0.8181818181818182,0.8147368421052632
aggregated_ranked_features_gas-N2_keep-N2_post-prestimulus,median,577,train,1.0,1.0
aggregated_ranked_features_gas-N2_keep-N2_post-prestimulus,median,577,val,0.7966101694915254,0.7965517241379311
aggregated_ranked_features_gas-N2_keep-N2_post-prestimulus,median,577,test,0.7954545454545454,0.7901430842607313
aggregated_ranked_features_gas-N2_keep-N2_post-prestimulus,median,578,train,1.0,1.0
aggregated_ranked_features_gas-N2_keep-N2_post-prestimulus,median,578,val,0.788135593220339,0.7881203763556704
aggregated_ranked_features_gas-N2_keep-N2_post-prestimulus,median,578,test,0.7954545454545454,0.7901430842607313
aggregated_ranked_features_gas-N2_keep-N2_post-prestimulus,median,579,train,1.0,1.0
aggregated_ranked_features_gas-N2_keep-N2_post-prestimulus,median,579,val,0.7796610169491526,0.7796610169491526
aggregated_ranked_features_gas-N2_keep-N2_post-prestimulus,median,579,test,0.8181818181818182,0.8147368421052632
aggregated_ranked_features_gas-N2_keep-N2_post-prestimulus,median,580,train,1.0,1.0
aggregated_ranked_features_gas-N2_keep-N2_post-prestimulus,median,580,val,0.7711864406779662,0.7711700064641241
aggregated_ranked_features_gas-N2_keep-N2_post-prestimulus,median,580,test,0.8181818181818182,0.8147368421052632
aggregated_ranked_features_gas-N2_keep-N2_post-prestimulus,median,581,train,1.0,1.0
aggregated_ranked_features_gas-N2_keep-N2_post-prestimulus,median,581,val,0.788135593220339,0.7881203763556704
aggregated_ranked_features_gas-N2_keep-N2_post-prestimulus,median,581,test,0.7954545454545454,0.7901430842607313
aggregated_ranked_features_gas-N2_keep-N2_post-prestimulus,median,582,train,1.0,1.0
aggregated_ranked_features_gas-N2_keep-N2_post-prestimulus,median,582,val,0.788135593220339,0.7881203763556704
aggregated_ranked_features_gas-N2_keep-N2_post-prestimulus,median,582,test,0.7954545454545454,0.7901430842607313
aggregated_ranked_features_gas-N2_keep-N2_post-prestimulus,median,583,train,1.0,1.0
aggregated_ranked_features_gas-N2_keep-N2_post-prestimulus,median,583,val,0.7796610169491526,0.7795977011494253
aggregated_ranked_features_gas-N2_keep-N2_post-prestimulus,median,583,test,0.8409090909090909,0.8388278388278387
aggregated_ranked_features_gas-N2_keep-N2_post-prestimulus,median,584,train,1.0,1.0
aggregated_ranked_features_gas-N2_keep-N2_post-prestimulus,median,584,val,0.7627118644067796,0.7626436781609196
aggregated_ranked_features_gas-N2_keep-N2_post-prestimulus,median,584,test,0.8181818181818182,0.8147368421052632
aggregated_ranked_features_gas-N2_keep-N2_post-prestimulus,median,585,train,1.0,1.0
aggregated_ranked_features_gas-N2_keep-N2_post-prestimulus,median,585,val,0.7796610169491526,0.7796610169491526
aggregated_ranked_features_gas-N2_keep-N2_post-prestimulus,median,585,test,0.8181818181818182,0.8147368421052632
aggregated_ranked_features_gas-N2_keep-N2_post-prestimulus,median,586,train,1.0,1.0
aggregated_ranked_features_gas-N2_keep-N2_post-prestimulus,median,586,val,0.7796610169491526,0.7795977011494253
aggregated_ranked_features_gas-N2_keep-N2_post-prestimulus,median,586,test,0.7727272727272727,0.7649572649572649
aggregated_ranked_features_gas-N2_keep-N2_post-prestimulus,median,587,train,1.0,1.0
aggregated_ranked_features_gas-N2_keep-N2_post-prestimulus,median,587,val,0.788135593220339,0.7881203763556704
aggregated_ranked_features_gas-N2_keep-N2_post-prestimulus,median,587,test,0.7954545454545454,0.7901430842607313
aggregated_ranked_features_gas-N2_keep-N2_post-prestimulus,median,588,train,1.0,1.0
aggregated_ranked_features_gas-N2_keep-N2_post-prestimulus,median,588,val,0.8050847457627118,0.8050707462472169
aggregated_ranked_features_gas-N2_keep-N2_post-prestimulus,median,588,test,0.8181818181818182,0.8147368421052632
aggregated_ranked_features_gas-N2_keep-N2_post-prestimulus,median,589,train,1.0,1.0
aggregated_ranked_features_gas-N2_keep-N2_post-prestimulus,median,589,val,0.8050847457627118,0.8050707462472169
aggregated_ranked_features_gas-N2_keep-N2_post-prestimulus,median,589,test,0.7727272727272727,0.7649572649572649
aggregated_ranked_features_gas-N2_keep-N2_post-prestimulus,median,590,train,1.0,1.0
aggregated_ranked_features_gas-N2_keep-N2_post-prestimulus,median,590,val,0.8135593220338984,0.8135593220338984
aggregated_ranked_features_gas-N2_keep-N2_post-prestimulus,median,590,test,0.7954545454545454,0.7901430842607313
aggregated_ranked_features_gas-N2_keep-N2_post-prestimulus,median,591,train,1.0,1.0
aggregated_ranked_features_gas-N2_keep-N2_post-prestimulus,median,591,val,0.788135593220339,0.7881203763556704
aggregated_ranked_features_gas-N2_keep-N2_post-prestimulus,median,591,test,0.7954545454545454,0.7901430842607313
aggregated_ranked_features_gas-N2_keep-N2_post-prestimulus,median,592,train,1.0,1.0
aggregated_ranked_features_gas-N2_keep-N2_post-prestimulus,median,592,val,0.8050847457627118,0.8050707462472169
aggregated_ranked_features_gas-N2_keep-N2_post-prestimulus,median,592,test,0.7727272727272727,0.7649572649572649
aggregated_ranked_features_gas-N2_keep-N2_post-prestimulus,median,593,train,1.0,1.0
aggregated_ranked_features_gas-N2_keep-N2_post-prestimulus,median,593,val,0.7711864406779662,0.7710384477182897
aggregated_ranked_features_gas-N2_keep-N2_post-prestimulus,median,593,test,0.7954545454545454,0.7901430842607313
aggregated_ranked_features_gas-N2_keep-N2_post-prestimulus,median,594,train,1.0,1.0
aggregated_ranked_features_gas-N2_keep-N2_post-prestimulus,median,594,val,0.7711864406779662,0.7707748758903519
aggregated_ranked_features_gas-N2_keep-N2_post-prestimulus,median,594,test,0.7954545454545454,0.7901430842607313
aggregated_ranked_features_gas-N2_keep-N2_post-prestimulus,median,595,train,1.0,1.0
aggregated_ranked_features_gas-N2_keep-N2_post-prestimulus,median,595,val,0.8050847457627118,0.8050707462472169
aggregated_ranked_features_gas-N2_keep-N2_post-prestimulus,median,595,test,0.7954545454545454,0.7901430842607313
aggregated_ranked_features_gas-N2_keep-N2_post-prestimulus,median,596,train,1.0,1.0
aggregated_ranked_features_gas-N2_keep-N2_post-prestimulus,median,596,val,0.8050847457627118,0.8050707462472169
aggregated_ranked_features_gas-N2_keep-N2_post-prestimulus,median,596,test,0.7954545454545454,0.7901430842607313
aggregated_ranked_features_gas-N2_keep-N2_post-prestimulus,median,597,train,1.0,1.0
aggregated_ranked_features_gas-N2_keep-N2_post-prestimulus,median,597,val,0.8050847457627118,0.8050707462472169
aggregated_ranked_features_gas-N2_keep-N2_post-prestimulus,median,597,test,0.7727272727272727,0.7649572649572649
aggregated_ranked_features_gas-N2_keep-N2_post-prestimulus,median,598,train,1.0,1.0
aggregated_ranked_features_gas-N2_keep-N2_post-prestimulus,median,598,val,0.788135593220339,0.78799856270212
aggregated_ranked_features_gas-N2_keep-N2_post-prestimulus,median,598,test,0.8181818181818182,0.8147368421052632
aggregated_ranked_features_gas-N2_keep-N2_post-prestimulus,median,599,train,1.0,1.0
aggregated_ranked_features_gas-N2_keep-N2_post-prestimulus,median,599,val,0.7966101694915254,0.7965517241379311
aggregated_ranked_features_gas-N2_keep-N2_post-prestimulus,median,599,test,0.8181818181818182,0.8147368421052632
aggregated_ranked_features_gas-N2_keep-N2_post-prestimulus,median,600,train,1.0,1.0
aggregated_ranked_features_gas-N2_keep-N2_post-prestimulus,median,600,val,0.7711864406779662,0.7711700064641241
aggregated_ranked_features_gas-N2_keep-N2_post-prestimulus,median,600,test,0.8181818181818182,0.8147368421052632
aggregated_ranked_features_gas-N2_keep-N2_post-prestimulus,median,601,train,1.0,1.0
aggregated_ranked_features_gas-N2_keep-N2_post-prestimulus,median,601,val,0.7711864406779662,0.7711700064641241
aggregated_ranked_features_gas-N2_keep-N2_post-prestimulus,median,601,test,0.8181818181818182,0.8147368421052632
aggregated_ranked_features_gas-N2_keep-N2_post-prestimulus,median,602,train,1.0,1.0
aggregated_ranked_features_gas-N2_keep-N2_post-prestimulus,median,602,val,0.7711864406779662,0.7711700064641241
aggregated_ranked_features_gas-N2_keep-N2_post-prestimulus,median,602,test,0.8181818181818182,0.8147368421052632
aggregated_ranked_features_gas-N2_keep-N2_post-prestimulus,median,603,train,1.0,1.0
aggregated_ranked_features_gas-N2_keep-N2_post-prestimulus,median,603,val,0.788135593220339,0.7881203763556704
aggregated_ranked_features_gas-N2_keep-N2_post-prestimulus,median,603,test,0.7954545454545454,0.7901430842607313
aggregated_ranked_features_gas-N2_keep-N2_post-prestimulus,median,604,train,1.0,1.0
aggregated_ranked_features_gas-N2_keep-N2_post-prestimulus,median,604,val,0.7711864406779662,0.7711700064641241
aggregated_ranked_features_gas-N2_keep-N2_post-prestimulus,median,604,test,0.8181818181818182,0.8147368421052632
aggregated_ranked_features_gas-N2_keep-N2_post-prestimulus,median,605,train,1.0,1.0
aggregated_ranked_features_gas-N2_keep-N2_post-prestimulus,median,605,val,0.7711864406779662,0.7711700064641241
aggregated_ranked_features_gas-N2_keep-N2_post-prestimulus,median,605,test,0.8181818181818182,0.8147368421052632
aggregated_ranked_features_gas-N2_keep-N2_post-prestimulus,median,606,train,1.0,1.0
aggregated_ranked_features_gas-N2_keep-N2_post-prestimulus,median,606,val,0.7966101694915254,0.7966101694915254
aggregated_ranked_features_gas-N2_keep-N2_post-prestimulus,median,606,test,0.7954545454545454,0.7901430842607313
aggregated_ranked_features_gas-N2_keep-N2_post-prestimulus,median,607,train,1.0,1.0
aggregated_ranked_features_gas-N2_keep-N2_post-prestimulus,median,607,val,0.8135593220338984,0.8135593220338984
aggregated_ranked_features_gas-N2_keep-N2_post-prestimulus,median,607,test,0.8181818181818182,0.8147368421052632
aggregated_ranked_features_gas-N2_keep-N2_post-prestimulus,median,608,train,1.0,1.0
aggregated_ranked_features_gas-N2_keep-N2_post-prestimulus,median,608,val,0.8135593220338984,0.8135593220338984
aggregated_ranked_features_gas-N2_keep-N2_post-prestimulus,median,608,test,0.8181818181818182,0.8147368421052632
aggregated_ranked_features_gas-N2_keep-N2_post-prestimulus,median,609,train,1.0,1.0
aggregated_ranked_features_gas-N2_keep-N2_post-prestimulus,median,609,val,0.7796610169491526,0.7795977011494253
aggregated_ranked_features_gas-N2_keep-N2_post-prestimulus,median,609,test,0.7954545454545454,0.7901430842607313
aggregated_ranked_features_gas-N2_keep-N2_post-prestimulus,median,610,train,1.0,1.0
aggregated_ranked_features_gas-N2_keep-N2_post-prestimulus,median,610,val,0.7796610169491526,0.7796610169491526
aggregated_ranked_features_gas-N2_keep-N2_post-prestimulus,median,610,test,0.7954545454545454,0.7901430842607313
aggregated_ranked_features_gas-N2_keep-N2_post-prestimulus,median,611,train,1.0,1.0
aggregated_ranked_features_gas-N2_keep-N2_post-prestimulus,median,611,val,0.7796610169491526,0.7796610169491526
aggregated_ranked_features_gas-N2_keep-N2_post-prestimulus,median,611,test,0.7954545454545454,0.7901430842607313
aggregated_ranked_features_gas-N2_keep-N2_post-prestimulus,median,612,train,1.0,1.0
aggregated_ranked_features_gas-N2_keep-N2_post-prestimulus,median,612,val,0.8050847457627118,0.8050707462472169
aggregated_ranked_features_gas-N2_keep-N2_post-prestimulus,median,612,test,0.8181818181818182,0.8147368421052632
aggregated_ranked_features_gas-N2_keep-N2_post-prestimulus,median,613,train,1.0,1.0
aggregated_ranked_features_gas-N2_keep-N2_post-prestimulus,median,613,val,0.7796610169491526,0.7796610169491526
aggregated_ranked_features_gas-N2_keep-N2_post-prestimulus,median,613,test,0.8181818181818182,0.8147368421052632
aggregated_ranked_features_gas-N2_keep-N2_post-prestimulus,median,614,train,1.0,1.0
aggregated_ranked_features_gas-N2_keep-N2_post-prestimulus,median,614,val,0.8050847457627118,0.8050707462472169
aggregated_ranked_features_gas-N2_keep-N2_post-prestimulus,median,614,test,0.7954545454545454,0.7901430842607313
aggregated_ranked_features_gas-N2_keep-N2_post-prestimulus,median,615,train,1.0,1.0
aggregated_ranked_features_gas-N2_keep-N2_post-prestimulus,median,615,val,0.8050847457627118,0.8050707462472169
aggregated_ranked_features_gas-N2_keep-N2_post-prestimulus,median,615,test,0.7954545454545454,0.7901430842607313
aggregated_ranked_features_gas-N2_keep-N2_post-prestimulus,median,616,train,1.0,1.0
aggregated_ranked_features_gas-N2_keep-N2_post-prestimulus,median,616,val,0.7711864406779662,0.7711700064641241
aggregated_ranked_features_gas-N2_keep-N2_post-prestimulus,median,616,test,0.7727272727272727,0.7649572649572649
aggregated_ranked_features_gas-N2_keep-N2_post-prestimulus,median,617,train,1.0,1.0
aggregated_ranked_features_gas-N2_keep-N2_post-prestimulus,median,617,val,0.7711864406779662,0.7711700064641241
aggregated_ranked_features_gas-N2_keep-N2_post-prestimulus,median,617,test,0.7727272727272727,0.7649572649572649
aggregated_ranked_features_gas-N2_keep-N2_post-prestimulus,median,618,train,1.0,1.0
aggregated_ranked_features_gas-N2_keep-N2_post-prestimulus,median,618,val,0.7711864406779662,0.7711700064641241
aggregated_ranked_features_gas-N2_keep-N2_post-prestimulus,median,618,test,0.7727272727272727,0.7649572649572649
aggregated_ranked_features_gas-N2_keep-N2_post-prestimulus,median,619,train,1.0,1.0
aggregated_ranked_features_gas-N2_keep-N2_post-prestimulus,median,619,val,0.788135593220339,0.78799856270212
aggregated_ranked_features_gas-N2_keep-N2_post-prestimulus,median,619,test,0.8181818181818182,0.8147368421052632
aggregated_ranked_features_gas-N2_keep-N2_post-prestimulus,median,620,train,1.0,1.0
aggregated_ranked_features_gas-N2_keep-N2_post-prestimulus,median,620,val,0.7966101694915254,0.7965517241379311
aggregated_ranked_features_gas-N2_keep-N2_post-prestimulus,median,620,test,0.8181818181818182,0.8147368421052632
aggregated_ranked_features_gas-N2_keep-N2_post-prestimulus,median,621,train,1.0,1.0
aggregated_ranked_features_gas-N2_keep-N2_post-prestimulus,median,621,val,0.7966101694915254,0.7965517241379311
aggregated_ranked_features_gas-N2_keep-N2_post-prestimulus,median,621,test,0.8181818181818182,0.8147368421052632
aggregated_ranked_features_gas-N2_keep-N2_post-prestimulus,median,622,train,1.0,1.0
aggregated_ranked_features_gas-N2_keep-N2_post-prestimulus,median,622,val,0.7966101694915254,0.7965517241379311
aggregated_ranked_features_gas-N2_keep-N2_post-prestimulus,median,622,test,0.8181818181818182,0.8147368421052632
aggregated_ranked_features_gas-N2_keep-N2_post-prestimulus,median,623,train,1.0,1.0
aggregated_ranked_features_gas-N2_keep-N2_post-prestimulus,median,623,val,0.7711864406779662,0.7711700064641241
aggregated_ranked_features_gas-N2_keep-N2_post-prestimulus,median,623,test,0.7954545454545454,0.7901430842607313
aggregated_ranked_features_gas-N2_keep-N2_post-prestimulus,median,624,train,1.0,1.0
aggregated_ranked_features_gas-N2_keep-N2_post-prestimulus,median,624,val,0.7711864406779662,0.7711700064641241
aggregated_ranked_features_gas-N2_keep-N2_post-prestimulus,median,624,test,0.7954545454545454,0.7901430842607313
aggregated_ranked_features_gas-N2_keep-N2_post-prestimulus,median,625,train,1.0,1.0
aggregated_ranked_features_gas-N2_keep-N2_post-prestimulus,median,625,val,0.7711864406779662,0.7711700064641241
aggregated_ranked_features_gas-N2_keep-N2_post-prestimulus,median,625,test,0.7954545454545454,0.7901430842607313
aggregated_ranked_features_gas-N2_keep-N2_post-prestimulus,median,626,train,1.0,1.0
aggregated_ranked_features_gas-N2_keep-N2_post-prestimulus,median,626,val,0.7711864406779662,0.7711700064641241
aggregated_ranked_features_gas-N2_keep-N2_post-prestimulus,median,626,test,0.8181818181818182,0.8147368421052632
aggregated_ranked_features_gas-N2_keep-N2_post-prestimulus,median,627,train,1.0,1.0
aggregated_ranked_features_gas-N2_keep-N2_post-prestimulus,median,627,val,0.7966101694915254,0.7965517241379311
aggregated_ranked_features_gas-N2_keep-N2_post-prestimulus,median,627,test,0.7954545454545454,0.7901430842607313
aggregated_ranked_features_gas-N2_keep-N2_post-prestimulus,median,628,train,1.0,1.0
aggregated_ranked_features_gas-N2_keep-N2_post-prestimulus,median,628,val,0.7796610169491526,0.7795977011494253
aggregated_ranked_features_gas-N2_keep-N2_post-prestimulus,median,628,test,0.8181818181818182,0.8147368421052632
aggregated_ranked_features_gas-N2_keep-N2_post-prestimulus,median,629,train,1.0,1.0
aggregated_ranked_features_gas-N2_keep-N2_post-prestimulus,median,629,val,0.788135593220339,0.7881203763556704
aggregated_ranked_features_gas-N2_keep-N2_post-prestimulus,median,629,test,0.7954545454545454,0.7901430842607313
aggregated_ranked_features_gas-N2_keep-N2_post-prestimulus,median,630,train,1.0,1.0
aggregated_ranked_features_gas-N2_keep-N2_post-prestimulus,median,630,val,0.788135593220339,0.7881203763556704
aggregated_ranked_features_gas-N2_keep-N2_post-prestimulus,median,630,test,0.7954545454545454,0.7901430842607313
aggregated_ranked_features_gas-N2_keep-N2_post-prestimulus,median,631,train,1.0,1.0
aggregated_ranked_features_gas-N2_keep-N2_post-prestimulus,median,631,val,0.7966101694915254,0.7966101694915254
aggregated_ranked_features_gas-N2_keep-N2_post-prestimulus,median,631,test,0.8181818181818182,0.8147368421052632
aggregated_ranked_features_gas-N2_keep-N2_post-prestimulus,median,632,train,1.0,1.0
aggregated_ranked_features_gas-N2_keep-N2_post-prestimulus,median,632,val,0.7966101694915254,0.7966101694915254
aggregated_ranked_features_gas-N2_keep-N2_post-prestimulus,median,632,test,0.8181818181818182,0.8147368421052632
aggregated_ranked_features_gas-N2_keep-N2_post-prestimulus,median,633,train,1.0,1.0
aggregated_ranked_features_gas-N2_keep-N2_post-prestimulus,median,633,val,0.7966101694915254,0.7966101694915254
aggregated_ranked_features_gas-N2_keep-N2_post-prestimulus,median,633,test,0.8181818181818182,0.8147368421052632
aggregated_ranked_features_gas-N2_keep-N2_post-prestimulus,median,634,train,1.0,1.0
aggregated_ranked_features_gas-N2_keep-N2_post-prestimulus,median,634,val,0.7966101694915254,0.7966101694915254
aggregated_ranked_features_gas-N2_keep-N2_post-prestimulus,median,634,test,0.8181818181818182,0.8147368421052632
aggregated_ranked_features_gas-N2_keep-N2_post-prestimulus,median,635,train,1.0,1.0
aggregated_ranked_features_gas-N2_keep-N2_post-prestimulus,median,635,val,0.788135593220339,0.7881203763556704
aggregated_ranked_features_gas-N2_keep-N2_post-prestimulus,median,635,test,0.7954545454545454,0.7901430842607313
aggregated_ranked_features_gas-N2_keep-N2_post-prestimulus,median,636,train,1.0,1.0
aggregated_ranked_features_gas-N2_keep-N2_post-prestimulus,median,636,val,0.788135593220339,0.7881203763556704
aggregated_ranked_features_gas-N2_keep-N2_post-prestimulus,median,636,test,0.7954545454545454,0.7901430842607313
aggregated_ranked_features_gas-N2_keep-N2_post-prestimulus,median,637,train,1.0,1.0
aggregated_ranked_features_gas-N2_keep-N2_post-prestimulus,median,637,val,0.8050847457627118,0.8050707462472169
aggregated_ranked_features_gas-N2_keep-N2_post-prestimulus,median,637,test,0.7954545454545454,0.7901430842607313
aggregated_ranked_features_gas-N2_keep-N2_post-prestimulus,median,638,train,1.0,1.0
aggregated_ranked_features_gas-N2_keep-N2_post-prestimulus,median,638,val,0.8050847457627118,0.8050707462472169
aggregated_ranked_features_gas-N2_keep-N2_post-prestimulus,median,638,test,0.7954545454545454,0.7901430842607313
aggregated_ranked_features_gas-N2_keep-N2_post-prestimulus,median,639,train,1.0,1.0
aggregated_ranked_features_gas-N2_keep-N2_post-prestimulus,median,639,val,0.788135593220339,0.7881203763556704
aggregated_ranked_features_gas-N2_keep-N2_post-prestimulus,median,639,test,0.8181818181818182,0.8147368421052632
aggregated_ranked_features_gas-N2_keep-N2_post-prestimulus,median,640,train,1.0,1.0
aggregated_ranked_features_gas-N2_keep-N2_post-prestimulus,median,640,val,0.788135593220339,0.7881203763556704
aggregated_ranked_features_gas-N2_keep-N2_post-prestimulus,median,640,test,0.8181818181818182,0.8147368421052632
aggregated_ranked_features_gas-N2_keep-N2_post-prestimulus,median,641,train,1.0,1.0
aggregated_ranked_features_gas-N2_keep-N2_post-prestimulus,median,641,val,0.7627118644067796,0.7627118644067796
aggregated_ranked_features_gas-N2_keep-N2_post-prestimulus,median,641,test,0.7954545454545454,0.7901430842607313
aggregated_ranked_features_gas-N2_keep-N2_post-prestimulus,median,642,train,1.0,1.0
aggregated_ranked_features_gas-N2_keep-N2_post-prestimulus,median,642,val,0.7711864406779662,0.7710384477182897
aggregated_ranked_features_gas-N2_keep-N2_post-prestimulus,median,642,test,0.8181818181818182,0.8147368421052632
aggregated_ranked_features_gas-N2_keep-N2_post-prestimulus,median,643,train,1.0,1.0
aggregated_ranked_features_gas-N2_keep-N2_post-prestimulus,median,643,val,0.7711864406779662,0.7710384477182897
aggregated_ranked_features_gas-N2_keep-N2_post-prestimulus,median,643,test,0.8181818181818182,0.8147368421052632
aggregated_ranked_features_gas-N2_keep-N2_post-prestimulus,median,644,train,1.0,1.0
aggregated_ranked_features_gas-N2_keep-N2_post-prestimulus,median,644,val,0.7966101694915254,0.7965517241379311
aggregated_ranked_features_gas-N2_keep-N2_post-prestimulus,median,644,test,0.7954545454545454,0.7901430842607313
aggregated_ranked_features_gas-N2_keep-N2_post-prestimulus,median,645,train,1.0,1.0
aggregated_ranked_features_gas-N2_keep-N2_post-prestimulus,median,645,val,0.7627118644067796,0.7627118644067796
aggregated_ranked_features_gas-N2_keep-N2_post-prestimulus,median,645,test,0.7954545454545454,0.7901430842607313
aggregated_ranked_features_gas-N2_keep-N2_post-prestimulus,median,646,train,1.0,1.0
aggregated_ranked_features_gas-N2_keep-N2_post-prestimulus,median,646,val,0.7796610169491526,0.7796610169491526
aggregated_ranked_features_gas-N2_keep-N2_post-prestimulus,median,646,test,0.7954545454545454,0.7901430842607313
aggregated_ranked_features_gas-N2_keep-N2_post-prestimulus,median,647,train,1.0,1.0
aggregated_ranked_features_gas-N2_keep-N2_post-prestimulus,median,647,val,0.7542372881355932,0.7542196365725777
aggregated_ranked_features_gas-N2_keep-N2_post-prestimulus,median,647,test,0.7954545454545454,0.7901430842607313
aggregated_ranked_features_gas-N2_keep-N2_post-prestimulus,median,648,train,1.0,1.0
aggregated_ranked_features_gas-N2_keep-N2_post-prestimulus,median,648,val,0.7542372881355932,0.7542196365725777
aggregated_ranked_features_gas-N2_keep-N2_post-prestimulus,median,648,test,0.7954545454545454,0.7901430842607313
aggregated_ranked_features_gas-N2_keep-N2_post-prestimulus,median,649,train,1.0,1.0
aggregated_ranked_features_gas-N2_keep-N2_post-prestimulus,median,649,val,0.7542372881355932,0.7542196365725777
aggregated_ranked_features_gas-N2_keep-N2_post-prestimulus,median,649,test,0.7954545454545454,0.7901430842607313
aggregated_ranked_features_gas-N2_keep-N2_post-prestimulus,median,650,train,1.0,1.0
aggregated_ranked_features_gas-N2_keep-N2_post-prestimulus,median,650,val,0.7542372881355932,0.7542196365725777
aggregated_ranked_features_gas-N2_keep-N2_post-prestimulus,median,650,test,0.7954545454545454,0.7901430842607313
aggregated_ranked_features_gas-N2_keep-N2_post-prestimulus,median,651,train,1.0,1.0
aggregated_ranked_features_gas-N2_keep-N2_post-prestimulus,median,651,val,0.7627118644067796,0.7626436781609196
aggregated_ranked_features_gas-N2_keep-N2_post-prestimulus,median,651,test,0.7954545454545454,0.7901430842607313
aggregated_ranked_features_gas-N2_keep-N2_post-prestimulus,median,652,train,1.0,1.0
aggregated_ranked_features_gas-N2_keep-N2_post-prestimulus,median,652,val,0.7711864406779662,0.7710384477182897
aggregated_ranked_features_gas-N2_keep-N2_post-prestimulus,median,652,test,0.7954545454545454,0.7901430842607313
aggregated_ranked_features_gas-N2_keep-N2_post-prestimulus,median,653,train,1.0,1.0
aggregated_ranked_features_gas-N2_keep-N2_post-prestimulus,median,653,val,0.7711864406779662,0.7711700064641241
aggregated_ranked_features_gas-N2_keep-N2_post-prestimulus,median,653,test,0.7954545454545454,0.7901430842607313
aggregated_ranked_features_gas-N2_keep-N2_post-prestimulus,median,654,train,1.0,1.0
aggregated_ranked_features_gas-N2_keep-N2_post-prestimulus,median,654,val,0.7711864406779662,0.7711700064641241
aggregated_ranked_features_gas-N2_keep-N2_post-prestimulus,median,654,test,0.7954545454545454,0.7901430842607313
aggregated_ranked_features_gas-N2_keep-N2_post-prestimulus,median,655,train,1.0,1.0
aggregated_ranked_features_gas-N2_keep-N2_post-prestimulus,median,655,val,0.7627118644067796,0.7626436781609196
aggregated_ranked_features_gas-N2_keep-N2_post-prestimulus,median,655,test,0.7954545454545454,0.7901430842607313
aggregated_ranked_features_gas-N2_keep-N2_post-prestimulus,median,656,train,1.0,1.0
aggregated_ranked_features_gas-N2_keep-N2_post-prestimulus,median,656,val,0.7627118644067796,0.7626436781609196
aggregated_ranked_features_gas-N2_keep-N2_post-prestimulus,median,656,test,0.7954545454545454,0.7901430842607313
aggregated_ranked_features_gas-N2_keep-N2_post-prestimulus,median,657,train,1.0,1.0
aggregated_ranked_features_gas-N2_keep-N2_post-prestimulus,median,657,val,0.7542372881355932,0.7542196365725777
aggregated_ranked_features_gas-N2_keep-N2_post-prestimulus,median,657,test,0.7954545454545454,0.7901430842607313
aggregated_ranked_features_gas-N2_keep-N2_post-prestimulus,median,658,train,1.0,1.0
aggregated_ranked_features_gas-N2_keep-N2_post-prestimulus,median,658,val,0.7711864406779662,0.7711700064641241
aggregated_ranked_features_gas-N2_keep-N2_post-prestimulus,median,658,test,0.7954545454545454,0.7901430842607313
aggregated_ranked_features_gas-N2_keep-N2_post-prestimulus,median,659,train,1.0,1.0
aggregated_ranked_features_gas-N2_keep-N2_post-prestimulus,median,659,val,0.7711864406779662,0.7711700064641241
aggregated_ranked_features_gas-N2_keep-N2_post-prestimulus,median,659,test,0.7954545454545454,0.7901430842607313
aggregated_ranked_features_gas-N2_keep-N2_post-prestimulus,median,660,train,1.0,1.0
aggregated_ranked_features_gas-N2_keep-N2_post-prestimulus,median,660,val,0.7711864406779662,0.7711700064641241
aggregated_ranked_features_gas-N2_keep-N2_post-prestimulus,median,660,test,0.7954545454545454,0.7901430842607313
aggregated_ranked_features_gas-N2_keep-N2_post-prestimulus,median,661,train,1.0,1.0
aggregated_ranked_features_gas-N2_keep-N2_post-prestimulus,median,661,val,0.7711864406779662,0.7711700064641241
aggregated_ranked_features_gas-N2_keep-N2_post-prestimulus,median,661,test,0.7954545454545454,0.7901430842607313
aggregated_ranked_features_gas-N2_keep-N2_post-prestimulus,median,662,train,1.0,1.0
aggregated_ranked_features_gas-N2_keep-N2_post-prestimulus,median,662,val,0.7711864406779662,0.7711700064641241
aggregated_ranked_features_gas-N2_keep-N2_post-prestimulus,median,662,test,0.7954545454545454,0.7901430842607313
aggregated_ranked_features_gas-N2_keep-N2_post-prestimulus,median,663,train,1.0,1.0
aggregated_ranked_features_gas-N2_keep-N2_post-prestimulus,median,663,val,0.7711864406779662,0.7711700064641241
aggregated_ranked_features_gas-N2_keep-N2_post-prestimulus,median,663,test,0.7954545454545454,0.7901430842607313
aggregated_ranked_features_gas-N2_keep-N2_post-prestimulus,median,664,train,1.0,1.0
aggregated_ranked_features_gas-N2_keep-N2_post-prestimulus,median,664,val,0.7711864406779662,0.7711700064641241
aggregated_ranked_features_gas-N2_keep-N2_post-prestimulus,median,664,test,0.7954545454545454,0.7901430842607313
aggregated_ranked_features_gas-N2_keep-N2_post-prestimulus,median,665,train,1.0,1.0
aggregated_ranked_features_gas-N2_keep-N2_post-prestimulus,median,665,val,0.7711864406779662,0.7711700064641241
aggregated_ranked_features_gas-N2_keep-N2_post-prestimulus,median,665,test,0.7954545454545454,0.7901430842607313
aggregated_ranked_features_gas-N2_keep-N2_post-prestimulus,median,666,train,1.0,1.0
aggregated_ranked_features_gas-N2_keep-N2_post-prestimulus,median,666,val,0.7711864406779662,0.7711700064641241
aggregated_ranked_features_gas-N2_keep-N2_post-prestimulus,median,666,test,0.7954545454545454,0.7901430842607313
aggregated_ranked_features_gas-N2_keep-N2_post-prestimulus,median,667,train,1.0,1.0
aggregated_ranked_features_gas-N2_keep-N2_post-prestimulus,median,667,val,0.7711864406779662,0.7711700064641241
aggregated_ranked_features_gas-N2_keep-N2_post-prestimulus,median,667,test,0.7954545454545454,0.7901430842607313
aggregated_ranked_features_gas-N2_keep-N2_post-prestimulus,median,668,train,1.0,1.0
aggregated_ranked_features_gas-N2_keep-N2_post-prestimulus,median,668,val,0.7711864406779662,0.7711700064641241
aggregated_ranked_features_gas-N2_keep-N2_post-prestimulus,median,668,test,0.7954545454545454,0.7901430842607313
aggregated_ranked_features_gas-N2_keep-N2_post-prestimulus,median,669,train,1.0,1.0
aggregated_ranked_features_gas-N2_keep-N2_post-prestimulus,median,669,val,0.7711864406779662,0.7711700064641241
aggregated_ranked_features_gas-N2_keep-N2_post-prestimulus,median,669,test,0.7954545454545454,0.7901430842607313
aggregated_ranked_features_gas-N2_keep-N2_post-prestimulus,median,670,train,1.0,1.0
aggregated_ranked_features_gas-N2_keep-N2_post-prestimulus,median,670,val,0.7711864406779662,0.7711700064641241
aggregated_ranked_features_gas-N2_keep-N2_post-prestimulus,median,670,test,0.7954545454545454,0.7901430842607313
aggregated_ranked_features_gas-N2_keep-N2_post-prestimulus,median,671,train,1.0,1.0
aggregated_ranked_features_gas-N2_keep-N2_post-prestimulus,median,671,val,0.7711864406779662,0.7711700064641241
aggregated_ranked_features_gas-N2_keep-N2_post-prestimulus,median,671,test,0.7954545454545454,0.7901430842607313
aggregated_ranked_features_gas-N2_keep-N2_post-prestimulus,median,672,train,1.0,1.0
aggregated_ranked_features_gas-N2_keep-N2_post-prestimulus,median,672,val,0.7796610169491526,0.7795977011494253
aggregated_ranked_features_gas-N2_keep-N2_post-prestimulus,median,672,test,0.7954545454545454,0.7901430842607313
aggregated_ranked_features_gas-N2_keep-N2_post-prestimulus,median,673,train,1.0,1.0
aggregated_ranked_features_gas-N2_keep-N2_post-prestimulus,median,673,val,0.7796610169491526,0.7795977011494253
aggregated_ranked_features_gas-N2_keep-N2_post-prestimulus,median,673,test,0.7954545454545454,0.7901430842607313
aggregated_ranked_features_gas-N2_keep-N2_post-prestimulus,median,674,train,1.0,1.0
aggregated_ranked_features_gas-N2_keep-N2_post-prestimulus,median,674,val,0.7796610169491526,0.7795977011494253
aggregated_ranked_features_gas-N2_keep-N2_post-prestimulus,median,674,test,0.7954545454545454,0.7901430842607313
aggregated_ranked_features_gas-N2_keep-N2_post-prestimulus,median,675,train,1.0,1.0
aggregated_ranked_features_gas-N2_keep-N2_post-prestimulus,median,675,val,0.7796610169491526,0.7795977011494253
aggregated_ranked_features_gas-N2_keep-N2_post-prestimulus,median,675,test,0.7954545454545454,0.7901430842607313
aggregated_ranked_features_gas-N2_keep-N2_post-prestimulus,median,676,train,1.0,1.0
aggregated_ranked_features_gas-N2_keep-N2_post-prestimulus,median,676,val,0.7796610169491526,0.7795977011494253
aggregated_ranked_features_gas-N2_keep-N2_post-prestimulus,median,676,test,0.7954545454545454,0.7901430842607313
aggregated_ranked_features_gas-N2_keep-N2_post-prestimulus,median,677,train,1.0,1.0
aggregated_ranked_features_gas-N2_keep-N2_post-prestimulus,median,677,val,0.7796610169491526,0.7795977011494253
aggregated_ranked_features_gas-N2_keep-N2_post-prestimulus,median,677,test,0.7954545454545454,0.7901430842607313
aggregated_ranked_features_gas-N2_keep-N2_post-prestimulus,median,678,train,1.0,1.0
aggregated_ranked_features_gas-N2_keep-N2_post-prestimulus,median,678,val,0.7796610169491526,0.7795977011494253
aggregated_ranked_features_gas-N2_keep-N2_post-prestimulus,median,678,test,0.7954545454545454,0.7901430842607313
aggregated_ranked_features_gas-N2_keep-N2_post-prestimulus,median,679,train,1.0,1.0
aggregated_ranked_features_gas-N2_keep-N2_post-prestimulus,median,679,val,0.7796610169491526,0.7795977011494253
aggregated_ranked_features_gas-N2_keep-N2_post-prestimulus,median,679,test,0.7954545454545454,0.7901430842607313
aggregated_ranked_features_gas-N2_keep-N2_post-prestimulus,median,680,train,1.0,1.0
aggregated_ranked_features_gas-N2_keep-N2_post-prestimulus,median,680,val,0.7711864406779662,0.7711700064641241
aggregated_ranked_features_gas-N2_keep-N2_post-prestimulus,median,680,test,0.8181818181818182,0.8147368421052632
aggregated_ranked_features_gas-N2_keep-N2_post-prestimulus,median,681,train,1.0,1.0
aggregated_ranked_features_gas-N2_keep-N2_post-prestimulus,median,681,val,0.7711864406779662,0.7711700064641241
aggregated_ranked_features_gas-N2_keep-N2_post-prestimulus,median,681,test,0.8181818181818182,0.8147368421052632
aggregated_ranked_features_gas-N2_keep-N2_post-prestimulus,median,682,train,1.0,1.0
aggregated_ranked_features_gas-N2_keep-N2_post-prestimulus,median,682,val,0.7711864406779662,0.7711700064641241
aggregated_ranked_features_gas-N2_keep-N2_post-prestimulus,median,682,test,0.8181818181818182,0.8147368421052632
aggregated_ranked_features_gas-N2_keep-N2_post-prestimulus,median,683,train,1.0,1.0
aggregated_ranked_features_gas-N2_keep-N2_post-prestimulus,median,683,val,0.7711864406779662,0.7711700064641241
aggregated_ranked_features_gas-N2_keep-N2_post-prestimulus,median,683,test,0.8181818181818182,0.8147368421052632
aggregated_ranked_features_gas-N2_keep-N2_post-prestimulus,median,684,train,1.0,1.0
aggregated_ranked_features_gas-N2_keep-N2_post-prestimulus,median,684,val,0.7711864406779662,0.7711700064641241
aggregated_ranked_features_gas-N2_keep-N2_post-prestimulus,median,684,test,0.8181818181818182,0.8147368421052632
aggregated_ranked_features_gas-N2_keep-N2_post-prestimulus,median,685,train,1.0,1.0
aggregated_ranked_features_gas-N2_keep-N2_post-prestimulus,median,685,val,0.7711864406779662,0.7711700064641241
aggregated_ranked_features_gas-N2_keep-N2_post-prestimulus,median,685,test,0.8181818181818182,0.8147368421052632
aggregated_ranked_features_gas-N2_keep-N2_post-prestimulus,median,686,train,1.0,1.0
aggregated_ranked_features_gas-N2_keep-N2_post-prestimulus,median,686,val,0.7627118644067796,0.7626436781609196
aggregated_ranked_features_gas-N2_keep-N2_post-prestimulus,median,686,test,0.8181818181818182,0.8147368421052632
aggregated_ranked_features_gas-N2_keep-N2_post-prestimulus,median,687,train,1.0,1.0
aggregated_ranked_features_gas-N2_keep-N2_post-prestimulus,median,687,val,0.7627118644067796,0.7626436781609196
aggregated_ranked_features_gas-N2_keep-N2_post-prestimulus,median,687,test,0.8181818181818182,0.8147368421052632
aggregated_ranked_features_gas-N2_keep-N2_post-prestimulus,median,688,train,1.0,1.0
aggregated_ranked_features_gas-N2_keep-N2_post-prestimulus,median,688,val,0.7627118644067796,0.7626436781609196
aggregated_ranked_features_gas-N2_keep-N2_post-prestimulus,median,688,test,0.8181818181818182,0.8147368421052632
aggregated_ranked_features_gas-N2_keep-N2_post-prestimulus,median,689,train,1.0,1.0
aggregated_ranked_features_gas-N2_keep-N2_post-prestimulus,median,689,val,0.7966101694915254,0.7966101694915254
aggregated_ranked_features_gas-N2_keep-N2_post-prestimulus,median,689,test,0.7954545454545454,0.7901430842607313
aggregated_ranked_features_gas-N2_keep-N2_post-prestimulus,median,690,train,1.0,1.0
aggregated_ranked_features_gas-N2_keep-N2_post-prestimulus,median,690,val,0.7966101694915254,0.7966101694915254
aggregated_ranked_features_gas-N2_keep-N2_post-prestimulus,median,690,test,0.7954545454545454,0.7901430842607313
aggregated_ranked_features_gas-N2_keep-N2_post-prestimulus,median,691,train,1.0,1.0
aggregated_ranked_features_gas-N2_keep-N2_post-prestimulus,median,691,val,0.7966101694915254,0.7966101694915254
aggregated_ranked_features_gas-N2_keep-N2_post-prestimulus,median,691,test,0.7954545454545454,0.7901430842607313
aggregated_ranked_features_gas-N2_keep-N2_post-prestimulus,median,692,train,1.0,1.0
aggregated_ranked_features_gas-N2_keep-N2_post-prestimulus,median,692,val,0.7966101694915254,0.7966101694915254
aggregated_ranked_features_gas-N2_keep-N2_post-prestimulus,median,692,test,0.7954545454545454,0.7901430842607313
aggregated_ranked_features_gas-N2_keep-N2_post-prestimulus,median,693,train,1.0,1.0
aggregated_ranked_features_gas-N2_keep-N2_post-prestimulus,median,693,val,0.7966101694915254,0.7966101694915254
aggregated_ranked_features_gas-N2_keep-N2_post-prestimulus,median,693,test,0.7954545454545454,0.7901430842607313
aggregated_ranked_features_gas-N2_keep-N2_post-prestimulus,median,694,train,1.0,1.0
aggregated_ranked_features_gas-N2_keep-N2_post-prestimulus,median,694,val,0.7966101694915254,0.7966101694915254
aggregated_ranked_features_gas-N2_keep-N2_post-prestimulus,median,694,test,0.7954545454545454,0.7901430842607313
aggregated_ranked_features_gas-N2_keep-N2_post-prestimulus,median,695,train,1.0,1.0
aggregated_ranked_features_gas-N2_keep-N2_post-prestimulus,median,695,val,0.7966101694915254,0.7966101694915254
aggregated_ranked_features_gas-N2_keep-N2_post-prestimulus,median,695,test,0.7954545454545454,0.7901430842607313
aggregated_ranked_features_gas-N2_keep-N2_post-prestimulus,median,696,train,1.0,1.0
aggregated_ranked_features_gas-N2_keep-N2_post-prestimulus,median,696,val,0.7966101694915254,0.7966101694915254
aggregated_ranked_features_gas-N2_keep-N2_post-prestimulus,median,696,test,0.7954545454545454,0.7901430842607313
aggregated_ranked_features_gas-N2_keep-N2_post-prestimulus,median,697,train,1.0,1.0
aggregated_ranked_features_gas-N2_keep-N2_post-prestimulus,median,697,val,0.7627118644067796,0.7624388840954845
aggregated_ranked_features_gas-N2_keep-N2_post-prestimulus,median,697,test,0.8181818181818182,0.8147368421052632
aggregated_ranked_features_gas-N2_keep-N2_post-prestimulus,median,698,train,1.0,1.0
aggregated_ranked_features_gas-N2_keep-N2_post-prestimulus,median,698,val,0.7627118644067796,0.7624388840954845
aggregated_ranked_features_gas-N2_keep-N2_post-prestimulus,median,698,test,0.8181818181818182,0.8147368421052632
aggregated_ranked_features_gas-N2_keep-N2_post-prestimulus,median,699,train,1.0,1.0
aggregated_ranked_features_gas-N2_keep-N2_post-prestimulus,median,699,val,0.7627118644067796,0.7624388840954845
aggregated_ranked_features_gas-N2_keep-N2_post-prestimulus,median,699,test,0.8181818181818182,0.8147368421052632
aggregated_ranked_features_gas-N2_keep-N2_post-prestimulus,median,700,train,1.0,1.0
aggregated_ranked_features_gas-N2_keep-N2_post-prestimulus,median,700,val,0.7627118644067796,0.7624388840954845
aggregated_ranked_features_gas-N2_keep-N2_post-prestimulus,median,700,test,0.8181818181818182,0.8147368421052632
aggregated_ranked_features_gas-N2_keep-N2_post-prestimulus,median,701,train,1.0,1.0
aggregated_ranked_features_gas-N2_keep-N2_post-prestimulus,median,701,val,0.7627118644067796,0.7624388840954845
aggregated_ranked_features_gas-N2_keep-N2_post-prestimulus,median,701,test,0.8181818181818182,0.8147368421052632
aggregated_ranked_features_gas-N2_keep-N2_post-prestimulus,median,702,train,1.0,1.0
aggregated_ranked_features_gas-N2_keep-N2_post-prestimulus,median,702,val,0.7627118644067796,0.7624388840954845
aggregated_ranked_features_gas-N2_keep-N2_post-prestimulus,median,702,test,0.8181818181818182,0.8147368421052632
aggregated_ranked_features_gas-N2_keep-N2_post-prestimulus,median,703,train,1.0,1.0
aggregated_ranked_features_gas-N2_keep-N2_post-prestimulus,median,703,val,0.7627118644067796,0.7624388840954845
aggregated_ranked_features_gas-N2_keep-N2_post-prestimulus,median,703,test,0.8181818181818182,0.8147368421052632
aggregated_ranked_features_gas-N2_keep-N2_post-prestimulus,median,704,train,1.0,1.0
aggregated_ranked_features_gas-N2_keep-N2_post-prestimulus,median,704,val,0.7627118644067796,0.7624388840954845
aggregated_ranked_features_gas-N2_keep-N2_post-prestimulus,median,704,test,0.8181818181818182,0.8147368421052632
aggregated_ranked_features_gas-N2_keep-N2_post-prestimulus,median,705,train,1.0,1.0
aggregated_ranked_features_gas-N2_keep-N2_post-prestimulus,median,705,val,0.7627118644067796,0.7624388840954845
aggregated_ranked_features_gas-N2_keep-N2_post-prestimulus,median,705,test,0.8181818181818182,0.8147368421052632
aggregated_ranked_features_gas-N2_keep-N2_post-prestimulus,median,706,train,1.0,1.0
aggregated_ranked_features_gas-N2_keep-N2_post-prestimulus,median,706,val,0.7627118644067796,0.7624388840954845
aggregated_ranked_features_gas-N2_keep-N2_post-prestimulus,median,706,test,0.8181818181818182,0.8147368421052632
aggregated_ranked_features_gas-N2_keep-N2_post-prestimulus,median,707,train,1.0,1.0
aggregated_ranked_features_gas-N2_keep-N2_post-prestimulus,median,707,val,0.7627118644067796,0.7624388840954845
aggregated_ranked_features_gas-N2_keep-N2_post-prestimulus,median,707,test,0.8181818181818182,0.8147368421052632
aggregated_ranked_features_gas-N2_keep-N2_post-prestimulus,median,708,train,1.0,1.0
aggregated_ranked_features_gas-N2_keep-N2_post-prestimulus,median,708,val,0.7627118644067796,0.7624388840954845
aggregated_ranked_features_gas-N2_keep-N2_post-prestimulus,median,708,test,0.8181818181818182,0.8147368421052632
aggregated_ranked_features_gas-N2_keep-N2_post-prestimulus,median,709,train,1.0,1.0
aggregated_ranked_features_gas-N2_keep-N2_post-prestimulus,median,709,val,0.7627118644067796,0.7624388840954845
aggregated_ranked_features_gas-N2_keep-N2_post-prestimulus,median,709,test,0.8181818181818182,0.8147368421052632
aggregated_ranked_features_gas-N2_keep-N2_post-prestimulus,median,710,train,1.0,1.0
aggregated_ranked_features_gas-N2_keep-N2_post-prestimulus,median,710,val,0.7627118644067796,0.7624388840954845
aggregated_ranked_features_gas-N2_keep-N2_post-prestimulus,median,710,test,0.8181818181818182,0.8147368421052632
aggregated_ranked_features_gas-N2_keep-N2_post-prestimulus,median,711,train,1.0,1.0
aggregated_ranked_features_gas-N2_keep-N2_post-prestimulus,median,711,val,0.7627118644067796,0.7624388840954845
aggregated_ranked_features_gas-N2_keep-N2_post-prestimulus,median,711,test,0.8181818181818182,0.8147368421052632
aggregated_ranked_features_gas-N2_keep-N2_post-prestimulus,median,712,train,1.0,1.0
aggregated_ranked_features_gas-N2_keep-N2_post-prestimulus,median,712,val,0.8135593220338984,0.8135057471264368
aggregated_ranked_features_gas-N2_keep-N2_post-prestimulus,median,712,test,0.7954545454545454,0.7901430842607313
aggregated_ranked_features_gas-N2_keep-N2_post-prestimulus,median,713,train,1.0,1.0
aggregated_ranked_features_gas-N2_keep-N2_post-prestimulus,median,713,val,0.8135593220338984,0.8135057471264368
aggregated_ranked_features_gas-N2_keep-N2_post-prestimulus,median,713,test,0.7954545454545454,0.7901430842607313
aggregated_ranked_features_gas-N2_keep-N2_post-prestimulus,median,714,train,1.0,1.0
aggregated_ranked_features_gas-N2_keep-N2_post-prestimulus,median,714,val,0.8135593220338984,0.8135057471264368
aggregated_ranked_features_gas-N2_keep-N2_post-prestimulus,median,714,test,0.7954545454545454,0.7901430842607313
aggregated_ranked_features_gas-N2_keep-N2_post-prestimulus,median,715,train,1.0,1.0
aggregated_ranked_features_gas-N2_keep-N2_post-prestimulus,median,715,val,0.8135593220338984,0.8135057471264368
aggregated_ranked_features_gas-N2_keep-N2_post-prestimulus,median,715,test,0.7954545454545454,0.7901430842607313
aggregated_ranked_features_gas-N2_keep-N2_post-prestimulus,median,716,train,1.0,1.0
aggregated_ranked_features_gas-N2_keep-N2_post-prestimulus,median,716,val,0.8135593220338984,0.8135057471264368
aggregated_ranked_features_gas-N2_keep-N2_post-prestimulus,median,716,test,0.7954545454545454,0.7901430842607313
aggregated_ranked_features_gas-N2_keep-N2_post-prestimulus,median,717,train,1.0,1.0
aggregated_ranked_features_gas-N2_keep-N2_post-prestimulus,median,717,val,0.8135593220338984,0.8135057471264368
aggregated_ranked_features_gas-N2_keep-N2_post-prestimulus,median,717,test,0.7954545454545454,0.7901430842607313
aggregated_ranked_features_gas-N2_keep-N2_post-prestimulus,median,718,train,1.0,1.0
aggregated_ranked_features_gas-N2_keep-N2_post-prestimulus,median,718,val,0.8135593220338984,0.8135057471264368
aggregated_ranked_features_gas-N2_keep-N2_post-prestimulus,median,718,test,0.7954545454545454,0.7901430842607313
aggregated_ranked_features_gas-N2_keep-N2_post-prestimulus,median,719,train,1.0,1.0
aggregated_ranked_features_gas-N2_keep-N2_post-prestimulus,median,719,val,0.7796610169491526,0.7796610169491526
aggregated_ranked_features_gas-N2_keep-N2_post-prestimulus,median,719,test,0.7954545454545454,0.7901430842607313
aggregated_ranked_features_gas-N2_keep-N2_post-prestimulus,median,720,train,1.0,1.0
aggregated_ranked_features_gas-N2_keep-N2_post-prestimulus,median,720,val,0.7796610169491526,0.7796610169491526
aggregated_ranked_features_gas-N2_keep-N2_post-prestimulus,median,720,test,0.7954545454545454,0.7901430842607313
aggregated_ranked_features_gas-N2_keep-N2_post-prestimulus,median,721,train,1.0,1.0
aggregated_ranked_features_gas-N2_keep-N2_post-prestimulus,median,721,val,0.7796610169491526,0.7796610169491526
aggregated_ranked_features_gas-N2_keep-N2_post-prestimulus,median,721,test,0.7954545454545454,0.7901430842607313
aggregated_ranked_features_gas-N2_keep-N2_post-prestimulus,median,722,train,1.0,1.0
aggregated_ranked_features_gas-N2_keep-N2_post-prestimulus,median,722,val,0.7796610169491526,0.7796610169491526
aggregated_ranked_features_gas-N2_keep-N2_post-prestimulus,median,722,test,0.7954545454545454,0.7901430842607313
aggregated_ranked_features_gas-N2_keep-N2_post-prestimulus,median,723,train,1.0,1.0
aggregated_ranked_features_gas-N2_keep-N2_post-prestimulus,median,723,val,0.7796610169491526,0.7796610169491526
aggregated_ranked_features_gas-N2_keep-N2_post-prestimulus,median,723,test,0.7954545454545454,0.7901430842607313
aggregated_ranked_features_gas-N2_keep-N2_post-prestimulus,median,724,train,1.0,1.0
aggregated_ranked_features_gas-N2_keep-N2_post-prestimulus,median,724,val,0.7796610169491526,0.7796610169491526
aggregated_ranked_features_gas-N2_keep-N2_post-prestimulus,median,724,test,0.7954545454545454,0.7901430842607313
aggregated_ranked_features_gas-N2_keep-N2_post-prestimulus,median,725,train,1.0,1.0
aggregated_ranked_features_gas-N2_keep-N2_post-prestimulus,median,725,val,0.7796610169491526,0.7796610169491526
aggregated_ranked_features_gas-N2_keep-N2_post-prestimulus,median,725,test,0.7954545454545454,0.7901430842607313
aggregated_ranked_features_gas-N2_keep-N2_post-prestimulus,median,726,train,1.0,1.0
aggregated_ranked_features_gas-N2_keep-N2_post-prestimulus,median,726,val,0.7796610169491526,0.7796610169491526
aggregated_ranked_features_gas-N2_keep-N2_post-prestimulus,median,726,test,0.7954545454545454,0.7901430842607313
aggregated_ranked_features_gas-N2_keep-N2_post-prestimulus,median,727,train,1.0,1.0
aggregated_ranked_features_gas-N2_keep-N2_post-prestimulus,median,727,val,0.7796610169491526,0.7796610169491526
aggregated_ranked_features_gas-N2_keep-N2_post-prestimulus,median,727,test,0.7954545454545454,0.7901430842607313
aggregated_ranked_features_gas-N2_keep-N2_post-prestimulus,median,728,train,1.0,1.0
aggregated_ranked_features_gas-N2_keep-N2_post-prestimulus,median,728,val,0.7796610169491526,0.7796610169491526
aggregated_ranked_features_gas-N2_keep-N2_post-prestimulus,median,728,test,0.7954545454545454,0.7901430842607313
aggregated_ranked_features_gas-N2_keep-N2_post-prestimulus,median,729,train,1.0,1.0
aggregated_ranked_features_gas-N2_keep-N2_post-prestimulus,median,729,val,0.7796610169491526,0.7796610169491526
aggregated_ranked_features_gas-N2_keep-N2_post-prestimulus,median,729,test,0.7954545454545454,0.7901430842607313
aggregated_ranked_features_gas-N2_keep-N2_post-prestimulus,median,730,train,1.0,1.0
aggregated_ranked_features_gas-N2_keep-N2_post-prestimulus,median,730,val,0.7796610169491526,0.7796610169491526
aggregated_ranked_features_gas-N2_keep-N2_post-prestimulus,median,730,test,0.7954545454545454,0.7901430842607313
aggregated_ranked_features_gas-N2_keep-N2_post-prestimulus,median,731,train,1.0,1.0
aggregated_ranked_features_gas-N2_keep-N2_post-prestimulus,median,731,val,0.7796610169491526,0.7796610169491526
aggregated_ranked_features_gas-N2_keep-N2_post-prestimulus,median,731,test,0.7954545454545454,0.7901430842607313
aggregated_ranked_features_gas-N2_keep-N2_post-prestimulus,median,732,train,1.0,1.0
aggregated_ranked_features_gas-N2_keep-N2_post-prestimulus,median,732,val,0.7711864406779662,0.7711700064641241
aggregated_ranked_features_gas-N2_keep-N2_post-prestimulus,median,732,test,0.7954545454545454,0.7901430842607313
aggregated_ranked_features_gas-N2_keep-N2_post-prestimulus,median,733,train,1.0,1.0
aggregated_ranked_features_gas-N2_keep-N2_post-prestimulus,median,733,val,0.7711864406779662,0.7711700064641241
aggregated_ranked_features_gas-N2_keep-N2_post-prestimulus,median,733,test,0.7954545454545454,0.7901430842607313
aggregated_ranked_features_gas-N2_keep-N2_post-prestimulus,median,734,train,1.0,1.0
aggregated_ranked_features_gas-N2_keep-N2_post-prestimulus,median,734,val,0.7711864406779662,0.7711700064641241
aggregated_ranked_features_gas-N2_keep-N2_post-prestimulus,median,734,test,0.7954545454545454,0.7901430842607313
aggregated_ranked_features_gas-N2_keep-N2_post-prestimulus,median,735,train,1.0,1.0
aggregated_ranked_features_gas-N2_keep-N2_post-prestimulus,median,735,val,0.7711864406779662,0.7711700064641241
aggregated_ranked_features_gas-N2_keep-N2_post-prestimulus,median,735,test,0.7954545454545454,0.7901430842607313
aggregated_ranked_features_gas-N2_keep-N2_post-prestimulus,median,736,train,1.0,1.0
aggregated_ranked_features_gas-N2_keep-N2_post-prestimulus,median,736,val,0.7711864406779662,0.7711700064641241
aggregated_ranked_features_gas-N2_keep-N2_post-prestimulus,median,736,test,0.7954545454545454,0.7901430842607313
aggregated_ranked_features_gas-N2_keep-N2_post-prestimulus,median,737,train,1.0,1.0
aggregated_ranked_features_gas-N2_keep-N2_post-prestimulus,median,737,val,0.7711864406779662,0.7711700064641241
aggregated_ranked_features_gas-N2_keep-N2_post-prestimulus,median,737,test,0.7954545454545454,0.7901430842607313
aggregated_ranked_features_gas-N2_keep-N2_post-prestimulus,median,738,train,1.0,1.0
aggregated_ranked_features_gas-N2_keep-N2_post-prestimulus,median,738,val,0.7711864406779662,0.7711700064641241
aggregated_ranked_features_gas-N2_keep-N2_post-prestimulus,median,738,test,0.7954545454545454,0.7901430842607313
aggregated_ranked_features_gas-N2_keep-N2_post-prestimulus,median,739,train,1.0,1.0
aggregated_ranked_features_gas-N2_keep-N2_post-prestimulus,median,739,val,0.7711864406779662,0.7711700064641241
aggregated_ranked_features_gas-N2_keep-N2_post-prestimulus,median,739,test,0.7954545454545454,0.7901430842607313
aggregated_ranked_features_gas-N2_keep-N2_post-prestimulus,median,740,train,1.0,1.0
aggregated_ranked_features_gas-N2_keep-N2_post-prestimulus,median,740,val,0.7711864406779662,0.7711700064641241
aggregated_ranked_features_gas-N2_keep-N2_post-prestimulus,median,740,test,0.7954545454545454,0.7901430842607313
aggregated_ranked_features_gas-N2_keep-N2_post-prestimulus,median,741,train,1.0,1.0
aggregated_ranked_features_gas-N2_keep-N2_post-prestimulus,median,741,val,0.7711864406779662,0.7711700064641241
aggregated_ranked_features_gas-N2_keep-N2_post-prestimulus,median,741,test,0.7954545454545454,0.7901430842607313
aggregated_ranked_features_gas-N2_keep-N2_post-prestimulus,median,742,train,1.0,1.0
aggregated_ranked_features_gas-N2_keep-N2_post-prestimulus,median,742,val,0.8050847457627118,0.8050707462472169
aggregated_ranked_features_gas-N2_keep-N2_post-prestimulus,median,742,test,0.8181818181818182,0.8147368421052632
aggregated_ranked_features_gas-N2_keep-N2_post-prestimulus,median,743,train,1.0,1.0
aggregated_ranked_features_gas-N2_keep-N2_post-prestimulus,median,743,val,0.8050847457627118,0.8050707462472169
aggregated_ranked_features_gas-N2_keep-N2_post-prestimulus,median,743,test,0.8181818181818182,0.8147368421052632
aggregated_ranked_features_gas-N2_keep-N2_post-prestimulus,median,744,train,1.0,1.0
aggregated_ranked_features_gas-N2_keep-N2_post-prestimulus,median,744,val,0.8050847457627118,0.8050707462472169
aggregated_ranked_features_gas-N2_keep-N2_post-prestimulus,median,744,test,0.8181818181818182,0.8147368421052632
aggregated_ranked_features_gas-N2_keep-N2_post-prestimulus,median,745,train,1.0,1.0
aggregated_ranked_features_gas-N2_keep-N2_post-prestimulus,median,745,val,0.8050847457627118,0.8050707462472169
aggregated_ranked_features_gas-N2_keep-N2_post-prestimulus,median,745,test,0.8181818181818182,0.8147368421052632
aggregated_ranked_features_gas-N2_keep-N2_post-prestimulus,median,746,train,1.0,1.0
aggregated_ranked_features_gas-N2_keep-N2_post-prestimulus,median,746,val,0.8135593220338984,0.8135593220338984
aggregated_ranked_features_gas-N2_keep-N2_post-prestimulus,median,746,test,0.7954545454545454,0.7901430842607313
aggregated_ranked_features_gas-N2_keep-N2_post-prestimulus,median,747,train,1.0,1.0
aggregated_ranked_features_gas-N2_keep-N2_post-prestimulus,median,747,val,0.8135593220338984,0.8135593220338984
aggregated_ranked_features_gas-N2_keep-N2_post-prestimulus,median,747,test,0.7954545454545454,0.7901430842607313
aggregated_ranked_features_gas-N2_keep-N2_post-prestimulus,median,748,train,1.0,1.0
aggregated_ranked_features_gas-N2_keep-N2_post-prestimulus,median,748,val,0.8135593220338984,0.8135593220338984
aggregated_ranked_features_gas-N2_keep-N2_post-prestimulus,median,748,test,0.7954545454545454,0.7901430842607313
aggregated_ranked_features_gas-N2_keep-N2_post-prestimulus,median,749,train,1.0,1.0
aggregated_ranked_features_gas-N2_keep-N2_post-prestimulus,median,749,val,0.8135593220338984,0.8135593220338984
aggregated_ranked_features_gas-N2_keep-N2_post-prestimulus,median,749,test,0.7954545454545454,0.7901430842607313
aggregated_ranked_features_gas-N2_keep-N2_post-prestimulus,median,750,train,1.0,1.0
aggregated_ranked_features_gas-N2_keep-N2_post-prestimulus,median,750,val,0.8135593220338984,0.8135593220338984
aggregated_ranked_features_gas-N2_keep-N2_post-prestimulus,median,750,test,0.7954545454545454,0.7901430842607313
aggregated_ranked_features_gas-N2_keep-N2_post-prestimulus,median,751,train,1.0,1.0
aggregated_ranked_features_gas-N2_keep-N2_post-prestimulus,median,751,val,0.8135593220338984,0.8135593220338984
aggregated_ranked_features_gas-N2_keep-N2_post-prestimulus,median,751,test,0.7954545454545454,0.7901430842607313
aggregated_ranked_features_gas-N2_keep-N2_post-prestimulus,median,752,train,1.0,1.0
aggregated_ranked_features_gas-N2_keep-N2_post-prestimulus,median,752,val,0.8135593220338984,0.8135593220338984
aggregated_ranked_features_gas-N2_keep-N2_post-prestimulus,median,752,test,0.7954545454545454,0.7901430842607313
aggregated_ranked_features_gas-N2_keep-N2_post-prestimulus,median,753,train,1.0,1.0
aggregated_ranked_features_gas-N2_keep-N2_post-prestimulus,median,753,val,0.8135593220338984,0.8135593220338984
aggregated_ranked_features_gas-N2_keep-N2_post-prestimulus,median,753,test,0.7954545454545454,0.7901430842607313
aggregated_ranked_features_gas-N2_keep-N2_post-prestimulus,median,754,train,1.0,1.0
aggregated_ranked_features_gas-N2_keep-N2_post-prestimulus,median,754,val,0.7966101694915254,0.7965517241379311
aggregated_ranked_features_gas-N2_keep-N2_post-prestimulus,median,754,test,0.7954545454545454,0.7901430842607313
aggregated_ranked_features_gas-N2_keep-N2_post-prestimulus,median,755,train,1.0,1.0
aggregated_ranked_features_gas-N2_keep-N2_post-prestimulus,median,755,val,0.7966101694915254,0.7965517241379311
aggregated_ranked_features_gas-N2_keep-N2_post-prestimulus,median,755,test,0.7954545454545454,0.7901430842607313
aggregated_ranked_features_gas-N2_keep-N2_post-prestimulus,median,756,train,1.0,1.0
aggregated_ranked_features_gas-N2_keep-N2_post-prestimulus,median,756,val,0.7966101694915254,0.7965517241379311
aggregated_ranked_features_gas-N2_keep-N2_post-prestimulus,median,756,test,0.7954545454545454,0.7901430842607313
aggregated_ranked_features_gas-N2_keep-N2_post-prestimulus,median,757,train,1.0,1.0
aggregated_ranked_features_gas-N2_keep-N2_post-prestimulus,median,757,val,0.7966101694915254,0.7965517241379311
aggregated_ranked_features_gas-N2_keep-N2_post-prestimulus,median,757,test,0.7954545454545454,0.7901430842607313
aggregated_ranked_features_gas-N2_keep-N2_post-prestimulus,median,758,train,1.0,1.0
aggregated_ranked_features_gas-N2_keep-N2_post-prestimulus,median,758,val,0.7542372881355932,0.7542196365725777
aggregated_ranked_features_gas-N2_keep-N2_post-prestimulus,median,758,test,0.7954545454545454,0.7901430842607313
aggregated_ranked_features_gas-N2_keep-N2_post-prestimulus,median,759,train,1.0,1.0
aggregated_ranked_features_gas-N2_keep-N2_post-prestimulus,median,759,val,0.788135593220339,0.7881203763556704
aggregated_ranked_features_gas-N2_keep-N2_post-prestimulus,median,759,test,0.7954545454545454,0.7901430842607313
aggregated_ranked_features_gas-N2_keep-N2_post-prestimulus,median,760,train,1.0,1.0
aggregated_ranked_features_gas-N2_keep-N2_post-prestimulus,median,760,val,0.788135593220339,0.7881203763556704
aggregated_ranked_features_gas-N2_keep-N2_post-prestimulus,median,760,test,0.7954545454545454,0.7901430842607313
aggregated_ranked_features_gas-N2_keep-N2_post-prestimulus,median,761,train,1.0,1.0
aggregated_ranked_features_gas-N2_keep-N2_post-prestimulus,median,761,val,0.788135593220339,0.7881203763556704
aggregated_ranked_features_gas-N2_keep-N2_post-prestimulus,median,761,test,0.7954545454545454,0.7901430842607313
aggregated_ranked_features_gas-N2_keep-N2_post-prestimulus,median,762,train,1.0,1.0
aggregated_ranked_features_gas-N2_keep-N2_post-prestimulus,median,762,val,0.788135593220339,0.7881203763556704
aggregated_ranked_features_gas-N2_keep-N2_post-prestimulus,median,762,test,0.7954545454545454,0.7901430842607313
aggregated_ranked_features_gas-N2_keep-N2_post-prestimulus,median,763,train,1.0,1.0
aggregated_ranked_features_gas-N2_keep-N2_post-prestimulus,median,763,val,0.788135593220339,0.7881203763556704
aggregated_ranked_features_gas-N2_keep-N2_post-prestimulus,median,763,test,0.8181818181818182,0.8147368421052632
aggregated_ranked_features_gas-N2_keep-N2_post-prestimulus,median,764,train,1.0,1.0
aggregated_ranked_features_gas-N2_keep-N2_post-prestimulus,median,764,val,0.788135593220339,0.7881203763556704
aggregated_ranked_features_gas-N2_keep-N2_post-prestimulus,median,764,test,0.8181818181818182,0.8147368421052632
aggregated_ranked_features_gas-N2_keep-N2_post-prestimulus,median,765,train,1.0,1.0
aggregated_ranked_features_gas-N2_keep-N2_post-prestimulus,median,765,val,0.788135593220339,0.7881203763556704
aggregated_ranked_features_gas-N2_keep-N2_post-prestimulus,median,765,test,0.8181818181818182,0.8147368421052632
aggregated_ranked_features_gas-N2_keep-N2_post-prestimulus,median,766,train,1.0,1.0
aggregated_ranked_features_gas-N2_keep-N2_post-prestimulus,median,766,val,0.788135593220339,0.7881203763556704
aggregated_ranked_features_gas-N2_keep-N2_post-prestimulus,median,766,test,0.8181818181818182,0.8147368421052632
aggregated_ranked_features_gas-N2_keep-N2_post-prestimulus,median,767,train,1.0,1.0
aggregated_ranked_features_gas-N2_keep-N2_post-prestimulus,median,767,val,0.788135593220339,0.7881203763556704
aggregated_ranked_features_gas-N2_keep-N2_post-prestimulus,median,767,test,0.8181818181818182,0.8147368421052632
aggregated_ranked_features_gas-N2_keep-N2_post-prestimulus,median,768,train,1.0,1.0
aggregated_ranked_features_gas-N2_keep-N2_post-prestimulus,median,768,val,0.788135593220339,0.7881203763556704
aggregated_ranked_features_gas-N2_keep-N2_post-prestimulus,median,768,test,0.8181818181818182,0.8147368421052632
aggregated_ranked_features_gas-N2_keep-N2_post-prestimulus,median,769,train,1.0,1.0
aggregated_ranked_features_gas-N2_keep-N2_post-prestimulus,median,769,val,0.7796610169491526,0.7795977011494253
aggregated_ranked_features_gas-N2_keep-N2_post-prestimulus,median,769,test,0.8181818181818182,0.8147368421052632
aggregated_ranked_features_gas-N2_keep-N2_post-prestimulus,median,770,train,1.0,1.0
aggregated_ranked_features_gas-N2_keep-N2_post-prestimulus,median,770,val,0.7796610169491526,0.7795977011494253
aggregated_ranked_features_gas-N2_keep-N2_post-prestimulus,median,770,test,0.8181818181818182,0.8147368421052632
aggregated_ranked_features_gas-N2_keep-N2_post-prestimulus,median,771,train,1.0,1.0
aggregated_ranked_features_gas-N2_keep-N2_post-prestimulus,median,771,val,0.7796610169491526,0.7795977011494253
aggregated_ranked_features_gas-N2_keep-N2_post-prestimulus,median,771,test,0.8181818181818182,0.8147368421052632
aggregated_ranked_features_gas-N2_keep-N2_post-prestimulus,median,772,train,1.0,1.0
aggregated_ranked_features_gas-N2_keep-N2_post-prestimulus,median,772,val,0.7796610169491526,0.7795977011494253
aggregated_ranked_features_gas-N2_keep-N2_post-prestimulus,median,772,test,0.8181818181818182,0.8147368421052632
aggregated_ranked_features_gas-N2_keep-N2_post-prestimulus,median,773,train,1.0,1.0
aggregated_ranked_features_gas-N2_keep-N2_post-prestimulus,median,773,val,0.7796610169491526,0.7795977011494253
aggregated_ranked_features_gas-N2_keep-N2_post-prestimulus,median,773,test,0.8181818181818182,0.8147368421052632
aggregated_ranked_features_gas-N2_keep-N2_post-prestimulus,median,774,train,1.0,1.0
aggregated_ranked_features_gas-N2_keep-N2_post-prestimulus,median,774,val,0.7796610169491526,0.7795977011494253
aggregated_ranked_features_gas-N2_keep-N2_post-prestimulus,median,774,test,0.8181818181818182,0.8147368421052632
aggregated_ranked_features_gas-N2_keep-N2_post-prestimulus,median,775,train,1.0,1.0
aggregated_ranked_features_gas-N2_keep-N2_post-prestimulus,median,775,val,0.7796610169491526,0.7795977011494253
aggregated_ranked_features_gas-N2_keep-N2_post-prestimulus,median,775,test,0.8181818181818182,0.8147368421052632
aggregated_ranked_features_gas-N2_keep-N2_post-prestimulus,median,776,train,1.0,1.0
aggregated_ranked_features_gas-N2_keep-N2_post-prestimulus,median,776,val,0.7796610169491526,0.7795977011494253
aggregated_ranked_features_gas-N2_keep-N2_post-prestimulus,median,776,test,0.8181818181818182,0.8147368421052632
aggregated_ranked_features_gas-N2_keep-N2_post-prestimulus,median,777,train,1.0,1.0
aggregated_ranked_features_gas-N2_keep-N2_post-prestimulus,median,777,val,0.7796610169491526,0.7795977011494253
aggregated_ranked_features_gas-N2_keep-N2_post-prestimulus,median,777,test,0.8181818181818182,0.8147368421052632
aggregated_ranked_features_gas-N2_keep-N2_post-prestimulus,median,778,train,1.0,1.0
aggregated_ranked_features_gas-N2_keep-N2_post-prestimulus,median,778,val,0.7796610169491526,0.7795977011494253
aggregated_ranked_features_gas-N2_keep-N2_post-prestimulus,median,778,test,0.8181818181818182,0.8147368421052632
aggregated_ranked_features_gas-N2_keep-N2_post-prestimulus,median,779,train,1.0,1.0
aggregated_ranked_features_gas-N2_keep-N2_post-prestimulus,median,779,val,0.7796610169491526,0.7795977011494253
aggregated_ranked_features_gas-N2_keep-N2_post-prestimulus,median,779,test,0.8181818181818182,0.8147368421052632
aggregated_ranked_features_gas-N2_keep-N2_post-prestimulus,median,780,train,1.0,1.0
aggregated_ranked_features_gas-N2_keep-N2_post-prestimulus,median,780,val,0.7796610169491526,0.7795977011494253
aggregated_ranked_features_gas-N2_keep-N2_post-prestimulus,median,780,test,0.8181818181818182,0.8147368421052632
aggregated_ranked_features_gas-N2_keep-N2_post-prestimulus,median,781,train,1.0,1.0
aggregated_ranked_features_gas-N2_keep-N2_post-prestimulus,median,781,val,0.7796610169491526,0.7795977011494253
aggregated_ranked_features_gas-N2_keep-N2_post-prestimulus,median,781,test,0.8181818181818182,0.8147368421052632
aggregated_ranked_features_gas-N2_keep-N2_post-prestimulus,median,782,train,1.0,1.0
aggregated_ranked_features_gas-N2_keep-N2_post-prestimulus,median,782,val,0.7796610169491526,0.7795977011494253
aggregated_ranked_features_gas-N2_keep-N2_post-prestimulus,median,782,test,0.8181818181818182,0.8147368421052632
aggregated_ranked_features_gas-N2_keep-N2_post-prestimulus,product,1,train,0.8422222222222222,0.8418778673555745
aggregated_ranked_features_gas-N2_keep-N2_post-prestimulus,product,1,val,0.7288135593220338,0.728735632183908
aggregated_ranked_features_gas-N2_keep-N2_post-prestimulus,product,1,test,0.7954545454545454,0.7901430842607313
aggregated_ranked_features_gas-N2_keep-N2_post-prestimulus,product,2,train,1.0,1.0
aggregated_ranked_features_gas-N2_keep-N2_post-prestimulus,product,2,val,0.635593220338983,0.6353575278476464
aggregated_ranked_features_gas-N2_keep-N2_post-prestimulus,product,2,test,0.8181818181818182,0.8147368421052632
aggregated_ranked_features_gas-N2_keep-N2_post-prestimulus,product,3,train,1.0,1.0
aggregated_ranked_features_gas-N2_keep-N2_post-prestimulus,product,3,val,0.711864406779661,0.711864406779661
aggregated_ranked_features_gas-N2_keep-N2_post-prestimulus,product,3,test,0.7727272727272727,0.7649572649572649
aggregated_ranked_features_gas-N2_keep-N2_post-prestimulus,product,4,train,1.0,1.0
aggregated_ranked_features_gas-N2_keep-N2_post-prestimulus,product,4,val,0.6864406779661016,0.6864181570063923
aggregated_ranked_features_gas-N2_keep-N2_post-prestimulus,product,4,test,0.7272727272727273,0.7053571428571428
aggregated_ranked_features_gas-N2_keep-N2_post-prestimulus,product,5,train,1.0,1.0
aggregated_ranked_features_gas-N2_keep-N2_post-prestimulus,product,5,val,0.6864406779661016,0.6864181570063923
aggregated_ranked_features_gas-N2_keep-N2_post-prestimulus,product,5,test,0.7954545454545454,0.7901430842607313
aggregated_ranked_features_gas-N2_keep-N2_post-prestimulus,product,6,train,1.0,1.0
aggregated_ranked_features_gas-N2_keep-N2_post-prestimulus,product,6,val,0.6949152542372882,0.6945642795513374
aggregated_ranked_features_gas-N2_keep-N2_post-prestimulus,product,6,test,0.8181818181818182,0.8147368421052632
aggregated_ranked_features_gas-N2_keep-N2_post-prestimulus,product,7,train,1.0,1.0
aggregated_ranked_features_gas-N2_keep-N2_post-prestimulus,product,7,val,0.6864406779661016,0.6864181570063923
aggregated_ranked_features_gas-N2_keep-N2_post-prestimulus,product,7,test,0.7954545454545454,0.7901430842607313
aggregated_ranked_features_gas-N2_keep-N2_post-prestimulus,product,8,train,1.0,1.0
aggregated_ranked_features_gas-N2_keep-N2_post-prestimulus,product,8,val,0.6949152542372882,0.6948275862068966
aggregated_ranked_features_gas-N2_keep-N2_post-prestimulus,product,8,test,0.7727272727272727,0.7684210526315789
aggregated_ranked_features_gas-N2_keep-N2_post-prestimulus,product,9,train,1.0,1.0
aggregated_ranked_features_gas-N2_keep-N2_post-prestimulus,product,9,val,0.6779661016949152,0.67713133640553
aggregated_ranked_features_gas-N2_keep-N2_post-prestimulus,product,9,test,0.7727272727272727,0.7684210526315789
aggregated_ranked_features_gas-N2_keep-N2_post-prestimulus,product,10,train,1.0,1.0
aggregated_ranked_features_gas-N2_keep-N2_post-prestimulus,product,10,val,0.6949152542372882,0.6941244239631337
aggregated_ranked_features_gas-N2_keep-N2_post-prestimulus,product,10,test,0.7954545454545454,0.792778649921507
aggregated_ranked_features_gas-N2_keep-N2_post-prestimulus,product,11,train,1.0,1.0
aggregated_ranked_features_gas-N2_keep-N2_post-prestimulus,product,11,val,0.7203389830508474,0.7201581027667985
aggregated_ranked_features_gas-N2_keep-N2_post-prestimulus,product,11,test,0.7727272727272727,0.7684210526315789
aggregated_ranked_features_gas-N2_keep-N2_post-prestimulus,product,12,train,1.0,1.0
aggregated_ranked_features_gas-N2_keep-N2_post-prestimulus,product,12,val,0.7033898305084746,0.7031979877829679
aggregated_ranked_features_gas-N2_keep-N2_post-prestimulus,product,12,test,0.75,0.7435082140964494
aggregated_ranked_features_gas-N2_keep-N2_post-prestimulus,product,13,train,1.0,1.0
aggregated_ranked_features_gas-N2_keep-N2_post-prestimulus,product,13,val,0.711864406779661,0.7115329306873741
aggregated_ranked_features_gas-N2_keep-N2_post-prestimulus,product,13,test,0.7727272727272727,0.7684210526315789
aggregated_ranked_features_gas-N2_keep-N2_post-prestimulus,product,14,train,1.0,1.0
aggregated_ranked_features_gas-N2_keep-N2_post-prestimulus,product,14,val,0.6779661016949152,0.6775956284153005
aggregated_ranked_features_gas-N2_keep-N2_post-prestimulus,product,14,test,0.7727272727272727,0.7684210526315789
aggregated_ranked_features_gas-N2_keep-N2_post-prestimulus,product,15,train,1.0,1.0
aggregated_ranked_features_gas-N2_keep-N2_post-prestimulus,product,15,val,0.6779661016949152,0.6775956284153005
aggregated_ranked_features_gas-N2_keep-N2_post-prestimulus,product,15,test,0.7727272727272727,0.7684210526315789
aggregated_ranked_features_gas-N2_keep-N2_post-prestimulus,product,16,train,1.0,1.0
aggregated_ranked_features_gas-N2_keep-N2_post-prestimulus,product,16,val,0.7033898305084746,0.7028563205986043
aggregated_ranked_features_gas-N2_keep-N2_post-prestimulus,product,16,test,0.7954545454545454,0.792778649921507
aggregated_ranked_features_gas-N2_keep-N2_post-prestimulus,product,17,train,1.0,1.0
aggregated_ranked_features_gas-N2_keep-N2_post-prestimulus,product,17,val,0.7288135593220338,0.728735632183908
aggregated_ranked_features_gas-N2_keep-N2_post-prestimulus,product,17,test,0.8181818181818182,0.8147368421052632
aggregated_ranked_features_gas-N2_keep-N2_post-prestimulus,product,18,train,1.0,1.0
aggregated_ranked_features_gas-N2_keep-N2_post-prestimulus,product,18,val,0.711864406779661,0.7115329306873741
aggregated_ranked_features_gas-N2_keep-N2_post-prestimulus,product,18,test,0.7727272727272727,0.7684210526315789
aggregated_ranked_features_gas-N2_keep-N2_post-prestimulus,product,19,train,1.0,1.0
aggregated_ranked_features_gas-N2_keep-N2_post-prestimulus,product,19,val,0.711864406779661,0.7115329306873741
aggregated_ranked_features_gas-N2_keep-N2_post-prestimulus,product,19,test,0.7727272727272727,0.7684210526315789
aggregated_ranked_features_gas-N2_keep-N2_post-prestimulus,product,20,train,1.0,1.0
aggregated_ranked_features_gas-N2_keep-N2_post-prestimulus,product,20,val,0.711864406779661,0.7115329306873741
aggregated_ranked_features_gas-N2_keep-N2_post-prestimulus,product,20,test,0.7727272727272727,0.7684210526315789
aggregated_ranked_features_gas-N2_keep-N2_post-prestimulus,product,21,train,1.0,1.0
aggregated_ranked_features_gas-N2_keep-N2_post-prestimulus,product,21,val,0.6610169491525424,0.6609195402298851
aggregated_ranked_features_gas-N2_keep-N2_post-prestimulus,product,21,test,0.7954545454545454,0.7901430842607313
aggregated_ranked_features_gas-N2_keep-N2_post-prestimulus,product,22,train,1.0,1.0
aggregated_ranked_features_gas-N2_keep-N2_post-prestimulus,product,22,val,0.6949152542372882,0.6945642795513374
aggregated_ranked_features_gas-N2_keep-N2_post-prestimulus,product,22,test,0.7272727272727273,0.717948717948718
aggregated_ranked_features_gas-N2_keep-N2_post-prestimulus,product,23,train,1.0,1.0
aggregated_ranked_features_gas-N2_keep-N2_post-prestimulus,product,23,val,0.6949152542372882,0.6945642795513374
aggregated_ranked_features_gas-N2_keep-N2_post-prestimulus,product,23,test,0.7272727272727273,0.717948717948718
aggregated_ranked_features_gas-N2_keep-N2_post-prestimulus,product,24,train,1.0,1.0
aggregated_ranked_features_gas-N2_keep-N2_post-prestimulus,product,24,val,0.7033898305084746,0.7031979877829679
aggregated_ranked_features_gas-N2_keep-N2_post-prestimulus,product,24,test,0.7272727272727273,0.717948717948718
aggregated_ranked_features_gas-N2_keep-N2_post-prestimulus,product,25,train,1.0,1.0
aggregated_ranked_features_gas-N2_keep-N2_post-prestimulus,product,25,val,0.7457627118644068,0.7456896551724138
aggregated_ranked_features_gas-N2_keep-N2_post-prestimulus,product,25,test,0.75,0.7467294610151753
aggregated_ranked_features_gas-N2_keep-N2_post-prestimulus,product,26,train,1.0,1.0
aggregated_ranked_features_gas-N2_keep-N2_post-prestimulus,product,26,val,0.7457627118644068,0.7456896551724138
aggregated_ranked_features_gas-N2_keep-N2_post-prestimulus,product,26,test,0.75,0.7467294610151753
aggregated_ranked_features_gas-N2_keep-N2_post-prestimulus,product,27,train,1.0,1.0
aggregated_ranked_features_gas-N2_keep-N2_post-prestimulus,product,27,val,0.7457627118644068,0.7456896551724138
aggregated_ranked_features_gas-N2_keep-N2_post-prestimulus,product,27,test,0.75,0.7467294610151753
aggregated_ranked_features_gas-N2_keep-N2_post-prestimulus,product,28,train,1.0,1.0
aggregated_ranked_features_gas-N2_keep-N2_post-prestimulus,product,28,val,0.7457627118644068,0.7456896551724138
aggregated_ranked_features_gas-N2_keep-N2_post-prestimulus,product,28,test,0.75,0.7467294610151753
aggregated_ranked_features_gas-N2_keep-N2_post-prestimulus,product,29,train,1.0,1.0
aggregated_ranked_features_gas-N2_keep-N2_post-prestimulus,product,29,val,0.7033898305084746,0.7028563205986043
aggregated_ranked_features_gas-N2_keep-N2_post-prestimulus,product,29,test,0.75,0.7467294610151753
aggregated_ranked_features_gas-N2_keep-N2_post-prestimulus,product,30,train,1.0,1.0
aggregated_ranked_features_gas-N2_keep-N2_post-prestimulus,product,30,val,0.7033898305084746,0.7028563205986043
aggregated_ranked_features_gas-N2_keep-N2_post-prestimulus,product,30,test,0.75,0.7467294610151753
aggregated_ranked_features_gas-N2_keep-N2_post-prestimulus,product,31,train,1.0,1.0
aggregated_ranked_features_gas-N2_keep-N2_post-prestimulus,product,31,val,0.7372881355932204,0.736815598244478
aggregated_ranked_features_gas-N2_keep-N2_post-prestimulus,product,31,test,0.7727272727272727,0.7708333333333333
aggregated_ranked_features_gas-N2_keep-N2_post-prestimulus,product,32,train,1.0,1.0
aggregated_ranked_features_gas-N2_keep-N2_post-prestimulus,product,32,val,0.7372881355932204,0.7371182177506288
aggregated_ranked_features_gas-N2_keep-N2_post-prestimulus,product,32,test,0.75,0.7467294610151753
aggregated_ranked_features_gas-N2_keep-N2_post-prestimulus,product,33,train,1.0,1.0
aggregated_ranked_features_gas-N2_keep-N2_post-prestimulus,product,33,val,0.711864406779661,0.7111175115207373
aggregated_ranked_features_gas-N2_keep-N2_post-prestimulus,product,33,test,0.7727272727272727,0.7708333333333333
aggregated_ranked_features_gas-N2_keep-N2_post-prestimulus,product,34,train,1.0,1.0
aggregated_ranked_features_gas-N2_keep-N2_post-prestimulus,product,34,val,0.711864406779661,0.7111175115207373
aggregated_ranked_features_gas-N2_keep-N2_post-prestimulus,product,34,test,0.7727272727272727,0.7708333333333333
aggregated_ranked_features_gas-N2_keep-N2_post-prestimulus,product,35,train,1.0,1.0
aggregated_ranked_features_gas-N2_keep-N2_post-prestimulus,product,35,val,0.711864406779661,0.7111175115207373
aggregated_ranked_features_gas-N2_keep-N2_post-prestimulus,product,35,test,0.7727272727272727,0.7708333333333333
aggregated_ranked_features_gas-N2_keep-N2_post-prestimulus,product,36,train,1.0,1.0
aggregated_ranked_features_gas-N2_keep-N2_post-prestimulus,product,36,val,0.6864406779661016,0.6858766817756674
aggregated_ranked_features_gas-N2_keep-N2_post-prestimulus,product,36,test,0.8181818181818182,0.8178053830227743
aggregated_ranked_features_gas-N2_keep-N2_post-prestimulus,product,37,train,1.0,1.0
aggregated_ranked_features_gas-N2_keep-N2_post-prestimulus,product,37,val,0.6864406779661016,0.6858766817756674
aggregated_ranked_features_gas-N2_keep-N2_post-prestimulus,product,37,test,0.8181818181818182,0.8178053830227743
aggregated_ranked_features_gas-N2_keep-N2_post-prestimulus,product,38,train,1.0,1.0
aggregated_ranked_features_gas-N2_keep-N2_post-prestimulus,product,38,val,0.6949152542372882,0.6941244239631337
aggregated_ranked_features_gas-N2_keep-N2_post-prestimulus,product,38,test,0.8181818181818182,0.8178053830227743
aggregated_ranked_features_gas-N2_keep-N2_post-prestimulus,product,39,train,1.0,1.0
aggregated_ranked_features_gas-N2_keep-N2_post-prestimulus,product,39,val,0.6949152542372882,0.6941244239631337
aggregated_ranked_features_gas-N2_keep-N2_post-prestimulus,product,39,test,0.8181818181818182,0.8178053830227743
aggregated_ranked_features_gas-N2_keep-N2_post-prestimulus,product,40,train,1.0,1.0
aggregated_ranked_features_gas-N2_keep-N2_post-prestimulus,product,40,val,0.6949152542372882,0.6941244239631337
aggregated_ranked_features_gas-N2_keep-N2_post-prestimulus,product,40,test,0.8181818181818182,0.8178053830227743
aggregated_ranked_features_gas-N2_keep-N2_post-prestimulus,product,41,train,1.0,1.0
aggregated_ranked_features_gas-N2_keep-N2_post-prestimulus,product,41,val,0.6949152542372882,0.6941244239631337
aggregated_ranked_features_gas-N2_keep-N2_post-prestimulus,product,41,test,0.8181818181818182,0.8178053830227743
aggregated_ranked_features_gas-N2_keep-N2_post-prestimulus,product,42,train,1.0,1.0
aggregated_ranked_features_gas-N2_keep-N2_post-prestimulus,product,42,val,0.6949152542372882,0.6941244239631337
aggregated_ranked_features_gas-N2_keep-N2_post-prestimulus,product,42,test,0.8181818181818182,0.8178053830227743
aggregated_ranked_features_gas-N2_keep-N2_post-prestimulus,product,43,train,1.0,1.0
aggregated_ranked_features_gas-N2_keep-N2_post-prestimulus,product,43,val,0.6949152542372882,0.6941244239631337
aggregated_ranked_features_gas-N2_keep-N2_post-prestimulus,product,43,test,0.8181818181818182,0.8178053830227743
aggregated_ranked_features_gas-N2_keep-N2_post-prestimulus,product,44,train,1.0,1.0
aggregated_ranked_features_gas-N2_keep-N2_post-prestimulus,product,44,val,0.6949152542372882,0.6941244239631337
aggregated_ranked_features_gas-N2_keep-N2_post-prestimulus,product,44,test,0.8181818181818182,0.8178053830227743
aggregated_ranked_features_gas-N2_keep-N2_post-prestimulus,product,45,train,1.0,1.0
aggregated_ranked_features_gas-N2_keep-N2_post-prestimulus,product,45,val,0.6949152542372882,0.6941244239631337
aggregated_ranked_features_gas-N2_keep-N2_post-prestimulus,product,45,test,0.8181818181818182,0.8178053830227743
aggregated_ranked_features_gas-N2_keep-N2_post-prestimulus,product,46,train,1.0,1.0
aggregated_ranked_features_gas-N2_keep-N2_post-prestimulus,product,46,val,0.6949152542372882,0.6941244239631337
aggregated_ranked_features_gas-N2_keep-N2_post-prestimulus,product,46,test,0.8181818181818182,0.8178053830227743
aggregated_ranked_features_gas-N2_keep-N2_post-prestimulus,product,47,train,1.0,1.0
aggregated_ranked_features_gas-N2_keep-N2_post-prestimulus,product,47,val,0.6949152542372882,0.6941244239631337
aggregated_ranked_features_gas-N2_keep-N2_post-prestimulus,product,47,test,0.8181818181818182,0.8178053830227743
aggregated_ranked_features_gas-N2_keep-N2_post-prestimulus,product,48,train,1.0,1.0
aggregated_ranked_features_gas-N2_keep-N2_post-prestimulus,product,48,val,0.6949152542372882,0.6941244239631337
aggregated_ranked_features_gas-N2_keep-N2_post-prestimulus,product,48,test,0.8181818181818182,0.8178053830227743
aggregated_ranked_features_gas-N2_keep-N2_post-prestimulus,product,49,train,1.0,1.0
aggregated_ranked_features_gas-N2_keep-N2_post-prestimulus,product,49,val,0.6949152542372882,0.6941244239631337
aggregated_ranked_features_gas-N2_keep-N2_post-prestimulus,product,49,test,0.8181818181818182,0.8178053830227743
aggregated_ranked_features_gas-N2_keep-N2_post-prestimulus,product,50,train,1.0,1.0
aggregated_ranked_features_gas-N2_keep-N2_post-prestimulus,product,50,val,0.711864406779661,0.7117816091954023
aggregated_ranked_features_gas-N2_keep-N2_post-prestimulus,product,50,test,0.7272727272727273,0.725
aggregated_ranked_features_gas-N2_keep-N2_post-prestimulus,product,51,train,1.0,1.0
aggregated_ranked_features_gas-N2_keep-N2_post-prestimulus,product,51,val,0.711864406779661,0.7117816091954023
aggregated_ranked_features_gas-N2_keep-N2_post-prestimulus,product,51,test,0.7272727272727273,0.725
aggregated_ranked_features_gas-N2_keep-N2_post-prestimulus,product,52,train,1.0,1.0
aggregated_ranked_features_gas-N2_keep-N2_post-prestimulus,product,52,val,0.711864406779661,0.7117816091954023
aggregated_ranked_features_gas-N2_keep-N2_post-prestimulus,product,52,test,0.7272727272727273,0.725
aggregated_ranked_features_gas-N2_keep-N2_post-prestimulus,product,53,train,1.0,1.0
aggregated_ranked_features_gas-N2_keep-N2_post-prestimulus,product,53,val,0.711864406779661,0.7117816091954023
aggregated_ranked_features_gas-N2_keep-N2_post-prestimulus,product,53,test,0.7272727272727273,0.725
aggregated_ranked_features_gas-N2_keep-N2_post-prestimulus,product,54,train,1.0,1.0
aggregated_ranked_features_gas-N2_keep-N2_post-prestimulus,product,54,val,0.711864406779661,0.7117816091954023
aggregated_ranked_features_gas-N2_keep-N2_post-prestimulus,product,54,test,0.7272727272727273,0.725
aggregated_ranked_features_gas-N2_keep-N2_post-prestimulus,product,55,train,1.0,1.0
aggregated_ranked_features_gas-N2_keep-N2_post-prestimulus,product,55,val,0.711864406779661,0.7117816091954023
aggregated_ranked_features_gas-N2_keep-N2_post-prestimulus,product,55,test,0.7272727272727273,0.725
aggregated_ranked_features_gas-N2_keep-N2_post-prestimulus,product,56,train,1.0,1.0
aggregated_ranked_features_gas-N2_keep-N2_post-prestimulus,product,56,val,0.711864406779661,0.7117816091954023
aggregated_ranked_features_gas-N2_keep-N2_post-prestimulus,product,56,test,0.7272727272727273,0.725
aggregated_ranked_features_gas-N2_keep-N2_post-prestimulus,product,57,train,1.0,1.0
aggregated_ranked_features_gas-N2_keep-N2_post-prestimulus,product,57,val,0.711864406779661,0.7117816091954023
aggregated_ranked_features_gas-N2_keep-N2_post-prestimulus,product,57,test,0.7272727272727273,0.725
aggregated_ranked_features_gas-N2_keep-N2_post-prestimulus,product,58,train,1.0,1.0
aggregated_ranked_features_gas-N2_keep-N2_post-prestimulus,product,58,val,0.711864406779661,0.7117816091954023
aggregated_ranked_features_gas-N2_keep-N2_post-prestimulus,product,58,test,0.7272727272727273,0.725
aggregated_ranked_features_gas-N2_keep-N2_post-prestimulus,product,59,train,1.0,1.0
aggregated_ranked_features_gas-N2_keep-N2_post-prestimulus,product,59,val,0.711864406779661,0.7117816091954023
aggregated_ranked_features_gas-N2_keep-N2_post-prestimulus,product,59,test,0.7272727272727273,0.725
aggregated_ranked_features_gas-N2_keep-N2_post-prestimulus,product,60,train,1.0,1.0
aggregated_ranked_features_gas-N2_keep-N2_post-prestimulus,product,60,val,0.711864406779661,0.7117816091954023
aggregated_ranked_features_gas-N2_keep-N2_post-prestimulus,product,60,test,0.7272727272727273,0.725
aggregated_ranked_features_gas-N2_keep-N2_post-prestimulus,product,61,train,1.0,1.0
aggregated_ranked_features_gas-N2_keep-N2_post-prestimulus,product,61,val,0.711864406779661,0.7117816091954023
aggregated_ranked_features_gas-N2_keep-N2_post-prestimulus,product,61,test,0.7272727272727273,0.725
aggregated_ranked_features_gas-N2_keep-N2_post-prestimulus,product,62,train,1.0,1.0
aggregated_ranked_features_gas-N2_keep-N2_post-prestimulus,product,62,val,0.711864406779661,0.7117816091954023
aggregated_ranked_features_gas-N2_keep-N2_post-prestimulus,product,62,test,0.7272727272727273,0.725
aggregated_ranked_features_gas-N2_keep-N2_post-prestimulus,product,63,train,1.0,1.0
aggregated_ranked_features_gas-N2_keep-N2_post-prestimulus,product,63,val,0.711864406779661,0.7117816091954023
aggregated_ranked_features_gas-N2_keep-N2_post-prestimulus,product,63,test,0.7272727272727273,0.725
aggregated_ranked_features_gas-N2_keep-N2_post-prestimulus,product,64,train,1.0,1.0
aggregated_ranked_features_gas-N2_keep-N2_post-prestimulus,product,64,val,0.711864406779661,0.7117816091954023
aggregated_ranked_features_gas-N2_keep-N2_post-prestimulus,product,64,test,0.7272727272727273,0.725
aggregated_ranked_features_gas-N2_keep-N2_post-prestimulus,product,65,train,1.0,1.0
aggregated_ranked_features_gas-N2_keep-N2_post-prestimulus,product,65,val,0.711864406779661,0.7117816091954023
aggregated_ranked_features_gas-N2_keep-N2_post-prestimulus,product,65,test,0.7272727272727273,0.725
aggregated_ranked_features_gas-N2_keep-N2_post-prestimulus,product,66,train,1.0,1.0
aggregated_ranked_features_gas-N2_keep-N2_post-prestimulus,product,66,val,0.711864406779661,0.7117816091954023
aggregated_ranked_features_gas-N2_keep-N2_post-prestimulus,product,66,test,0.7272727272727273,0.725
aggregated_ranked_features_gas-N2_keep-N2_post-prestimulus,product,67,train,1.0,1.0
aggregated_ranked_features_gas-N2_keep-N2_post-prestimulus,product,67,val,0.7033898305084746,0.7028563205986043
aggregated_ranked_features_gas-N2_keep-N2_post-prestimulus,product,67,test,0.75,0.7467294610151753
aggregated_ranked_features_gas-N2_keep-N2_post-prestimulus,product,68,train,1.0,1.0
aggregated_ranked_features_gas-N2_keep-N2_post-prestimulus,product,68,val,0.7033898305084746,0.7023423423423423
aggregated_ranked_features_gas-N2_keep-N2_post-prestimulus,product,68,test,0.7727272727272727,0.7684210526315789
aggregated_ranked_features_gas-N2_keep-N2_post-prestimulus,product,69,train,1.0,1.0
aggregated_ranked_features_gas-N2_keep-N2_post-prestimulus,product,69,val,0.6949152542372882,0.6935064935064935
aggregated_ranked_features_gas-N2_keep-N2_post-prestimulus,product,69,test,0.8181818181818182,0.8166666666666667
aggregated_ranked_features_gas-N2_keep-N2_post-prestimulus,product,70,train,1.0,1.0
aggregated_ranked_features_gas-N2_keep-N2_post-prestimulus,product,70,val,0.6949152542372882,0.6948275862068966
aggregated_ranked_features_gas-N2_keep-N2_post-prestimulus,product,70,test,0.7954545454545454,0.792778649921507
aggregated_ranked_features_gas-N2_keep-N2_post-prestimulus,product,71,train,1.0,1.0
aggregated_ranked_features_gas-N2_keep-N2_post-prestimulus,product,71,val,0.7372881355932204,0.736815598244478
aggregated_ranked_features_gas-N2_keep-N2_post-prestimulus,product,71,test,0.7727272727272727,0.7708333333333333
aggregated_ranked_features_gas-N2_keep-N2_post-prestimulus,product,72,train,1.0,1.0
aggregated_ranked_features_gas-N2_keep-N2_post-prestimulus,product,72,val,0.7372881355932204,0.7371182177506288
aggregated_ranked_features_gas-N2_keep-N2_post-prestimulus,product,72,test,0.7272727272727273,0.717948717948718
aggregated_ranked_features_gas-N2_keep-N2_post-prestimulus,product,73,train,1.0,1.0
aggregated_ranked_features_gas-N2_keep-N2_post-prestimulus,product,73,val,0.7372881355932204,0.7371182177506288
aggregated_ranked_features_gas-N2_keep-N2_post-prestimulus,product,73,test,0.7727272727272727,0.7684210526315789
aggregated_ranked_features_gas-N2_keep-N2_post-prestimulus,product,74,train,1.0,1.0
aggregated_ranked_features_gas-N2_keep-N2_post-prestimulus,product,74,val,0.711864406779661,0.711864406779661
aggregated_ranked_features_gas-N2_keep-N2_post-prestimulus,product,74,test,0.7045454545454546,0.691644204851752
aggregated_ranked_features_gas-N2_keep-N2_post-prestimulus,product,75,train,1.0,1.0
aggregated_ranked_features_gas-N2_keep-N2_post-prestimulus,product,75,val,0.711864406779661,0.7115329306873741
aggregated_ranked_features_gas-N2_keep-N2_post-prestimulus,product,75,test,0.7727272727272727,0.7684210526315789
aggregated_ranked_features_gas-N2_keep-N2_post-prestimulus,product,76,train,1.0,1.0
aggregated_ranked_features_gas-N2_keep-N2_post-prestimulus,product,76,val,0.7457627118644068,0.7454702329594478
aggregated_ranked_features_gas-N2_keep-N2_post-prestimulus,product,76,test,0.75,0.7467294610151753
aggregated_ranked_features_gas-N2_keep-N2_post-prestimulus,product,77,train,1.0,1.0
aggregated_ranked_features_gas-N2_keep-N2_post-prestimulus,product,77,val,0.7457627118644068,0.7454702329594478
aggregated_ranked_features_gas-N2_keep-N2_post-prestimulus,product,77,test,0.75,0.7435082140964494
aggregated_ranked_features_gas-N2_keep-N2_post-prestimulus,product,78,train,1.0,1.0
aggregated_ranked_features_gas-N2_keep-N2_post-prestimulus,product,78,val,0.7372881355932204,0.736815598244478
aggregated_ranked_features_gas-N2_keep-N2_post-prestimulus,product,78,test,0.7272727272727273,0.717948717948718
aggregated_ranked_features_gas-N2_keep-N2_post-prestimulus,product,79,train,1.0,1.0
aggregated_ranked_features_gas-N2_keep-N2_post-prestimulus,product,79,val,0.7372881355932204,0.7371182177506288
aggregated_ranked_features_gas-N2_keep-N2_post-prestimulus,product,79,test,0.7272727272727273,0.717948717948718
aggregated_ranked_features_gas-N2_keep-N2_post-prestimulus,product,80,train,1.0,1.0
aggregated_ranked_features_gas-N2_keep-N2_post-prestimulus,product,80,val,0.7372881355932204,0.736815598244478
aggregated_ranked_features_gas-N2_keep-N2_post-prestimulus,product,80,test,0.7727272727272727,0.7684210526315789
aggregated_ranked_features_gas-N2_keep-N2_post-prestimulus,product,81,train,1.0,1.0
aggregated_ranked_features_gas-N2_keep-N2_post-prestimulus,product,81,val,0.7372881355932204,0.7372692666810314
aggregated_ranked_features_gas-N2_keep-N2_post-prestimulus,product,81,test,0.7272727272727273,0.717948717948718
aggregated_ranked_features_gas-N2_keep-N2_post-prestimulus,product,82,train,1.0,1.0
aggregated_ranked_features_gas-N2_keep-N2_post-prestimulus,product,82,val,0.7372881355932204,0.7372692666810314
aggregated_ranked_features_gas-N2_keep-N2_post-prestimulus,product,82,test,0.75,0.7435082140964494
aggregated_ranked_features_gas-N2_keep-N2_post-prestimulus,product,83,train,1.0,1.0
aggregated_ranked_features_gas-N2_keep-N2_post-prestimulus,product,83,val,0.7372881355932204,0.7372692666810314
aggregated_ranked_features_gas-N2_keep-N2_post-prestimulus,product,83,test,0.75,0.7435082140964494
aggregated_ranked_features_gas-N2_keep-N2_post-prestimulus,product,84,train,1.0,1.0
aggregated_ranked_features_gas-N2_keep-N2_post-prestimulus,product,84,val,0.7627118644067796,0.7624388840954845
aggregated_ranked_features_gas-N2_keep-N2_post-prestimulus,product,84,test,0.7272727272727273,0.717948717948718
aggregated_ranked_features_gas-N2_keep-N2_post-prestimulus,product,85,train,1.0,1.0
aggregated_ranked_features_gas-N2_keep-N2_post-prestimulus,product,85,val,0.7372881355932204,0.736815598244478
aggregated_ranked_features_gas-N2_keep-N2_post-prestimulus,product,85,test,0.7045454545454546,0.691644204851752
aggregated_ranked_features_gas-N2_keep-N2_post-prestimulus,product,86,train,1.0,1.0
aggregated_ranked_features_gas-N2_keep-N2_post-prestimulus,product,86,val,0.7372881355932204,0.736815598244478
aggregated_ranked_features_gas-N2_keep-N2_post-prestimulus,product,86,test,0.7045454545454546,0.691644204851752
aggregated_ranked_features_gas-N2_keep-N2_post-prestimulus,product,87,train,1.0,1.0
aggregated_ranked_features_gas-N2_keep-N2_post-prestimulus,product,87,val,0.7288135593220338,0.7285015818234111
aggregated_ranked_features_gas-N2_keep-N2_post-prestimulus,product,87,test,0.7045454545454546,0.691644204851752
aggregated_ranked_features_gas-N2_keep-N2_post-prestimulus,product,88,train,1.0,1.0
aggregated_ranked_features_gas-N2_keep-N2_post-prestimulus,product,88,val,0.7288135593220338,0.7285015818234111
aggregated_ranked_features_gas-N2_keep-N2_post-prestimulus,product,88,test,0.7045454545454546,0.691644204851752
aggregated_ranked_features_gas-N2_keep-N2_post-prestimulus,product,89,train,1.0,1.0
aggregated_ranked_features_gas-N2_keep-N2_post-prestimulus,product,89,val,0.7542372881355932,0.7542196365725777
aggregated_ranked_features_gas-N2_keep-N2_post-prestimulus,product,89,test,0.75,0.7435082140964494
aggregated_ranked_features_gas-N2_keep-N2_post-prestimulus,product,90,train,1.0,1.0
aggregated_ranked_features_gas-N2_keep-N2_post-prestimulus,product,90,val,0.7627118644067796,0.7624388840954845
aggregated_ranked_features_gas-N2_keep-N2_post-prestimulus,product,90,test,0.75,0.7435082140964494
aggregated_ranked_features_gas-N2_keep-N2_post-prestimulus,product,91,train,1.0,1.0
aggregated_ranked_features_gas-N2_keep-N2_post-prestimulus,product,91,val,0.7457627118644068,0.7454702329594478
aggregated_ranked_features_gas-N2_keep-N2_post-prestimulus,product,91,test,0.7045454545454546,0.691644204851752
aggregated_ranked_features_gas-N2_keep-N2_post-prestimulus,product,92,train,1.0,1.0
aggregated_ranked_features_gas-N2_keep-N2_post-prestimulus,product,92,val,0.7457627118644068,0.7454702329594478
aggregated_ranked_features_gas-N2_keep-N2_post-prestimulus,product,92,test,0.7045454545454546,0.691644204851752
aggregated_ranked_features_gas-N2_keep-N2_post-prestimulus,product,93,train,1.0,1.0
aggregated_ranked_features_gas-N2_keep-N2_post-prestimulus,product,93,val,0.7542372881355932,0.7542196365725777
aggregated_ranked_features_gas-N2_keep-N2_post-prestimulus,product,93,test,0.7727272727272727,0.7684210526315789
aggregated_ranked_features_gas-N2_keep-N2_post-prestimulus,product,94,train,1.0,1.0
aggregated_ranked_features_gas-N2_keep-N2_post-prestimulus,product,94,val,0.7542372881355932,0.7540783327344592
aggregated_ranked_features_gas-N2_keep-N2_post-prestimulus,product,94,test,0.7272727272727273,0.717948717948718
aggregated_ranked_features_gas-N2_keep-N2_post-prestimulus,product,95,train,1.0,1.0
aggregated_ranked_features_gas-N2_keep-N2_post-prestimulus,product,95,val,0.788135593220339,0.7881203763556704
aggregated_ranked_features_gas-N2_keep-N2_post-prestimulus,product,95,test,0.7272727272727273,0.717948717948718
aggregated_ranked_features_gas-N2_keep-N2_post-prestimulus,product,96,train,1.0,1.0
aggregated_ranked_features_gas-N2_keep-N2_post-prestimulus,product,96,val,0.7966101694915254,0.7963761863675582
aggregated_ranked_features_gas-N2_keep-N2_post-prestimulus,product,96,test,0.75,0.7435082140964494
aggregated_ranked_features_gas-N2_keep-N2_post-prestimulus,product,97,train,1.0,1.0
aggregated_ranked_features_gas-N2_keep-N2_post-prestimulus,product,97,val,0.7711864406779662,0.7711700064641241
aggregated_ranked_features_gas-N2_keep-N2_post-prestimulus,product,97,test,0.75,0.7435082140964494
aggregated_ranked_features_gas-N2_keep-N2_post-prestimulus,product,98,train,1.0,1.0
aggregated_ranked_features_gas-N2_keep-N2_post-prestimulus,product,98,val,0.7542372881355932,0.753795237067415
aggregated_ranked_features_gas-N2_keep-N2_post-prestimulus,product,98,test,0.7272727272727273,0.717948717948718
aggregated_ranked_features_gas-N2_keep-N2_post-prestimulus,product,99,train,1.0,1.0
aggregated_ranked_features_gas-N2_keep-N2_post-prestimulus,product,99,val,0.7457627118644068,0.7454702329594478
aggregated_ranked_features_gas-N2_keep-N2_post-prestimulus,product,99,test,0.75,0.7435082140964494
aggregated_ranked_features_gas-N2_keep-N2_post-prestimulus,product,100,train,1.0,1.0
aggregated_ranked_features_gas-N2_keep-N2_post-prestimulus,product,100,val,0.788135593220339,0.7881203763556704
aggregated_ranked_features_gas-N2_keep-N2_post-prestimulus,product,100,test,0.75,0.7435082140964494
aggregated_ranked_features_gas-N2_keep-N2_post-prestimulus,product,101,train,1.0,1.0
aggregated_ranked_features_gas-N2_keep-N2_post-prestimulus,product,101,val,0.7966101694915254,0.7965517241379311
aggregated_ranked_features_gas-N2_keep-N2_post-prestimulus,product,101,test,0.7727272727272727,0.7684210526315789
aggregated_ranked_features_gas-N2_keep-N2_post-prestimulus,product,102,train,1.0,1.0
aggregated_ranked_features_gas-N2_keep-N2_post-prestimulus,product,102,val,0.788135593220339,0.7881203763556704
aggregated_ranked_features_gas-N2_keep-N2_post-prestimulus,product,102,test,0.75,0.7435082140964494
aggregated_ranked_features_gas-N2_keep-N2_post-prestimulus,product,103,train,1.0,1.0
aggregated_ranked_features_gas-N2_keep-N2_post-prestimulus,product,103,val,0.7796610169491526,0.7794075352315214
aggregated_ranked_features_gas-N2_keep-N2_post-prestimulus,product,103,test,0.75,0.7435082140964494
aggregated_ranked_features_gas-N2_keep-N2_post-prestimulus,product,104,train,1.0,1.0
aggregated_ranked_features_gas-N2_keep-N2_post-prestimulus,product,104,val,0.7627118644067796,0.7626436781609196
aggregated_ranked_features_gas-N2_keep-N2_post-prestimulus,product,104,test,0.7727272727272727,0.7684210526315789
aggregated_ranked_features_gas-N2_keep-N2_post-prestimulus,product,105,train,1.0,1.0
aggregated_ranked_features_gas-N2_keep-N2_post-prestimulus,product,105,val,0.7966101694915254,0.7960829493087558
aggregated_ranked_features_gas-N2_keep-N2_post-prestimulus,product,105,test,0.7272727272727273,0.717948717948718
aggregated_ranked_features_gas-N2_keep-N2_post-prestimulus,product,106,train,1.0,1.0
aggregated_ranked_features_gas-N2_keep-N2_post-prestimulus,product,106,val,0.8305084745762712,0.8305084745762712
aggregated_ranked_features_gas-N2_keep-N2_post-prestimulus,product,106,test,0.7727272727272727,0.7684210526315789
aggregated_ranked_features_gas-N2_keep-N2_post-prestimulus,product,107,train,1.0,1.0
aggregated_ranked_features_gas-N2_keep-N2_post-prestimulus,product,107,val,0.788135593220339,0.7881203763556704
aggregated_ranked_features_gas-N2_keep-N2_post-prestimulus,product,107,test,0.7727272727272727,0.7684210526315789
aggregated_ranked_features_gas-N2_keep-N2_post-prestimulus,product,108,train,1.0,1.0
aggregated_ranked_features_gas-N2_keep-N2_post-prestimulus,product,108,val,0.8050847457627118,0.8050707462472169
aggregated_ranked_features_gas-N2_keep-N2_post-prestimulus,product,108,test,0.75,0.7435082140964494
aggregated_ranked_features_gas-N2_keep-N2_post-prestimulus,product,109,train,1.0,1.0
aggregated_ranked_features_gas-N2_keep-N2_post-prestimulus,product,109,val,0.7796610169491526,0.7795977011494253
aggregated_ranked_features_gas-N2_keep-N2_post-prestimulus,product,109,test,0.7727272727272727,0.7684210526315789
aggregated_ranked_features_gas-N2_keep-N2_post-prestimulus,product,110,train,1.0,1.0
aggregated_ranked_features_gas-N2_keep-N2_post-prestimulus,product,110,val,0.7966101694915254,0.7963761863675582
aggregated_ranked_features_gas-N2_keep-N2_post-prestimulus,product,110,test,0.7045454545454546,0.691644204851752
aggregated_ranked_features_gas-N2_keep-N2_post-prestimulus,product,111,train,1.0,1.0
aggregated_ranked_features_gas-N2_keep-N2_post-prestimulus,product,111,val,0.7966101694915254,0.7965517241379311
aggregated_ranked_features_gas-N2_keep-N2_post-prestimulus,product,111,test,0.7045454545454546,0.691644204851752
aggregated_ranked_features_gas-N2_keep-N2_post-prestimulus,product,112,train,1.0,1.0
aggregated_ranked_features_gas-N2_keep-N2_post-prestimulus,product,112,val,0.7796610169491526,0.7796610169491526
aggregated_ranked_features_gas-N2_keep-N2_post-prestimulus,product,112,test,0.75,0.7435082140964494
aggregated_ranked_features_gas-N2_keep-N2_post-prestimulus,product,113,train,1.0,1.0
aggregated_ranked_features_gas-N2_keep-N2_post-prestimulus,product,113,val,0.788135593220339,0.7881203763556704
aggregated_ranked_features_gas-N2_keep-N2_post-prestimulus,product,113,test,0.7272727272727273,0.717948717948718
aggregated_ranked_features_gas-N2_keep-N2_post-prestimulus,product,114,train,1.0,1.0
aggregated_ranked_features_gas-N2_keep-N2_post-prestimulus,product,114,val,0.7711864406779662,0.7710384477182897
aggregated_ranked_features_gas-N2_keep-N2_post-prestimulus,product,114,test,0.7272727272727273,0.717948717948718
aggregated_ranked_features_gas-N2_keep-N2_post-prestimulus,product,115,train,1.0,1.0
aggregated_ranked_features_gas-N2_keep-N2_post-prestimulus,product,115,val,0.7711864406779662,0.7711700064641241
aggregated_ranked_features_gas-N2_keep-N2_post-prestimulus,product,115,test,0.7272727272727273,0.717948717948718
aggregated_ranked_features_gas-N2_keep-N2_post-prestimulus,product,116,train,1.0,1.0
aggregated_ranked_features_gas-N2_keep-N2_post-prestimulus,product,116,val,0.7796610169491526,0.7795977011494253
aggregated_ranked_features_gas-N2_keep-N2_post-prestimulus,product,116,test,0.75,0.7435082140964494
aggregated_ranked_features_gas-N2_keep-N2_post-prestimulus,product,117,train,1.0,1.0
aggregated_ranked_features_gas-N2_keep-N2_post-prestimulus,product,117,val,0.7711864406779662,0.7711700064641241
aggregated_ranked_features_gas-N2_keep-N2_post-prestimulus,product,117,test,0.75,0.7435082140964494
aggregated_ranked_features_gas-N2_keep-N2_post-prestimulus,product,118,train,1.0,1.0
aggregated_ranked_features_gas-N2_keep-N2_post-prestimulus,product,118,val,0.7796610169491526,0.7790898617511521
aggregated_ranked_features_gas-N2_keep-N2_post-prestimulus,product,118,test,0.75,0.7435082140964494
aggregated_ranked_features_gas-N2_keep-N2_post-prestimulus,product,119,train,1.0,1.0
aggregated_ranked_features_gas-N2_keep-N2_post-prestimulus,product,119,val,0.7711864406779662,0.7710384477182897
aggregated_ranked_features_gas-N2_keep-N2_post-prestimulus,product,119,test,0.75,0.7435082140964494
aggregated_ranked_features_gas-N2_keep-N2_post-prestimulus,product,120,train,1.0,1.0
aggregated_ranked_features_gas-N2_keep-N2_post-prestimulus,product,120,val,0.7711864406779662,0.7710384477182897
aggregated_ranked_features_gas-N2_keep-N2_post-prestimulus,product,120,test,0.75,0.7435082140964494
aggregated_ranked_features_gas-N2_keep-N2_post-prestimulus,product,121,train,1.0,1.0
aggregated_ranked_features_gas-N2_keep-N2_post-prestimulus,product,121,val,0.7627118644067796,0.7620967741935484
aggregated_ranked_features_gas-N2_keep-N2_post-prestimulus,product,121,test,0.7045454545454546,0.691644204851752
aggregated_ranked_features_gas-N2_keep-N2_post-prestimulus,product,122,train,1.0,1.0
aggregated_ranked_features_gas-N2_keep-N2_post-prestimulus,product,122,val,0.7542372881355932,0.7542196365725777
aggregated_ranked_features_gas-N2_keep-N2_post-prestimulus,product,122,test,0.75,0.7435082140964494
aggregated_ranked_features_gas-N2_keep-N2_post-prestimulus,product,123,train,1.0,1.0
aggregated_ranked_features_gas-N2_keep-N2_post-prestimulus,product,123,val,0.7542372881355932,0.753795237067415
aggregated_ranked_features_gas-N2_keep-N2_post-prestimulus,product,123,test,0.7727272727272727,0.7684210526315789
aggregated_ranked_features_gas-N2_keep-N2_post-prestimulus,product,124,train,1.0,1.0
aggregated_ranked_features_gas-N2_keep-N2_post-prestimulus,product,124,val,0.7627118644067796,0.7624388840954845
aggregated_ranked_features_gas-N2_keep-N2_post-prestimulus,product,124,test,0.75,0.7435082140964494
aggregated_ranked_features_gas-N2_keep-N2_post-prestimulus,product,125,train,1.0,1.0
aggregated_ranked_features_gas-N2_keep-N2_post-prestimulus,product,125,val,0.7372881355932204,0.7371182177506288
aggregated_ranked_features_gas-N2_keep-N2_post-prestimulus,product,125,test,0.75,0.7435082140964494
aggregated_ranked_features_gas-N2_keep-N2_post-prestimulus,product,126,train,1.0,1.0
aggregated_ranked_features_gas-N2_keep-N2_post-prestimulus,product,126,val,0.7288135593220338,0.7285015818234111
aggregated_ranked_features_gas-N2_keep-N2_post-prestimulus,product,126,test,0.7272727272727273,0.717948717948718
aggregated_ranked_features_gas-N2_keep-N2_post-prestimulus,product,127,train,1.0,1.0
aggregated_ranked_features_gas-N2_keep-N2_post-prestimulus,product,127,val,0.7796610169491526,0.7795977011494253
aggregated_ranked_features_gas-N2_keep-N2_post-prestimulus,product,127,test,0.7272727272727273,0.717948717948718
aggregated_ranked_features_gas-N2_keep-N2_post-prestimulus,product,128,train,1.0,1.0
aggregated_ranked_features_gas-N2_keep-N2_post-prestimulus,product,128,val,0.7796610169491526,0.7795977011494253
aggregated_ranked_features_gas-N2_keep-N2_post-prestimulus,product,128,test,0.7272727272727273,0.717948717948718
aggregated_ranked_features_gas-N2_keep-N2_post-prestimulus,product,129,train,1.0,1.0
aggregated_ranked_features_gas-N2_keep-N2_post-prestimulus,product,129,val,0.7288135593220338,0.7285015818234111
aggregated_ranked_features_gas-N2_keep-N2_post-prestimulus,product,129,test,0.7272727272727273,0.717948717948718
aggregated_ranked_features_gas-N2_keep-N2_post-prestimulus,product,130,train,1.0,1.0
aggregated_ranked_features_gas-N2_keep-N2_post-prestimulus,product,130,val,0.7542372881355932,0.753795237067415
aggregated_ranked_features_gas-N2_keep-N2_post-prestimulus,product,130,test,0.7272727272727273,0.717948717948718
aggregated_ranked_features_gas-N2_keep-N2_post-prestimulus,product,131,train,1.0,1.0
aggregated_ranked_features_gas-N2_keep-N2_post-prestimulus,product,131,val,0.7372881355932204,0.736815598244478
aggregated_ranked_features_gas-N2_keep-N2_post-prestimulus,product,131,test,0.7272727272727273,0.717948717948718
aggregated_ranked_features_gas-N2_keep-N2_post-prestimulus,product,132,train,1.0,1.0
aggregated_ranked_features_gas-N2_keep-N2_post-prestimulus,product,132,val,0.7288135593220338,0.728110599078341
aggregated_ranked_features_gas-N2_keep-N2_post-prestimulus,product,132,test,0.7045454545454546,0.691644204851752
aggregated_ranked_features_gas-N2_keep-N2_post-prestimulus,product,133,train,1.0,1.0
aggregated_ranked_features_gas-N2_keep-N2_post-prestimulus,product,133,val,0.7203389830508474,0.7198359594215411
aggregated_ranked_features_gas-N2_keep-N2_post-prestimulus,product,133,test,0.7272727272727273,0.717948717948718
aggregated_ranked_features_gas-N2_keep-N2_post-prestimulus,product,134,train,1.0,1.0
aggregated_ranked_features_gas-N2_keep-N2_post-prestimulus,product,134,val,0.7627118644067796,0.7620967741935484
aggregated_ranked_features_gas-N2_keep-N2_post-prestimulus,product,134,test,0.7045454545454546,0.691644204851752
aggregated_ranked_features_gas-N2_keep-N2_post-prestimulus,product,135,train,1.0,1.0
aggregated_ranked_features_gas-N2_keep-N2_post-prestimulus,product,135,val,0.7372881355932204,0.736815598244478
aggregated_ranked_features_gas-N2_keep-N2_post-prestimulus,product,135,test,0.7045454545454546,0.691644204851752
aggregated_ranked_features_gas-N2_keep-N2_post-prestimulus,product,136,train,1.0,1.0
aggregated_ranked_features_gas-N2_keep-N2_post-prestimulus,product,136,val,0.7372881355932204,0.7363603603603603
aggregated_ranked_features_gas-N2_keep-N2_post-prestimulus,product,136,test,0.75,0.7435082140964494
aggregated_ranked_features_gas-N2_keep-N2_post-prestimulus,product,137,train,1.0,1.0
aggregated_ranked_features_gas-N2_keep-N2_post-prestimulus,product,137,val,0.711864406779661,0.7115329306873741
aggregated_ranked_features_gas-N2_keep-N2_post-prestimulus,product,137,test,0.7727272727272727,0.7684210526315789
aggregated_ranked_features_gas-N2_keep-N2_post-prestimulus,product,138,train,1.0,1.0
aggregated_ranked_features_gas-N2_keep-N2_post-prestimulus,product,138,val,0.7288135593220338,0.7285015818234111
aggregated_ranked_features_gas-N2_keep-N2_post-prestimulus,product,138,test,0.75,0.7467294610151753
aggregated_ranked_features_gas-N2_keep-N2_post-prestimulus,product,139,train,1.0,1.0
aggregated_ranked_features_gas-N2_keep-N2_post-prestimulus,product,139,val,0.7288135593220338,0.728735632183908
aggregated_ranked_features_gas-N2_keep-N2_post-prestimulus,product,139,test,0.7045454545454546,0.6968733439321675
aggregated_ranked_features_gas-N2_keep-N2_post-prestimulus,product,140,train,1.0,1.0
aggregated_ranked_features_gas-N2_keep-N2_post-prestimulus,product,140,val,0.7457627118644068,0.7454702329594478
aggregated_ranked_features_gas-N2_keep-N2_post-prestimulus,product,140,test,0.75,0.7435082140964494
aggregated_ranked_features_gas-N2_keep-N2_post-prestimulus,product,141,train,1.0,1.0
aggregated_ranked_features_gas-N2_keep-N2_post-prestimulus,product,141,val,0.7627118644067796,0.7624388840954845
aggregated_ranked_features_gas-N2_keep-N2_post-prestimulus,product,141,test,0.7272727272727273,0.717948717948718
aggregated_ranked_features_gas-N2_keep-N2_post-prestimulus,product,142,train,1.0,1.0
aggregated_ranked_features_gas-N2_keep-N2_post-prestimulus,product,142,val,0.7288135593220338,0.728110599078341
aggregated_ranked_features_gas-N2_keep-N2_post-prestimulus,product,142,test,0.7045454545454546,0.691644204851752
aggregated_ranked_features_gas-N2_keep-N2_post-prestimulus,product,143,train,1.0,1.0
aggregated_ranked_features_gas-N2_keep-N2_post-prestimulus,product,143,val,0.7372881355932204,0.736815598244478
aggregated_ranked_features_gas-N2_keep-N2_post-prestimulus,product,143,test,0.7045454545454546,0.6968733439321675
aggregated_ranked_features_gas-N2_keep-N2_post-prestimulus,product,144,train,1.0,1.0
aggregated_ranked_features_gas-N2_keep-N2_post-prestimulus,product,144,val,0.7542372881355932,0.7540783327344592
aggregated_ranked_features_gas-N2_keep-N2_post-prestimulus,product,144,test,0.7045454545454546,0.691644204851752
aggregated_ranked_features_gas-N2_keep-N2_post-prestimulus,product,145,train,1.0,1.0
aggregated_ranked_features_gas-N2_keep-N2_post-prestimulus,product,145,val,0.7542372881355932,0.7540783327344592
aggregated_ranked_features_gas-N2_keep-N2_post-prestimulus,product,145,test,0.75,0.7435082140964494
aggregated_ranked_features_gas-N2_keep-N2_post-prestimulus,product,146,train,1.0,1.0
aggregated_ranked_features_gas-N2_keep-N2_post-prestimulus,product,146,val,0.7372881355932204,0.736815598244478
aggregated_ranked_features_gas-N2_keep-N2_post-prestimulus,product,146,test,0.7045454545454546,0.691644204851752
aggregated_ranked_features_gas-N2_keep-N2_post-prestimulus,product,147,train,1.0,1.0
aggregated_ranked_features_gas-N2_keep-N2_post-prestimulus,product,147,val,0.7711864406779662,0.7711700064641241
aggregated_ranked_features_gas-N2_keep-N2_post-prestimulus,product,147,test,0.7045454545454546,0.691644204851752
aggregated_ranked_features_gas-N2_keep-N2_post-prestimulus,product,148,train,1.0,1.0
aggregated_ranked_features_gas-N2_keep-N2_post-prestimulus,product,148,val,0.7288135593220338,0.728735632183908
aggregated_ranked_features_gas-N2_keep-N2_post-prestimulus,product,148,test,0.7045454545454546,0.691644204851752
aggregated_ranked_features_gas-N2_keep-N2_post-prestimulus,product,149,train,1.0,1.0
aggregated_ranked_features_gas-N2_keep-N2_post-prestimulus,product,149,val,0.7457627118644068,0.7456896551724138
aggregated_ranked_features_gas-N2_keep-N2_post-prestimulus,product,149,test,0.7272727272727273,0.717948717948718
aggregated_ranked_features_gas-N2_keep-N2_post-prestimulus,product,150,train,1.0,1.0
aggregated_ranked_features_gas-N2_keep-N2_post-prestimulus,product,150,val,0.7457627118644068,0.7454702329594478
aggregated_ranked_features_gas-N2_keep-N2_post-prestimulus,product,150,test,0.7045454545454546,0.6968733439321675
aggregated_ranked_features_gas-N2_keep-N2_post-prestimulus,product,151,train,1.0,1.0
aggregated_ranked_features_gas-N2_keep-N2_post-prestimulus,product,151,val,0.7627118644067796,0.7627118644067796
aggregated_ranked_features_gas-N2_keep-N2_post-prestimulus,product,151,test,0.7272727272727273,0.7221052631578948
aggregated_ranked_features_gas-N2_keep-N2_post-prestimulus,product,152,train,1.0,1.0
aggregated_ranked_features_gas-N2_keep-N2_post-prestimulus,product,152,val,0.7542372881355932,0.753795237067415
aggregated_ranked_features_gas-N2_keep-N2_post-prestimulus,product,152,test,0.7272727272727273,0.717948717948718
aggregated_ranked_features_gas-N2_keep-N2_post-prestimulus,product,153,train,1.0,1.0
aggregated_ranked_features_gas-N2_keep-N2_post-prestimulus,product,153,val,0.7711864406779662,0.7710384477182897
aggregated_ranked_features_gas-N2_keep-N2_post-prestimulus,product,153,test,0.75,0.7435082140964494
aggregated_ranked_features_gas-N2_keep-N2_post-prestimulus,product,154,train,1.0,1.0
aggregated_ranked_features_gas-N2_keep-N2_post-prestimulus,product,154,val,0.7711864406779662,0.7710384477182897
aggregated_ranked_features_gas-N2_keep-N2_post-prestimulus,product,154,test,0.7727272727272727,0.7684210526315789
aggregated_ranked_features_gas-N2_keep-N2_post-prestimulus,product,155,train,1.0,1.0
aggregated_ranked_features_gas-N2_keep-N2_post-prestimulus,product,155,val,0.7542372881355932,0.7540783327344592
aggregated_ranked_features_gas-N2_keep-N2_post-prestimulus,product,155,test,0.8181818181818182,0.8166666666666667
aggregated_ranked_features_gas-N2_keep-N2_post-prestimulus,product,156,train,1.0,1.0
aggregated_ranked_features_gas-N2_keep-N2_post-prestimulus,product,156,val,0.7796610169491526,0.7796610169491526
aggregated_ranked_features_gas-N2_keep-N2_post-prestimulus,product,156,test,0.7727272727272727,0.7684210526315789
aggregated_ranked_features_gas-N2_keep-N2_post-prestimulus,product,157,train,1.0,1.0
aggregated_ranked_features_gas-N2_keep-N2_post-prestimulus,product,157,val,0.7627118644067796,0.7624388840954845
aggregated_ranked_features_gas-N2_keep-N2_post-prestimulus,product,157,test,0.8409090909090909,0.8401660612350804
aggregated_ranked_features_gas-N2_keep-N2_post-prestimulus,product,158,train,1.0,1.0
aggregated_ranked_features_gas-N2_keep-N2_post-prestimulus,product,158,val,0.7542372881355932,0.753795237067415
aggregated_ranked_features_gas-N2_keep-N2_post-prestimulus,product,158,test,0.8181818181818182,0.8166666666666667
aggregated_ranked_features_gas-N2_keep-N2_post-prestimulus,product,159,train,1.0,1.0
aggregated_ranked_features_gas-N2_keep-N2_post-prestimulus,product,159,val,0.7542372881355932,0.753795237067415
aggregated_ranked_features_gas-N2_keep-N2_post-prestimulus,product,159,test,0.8181818181818182,0.8166666666666667
aggregated_ranked_features_gas-N2_keep-N2_post-prestimulus,product,160,train,1.0,1.0
aggregated_ranked_features_gas-N2_keep-N2_post-prestimulus,product,160,val,0.7796610169491526,0.7795977011494253
aggregated_ranked_features_gas-N2_keep-N2_post-prestimulus,product,160,test,0.8181818181818182,0.8166666666666667
aggregated_ranked_features_gas-N2_keep-N2_post-prestimulus,product,161,train,1.0,1.0
aggregated_ranked_features_gas-N2_keep-N2_post-prestimulus,product,161,val,0.7796610169491526,0.7795977011494253
aggregated_ranked_features_gas-N2_keep-N2_post-prestimulus,product,161,test,0.8181818181818182,0.8166666666666667
aggregated_ranked_features_gas-N2_keep-N2_post-prestimulus,product,162,train,1.0,1.0
aggregated_ranked_features_gas-N2_keep-N2_post-prestimulus,product,162,val,0.7711864406779662,0.7711700064641241
aggregated_ranked_features_gas-N2_keep-N2_post-prestimulus,product,162,test,0.8181818181818182,0.8166666666666667
aggregated_ranked_features_gas-N2_keep-N2_post-prestimulus,product,163,train,1.0,1.0
aggregated_ranked_features_gas-N2_keep-N2_post-prestimulus,product,163,val,0.7711864406779662,0.7710384477182897
aggregated_ranked_features_gas-N2_keep-N2_post-prestimulus,product,163,test,0.8181818181818182,0.8166666666666667
aggregated_ranked_features_gas-N2_keep-N2_post-prestimulus,product,164,train,1.0,1.0
aggregated_ranked_features_gas-N2_keep-N2_post-prestimulus,product,164,val,0.7372881355932204,0.7372692666810314
aggregated_ranked_features_gas-N2_keep-N2_post-prestimulus,product,164,test,0.8181818181818182,0.8166666666666667
aggregated_ranked_features_gas-N2_keep-N2_post-prestimulus,product,165,train,1.0,1.0
aggregated_ranked_features_gas-N2_keep-N2_post-prestimulus,product,165,val,0.7711864406779662,0.7710384477182897
aggregated_ranked_features_gas-N2_keep-N2_post-prestimulus,product,165,test,0.8409090909090909,0.8401660612350804
aggregated_ranked_features_gas-N2_keep-N2_post-prestimulus,product,166,train,1.0,1.0
aggregated_ranked_features_gas-N2_keep-N2_post-prestimulus,product,166,val,0.7627118644067796,0.7626436781609196
aggregated_ranked_features_gas-N2_keep-N2_post-prestimulus,product,166,test,0.7954545454545454,0.792778649921507
aggregated_ranked_features_gas-N2_keep-N2_post-prestimulus,product,167,train,1.0,1.0
aggregated_ranked_features_gas-N2_keep-N2_post-prestimulus,product,167,val,0.7627118644067796,0.7624388840954845
aggregated_ranked_features_gas-N2_keep-N2_post-prestimulus,product,167,test,0.8409090909090909,0.8401660612350804
aggregated_ranked_features_gas-N2_keep-N2_post-prestimulus,product,168,train,1.0,1.0
aggregated_ranked_features_gas-N2_keep-N2_post-prestimulus,product,168,val,0.7796610169491526,0.7794075352315214
aggregated_ranked_features_gas-N2_keep-N2_post-prestimulus,product,168,test,0.7954545454545454,0.792778649921507
aggregated_ranked_features_gas-N2_keep-N2_post-prestimulus,product,169,train,1.0,1.0
aggregated_ranked_features_gas-N2_keep-N2_post-prestimulus,product,169,val,0.7203389830508474,0.720318896789485
aggregated_ranked_features_gas-N2_keep-N2_post-prestimulus,product,169,test,0.8409090909090909,0.8401660612350804
aggregated_ranked_features_gas-N2_keep-N2_post-prestimulus,product,170,train,1.0,1.0
aggregated_ranked_features_gas-N2_keep-N2_post-prestimulus,product,170,val,0.7542372881355932,0.7542196365725777
aggregated_ranked_features_gas-N2_keep-N2_post-prestimulus,product,170,test,0.8181818181818182,0.8166666666666667
aggregated_ranked_features_gas-N2_keep-N2_post-prestimulus,product,171,train,1.0,1.0
aggregated_ranked_features_gas-N2_keep-N2_post-prestimulus,product,171,val,0.7542372881355932,0.7542196365725777
aggregated_ranked_features_gas-N2_keep-N2_post-prestimulus,product,171,test,0.8181818181818182,0.8166666666666667
aggregated_ranked_features_gas-N2_keep-N2_post-prestimulus,product,172,train,1.0,1.0
aggregated_ranked_features_gas-N2_keep-N2_post-prestimulus,product,172,val,0.7372881355932204,0.7372692666810314
aggregated_ranked_features_gas-N2_keep-N2_post-prestimulus,product,172,test,0.7954545454545454,0.792778649921507
aggregated_ranked_features_gas-N2_keep-N2_post-prestimulus,product,173,train,1.0,1.0
aggregated_ranked_features_gas-N2_keep-N2_post-prestimulus,product,173,val,0.788135593220339,0.78799856270212
aggregated_ranked_features_gas-N2_keep-N2_post-prestimulus,product,173,test,0.7954545454545454,0.792778649921507
aggregated_ranked_features_gas-N2_keep-N2_post-prestimulus,product,174,train,1.0,1.0
aggregated_ranked_features_gas-N2_keep-N2_post-prestimulus,product,174,val,0.7627118644067796,0.7624388840954845
aggregated_ranked_features_gas-N2_keep-N2_post-prestimulus,product,174,test,0.7954545454545454,0.792778649921507
aggregated_ranked_features_gas-N2_keep-N2_post-prestimulus,product,175,train,1.0,1.0
aggregated_ranked_features_gas-N2_keep-N2_post-prestimulus,product,175,val,0.7457627118644068,0.7456896551724138
aggregated_ranked_features_gas-N2_keep-N2_post-prestimulus,product,175,test,0.8181818181818182,0.8166666666666667
aggregated_ranked_features_gas-N2_keep-N2_post-prestimulus,product,176,train,1.0,1.0
aggregated_ranked_features_gas-N2_keep-N2_post-prestimulus,product,176,val,0.7372881355932204,0.736815598244478
aggregated_ranked_features_gas-N2_keep-N2_post-prestimulus,product,176,test,0.7954545454545454,0.792778649921507
aggregated_ranked_features_gas-N2_keep-N2_post-prestimulus,product,177,train,1.0,1.0
aggregated_ranked_features_gas-N2_keep-N2_post-prestimulus,product,177,val,0.7796610169491526,0.7794075352315214
aggregated_ranked_features_gas-N2_keep-N2_post-prestimulus,product,177,test,0.8181818181818182,0.8166666666666667
aggregated_ranked_features_gas-N2_keep-N2_post-prestimulus,product,178,train,1.0,1.0
aggregated_ranked_features_gas-N2_keep-N2_post-prestimulus,product,178,val,0.7542372881355932,0.7540783327344592
aggregated_ranked_features_gas-N2_keep-N2_post-prestimulus,product,178,test,0.7727272727272727,0.7684210526315789
aggregated_ranked_features_gas-N2_keep-N2_post-prestimulus,product,179,train,1.0,1.0
aggregated_ranked_features_gas-N2_keep-N2_post-prestimulus,product,179,val,0.7288135593220338,0.7285015818234111
aggregated_ranked_features_gas-N2_keep-N2_post-prestimulus,product,179,test,0.75,0.7435082140964494
aggregated_ranked_features_gas-N2_keep-N2_post-prestimulus,product,180,train,1.0,1.0
aggregated_ranked_features_gas-N2_keep-N2_post-prestimulus,product,180,val,0.7711864406779662,0.7707748758903519
aggregated_ranked_features_gas-N2_keep-N2_post-prestimulus,product,180,test,0.7954545454545454,0.792778649921507
aggregated_ranked_features_gas-N2_keep-N2_post-prestimulus,product,181,train,1.0,1.0
aggregated_ranked_features_gas-N2_keep-N2_post-prestimulus,product,181,val,0.7457627118644068,0.7457627118644068
aggregated_ranked_features_gas-N2_keep-N2_post-prestimulus,product,181,test,0.75,0.7435082140964494
aggregated_ranked_features_gas-N2_keep-N2_post-prestimulus,product,182,train,1.0,1.0
aggregated_ranked_features_gas-N2_keep-N2_post-prestimulus,product,182,val,0.7711864406779662,0.7707748758903519
aggregated_ranked_features_gas-N2_keep-N2_post-prestimulus,product,182,test,0.7727272727272727,0.7684210526315789
aggregated_ranked_features_gas-N2_keep-N2_post-prestimulus,product,183,train,1.0,1.0
aggregated_ranked_features_gas-N2_keep-N2_post-prestimulus,product,183,val,0.7711864406779662,0.7711700064641241
aggregated_ranked_features_gas-N2_keep-N2_post-prestimulus,product,183,test,0.8181818181818182,0.8166666666666667
aggregated_ranked_features_gas-N2_keep-N2_post-prestimulus,product,184,train,1.0,1.0
aggregated_ranked_features_gas-N2_keep-N2_post-prestimulus,product,184,val,0.7627118644067796,0.7626436781609196
aggregated_ranked_features_gas-N2_keep-N2_post-prestimulus,product,184,test,0.7954545454545454,0.792778649921507
aggregated_ranked_features_gas-N2_keep-N2_post-prestimulus,product,185,train,1.0,1.0
aggregated_ranked_features_gas-N2_keep-N2_post-prestimulus,product,185,val,0.7711864406779662,0.7711700064641241
aggregated_ranked_features_gas-N2_keep-N2_post-prestimulus,product,185,test,0.7727272727272727,0.7684210526315789
aggregated_ranked_features_gas-N2_keep-N2_post-prestimulus,product,186,train,1.0,1.0
aggregated_ranked_features_gas-N2_keep-N2_post-prestimulus,product,186,val,0.7457627118644068,0.7457627118644068
aggregated_ranked_features_gas-N2_keep-N2_post-prestimulus,product,186,test,0.7954545454545454,0.792778649921507
aggregated_ranked_features_gas-N2_keep-N2_post-prestimulus,product,187,train,1.0,1.0
aggregated_ranked_features_gas-N2_keep-N2_post-prestimulus,product,187,val,0.7457627118644068,0.7456896551724138
aggregated_ranked_features_gas-N2_keep-N2_post-prestimulus,product,187,test,0.75,0.7435082140964494
aggregated_ranked_features_gas-N2_keep-N2_post-prestimulus,product,188,train,1.0,1.0
aggregated_ranked_features_gas-N2_keep-N2_post-prestimulus,product,188,val,0.7542372881355932,0.7533693693693694
aggregated_ranked_features_gas-N2_keep-N2_post-prestimulus,product,188,test,0.7954545454545454,0.792778649921507
aggregated_ranked_features_gas-N2_keep-N2_post-prestimulus,product,189,train,1.0,1.0
aggregated_ranked_features_gas-N2_keep-N2_post-prestimulus,product,189,val,0.7457627118644068,0.7451036866359446
aggregated_ranked_features_gas-N2_keep-N2_post-prestimulus,product,189,test,0.75,0.7435082140964494
aggregated_ranked_features_gas-N2_keep-N2_post-prestimulus,product,190,train,1.0,1.0
aggregated_ranked_features_gas-N2_keep-N2_post-prestimulus,product,190,val,0.788135593220339,0.7877545147132887
aggregated_ranked_features_gas-N2_keep-N2_post-prestimulus,product,190,test,0.75,0.7435082140964494
aggregated_ranked_features_gas-N2_keep-N2_post-prestimulus,product,191,train,1.0,1.0
aggregated_ranked_features_gas-N2_keep-N2_post-prestimulus,product,191,val,0.7457627118644068,0.7454702329594478
aggregated_ranked_features_gas-N2_keep-N2_post-prestimulus,product,191,test,0.75,0.7435082140964494
aggregated_ranked_features_gas-N2_keep-N2_post-prestimulus,product,192,train,1.0,1.0
aggregated_ranked_features_gas-N2_keep-N2_post-prestimulus,product,192,val,0.7627118644067796,0.7620967741935484
aggregated_ranked_features_gas-N2_keep-N2_post-prestimulus,product,192,test,0.7954545454545454,0.792778649921507
aggregated_ranked_features_gas-N2_keep-N2_post-prestimulus,product,193,train,1.0,1.0
aggregated_ranked_features_gas-N2_keep-N2_post-prestimulus,product,193,val,0.7711864406779662,0.7707748758903519
aggregated_ranked_features_gas-N2_keep-N2_post-prestimulus,product,193,test,0.7727272727272727,0.7684210526315789
aggregated_ranked_features_gas-N2_keep-N2_post-prestimulus,product,194,train,1.0,1.0
aggregated_ranked_features_gas-N2_keep-N2_post-prestimulus,product,194,val,0.7627118644067796,0.7624388840954845
aggregated_ranked_features_gas-N2_keep-N2_post-prestimulus,product,194,test,0.7272727272727273,0.717948717948718
aggregated_ranked_features_gas-N2_keep-N2_post-prestimulus,product,195,train,1.0,1.0
aggregated_ranked_features_gas-N2_keep-N2_post-prestimulus,product,195,val,0.7372881355932204,0.736815598244478
aggregated_ranked_features_gas-N2_keep-N2_post-prestimulus,product,195,test,0.75,0.7435082140964494
aggregated_ranked_features_gas-N2_keep-N2_post-prestimulus,product,196,train,1.0,1.0
aggregated_ranked_features_gas-N2_keep-N2_post-prestimulus,product,196,val,0.7711864406779662,0.7707748758903519
aggregated_ranked_features_gas-N2_keep-N2_post-prestimulus,product,196,test,0.7954545454545454,0.792778649921507
aggregated_ranked_features_gas-N2_keep-N2_post-prestimulus,product,197,train,1.0,1.0
aggregated_ranked_features_gas-N2_keep-N2_post-prestimulus,product,197,val,0.7542372881355932,0.7533693693693694
aggregated_ranked_features_gas-N2_keep-N2_post-prestimulus,product,197,test,0.7727272727272727,0.7649572649572649
aggregated_ranked_features_gas-N2_keep-N2_post-prestimulus,product,198,train,1.0,1.0
aggregated_ranked_features_gas-N2_keep-N2_post-prestimulus,product,198,val,0.7203389830508474,0.7193513513513514
aggregated_ranked_features_gas-N2_keep-N2_post-prestimulus,product,198,test,0.7727272727272727,0.7684210526315789
aggregated_ranked_features_gas-N2_keep-N2_post-prestimulus,product,199,train,1.0,1.0
aggregated_ranked_features_gas-N2_keep-N2_post-prestimulus,product,199,val,0.7372881355932204,0.7371182177506288
aggregated_ranked_features_gas-N2_keep-N2_post-prestimulus,product,199,test,0.7272727272727273,0.717948717948718
aggregated_ranked_features_gas-N2_keep-N2_post-prestimulus,product,200,train,1.0,1.0
aggregated_ranked_features_gas-N2_keep-N2_post-prestimulus,product,200,val,0.7457627118644068,0.7454702329594478
aggregated_ranked_features_gas-N2_keep-N2_post-prestimulus,product,200,test,0.75,0.7435082140964494
aggregated_ranked_features_gas-N2_keep-N2_post-prestimulus,product,201,train,1.0,1.0
aggregated_ranked_features_gas-N2_keep-N2_post-prestimulus,product,201,val,0.7457627118644068,0.7456896551724138
aggregated_ranked_features_gas-N2_keep-N2_post-prestimulus,product,201,test,0.7954545454545454,0.7901430842607313
aggregated_ranked_features_gas-N2_keep-N2_post-prestimulus,product,202,train,1.0,1.0
aggregated_ranked_features_gas-N2_keep-N2_post-prestimulus,product,202,val,0.7542372881355932,0.753795237067415
aggregated_ranked_features_gas-N2_keep-N2_post-prestimulus,product,202,test,0.7954545454545454,0.792778649921507
aggregated_ranked_features_gas-N2_keep-N2_post-prestimulus,product,203,train,1.0,1.0
aggregated_ranked_features_gas-N2_keep-N2_post-prestimulus,product,203,val,0.7457627118644068,0.7456896551724138
aggregated_ranked_features_gas-N2_keep-N2_post-prestimulus,product,203,test,0.7954545454545454,0.7901430842607313
aggregated_ranked_features_gas-N2_keep-N2_post-prestimulus,product,204,train,1.0,1.0
aggregated_ranked_features_gas-N2_keep-N2_post-prestimulus,product,204,val,0.7711864406779662,0.7711700064641241
aggregated_ranked_features_gas-N2_keep-N2_post-prestimulus,product,204,test,0.75,0.7390835579514825
aggregated_ranked_features_gas-N2_keep-N2_post-prestimulus,product,205,train,1.0,1.0
aggregated_ranked_features_gas-N2_keep-N2_post-prestimulus,product,205,val,0.7457627118644068,0.7456896551724138
aggregated_ranked_features_gas-N2_keep-N2_post-prestimulus,product,205,test,0.7727272727272727,0.7684210526315789
aggregated_ranked_features_gas-N2_keep-N2_post-prestimulus,product,206,train,1.0,1.0
aggregated_ranked_features_gas-N2_keep-N2_post-prestimulus,product,206,val,0.7457627118644068,0.7456896551724138
aggregated_ranked_features_gas-N2_keep-N2_post-prestimulus,product,206,test,0.75,0.7435082140964494
aggregated_ranked_features_gas-N2_keep-N2_post-prestimulus,product,207,train,1.0,1.0
aggregated_ranked_features_gas-N2_keep-N2_post-prestimulus,product,207,val,0.7372881355932204,0.7371182177506288
aggregated_ranked_features_gas-N2_keep-N2_post-prestimulus,product,207,test,0.7727272727272727,0.7684210526315789
aggregated_ranked_features_gas-N2_keep-N2_post-prestimulus,product,208,train,1.0,1.0
aggregated_ranked_features_gas-N2_keep-N2_post-prestimulus,product,208,val,0.7457627118644068,0.7454702329594478
aggregated_ranked_features_gas-N2_keep-N2_post-prestimulus,product,208,test,0.7727272727272727,0.7684210526315789
aggregated_ranked_features_gas-N2_keep-N2_post-prestimulus,product,209,train,1.0,1.0
aggregated_ranked_features_gas-N2_keep-N2_post-prestimulus,product,209,val,0.7372881355932204,0.7371182177506288
aggregated_ranked_features_gas-N2_keep-N2_post-prestimulus,product,209,test,0.7954545454545454,0.792778649921507
aggregated_ranked_features_gas-N2_keep-N2_post-prestimulus,product,210,train,1.0,1.0
aggregated_ranked_features_gas-N2_keep-N2_post-prestimulus,product,210,val,0.7711864406779662,0.7707748758903519
aggregated_ranked_features_gas-N2_keep-N2_post-prestimulus,product,210,test,0.7954545454545454,0.792778649921507
aggregated_ranked_features_gas-N2_keep-N2_post-prestimulus,product,211,train,1.0,1.0
aggregated_ranked_features_gas-N2_keep-N2_post-prestimulus,product,211,val,0.7542372881355932,0.7542196365725777
aggregated_ranked_features_gas-N2_keep-N2_post-prestimulus,product,211,test,0.7954545454545454,0.792778649921507
aggregated_ranked_features_gas-N2_keep-N2_post-prestimulus,product,212,train,1.0,1.0
aggregated_ranked_features_gas-N2_keep-N2_post-prestimulus,product,212,val,0.7372881355932204,0.7372692666810314
aggregated_ranked_features_gas-N2_keep-N2_post-prestimulus,product,212,test,0.8181818181818182,0.8166666666666667
aggregated_ranked_features_gas-N2_keep-N2_post-prestimulus,product,213,train,1.0,1.0
aggregated_ranked_features_gas-N2_keep-N2_post-prestimulus,product,213,val,0.7627118644067796,0.7626436781609196
aggregated_ranked_features_gas-N2_keep-N2_post-prestimulus,product,213,test,0.7954545454545454,0.792778649921507
aggregated_ranked_features_gas-N2_keep-N2_post-prestimulus,product,214,train,1.0,1.0
aggregated_ranked_features_gas-N2_keep-N2_post-prestimulus,product,214,val,0.7372881355932204,0.7372692666810314
aggregated_ranked_features_gas-N2_keep-N2_post-prestimulus,product,214,test,0.8409090909090909,0.8401660612350804
aggregated_ranked_features_gas-N2_keep-N2_post-prestimulus,product,215,train,1.0,1.0
aggregated_ranked_features_gas-N2_keep-N2_post-prestimulus,product,215,val,0.7372881355932204,0.7371182177506288
aggregated_ranked_features_gas-N2_keep-N2_post-prestimulus,product,215,test,0.8636363636363636,0.8625
aggregated_ranked_features_gas-N2_keep-N2_post-prestimulus,product,216,train,1.0,1.0
aggregated_ranked_features_gas-N2_keep-N2_post-prestimulus,product,216,val,0.7542372881355932,0.7540783327344592
aggregated_ranked_features_gas-N2_keep-N2_post-prestimulus,product,216,test,0.7727272727272727,0.7649572649572649
aggregated_ranked_features_gas-N2_keep-N2_post-prestimulus,product,217,train,1.0,1.0
aggregated_ranked_features_gas-N2_keep-N2_post-prestimulus,product,217,val,0.7542372881355932,0.7542196365725777
aggregated_ranked_features_gas-N2_keep-N2_post-prestimulus,product,217,test,0.8409090909090909,0.8388278388278387
aggregated_ranked_features_gas-N2_keep-N2_post-prestimulus,product,218,train,1.0,1.0
aggregated_ranked_features_gas-N2_keep-N2_post-prestimulus,product,218,val,0.7627118644067796,0.7627118644067796
aggregated_ranked_features_gas-N2_keep-N2_post-prestimulus,product,218,test,0.8181818181818182,0.8147368421052632
aggregated_ranked_features_gas-N2_keep-N2_post-prestimulus,product,219,train,1.0,1.0
aggregated_ranked_features_gas-N2_keep-N2_post-prestimulus,product,219,val,0.7457627118644068,0.7456896551724138
aggregated_ranked_features_gas-N2_keep-N2_post-prestimulus,product,219,test,0.75,0.7435082140964494
aggregated_ranked_features_gas-N2_keep-N2_post-prestimulus,product,220,train,1.0,1.0
aggregated_ranked_features_gas-N2_keep-N2_post-prestimulus,product,220,val,0.7372881355932204,0.7372692666810314
aggregated_ranked_features_gas-N2_keep-N2_post-prestimulus,product,220,test,0.7954545454545454,0.7901430842607313
aggregated_ranked_features_gas-N2_keep-N2_post-prestimulus,product,221,train,1.0,1.0
aggregated_ranked_features_gas-N2_keep-N2_post-prestimulus,product,221,val,0.711864406779661,0.7117816091954023
aggregated_ranked_features_gas-N2_keep-N2_post-prestimulus,product,221,test,0.7954545454545454,0.7901430842607313
aggregated_ranked_features_gas-N2_keep-N2_post-prestimulus,product,222,train,1.0,1.0
aggregated_ranked_features_gas-N2_keep-N2_post-prestimulus,product,222,val,0.7457627118644068,0.7457627118644068
aggregated_ranked_features_gas-N2_keep-N2_post-prestimulus,product,222,test,0.8181818181818182,0.8147368421052632
aggregated_ranked_features_gas-N2_keep-N2_post-prestimulus,product,223,train,1.0,1.0
aggregated_ranked_features_gas-N2_keep-N2_post-prestimulus,product,223,val,0.7542372881355932,0.7542196365725777
aggregated_ranked_features_gas-N2_keep-N2_post-prestimulus,product,223,test,0.8181818181818182,0.8147368421052632
aggregated_ranked_features_gas-N2_keep-N2_post-prestimulus,product,224,train,1.0,1.0
aggregated_ranked_features_gas-N2_keep-N2_post-prestimulus,product,224,val,0.7542372881355932,0.7540783327344592
aggregated_ranked_features_gas-N2_keep-N2_post-prestimulus,product,224,test,0.8181818181818182,0.8147368421052632
aggregated_ranked_features_gas-N2_keep-N2_post-prestimulus,product,225,train,1.0,1.0
aggregated_ranked_features_gas-N2_keep-N2_post-prestimulus,product,225,val,0.7288135593220338,0.7288135593220338
aggregated_ranked_features_gas-N2_keep-N2_post-prestimulus,product,225,test,0.8409090909090909,0.8388278388278387
aggregated_ranked_features_gas-N2_keep-N2_post-prestimulus,product,226,train,1.0,1.0
aggregated_ranked_features_gas-N2_keep-N2_post-prestimulus,product,226,val,0.7627118644067796,0.7626436781609196
aggregated_ranked_features_gas-N2_keep-N2_post-prestimulus,product,226,test,0.7272727272727273,0.717948717948718
aggregated_ranked_features_gas-N2_keep-N2_post-prestimulus,product,227,train,1.0,1.0
aggregated_ranked_features_gas-N2_keep-N2_post-prestimulus,product,227,val,0.7288135593220338,0.7288135593220338
aggregated_ranked_features_gas-N2_keep-N2_post-prestimulus,product,227,test,0.7727272727272727,0.7684210526315789
aggregated_ranked_features_gas-N2_keep-N2_post-prestimulus,product,228,train,1.0,1.0
aggregated_ranked_features_gas-N2_keep-N2_post-prestimulus,product,228,val,0.7203389830508474,0.720318896789485
aggregated_ranked_features_gas-N2_keep-N2_post-prestimulus,product,228,test,0.8181818181818182,0.8166666666666667
aggregated_ranked_features_gas-N2_keep-N2_post-prestimulus,product,229,train,1.0,1.0
aggregated_ranked_features_gas-N2_keep-N2_post-prestimulus,product,229,val,0.7542372881355932,0.7542196365725777
aggregated_ranked_features_gas-N2_keep-N2_post-prestimulus,product,229,test,0.8181818181818182,0.8147368421052632
aggregated_ranked_features_gas-N2_keep-N2_post-prestimulus,product,230,train,1.0,1.0
aggregated_ranked_features_gas-N2_keep-N2_post-prestimulus,product,230,val,0.7372881355932204,0.7372692666810314
aggregated_ranked_features_gas-N2_keep-N2_post-prestimulus,product,230,test,0.8409090909090909,0.8388278388278387
aggregated_ranked_features_gas-N2_keep-N2_post-prestimulus,product,231,train,1.0,1.0
aggregated_ranked_features_gas-N2_keep-N2_post-prestimulus,product,231,val,0.7288135593220338,0.728735632183908
aggregated_ranked_features_gas-N2_keep-N2_post-prestimulus,product,231,test,0.8409090909090909,0.8388278388278387
aggregated_ranked_features_gas-N2_keep-N2_post-prestimulus,product,232,train,1.0,1.0
aggregated_ranked_features_gas-N2_keep-N2_post-prestimulus,product,232,val,0.7288135593220338,0.7288135593220338
aggregated_ranked_features_gas-N2_keep-N2_post-prestimulus,product,232,test,0.8409090909090909,0.8388278388278387
aggregated_ranked_features_gas-N2_keep-N2_post-prestimulus,product,233,train,1.0,1.0
aggregated_ranked_features_gas-N2_keep-N2_post-prestimulus,product,233,val,0.7372881355932204,0.7372692666810314
aggregated_ranked_features_gas-N2_keep-N2_post-prestimulus,product,233,test,0.8181818181818182,0.8147368421052632
aggregated_ranked_features_gas-N2_keep-N2_post-prestimulus,product,234,train,1.0,1.0
aggregated_ranked_features_gas-N2_keep-N2_post-prestimulus,product,234,val,0.7711864406779662,0.7711700064641241
aggregated_ranked_features_gas-N2_keep-N2_post-prestimulus,product,234,test,0.8181818181818182,0.8147368421052632
aggregated_ranked_features_gas-N2_keep-N2_post-prestimulus,product,235,train,1.0,1.0
aggregated_ranked_features_gas-N2_keep-N2_post-prestimulus,product,235,val,0.7542372881355932,0.7542196365725777
aggregated_ranked_features_gas-N2_keep-N2_post-prestimulus,product,235,test,0.8181818181818182,0.8147368421052632
aggregated_ranked_features_gas-N2_keep-N2_post-prestimulus,product,236,train,1.0,1.0
aggregated_ranked_features_gas-N2_keep-N2_post-prestimulus,product,236,val,0.7542372881355932,0.7542196365725777
aggregated_ranked_features_gas-N2_keep-N2_post-prestimulus,product,236,test,0.8181818181818182,0.8166666666666667
aggregated_ranked_features_gas-N2_keep-N2_post-prestimulus,product,237,train,1.0,1.0
aggregated_ranked_features_gas-N2_keep-N2_post-prestimulus,product,237,val,0.7542372881355932,0.7542196365725777
aggregated_ranked_features_gas-N2_keep-N2_post-prestimulus,product,237,test,0.8181818181818182,0.8147368421052632
aggregated_ranked_features_gas-N2_keep-N2_post-prestimulus,product,238,train,1.0,1.0
aggregated_ranked_features_gas-N2_keep-N2_post-prestimulus,product,238,val,0.7542372881355932,0.7542196365725777
aggregated_ranked_features_gas-N2_keep-N2_post-prestimulus,product,238,test,0.8181818181818182,0.8147368421052632
aggregated_ranked_features_gas-N2_keep-N2_post-prestimulus,product,239,train,1.0,1.0
aggregated_ranked_features_gas-N2_keep-N2_post-prestimulus,product,239,val,0.7627118644067796,0.7627118644067796
aggregated_ranked_features_gas-N2_keep-N2_post-prestimulus,product,239,test,0.8181818181818182,0.8147368421052632
aggregated_ranked_features_gas-N2_keep-N2_post-prestimulus,product,240,train,1.0,1.0
aggregated_ranked_features_gas-N2_keep-N2_post-prestimulus,product,240,val,0.7457627118644068,0.7456896551724138
aggregated_ranked_features_gas-N2_keep-N2_post-prestimulus,product,240,test,0.8409090909090909,0.8388278388278387
aggregated_ranked_features_gas-N2_keep-N2_post-prestimulus,product,241,train,1.0,1.0
aggregated_ranked_features_gas-N2_keep-N2_post-prestimulus,product,241,val,0.7711864406779662,0.7711700064641241
aggregated_ranked_features_gas-N2_keep-N2_post-prestimulus,product,241,test,0.8409090909090909,0.8388278388278387
aggregated_ranked_features_gas-N2_keep-N2_post-prestimulus,product,242,train,1.0,1.0
aggregated_ranked_features_gas-N2_keep-N2_post-prestimulus,product,242,val,0.7542372881355932,0.7540783327344592
aggregated_ranked_features_gas-N2_keep-N2_post-prestimulus,product,242,test,0.8636363636363636,0.8625
aggregated_ranked_features_gas-N2_keep-N2_post-prestimulus,product,243,train,1.0,1.0
aggregated_ranked_features_gas-N2_keep-N2_post-prestimulus,product,243,val,0.7711864406779662,0.7711700064641241
aggregated_ranked_features_gas-N2_keep-N2_post-prestimulus,product,243,test,0.8181818181818182,0.8147368421052632
aggregated_ranked_features_gas-N2_keep-N2_post-prestimulus,product,244,train,1.0,1.0
aggregated_ranked_features_gas-N2_keep-N2_post-prestimulus,product,244,val,0.7457627118644068,0.7456896551724138
aggregated_ranked_features_gas-N2_keep-N2_post-prestimulus,product,244,test,0.7727272727272727,0.7649572649572649
aggregated_ranked_features_gas-N2_keep-N2_post-prestimulus,product,245,train,1.0,1.0
aggregated_ranked_features_gas-N2_keep-N2_post-prestimulus,product,245,val,0.7457627118644068,0.7456896551724138
aggregated_ranked_features_gas-N2_keep-N2_post-prestimulus,product,245,test,0.7727272727272727,0.7649572649572649
aggregated_ranked_features_gas-N2_keep-N2_post-prestimulus,product,246,train,1.0,1.0
aggregated_ranked_features_gas-N2_keep-N2_post-prestimulus,product,246,val,0.7711864406779662,0.7710384477182897
aggregated_ranked_features_gas-N2_keep-N2_post-prestimulus,product,246,test,0.75,0.7435082140964494
aggregated_ranked_features_gas-N2_keep-N2_post-prestimulus,product,247,train,1.0,1.0
aggregated_ranked_features_gas-N2_keep-N2_post-prestimulus,product,247,val,0.7542372881355932,0.7540783327344592
aggregated_ranked_features_gas-N2_keep-N2_post-prestimulus,product,247,test,0.7954545454545454,0.7901430842607313
aggregated_ranked_features_gas-N2_keep-N2_post-prestimulus,product,248,train,1.0,1.0
aggregated_ranked_features_gas-N2_keep-N2_post-prestimulus,product,248,val,0.7542372881355932,0.7542196365725777
aggregated_ranked_features_gas-N2_keep-N2_post-prestimulus,product,248,test,0.7954545454545454,0.792778649921507
aggregated_ranked_features_gas-N2_keep-N2_post-prestimulus,product,249,train,1.0,1.0
aggregated_ranked_features_gas-N2_keep-N2_post-prestimulus,product,249,val,0.7457627118644068,0.7456896551724138
aggregated_ranked_features_gas-N2_keep-N2_post-prestimulus,product,249,test,0.7954545454545454,0.7901430842607313
aggregated_ranked_features_gas-N2_keep-N2_post-prestimulus,product,250,train,1.0,1.0
aggregated_ranked_features_gas-N2_keep-N2_post-prestimulus,product,250,val,0.7796610169491526,0.7795977011494253
aggregated_ranked_features_gas-N2_keep-N2_post-prestimulus,product,250,test,0.7727272727272727,0.7649572649572649
aggregated_ranked_features_gas-N2_keep-N2_post-prestimulus,product,251,train,1.0,1.0
aggregated_ranked_features_gas-N2_keep-N2_post-prestimulus,product,251,val,0.7372881355932204,0.7371182177506288
aggregated_ranked_features_gas-N2_keep-N2_post-prestimulus,product,251,test,0.8181818181818182,0.8147368421052632
aggregated_ranked_features_gas-N2_keep-N2_post-prestimulus,product,252,train,1.0,1.0
aggregated_ranked_features_gas-N2_keep-N2_post-prestimulus,product,252,val,0.7711864406779662,0.7711700064641241
aggregated_ranked_features_gas-N2_keep-N2_post-prestimulus,product,252,test,0.8409090909090909,0.8388278388278387
aggregated_ranked_features_gas-N2_keep-N2_post-prestimulus,product,253,train,1.0,1.0
aggregated_ranked_features_gas-N2_keep-N2_post-prestimulus,product,253,val,0.8050847457627118,0.8050707462472169
aggregated_ranked_features_gas-N2_keep-N2_post-prestimulus,product,253,test,0.8181818181818182,0.8147368421052632
aggregated_ranked_features_gas-N2_keep-N2_post-prestimulus,product,254,train,1.0,1.0
aggregated_ranked_features_gas-N2_keep-N2_post-prestimulus,product,254,val,0.7457627118644068,0.7454702329594478
aggregated_ranked_features_gas-N2_keep-N2_post-prestimulus,product,254,test,0.8181818181818182,0.8147368421052632
aggregated_ranked_features_gas-N2_keep-N2_post-prestimulus,product,255,train,1.0,1.0
aggregated_ranked_features_gas-N2_keep-N2_post-prestimulus,product,255,val,0.788135593220339,0.7881203763556704
aggregated_ranked_features_gas-N2_keep-N2_post-prestimulus,product,255,test,0.7954545454545454,0.7901430842607313
aggregated_ranked_features_gas-N2_keep-N2_post-prestimulus,product,256,train,1.0,1.0
aggregated_ranked_features_gas-N2_keep-N2_post-prestimulus,product,256,val,0.7711864406779662,0.7711700064641241
aggregated_ranked_features_gas-N2_keep-N2_post-prestimulus,product,256,test,0.7954545454545454,0.7901430842607313
aggregated_ranked_features_gas-N2_keep-N2_post-prestimulus,product,257,train,1.0,1.0
aggregated_ranked_features_gas-N2_keep-N2_post-prestimulus,product,257,val,0.7288135593220338,0.7285015818234111
aggregated_ranked_features_gas-N2_keep-N2_post-prestimulus,product,257,test,0.8181818181818182,0.8147368421052632
aggregated_ranked_features_gas-N2_keep-N2_post-prestimulus,product,258,train,1.0,1.0
aggregated_ranked_features_gas-N2_keep-N2_post-prestimulus,product,258,val,0.7796610169491526,0.7796610169491526
aggregated_ranked_features_gas-N2_keep-N2_post-prestimulus,product,258,test,0.8181818181818182,0.8147368421052632
aggregated_ranked_features_gas-N2_keep-N2_post-prestimulus,product,259,train,1.0,1.0
aggregated_ranked_features_gas-N2_keep-N2_post-prestimulus,product,259,val,0.7288135593220338,0.728735632183908
aggregated_ranked_features_gas-N2_keep-N2_post-prestimulus,product,259,test,0.8181818181818182,0.8147368421052632
aggregated_ranked_features_gas-N2_keep-N2_post-prestimulus,product,260,train,1.0,1.0
aggregated_ranked_features_gas-N2_keep-N2_post-prestimulus,product,260,val,0.7372881355932204,0.7372692666810314
aggregated_ranked_features_gas-N2_keep-N2_post-prestimulus,product,260,test,0.7954545454545454,0.7901430842607313
aggregated_ranked_features_gas-N2_keep-N2_post-prestimulus,product,261,train,1.0,1.0
aggregated_ranked_features_gas-N2_keep-N2_post-prestimulus,product,261,val,0.7796610169491526,0.7794075352315214
aggregated_ranked_features_gas-N2_keep-N2_post-prestimulus,product,261,test,0.7727272727272727,0.7649572649572649
aggregated_ranked_features_gas-N2_keep-N2_post-prestimulus,product,262,train,1.0,1.0
aggregated_ranked_features_gas-N2_keep-N2_post-prestimulus,product,262,val,0.7711864406779662,0.7710384477182897
aggregated_ranked_features_gas-N2_keep-N2_post-prestimulus,product,262,test,0.7954545454545454,0.7901430842607313
aggregated_ranked_features_gas-N2_keep-N2_post-prestimulus,product,263,train,1.0,1.0
aggregated_ranked_features_gas-N2_keep-N2_post-prestimulus,product,263,val,0.7711864406779662,0.7710384477182897
aggregated_ranked_features_gas-N2_keep-N2_post-prestimulus,product,263,test,0.7954545454545454,0.7901430842607313
aggregated_ranked_features_gas-N2_keep-N2_post-prestimulus,product,264,train,1.0,1.0
aggregated_ranked_features_gas-N2_keep-N2_post-prestimulus,product,264,val,0.7711864406779662,0.7710384477182897
aggregated_ranked_features_gas-N2_keep-N2_post-prestimulus,product,264,test,0.75,0.7390835579514825
aggregated_ranked_features_gas-N2_keep-N2_post-prestimulus,product,265,train,1.0,1.0
aggregated_ranked_features_gas-N2_keep-N2_post-prestimulus,product,265,val,0.7457627118644068,0.7456896551724138
aggregated_ranked_features_gas-N2_keep-N2_post-prestimulus,product,265,test,0.8181818181818182,0.8147368421052632
aggregated_ranked_features_gas-N2_keep-N2_post-prestimulus,product,266,train,1.0,1.0
aggregated_ranked_features_gas-N2_keep-N2_post-prestimulus,product,266,val,0.7457627118644068,0.7456896551724138
aggregated_ranked_features_gas-N2_keep-N2_post-prestimulus,product,266,test,0.8181818181818182,0.8147368421052632
aggregated_ranked_features_gas-N2_keep-N2_post-prestimulus,product,267,train,1.0,1.0
aggregated_ranked_features_gas-N2_keep-N2_post-prestimulus,product,267,val,0.7542372881355932,0.7540783327344592
aggregated_ranked_features_gas-N2_keep-N2_post-prestimulus,product,267,test,0.8181818181818182,0.8147368421052632
aggregated_ranked_features_gas-N2_keep-N2_post-prestimulus,product,268,train,1.0,1.0
aggregated_ranked_features_gas-N2_keep-N2_post-prestimulus,product,268,val,0.7627118644067796,0.7626436781609196
aggregated_ranked_features_gas-N2_keep-N2_post-prestimulus,product,268,test,0.8181818181818182,0.8147368421052632
aggregated_ranked_features_gas-N2_keep-N2_post-prestimulus,product,269,train,1.0,1.0
aggregated_ranked_features_gas-N2_keep-N2_post-prestimulus,product,269,val,0.7711864406779662,0.7703783783783784
aggregated_ranked_features_gas-N2_keep-N2_post-prestimulus,product,269,test,0.8181818181818182,0.8147368421052632
aggregated_ranked_features_gas-N2_keep-N2_post-prestimulus,product,270,train,1.0,1.0
aggregated_ranked_features_gas-N2_keep-N2_post-prestimulus,product,270,val,0.7372881355932204,0.7363603603603603
aggregated_ranked_features_gas-N2_keep-N2_post-prestimulus,product,270,test,0.8409090909090909,0.8388278388278387
aggregated_ranked_features_gas-N2_keep-N2_post-prestimulus,product,271,train,1.0,1.0
aggregated_ranked_features_gas-N2_keep-N2_post-prestimulus,product,271,val,0.7627118644067796,0.7626436781609196
aggregated_ranked_features_gas-N2_keep-N2_post-prestimulus,product,271,test,0.8181818181818182,0.8147368421052632
aggregated_ranked_features_gas-N2_keep-N2_post-prestimulus,product,272,train,1.0,1.0
aggregated_ranked_features_gas-N2_keep-N2_post-prestimulus,product,272,val,0.7627118644067796,0.7626436781609196
aggregated_ranked_features_gas-N2_keep-N2_post-prestimulus,product,272,test,0.7954545454545454,0.7901430842607313
aggregated_ranked_features_gas-N2_keep-N2_post-prestimulus,product,273,train,1.0,1.0
aggregated_ranked_features_gas-N2_keep-N2_post-prestimulus,product,273,val,0.7711864406779662,0.7711700064641241
aggregated_ranked_features_gas-N2_keep-N2_post-prestimulus,product,273,test,0.7954545454545454,0.7901430842607313
aggregated_ranked_features_gas-N2_keep-N2_post-prestimulus,product,274,train,1.0,1.0
aggregated_ranked_features_gas-N2_keep-N2_post-prestimulus,product,274,val,0.7711864406779662,0.7710384477182897
aggregated_ranked_features_gas-N2_keep-N2_post-prestimulus,product,274,test,0.7954545454545454,0.7901430842607313
aggregated_ranked_features_gas-N2_keep-N2_post-prestimulus,product,275,train,1.0,1.0
aggregated_ranked_features_gas-N2_keep-N2_post-prestimulus,product,275,val,0.7457627118644068,0.7456896551724138
aggregated_ranked_features_gas-N2_keep-N2_post-prestimulus,product,275,test,0.8636363636363636,0.8625
aggregated_ranked_features_gas-N2_keep-N2_post-prestimulus,product,276,train,1.0,1.0
aggregated_ranked_features_gas-N2_keep-N2_post-prestimulus,product,276,val,0.7711864406779662,0.7711700064641241
aggregated_ranked_features_gas-N2_keep-N2_post-prestimulus,product,276,test,0.8409090909090909,0.8388278388278387
aggregated_ranked_features_gas-N2_keep-N2_post-prestimulus,product,277,train,1.0,1.0
aggregated_ranked_features_gas-N2_keep-N2_post-prestimulus,product,277,val,0.7457627118644068,0.7456896551724138
aggregated_ranked_features_gas-N2_keep-N2_post-prestimulus,product,277,test,0.8409090909090909,0.8388278388278387
aggregated_ranked_features_gas-N2_keep-N2_post-prestimulus,product,278,train,1.0,1.0
aggregated_ranked_features_gas-N2_keep-N2_post-prestimulus,product,278,val,0.7288135593220338,0.728735632183908
aggregated_ranked_features_gas-N2_keep-N2_post-prestimulus,product,278,test,0.7954545454545454,0.7901430842607313
aggregated_ranked_features_gas-N2_keep-N2_post-prestimulus,product,279,train,1.0,1.0
aggregated_ranked_features_gas-N2_keep-N2_post-prestimulus,product,279,val,0.7796610169491526,0.7796610169491526
aggregated_ranked_features_gas-N2_keep-N2_post-prestimulus,product,279,test,0.8181818181818182,0.8147368421052632
aggregated_ranked_features_gas-N2_keep-N2_post-prestimulus,product,280,train,1.0,1.0
aggregated_ranked_features_gas-N2_keep-N2_post-prestimulus,product,280,val,0.7796610169491526,0.7795977011494253
aggregated_ranked_features_gas-N2_keep-N2_post-prestimulus,product,280,test,0.8181818181818182,0.8147368421052632
aggregated_ranked_features_gas-N2_keep-N2_post-prestimulus,product,281,train,1.0,1.0
aggregated_ranked_features_gas-N2_keep-N2_post-prestimulus,product,281,val,0.7796610169491526,0.7795977011494253
aggregated_ranked_features_gas-N2_keep-N2_post-prestimulus,product,281,test,0.8181818181818182,0.8147368421052632
aggregated_ranked_features_gas-N2_keep-N2_post-prestimulus,product,282,train,1.0,1.0
aggregated_ranked_features_gas-N2_keep-N2_post-prestimulus,product,282,val,0.7627118644067796,0.7626436781609196
aggregated_ranked_features_gas-N2_keep-N2_post-prestimulus,product,282,test,0.8409090909090909,0.8388278388278387
aggregated_ranked_features_gas-N2_keep-N2_post-prestimulus,product,283,train,1.0,1.0
aggregated_ranked_features_gas-N2_keep-N2_post-prestimulus,product,283,val,0.7288135593220338,0.7285015818234111
aggregated_ranked_features_gas-N2_keep-N2_post-prestimulus,product,283,test,0.8409090909090909,0.8388278388278387
aggregated_ranked_features_gas-N2_keep-N2_post-prestimulus,product,284,train,1.0,1.0
aggregated_ranked_features_gas-N2_keep-N2_post-prestimulus,product,284,val,0.7542372881355932,0.7542196365725777
aggregated_ranked_features_gas-N2_keep-N2_post-prestimulus,product,284,test,0.8181818181818182,0.8147368421052632
aggregated_ranked_features_gas-N2_keep-N2_post-prestimulus,product,285,train,1.0,1.0
aggregated_ranked_features_gas-N2_keep-N2_post-prestimulus,product,285,val,0.7457627118644068,0.7457627118644068
aggregated_ranked_features_gas-N2_keep-N2_post-prestimulus,product,285,test,0.8181818181818182,0.8147368421052632
aggregated_ranked_features_gas-N2_keep-N2_post-prestimulus,product,286,train,1.0,1.0
aggregated_ranked_features_gas-N2_keep-N2_post-prestimulus,product,286,val,0.7711864406779662,0.7710384477182897
aggregated_ranked_features_gas-N2_keep-N2_post-prestimulus,product,286,test,0.8181818181818182,0.8147368421052632
aggregated_ranked_features_gas-N2_keep-N2_post-prestimulus,product,287,train,1.0,1.0
aggregated_ranked_features_gas-N2_keep-N2_post-prestimulus,product,287,val,0.7711864406779662,0.7710384477182897
aggregated_ranked_features_gas-N2_keep-N2_post-prestimulus,product,287,test,0.8409090909090909,0.8388278388278387
aggregated_ranked_features_gas-N2_keep-N2_post-prestimulus,product,288,train,1.0,1.0
aggregated_ranked_features_gas-N2_keep-N2_post-prestimulus,product,288,val,0.7711864406779662,0.7710384477182897
aggregated_ranked_features_gas-N2_keep-N2_post-prestimulus,product,288,test,0.7954545454545454,0.7901430842607313
aggregated_ranked_features_gas-N2_keep-N2_post-prestimulus,product,289,train,1.0,1.0
aggregated_ranked_features_gas-N2_keep-N2_post-prestimulus,product,289,val,0.7711864406779662,0.7711700064641241
aggregated_ranked_features_gas-N2_keep-N2_post-prestimulus,product,289,test,0.8181818181818182,0.8147368421052632
aggregated_ranked_features_gas-N2_keep-N2_post-prestimulus,product,290,train,1.0,1.0
aggregated_ranked_features_gas-N2_keep-N2_post-prestimulus,product,290,val,0.7627118644067796,0.7627118644067796
aggregated_ranked_features_gas-N2_keep-N2_post-prestimulus,product,290,test,0.8409090909090909,0.8388278388278387
aggregated_ranked_features_gas-N2_keep-N2_post-prestimulus,product,291,train,1.0,1.0
aggregated_ranked_features_gas-N2_keep-N2_post-prestimulus,product,291,val,0.7796610169491526,0.7795977011494253
aggregated_ranked_features_gas-N2_keep-N2_post-prestimulus,product,291,test,0.8181818181818182,0.8147368421052632
aggregated_ranked_features_gas-N2_keep-N2_post-prestimulus,product,292,train,1.0,1.0
aggregated_ranked_features_gas-N2_keep-N2_post-prestimulus,product,292,val,0.7796610169491526,0.7796610169491526
aggregated_ranked_features_gas-N2_keep-N2_post-prestimulus,product,292,test,0.8181818181818182,0.8147368421052632
aggregated_ranked_features_gas-N2_keep-N2_post-prestimulus,product,293,train,1.0,1.0
aggregated_ranked_features_gas-N2_keep-N2_post-prestimulus,product,293,val,0.7372881355932204,0.7372692666810314
aggregated_ranked_features_gas-N2_keep-N2_post-prestimulus,product,293,test,0.8181818181818182,0.8147368421052632
aggregated_ranked_features_gas-N2_keep-N2_post-prestimulus,product,294,train,1.0,1.0
aggregated_ranked_features_gas-N2_keep-N2_post-prestimulus,product,294,val,0.7796610169491526,0.7796610169491526
aggregated_ranked_features_gas-N2_keep-N2_post-prestimulus,product,294,test,0.8409090909090909,0.8388278388278387
aggregated_ranked_features_gas-N2_keep-N2_post-prestimulus,product,295,train,1.0,1.0
aggregated_ranked_features_gas-N2_keep-N2_post-prestimulus,product,295,val,0.7542372881355932,0.7540783327344592
aggregated_ranked_features_gas-N2_keep-N2_post-prestimulus,product,295,test,0.7954545454545454,0.7901430842607313
aggregated_ranked_features_gas-N2_keep-N2_post-prestimulus,product,296,train,1.0,1.0
aggregated_ranked_features_gas-N2_keep-N2_post-prestimulus,product,296,val,0.7542372881355932,0.7540783327344592
aggregated_ranked_features_gas-N2_keep-N2_post-prestimulus,product,296,test,0.7954545454545454,0.7901430842607313
aggregated_ranked_features_gas-N2_keep-N2_post-prestimulus,product,297,train,1.0,1.0
aggregated_ranked_features_gas-N2_keep-N2_post-prestimulus,product,297,val,0.7711864406779662,0.7711700064641241
aggregated_ranked_features_gas-N2_keep-N2_post-prestimulus,product,297,test,0.8181818181818182,0.8147368421052632
aggregated_ranked_features_gas-N2_keep-N2_post-prestimulus,product,298,train,1.0,1.0
aggregated_ranked_features_gas-N2_keep-N2_post-prestimulus,product,298,val,0.7372881355932204,0.7372692666810314
aggregated_ranked_features_gas-N2_keep-N2_post-prestimulus,product,298,test,0.7954545454545454,0.7901430842607313
aggregated_ranked_features_gas-N2_keep-N2_post-prestimulus,product,299,train,1.0,1.0
aggregated_ranked_features_gas-N2_keep-N2_post-prestimulus,product,299,val,0.7627118644067796,0.7627118644067796
aggregated_ranked_features_gas-N2_keep-N2_post-prestimulus,product,299,test,0.8409090909090909,0.8388278388278387
aggregated_ranked_features_gas-N2_keep-N2_post-prestimulus,product,300,train,1.0,1.0
aggregated_ranked_features_gas-N2_keep-N2_post-prestimulus,product,300,val,0.7457627118644068,0.7457627118644068
aggregated_ranked_features_gas-N2_keep-N2_post-prestimulus,product,300,test,0.8181818181818182,0.8147368421052632
aggregated_ranked_features_gas-N2_keep-N2_post-prestimulus,product,301,train,1.0,1.0
aggregated_ranked_features_gas-N2_keep-N2_post-prestimulus,product,301,val,0.7288135593220338,0.728735632183908
aggregated_ranked_features_gas-N2_keep-N2_post-prestimulus,product,301,test,0.8181818181818182,0.8147368421052632
aggregated_ranked_features_gas-N2_keep-N2_post-prestimulus,product,302,train,1.0,1.0
aggregated_ranked_features_gas-N2_keep-N2_post-prestimulus,product,302,val,0.7627118644067796,0.7624388840954845
aggregated_ranked_features_gas-N2_keep-N2_post-prestimulus,product,302,test,0.8181818181818182,0.8147368421052632
aggregated_ranked_features_gas-N2_keep-N2_post-prestimulus,product,303,train,1.0,1.0
aggregated_ranked_features_gas-N2_keep-N2_post-prestimulus,product,303,val,0.7711864406779662,0.7711700064641241
aggregated_ranked_features_gas-N2_keep-N2_post-prestimulus,product,303,test,0.8181818181818182,0.8147368421052632
aggregated_ranked_features_gas-N2_keep-N2_post-prestimulus,product,304,train,1.0,1.0
aggregated_ranked_features_gas-N2_keep-N2_post-prestimulus,product,304,val,0.7372881355932204,0.7372692666810314
aggregated_ranked_features_gas-N2_keep-N2_post-prestimulus,product,304,test,0.7954545454545454,0.7901430842607313
aggregated_ranked_features_gas-N2_keep-N2_post-prestimulus,product,305,train,1.0,1.0
aggregated_ranked_features_gas-N2_keep-N2_post-prestimulus,product,305,val,0.7457627118644068,0.7457627118644068
aggregated_ranked_features_gas-N2_keep-N2_post-prestimulus,product,305,test,0.7954545454545454,0.7901430842607313
aggregated_ranked_features_gas-N2_keep-N2_post-prestimulus,product,306,train,1.0,1.0
aggregated_ranked_features_gas-N2_keep-N2_post-prestimulus,product,306,val,0.7627118644067796,0.7627118644067796
aggregated_ranked_features_gas-N2_keep-N2_post-prestimulus,product,306,test,0.8409090909090909,0.8388278388278387
aggregated_ranked_features_gas-N2_keep-N2_post-prestimulus,product,307,train,1.0,1.0
aggregated_ranked_features_gas-N2_keep-N2_post-prestimulus,product,307,val,0.7372881355932204,0.7372692666810314
aggregated_ranked_features_gas-N2_keep-N2_post-prestimulus,product,307,test,0.8181818181818182,0.8147368421052632
aggregated_ranked_features_gas-N2_keep-N2_post-prestimulus,product,308,train,1.0,1.0
aggregated_ranked_features_gas-N2_keep-N2_post-prestimulus,product,308,val,0.7457627118644068,0.7456896551724138
aggregated_ranked_features_gas-N2_keep-N2_post-prestimulus,product,308,test,0.7954545454545454,0.7901430842607313
aggregated_ranked_features_gas-N2_keep-N2_post-prestimulus,product,309,train,1.0,1.0
aggregated_ranked_features_gas-N2_keep-N2_post-prestimulus,product,309,val,0.7542372881355932,0.7540783327344592
aggregated_ranked_features_gas-N2_keep-N2_post-prestimulus,product,309,test,0.8409090909090909,0.8388278388278387
aggregated_ranked_features_gas-N2_keep-N2_post-prestimulus,product,310,train,1.0,1.0
aggregated_ranked_features_gas-N2_keep-N2_post-prestimulus,product,310,val,0.7627118644067796,0.7626436781609196
aggregated_ranked_features_gas-N2_keep-N2_post-prestimulus,product,310,test,0.8181818181818182,0.8147368421052632
aggregated_ranked_features_gas-N2_keep-N2_post-prestimulus,product,311,train,1.0,1.0
aggregated_ranked_features_gas-N2_keep-N2_post-prestimulus,product,311,val,0.7457627118644068,0.7456896551724138
aggregated_ranked_features_gas-N2_keep-N2_post-prestimulus,product,311,test,0.8409090909090909,0.8388278388278387
aggregated_ranked_features_gas-N2_keep-N2_post-prestimulus,product,312,train,1.0,1.0
aggregated_ranked_features_gas-N2_keep-N2_post-prestimulus,product,312,val,0.7542372881355932,0.7542196365725777
aggregated_ranked_features_gas-N2_keep-N2_post-prestimulus,product,312,test,0.8409090909090909,0.8388278388278387
aggregated_ranked_features_gas-N2_keep-N2_post-prestimulus,product,313,train,1.0,1.0
aggregated_ranked_features_gas-N2_keep-N2_post-prestimulus,product,313,val,0.7372881355932204,0.7371182177506288
aggregated_ranked_features_gas-N2_keep-N2_post-prestimulus,product,313,test,0.8181818181818182,0.8147368421052632
aggregated_ranked_features_gas-N2_keep-N2_post-prestimulus,product,314,train,1.0,1.0
aggregated_ranked_features_gas-N2_keep-N2_post-prestimulus,product,314,val,0.7796610169491526,0.7794075352315214
aggregated_ranked_features_gas-N2_keep-N2_post-prestimulus,product,314,test,0.8181818181818182,0.8147368421052632
aggregated_ranked_features_gas-N2_keep-N2_post-prestimulus,product,315,train,1.0,1.0
aggregated_ranked_features_gas-N2_keep-N2_post-prestimulus,product,315,val,0.7372881355932204,0.7371182177506288
aggregated_ranked_features_gas-N2_keep-N2_post-prestimulus,product,315,test,0.8181818181818182,0.8147368421052632
aggregated_ranked_features_gas-N2_keep-N2_post-prestimulus,product,316,train,1.0,1.0
aggregated_ranked_features_gas-N2_keep-N2_post-prestimulus,product,316,val,0.7457627118644068,0.7457627118644068
aggregated_ranked_features_gas-N2_keep-N2_post-prestimulus,product,316,test,0.8409090909090909,0.8388278388278387
aggregated_ranked_features_gas-N2_keep-N2_post-prestimulus,product,317,train,1.0,1.0
aggregated_ranked_features_gas-N2_keep-N2_post-prestimulus,product,317,val,0.7203389830508474,0.7201581027667985
aggregated_ranked_features_gas-N2_keep-N2_post-prestimulus,product,317,test,0.8181818181818182,0.8147368421052632
aggregated_ranked_features_gas-N2_keep-N2_post-prestimulus,product,318,train,1.0,1.0
aggregated_ranked_features_gas-N2_keep-N2_post-prestimulus,product,318,val,0.7627118644067796,0.7626436781609196
aggregated_ranked_features_gas-N2_keep-N2_post-prestimulus,product,318,test,0.8409090909090909,0.8388278388278387
aggregated_ranked_features_gas-N2_keep-N2_post-prestimulus,product,319,train,1.0,1.0
aggregated_ranked_features_gas-N2_keep-N2_post-prestimulus,product,319,val,0.7203389830508474,0.7198359594215411
aggregated_ranked_features_gas-N2_keep-N2_post-prestimulus,product,319,test,0.8409090909090909,0.8388278388278387
aggregated_ranked_features_gas-N2_keep-N2_post-prestimulus,product,320,train,1.0,1.0
aggregated_ranked_features_gas-N2_keep-N2_post-prestimulus,product,320,val,0.7542372881355932,0.7542196365725777
aggregated_ranked_features_gas-N2_keep-N2_post-prestimulus,product,320,test,0.7954545454545454,0.7901430842607313
aggregated_ranked_features_gas-N2_keep-N2_post-prestimulus,product,321,train,1.0,1.0
aggregated_ranked_features_gas-N2_keep-N2_post-prestimulus,product,321,val,0.7288135593220338,0.7285015818234111
aggregated_ranked_features_gas-N2_keep-N2_post-prestimulus,product,321,test,0.8181818181818182,0.8166666666666667
aggregated_ranked_features_gas-N2_keep-N2_post-prestimulus,product,322,train,1.0,1.0
aggregated_ranked_features_gas-N2_keep-N2_post-prestimulus,product,322,val,0.7372881355932204,0.7371182177506288
aggregated_ranked_features_gas-N2_keep-N2_post-prestimulus,product,322,test,0.7954545454545454,0.7901430842607313
aggregated_ranked_features_gas-N2_keep-N2_post-prestimulus,product,323,train,1.0,1.0
aggregated_ranked_features_gas-N2_keep-N2_post-prestimulus,product,323,val,0.7542372881355932,0.7542196365725777
aggregated_ranked_features_gas-N2_keep-N2_post-prestimulus,product,323,test,0.8181818181818182,0.8147368421052632
aggregated_ranked_features_gas-N2_keep-N2_post-prestimulus,product,324,train,1.0,1.0
aggregated_ranked_features_gas-N2_keep-N2_post-prestimulus,product,324,val,0.7457627118644068,0.7457627118644068
aggregated_ranked_features_gas-N2_keep-N2_post-prestimulus,product,324,test,0.7954545454545454,0.7901430842607313
aggregated_ranked_features_gas-N2_keep-N2_post-prestimulus,product,325,train,1.0,1.0
aggregated_ranked_features_gas-N2_keep-N2_post-prestimulus,product,325,val,0.7457627118644068,0.7456896551724138
aggregated_ranked_features_gas-N2_keep-N2_post-prestimulus,product,325,test,0.8181818181818182,0.8147368421052632
aggregated_ranked_features_gas-N2_keep-N2_post-prestimulus,product,326,train,1.0,1.0
aggregated_ranked_features_gas-N2_keep-N2_post-prestimulus,product,326,val,0.7203389830508474,0.720318896789485
aggregated_ranked_features_gas-N2_keep-N2_post-prestimulus,product,326,test,0.7727272727272727,0.7649572649572649
aggregated_ranked_features_gas-N2_keep-N2_post-prestimulus,product,327,train,1.0,1.0
aggregated_ranked_features_gas-N2_keep-N2_post-prestimulus,product,327,val,0.7203389830508474,0.720318896789485
aggregated_ranked_features_gas-N2_keep-N2_post-prestimulus,product,327,test,0.8181818181818182,0.8147368421052632
aggregated_ranked_features_gas-N2_keep-N2_post-prestimulus,product,328,train,1.0,1.0
aggregated_ranked_features_gas-N2_keep-N2_post-prestimulus,product,328,val,0.7203389830508474,0.720318896789485
aggregated_ranked_features_gas-N2_keep-N2_post-prestimulus,product,328,test,0.8181818181818182,0.8147368421052632
aggregated_ranked_features_gas-N2_keep-N2_post-prestimulus,product,329,train,1.0,1.0
aggregated_ranked_features_gas-N2_keep-N2_post-prestimulus,product,329,val,0.7288135593220338,0.728735632183908
aggregated_ranked_features_gas-N2_keep-N2_post-prestimulus,product,329,test,0.8181818181818182,0.8147368421052632
aggregated_ranked_features_gas-N2_keep-N2_post-prestimulus,product,330,train,1.0,1.0
aggregated_ranked_features_gas-N2_keep-N2_post-prestimulus,product,330,val,0.7542372881355932,0.7540783327344592
aggregated_ranked_features_gas-N2_keep-N2_post-prestimulus,product,330,test,0.8181818181818182,0.8147368421052632
aggregated_ranked_features_gas-N2_keep-N2_post-prestimulus,product,331,train,1.0,1.0
aggregated_ranked_features_gas-N2_keep-N2_post-prestimulus,product,331,val,0.7372881355932204,0.7371182177506288
aggregated_ranked_features_gas-N2_keep-N2_post-prestimulus,product,331,test,0.8409090909090909,0.8388278388278387
aggregated_ranked_features_gas-N2_keep-N2_post-prestimulus,product,332,train,1.0,1.0
aggregated_ranked_features_gas-N2_keep-N2_post-prestimulus,product,332,val,0.7372881355932204,0.7371182177506288
aggregated_ranked_features_gas-N2_keep-N2_post-prestimulus,product,332,test,0.8409090909090909,0.8388278388278387
aggregated_ranked_features_gas-N2_keep-N2_post-prestimulus,product,333,train,1.0,1.0
aggregated_ranked_features_gas-N2_keep-N2_post-prestimulus,product,333,val,0.7542372881355932,0.7542196365725777
aggregated_ranked_features_gas-N2_keep-N2_post-prestimulus,product,333,test,0.7727272727272727,0.7649572649572649
aggregated_ranked_features_gas-N2_keep-N2_post-prestimulus,product,334,train,1.0,1.0
aggregated_ranked_features_gas-N2_keep-N2_post-prestimulus,product,334,val,0.7457627118644068,0.7451036866359446
aggregated_ranked_features_gas-N2_keep-N2_post-prestimulus,product,334,test,0.8409090909090909,0.8388278388278387
aggregated_ranked_features_gas-N2_keep-N2_post-prestimulus,product,335,train,1.0,1.0
aggregated_ranked_features_gas-N2_keep-N2_post-prestimulus,product,335,val,0.7711864406779662,0.7710384477182897
aggregated_ranked_features_gas-N2_keep-N2_post-prestimulus,product,335,test,0.7954545454545454,0.7901430842607313
aggregated_ranked_features_gas-N2_keep-N2_post-prestimulus,product,336,train,1.0,1.0
aggregated_ranked_features_gas-N2_keep-N2_post-prestimulus,product,336,val,0.7796610169491526,0.7796610169491526
aggregated_ranked_features_gas-N2_keep-N2_post-prestimulus,product,336,test,0.7727272727272727,0.7649572649572649
aggregated_ranked_features_gas-N2_keep-N2_post-prestimulus,product,337,train,1.0,1.0
aggregated_ranked_features_gas-N2_keep-N2_post-prestimulus,product,337,val,0.7542372881355932,0.7540783327344592
aggregated_ranked_features_gas-N2_keep-N2_post-prestimulus,product,337,test,0.7727272727272727,0.7649572649572649
aggregated_ranked_features_gas-N2_keep-N2_post-prestimulus,product,338,train,1.0,1.0
aggregated_ranked_features_gas-N2_keep-N2_post-prestimulus,product,338,val,0.7542372881355932,0.7540783327344592
aggregated_ranked_features_gas-N2_keep-N2_post-prestimulus,product,338,test,0.7727272727272727,0.7649572649572649
aggregated_ranked_features_gas-N2_keep-N2_post-prestimulus,product,339,train,1.0,1.0
aggregated_ranked_features_gas-N2_keep-N2_post-prestimulus,product,339,val,0.7711864406779662,0.7711700064641241
aggregated_ranked_features_gas-N2_keep-N2_post-prestimulus,product,339,test,0.8409090909090909,0.8388278388278387
aggregated_ranked_features_gas-N2_keep-N2_post-prestimulus,product,340,train,1.0,1.0
aggregated_ranked_features_gas-N2_keep-N2_post-prestimulus,product,340,val,0.7711864406779662,0.7711700064641241
aggregated_ranked_features_gas-N2_keep-N2_post-prestimulus,product,340,test,0.8409090909090909,0.8388278388278387
aggregated_ranked_features_gas-N2_keep-N2_post-prestimulus,product,341,train,1.0,1.0
aggregated_ranked_features_gas-N2_keep-N2_post-prestimulus,product,341,val,0.7372881355932204,0.7372692666810314
aggregated_ranked_features_gas-N2_keep-N2_post-prestimulus,product,341,test,0.8181818181818182,0.8147368421052632
aggregated_ranked_features_gas-N2_keep-N2_post-prestimulus,product,342,train,1.0,1.0
aggregated_ranked_features_gas-N2_keep-N2_post-prestimulus,product,342,val,0.7457627118644068,0.7456896551724138
aggregated_ranked_features_gas-N2_keep-N2_post-prestimulus,product,342,test,0.75,0.7390835579514825
aggregated_ranked_features_gas-N2_keep-N2_post-prestimulus,product,343,train,1.0,1.0
aggregated_ranked_features_gas-N2_keep-N2_post-prestimulus,product,343,val,0.7627118644067796,0.7626436781609196
aggregated_ranked_features_gas-N2_keep-N2_post-prestimulus,product,343,test,0.8181818181818182,0.8147368421052632
aggregated_ranked_features_gas-N2_keep-N2_post-prestimulus,product,344,train,1.0,1.0
aggregated_ranked_features_gas-N2_keep-N2_post-prestimulus,product,344,val,0.7627118644067796,0.7624388840954845
aggregated_ranked_features_gas-N2_keep-N2_post-prestimulus,product,344,test,0.7954545454545454,0.7901430842607313
aggregated_ranked_features_gas-N2_keep-N2_post-prestimulus,product,345,train,1.0,1.0
aggregated_ranked_features_gas-N2_keep-N2_post-prestimulus,product,345,val,0.7542372881355932,0.7540783327344592
aggregated_ranked_features_gas-N2_keep-N2_post-prestimulus,product,345,test,0.7727272727272727,0.7684210526315789
aggregated_ranked_features_gas-N2_keep-N2_post-prestimulus,product,346,train,1.0,1.0
aggregated_ranked_features_gas-N2_keep-N2_post-prestimulus,product,346,val,0.7542372881355932,0.7542196365725777
aggregated_ranked_features_gas-N2_keep-N2_post-prestimulus,product,346,test,0.8181818181818182,0.8147368421052632
aggregated_ranked_features_gas-N2_keep-N2_post-prestimulus,product,347,train,1.0,1.0
aggregated_ranked_features_gas-N2_keep-N2_post-prestimulus,product,347,val,0.7542372881355932,0.7542196365725777
aggregated_ranked_features_gas-N2_keep-N2_post-prestimulus,product,347,test,0.8181818181818182,0.8147368421052632
aggregated_ranked_features_gas-N2_keep-N2_post-prestimulus,product,348,train,1.0,1.0
aggregated_ranked_features_gas-N2_keep-N2_post-prestimulus,product,348,val,0.7542372881355932,0.753795237067415
aggregated_ranked_features_gas-N2_keep-N2_post-prestimulus,product,348,test,0.8181818181818182,0.8147368421052632
aggregated_ranked_features_gas-N2_keep-N2_post-prestimulus,product,349,train,1.0,1.0
aggregated_ranked_features_gas-N2_keep-N2_post-prestimulus,product,349,val,0.7457627118644068,0.7457627118644068
aggregated_ranked_features_gas-N2_keep-N2_post-prestimulus,product,349,test,0.8181818181818182,0.8147368421052632
aggregated_ranked_features_gas-N2_keep-N2_post-prestimulus,product,350,train,1.0,1.0
aggregated_ranked_features_gas-N2_keep-N2_post-prestimulus,product,350,val,0.7711864406779662,0.7711700064641241
aggregated_ranked_features_gas-N2_keep-N2_post-prestimulus,product,350,test,0.7954545454545454,0.7901430842607313
aggregated_ranked_features_gas-N2_keep-N2_post-prestimulus,product,351,train,1.0,1.0
aggregated_ranked_features_gas-N2_keep-N2_post-prestimulus,product,351,val,0.788135593220339,0.7881203763556704
aggregated_ranked_features_gas-N2_keep-N2_post-prestimulus,product,351,test,0.7954545454545454,0.7901430842607313
aggregated_ranked_features_gas-N2_keep-N2_post-prestimulus,product,352,train,1.0,1.0
aggregated_ranked_features_gas-N2_keep-N2_post-prestimulus,product,352,val,0.788135593220339,0.7881203763556704
aggregated_ranked_features_gas-N2_keep-N2_post-prestimulus,product,352,test,0.7954545454545454,0.7901430842607313
aggregated_ranked_features_gas-N2_keep-N2_post-prestimulus,product,353,train,1.0,1.0
aggregated_ranked_features_gas-N2_keep-N2_post-prestimulus,product,353,val,0.7627118644067796,0.7627118644067796
aggregated_ranked_features_gas-N2_keep-N2_post-prestimulus,product,353,test,0.8181818181818182,0.8147368421052632
aggregated_ranked_features_gas-N2_keep-N2_post-prestimulus,product,354,train,1.0,1.0
aggregated_ranked_features_gas-N2_keep-N2_post-prestimulus,product,354,val,0.7627118644067796,0.7626436781609196
aggregated_ranked_features_gas-N2_keep-N2_post-prestimulus,product,354,test,0.8181818181818182,0.8147368421052632
aggregated_ranked_features_gas-N2_keep-N2_post-prestimulus,product,355,train,1.0,1.0
aggregated_ranked_features_gas-N2_keep-N2_post-prestimulus,product,355,val,0.7457627118644068,0.7457627118644068
aggregated_ranked_features_gas-N2_keep-N2_post-prestimulus,product,355,test,0.8409090909090909,0.8388278388278387
aggregated_ranked_features_gas-N2_keep-N2_post-prestimulus,product,356,train,1.0,1.0
aggregated_ranked_features_gas-N2_keep-N2_post-prestimulus,product,356,val,0.7627118644067796,0.7627118644067796
aggregated_ranked_features_gas-N2_keep-N2_post-prestimulus,product,356,test,0.8181818181818182,0.8147368421052632
aggregated_ranked_features_gas-N2_keep-N2_post-prestimulus,product,357,train,1.0,1.0
aggregated_ranked_features_gas-N2_keep-N2_post-prestimulus,product,357,val,0.8050847457627118,0.8050707462472169
aggregated_ranked_features_gas-N2_keep-N2_post-prestimulus,product,357,test,0.8181818181818182,0.8147368421052632
aggregated_ranked_features_gas-N2_keep-N2_post-prestimulus,product,358,train,1.0,1.0
aggregated_ranked_features_gas-N2_keep-N2_post-prestimulus,product,358,val,0.7542372881355932,0.7540783327344592
aggregated_ranked_features_gas-N2_keep-N2_post-prestimulus,product,358,test,0.8181818181818182,0.8147368421052632
aggregated_ranked_features_gas-N2_keep-N2_post-prestimulus,product,359,train,1.0,1.0
aggregated_ranked_features_gas-N2_keep-N2_post-prestimulus,product,359,val,0.788135593220339,0.7881203763556704
aggregated_ranked_features_gas-N2_keep-N2_post-prestimulus,product,359,test,0.8181818181818182,0.8147368421052632
aggregated_ranked_features_gas-N2_keep-N2_post-prestimulus,product,360,train,1.0,1.0
aggregated_ranked_features_gas-N2_keep-N2_post-prestimulus,product,360,val,0.7796610169491526,0.7794075352315214
aggregated_ranked_features_gas-N2_keep-N2_post-prestimulus,product,360,test,0.8181818181818182,0.8147368421052632
aggregated_ranked_features_gas-N2_keep-N2_post-prestimulus,product,361,train,1.0,1.0
aggregated_ranked_features_gas-N2_keep-N2_post-prestimulus,product,361,val,0.7711864406779662,0.7711700064641241
aggregated_ranked_features_gas-N2_keep-N2_post-prestimulus,product,361,test,0.8181818181818182,0.8147368421052632
aggregated_ranked_features_gas-N2_keep-N2_post-prestimulus,product,362,train,1.0,1.0
aggregated_ranked_features_gas-N2_keep-N2_post-prestimulus,product,362,val,0.7711864406779662,0.7710384477182897
aggregated_ranked_features_gas-N2_keep-N2_post-prestimulus,product,362,test,0.8409090909090909,0.8388278388278387
aggregated_ranked_features_gas-N2_keep-N2_post-prestimulus,product,363,train,1.0,1.0
aggregated_ranked_features_gas-N2_keep-N2_post-prestimulus,product,363,val,0.7711864406779662,0.7710384477182897
aggregated_ranked_features_gas-N2_keep-N2_post-prestimulus,product,363,test,0.8409090909090909,0.8388278388278387
aggregated_ranked_features_gas-N2_keep-N2_post-prestimulus,product,364,train,1.0,1.0
aggregated_ranked_features_gas-N2_keep-N2_post-prestimulus,product,364,val,0.7372881355932204,0.7372692666810314
aggregated_ranked_features_gas-N2_keep-N2_post-prestimulus,product,364,test,0.7954545454545454,0.7901430842607313
aggregated_ranked_features_gas-N2_keep-N2_post-prestimulus,product,365,train,1.0,1.0
aggregated_ranked_features_gas-N2_keep-N2_post-prestimulus,product,365,val,0.7627118644067796,0.7624388840954845
aggregated_ranked_features_gas-N2_keep-N2_post-prestimulus,product,365,test,0.75,0.7390835579514825
aggregated_ranked_features_gas-N2_keep-N2_post-prestimulus,product,366,train,1.0,1.0
aggregated_ranked_features_gas-N2_keep-N2_post-prestimulus,product,366,val,0.7966101694915254,0.7966101694915254
aggregated_ranked_features_gas-N2_keep-N2_post-prestimulus,product,366,test,0.7727272727272727,0.7649572649572649
aggregated_ranked_features_gas-N2_keep-N2_post-prestimulus,product,367,train,1.0,1.0
aggregated_ranked_features_gas-N2_keep-N2_post-prestimulus,product,367,val,0.7627118644067796,0.7627118644067796
aggregated_ranked_features_gas-N2_keep-N2_post-prestimulus,product,367,test,0.7954545454545454,0.7901430842607313
aggregated_ranked_features_gas-N2_keep-N2_post-prestimulus,product,368,train,1.0,1.0
aggregated_ranked_features_gas-N2_keep-N2_post-prestimulus,product,368,val,0.788135593220339,0.7877545147132887
aggregated_ranked_features_gas-N2_keep-N2_post-prestimulus,product,368,test,0.8636363636363636,0.8625
aggregated_ranked_features_gas-N2_keep-N2_post-prestimulus,product,369,train,1.0,1.0
aggregated_ranked_features_gas-N2_keep-N2_post-prestimulus,product,369,val,0.8050847457627118,0.8050707462472169
aggregated_ranked_features_gas-N2_keep-N2_post-prestimulus,product,369,test,0.7954545454545454,0.7901430842607313
aggregated_ranked_features_gas-N2_keep-N2_post-prestimulus,product,370,train,1.0,1.0
aggregated_ranked_features_gas-N2_keep-N2_post-prestimulus,product,370,val,0.7796610169491526,0.7796610169491526
aggregated_ranked_features_gas-N2_keep-N2_post-prestimulus,product,370,test,0.8181818181818182,0.8147368421052632
aggregated_ranked_features_gas-N2_keep-N2_post-prestimulus,product,371,train,1.0,1.0
aggregated_ranked_features_gas-N2_keep-N2_post-prestimulus,product,371,val,0.8050847457627118,0.8050707462472169
aggregated_ranked_features_gas-N2_keep-N2_post-prestimulus,product,371,test,0.7954545454545454,0.7901430842607313
aggregated_ranked_features_gas-N2_keep-N2_post-prestimulus,product,372,train,1.0,1.0
aggregated_ranked_features_gas-N2_keep-N2_post-prestimulus,product,372,val,0.7796610169491526,0.7795977011494253
aggregated_ranked_features_gas-N2_keep-N2_post-prestimulus,product,372,test,0.7727272727272727,0.7649572649572649
aggregated_ranked_features_gas-N2_keep-N2_post-prestimulus,product,373,train,1.0,1.0
aggregated_ranked_features_gas-N2_keep-N2_post-prestimulus,product,373,val,0.7796610169491526,0.7795977011494253
aggregated_ranked_features_gas-N2_keep-N2_post-prestimulus,product,373,test,0.8181818181818182,0.8147368421052632
aggregated_ranked_features_gas-N2_keep-N2_post-prestimulus,product,374,train,1.0,1.0
aggregated_ranked_features_gas-N2_keep-N2_post-prestimulus,product,374,val,0.788135593220339,0.7881203763556704
aggregated_ranked_features_gas-N2_keep-N2_post-prestimulus,product,374,test,0.8181818181818182,0.8147368421052632
aggregated_ranked_features_gas-N2_keep-N2_post-prestimulus,product,375,train,1.0,1.0
aggregated_ranked_features_gas-N2_keep-N2_post-prestimulus,product,375,val,0.788135593220339,0.7881203763556704
aggregated_ranked_features_gas-N2_keep-N2_post-prestimulus,product,375,test,0.8181818181818182,0.8147368421052632
aggregated_ranked_features_gas-N2_keep-N2_post-prestimulus,product,376,train,1.0,1.0
aggregated_ranked_features_gas-N2_keep-N2_post-prestimulus,product,376,val,0.7542372881355932,0.7540783327344592
aggregated_ranked_features_gas-N2_keep-N2_post-prestimulus,product,376,test,0.8409090909090909,0.8388278388278387
aggregated_ranked_features_gas-N2_keep-N2_post-prestimulus,product,377,train,1.0,1.0
aggregated_ranked_features_gas-N2_keep-N2_post-prestimulus,product,377,val,0.7627118644067796,0.7626436781609196
aggregated_ranked_features_gas-N2_keep-N2_post-prestimulus,product,377,test,0.8409090909090909,0.8388278388278387
aggregated_ranked_features_gas-N2_keep-N2_post-prestimulus,product,378,train,1.0,1.0
aggregated_ranked_features_gas-N2_keep-N2_post-prestimulus,product,378,val,0.8050847457627118,0.8050707462472169
aggregated_ranked_features_gas-N2_keep-N2_post-prestimulus,product,378,test,0.8409090909090909,0.8388278388278387
aggregated_ranked_features_gas-N2_keep-N2_post-prestimulus,product,379,train,1.0,1.0
aggregated_ranked_features_gas-N2_keep-N2_post-prestimulus,product,379,val,0.8050847457627118,0.8050707462472169
aggregated_ranked_features_gas-N2_keep-N2_post-prestimulus,product,379,test,0.8409090909090909,0.8388278388278387
aggregated_ranked_features_gas-N2_keep-N2_post-prestimulus,product,380,train,1.0,1.0
aggregated_ranked_features_gas-N2_keep-N2_post-prestimulus,product,380,val,0.8050847457627118,0.8050707462472169
aggregated_ranked_features_gas-N2_keep-N2_post-prestimulus,product,380,test,0.7954545454545454,0.7901430842607313
aggregated_ranked_features_gas-N2_keep-N2_post-prestimulus,product,381,train,1.0,1.0
aggregated_ranked_features_gas-N2_keep-N2_post-prestimulus,product,381,val,0.8050847457627118,0.8050707462472169
aggregated_ranked_features_gas-N2_keep-N2_post-prestimulus,product,381,test,0.8181818181818182,0.8147368421052632
aggregated_ranked_features_gas-N2_keep-N2_post-prestimulus,product,382,train,1.0,1.0
aggregated_ranked_features_gas-N2_keep-N2_post-prestimulus,product,382,val,0.788135593220339,0.7881203763556704
aggregated_ranked_features_gas-N2_keep-N2_post-prestimulus,product,382,test,0.8181818181818182,0.8147368421052632
aggregated_ranked_features_gas-N2_keep-N2_post-prestimulus,product,383,train,1.0,1.0
aggregated_ranked_features_gas-N2_keep-N2_post-prestimulus,product,383,val,0.7627118644067796,0.7626436781609196
aggregated_ranked_features_gas-N2_keep-N2_post-prestimulus,product,383,test,0.7727272727272727,0.7649572649572649
aggregated_ranked_features_gas-N2_keep-N2_post-prestimulus,product,384,train,1.0,1.0
aggregated_ranked_features_gas-N2_keep-N2_post-prestimulus,product,384,val,0.7627118644067796,0.7627118644067796
aggregated_ranked_features_gas-N2_keep-N2_post-prestimulus,product,384,test,0.7727272727272727,0.7649572649572649
aggregated_ranked_features_gas-N2_keep-N2_post-prestimulus,product,385,train,1.0,1.0
aggregated_ranked_features_gas-N2_keep-N2_post-prestimulus,product,385,val,0.7796610169491526,0.7796610169491526
aggregated_ranked_features_gas-N2_keep-N2_post-prestimulus,product,385,test,0.8181818181818182,0.8147368421052632
aggregated_ranked_features_gas-N2_keep-N2_post-prestimulus,product,386,train,1.0,1.0
aggregated_ranked_features_gas-N2_keep-N2_post-prestimulus,product,386,val,0.788135593220339,0.7881203763556704
aggregated_ranked_features_gas-N2_keep-N2_post-prestimulus,product,386,test,0.8181818181818182,0.8147368421052632
aggregated_ranked_features_gas-N2_keep-N2_post-prestimulus,product,387,train,1.0,1.0
aggregated_ranked_features_gas-N2_keep-N2_post-prestimulus,product,387,val,0.7966101694915254,0.7966101694915254
aggregated_ranked_features_gas-N2_keep-N2_post-prestimulus,product,387,test,0.8181818181818182,0.8147368421052632
aggregated_ranked_features_gas-N2_keep-N2_post-prestimulus,product,388,train,1.0,1.0
aggregated_ranked_features_gas-N2_keep-N2_post-prestimulus,product,388,val,0.7711864406779662,0.7711700064641241
aggregated_ranked_features_gas-N2_keep-N2_post-prestimulus,product,388,test,0.7954545454545454,0.7901430842607313
aggregated_ranked_features_gas-N2_keep-N2_post-prestimulus,product,389,train,1.0,1.0
aggregated_ranked_features_gas-N2_keep-N2_post-prestimulus,product,389,val,0.7796610169491526,0.7795977011494253
aggregated_ranked_features_gas-N2_keep-N2_post-prestimulus,product,389,test,0.7727272727272727,0.7649572649572649
aggregated_ranked_features_gas-N2_keep-N2_post-prestimulus,product,390,train,1.0,1.0
aggregated_ranked_features_gas-N2_keep-N2_post-prestimulus,product,390,val,0.7796610169491526,0.7795977011494253
aggregated_ranked_features_gas-N2_keep-N2_post-prestimulus,product,390,test,0.7727272727272727,0.7649572649572649
aggregated_ranked_features_gas-N2_keep-N2_post-prestimulus,product,391,train,1.0,1.0
aggregated_ranked_features_gas-N2_keep-N2_post-prestimulus,product,391,val,0.788135593220339,0.7881203763556704
aggregated_ranked_features_gas-N2_keep-N2_post-prestimulus,product,391,test,0.7727272727272727,0.7649572649572649
aggregated_ranked_features_gas-N2_keep-N2_post-prestimulus,product,392,train,1.0,1.0
aggregated_ranked_features_gas-N2_keep-N2_post-prestimulus,product,392,val,0.7711864406779662,0.7711700064641241
aggregated_ranked_features_gas-N2_keep-N2_post-prestimulus,product,392,test,0.7954545454545454,0.7901430842607313
aggregated_ranked_features_gas-N2_keep-N2_post-prestimulus,product,393,train,1.0,1.0
aggregated_ranked_features_gas-N2_keep-N2_post-prestimulus,product,393,val,0.7711864406779662,0.7711700064641241
aggregated_ranked_features_gas-N2_keep-N2_post-prestimulus,product,393,test,0.7954545454545454,0.7901430842607313
aggregated_ranked_features_gas-N2_keep-N2_post-prestimulus,product,394,train,1.0,1.0
aggregated_ranked_features_gas-N2_keep-N2_post-prestimulus,product,394,val,0.7627118644067796,0.7620967741935484
aggregated_ranked_features_gas-N2_keep-N2_post-prestimulus,product,394,test,0.8409090909090909,0.8388278388278387
aggregated_ranked_features_gas-N2_keep-N2_post-prestimulus,product,395,train,1.0,1.0
aggregated_ranked_features_gas-N2_keep-N2_post-prestimulus,product,395,val,0.788135593220339,0.7881203763556704
aggregated_ranked_features_gas-N2_keep-N2_post-prestimulus,product,395,test,0.7954545454545454,0.7901430842607313
aggregated_ranked_features_gas-N2_keep-N2_post-prestimulus,product,396,train,1.0,1.0
aggregated_ranked_features_gas-N2_keep-N2_post-prestimulus,product,396,val,0.788135593220339,0.78799856270212
aggregated_ranked_features_gas-N2_keep-N2_post-prestimulus,product,396,test,0.8181818181818182,0.8147368421052632
aggregated_ranked_features_gas-N2_keep-N2_post-prestimulus,product,397,train,1.0,1.0
aggregated_ranked_features_gas-N2_keep-N2_post-prestimulus,product,397,val,0.7711864406779662,0.7710384477182897
aggregated_ranked_features_gas-N2_keep-N2_post-prestimulus,product,397,test,0.8181818181818182,0.8147368421052632
aggregated_ranked_features_gas-N2_keep-N2_post-prestimulus,product,398,train,1.0,1.0
aggregated_ranked_features_gas-N2_keep-N2_post-prestimulus,product,398,val,0.7796610169491526,0.7795977011494253
aggregated_ranked_features_gas-N2_keep-N2_post-prestimulus,product,398,test,0.7954545454545454,0.7901430842607313
aggregated_ranked_features_gas-N2_keep-N2_post-prestimulus,product,399,train,1.0,1.0
aggregated_ranked_features_gas-N2_keep-N2_post-prestimulus,product,399,val,0.7796610169491526,0.7795977011494253
aggregated_ranked_features_gas-N2_keep-N2_post-prestimulus,product,399,test,0.7954545454545454,0.7901430842607313
aggregated_ranked_features_gas-N2_keep-N2_post-prestimulus,product,400,train,1.0,1.0
aggregated_ranked_features_gas-N2_keep-N2_post-prestimulus,product,400,val,0.7796610169491526,0.7795977011494253
aggregated_ranked_features_gas-N2_keep-N2_post-prestimulus,product,400,test,0.7954545454545454,0.7901430842607313
aggregated_ranked_features_gas-N2_keep-N2_post-prestimulus,product,401,train,1.0,1.0
aggregated_ranked_features_gas-N2_keep-N2_post-prestimulus,product,401,val,0.7542372881355932,0.7540783327344592
aggregated_ranked_features_gas-N2_keep-N2_post-prestimulus,product,401,test,0.8181818181818182,0.8147368421052632
aggregated_ranked_features_gas-N2_keep-N2_post-prestimulus,product,402,train,1.0,1.0
aggregated_ranked_features_gas-N2_keep-N2_post-prestimulus,product,402,val,0.788135593220339,0.7881203763556704
aggregated_ranked_features_gas-N2_keep-N2_post-prestimulus,product,402,test,0.7954545454545454,0.7901430842607313
aggregated_ranked_features_gas-N2_keep-N2_post-prestimulus,product,403,train,1.0,1.0
aggregated_ranked_features_gas-N2_keep-N2_post-prestimulus,product,403,val,0.788135593220339,0.7881203763556704
aggregated_ranked_features_gas-N2_keep-N2_post-prestimulus,product,403,test,0.7954545454545454,0.7901430842607313
aggregated_ranked_features_gas-N2_keep-N2_post-prestimulus,product,404,train,1.0,1.0
aggregated_ranked_features_gas-N2_keep-N2_post-prestimulus,product,404,val,0.7796610169491526,0.7795977011494253
aggregated_ranked_features_gas-N2_keep-N2_post-prestimulus,product,404,test,0.8181818181818182,0.8147368421052632
aggregated_ranked_features_gas-N2_keep-N2_post-prestimulus,product,405,train,1.0,1.0
aggregated_ranked_features_gas-N2_keep-N2_post-prestimulus,product,405,val,0.7627118644067796,0.7626436781609196
aggregated_ranked_features_gas-N2_keep-N2_post-prestimulus,product,405,test,0.8181818181818182,0.8147368421052632
aggregated_ranked_features_gas-N2_keep-N2_post-prestimulus,product,406,train,1.0,1.0
aggregated_ranked_features_gas-N2_keep-N2_post-prestimulus,product,406,val,0.7966101694915254,0.7966101694915254
aggregated_ranked_features_gas-N2_keep-N2_post-prestimulus,product,406,test,0.8181818181818182,0.8147368421052632
aggregated_ranked_features_gas-N2_keep-N2_post-prestimulus,product,407,train,1.0,1.0
aggregated_ranked_features_gas-N2_keep-N2_post-prestimulus,product,407,val,0.7796610169491526,0.7794075352315214
aggregated_ranked_features_gas-N2_keep-N2_post-prestimulus,product,407,test,0.8181818181818182,0.8147368421052632
aggregated_ranked_features_gas-N2_keep-N2_post-prestimulus,product,408,train,1.0,1.0
aggregated_ranked_features_gas-N2_keep-N2_post-prestimulus,product,408,val,0.7796610169491526,0.7794075352315214
aggregated_ranked_features_gas-N2_keep-N2_post-prestimulus,product,408,test,0.8181818181818182,0.8147368421052632
aggregated_ranked_features_gas-N2_keep-N2_post-prestimulus,product,409,train,1.0,1.0
aggregated_ranked_features_gas-N2_keep-N2_post-prestimulus,product,409,val,0.7796610169491526,0.7794075352315214
aggregated_ranked_features_gas-N2_keep-N2_post-prestimulus,product,409,test,0.8181818181818182,0.8147368421052632
aggregated_ranked_features_gas-N2_keep-N2_post-prestimulus,product,410,train,1.0,1.0
aggregated_ranked_features_gas-N2_keep-N2_post-prestimulus,product,410,val,0.7796610169491526,0.7795977011494253
aggregated_ranked_features_gas-N2_keep-N2_post-prestimulus,product,410,test,0.8181818181818182,0.8147368421052632
aggregated_ranked_features_gas-N2_keep-N2_post-prestimulus,product,411,train,1.0,1.0
aggregated_ranked_features_gas-N2_keep-N2_post-prestimulus,product,411,val,0.7796610169491526,0.7795977011494253
aggregated_ranked_features_gas-N2_keep-N2_post-prestimulus,product,411,test,0.8409090909090909,0.8388278388278387
aggregated_ranked_features_gas-N2_keep-N2_post-prestimulus,product,412,train,1.0,1.0
aggregated_ranked_features_gas-N2_keep-N2_post-prestimulus,product,412,val,0.788135593220339,0.7881203763556704
aggregated_ranked_features_gas-N2_keep-N2_post-prestimulus,product,412,test,0.8181818181818182,0.8147368421052632
aggregated_ranked_features_gas-N2_keep-N2_post-prestimulus,product,413,train,1.0,1.0
aggregated_ranked_features_gas-N2_keep-N2_post-prestimulus,product,413,val,0.788135593220339,0.78799856270212
aggregated_ranked_features_gas-N2_keep-N2_post-prestimulus,product,413,test,0.8409090909090909,0.8388278388278387
aggregated_ranked_features_gas-N2_keep-N2_post-prestimulus,product,414,train,1.0,1.0
aggregated_ranked_features_gas-N2_keep-N2_post-prestimulus,product,414,val,0.7966101694915254,0.7965517241379311
aggregated_ranked_features_gas-N2_keep-N2_post-prestimulus,product,414,test,0.8181818181818182,0.8147368421052632
aggregated_ranked_features_gas-N2_keep-N2_post-prestimulus,product,415,train,1.0,1.0
aggregated_ranked_features_gas-N2_keep-N2_post-prestimulus,product,415,val,0.7966101694915254,0.7965517241379311
aggregated_ranked_features_gas-N2_keep-N2_post-prestimulus,product,415,test,0.8181818181818182,0.8147368421052632
aggregated_ranked_features_gas-N2_keep-N2_post-prestimulus,product,416,train,1.0,1.0
aggregated_ranked_features_gas-N2_keep-N2_post-prestimulus,product,416,val,0.7966101694915254,0.7965517241379311
aggregated_ranked_features_gas-N2_keep-N2_post-prestimulus,product,416,test,0.8181818181818182,0.8147368421052632
aggregated_ranked_features_gas-N2_keep-N2_post-prestimulus,product,417,train,1.0,1.0
aggregated_ranked_features_gas-N2_keep-N2_post-prestimulus,product,417,val,0.788135593220339,0.7881203763556704
aggregated_ranked_features_gas-N2_keep-N2_post-prestimulus,product,417,test,0.7954545454545454,0.7901430842607313
aggregated_ranked_features_gas-N2_keep-N2_post-prestimulus,product,418,train,1.0,1.0
aggregated_ranked_features_gas-N2_keep-N2_post-prestimulus,product,418,val,0.8050847457627118,0.8050707462472169
aggregated_ranked_features_gas-N2_keep-N2_post-prestimulus,product,418,test,0.7954545454545454,0.7901430842607313
aggregated_ranked_features_gas-N2_keep-N2_post-prestimulus,product,419,train,1.0,1.0
aggregated_ranked_features_gas-N2_keep-N2_post-prestimulus,product,419,val,0.788135593220339,0.7881203763556704
aggregated_ranked_features_gas-N2_keep-N2_post-prestimulus,product,419,test,0.8181818181818182,0.8147368421052632
aggregated_ranked_features_gas-N2_keep-N2_post-prestimulus,product,420,train,1.0,1.0
aggregated_ranked_features_gas-N2_keep-N2_post-prestimulus,product,420,val,0.7796610169491526,0.7796610169491526
aggregated_ranked_features_gas-N2_keep-N2_post-prestimulus,product,420,test,0.7954545454545454,0.7901430842607313
aggregated_ranked_features_gas-N2_keep-N2_post-prestimulus,product,421,train,1.0,1.0
aggregated_ranked_features_gas-N2_keep-N2_post-prestimulus,product,421,val,0.7966101694915254,0.7965517241379311
aggregated_ranked_features_gas-N2_keep-N2_post-prestimulus,product,421,test,0.7954545454545454,0.7901430842607313
aggregated_ranked_features_gas-N2_keep-N2_post-prestimulus,product,422,train,1.0,1.0
aggregated_ranked_features_gas-N2_keep-N2_post-prestimulus,product,422,val,0.7711864406779662,0.7711700064641241
aggregated_ranked_features_gas-N2_keep-N2_post-prestimulus,product,422,test,0.7954545454545454,0.7901430842607313
aggregated_ranked_features_gas-N2_keep-N2_post-prestimulus,product,423,train,1.0,1.0
aggregated_ranked_features_gas-N2_keep-N2_post-prestimulus,product,423,val,0.7711864406779662,0.7711700064641241
aggregated_ranked_features_gas-N2_keep-N2_post-prestimulus,product,423,test,0.7954545454545454,0.7901430842607313
aggregated_ranked_features_gas-N2_keep-N2_post-prestimulus,product,424,train,1.0,1.0
aggregated_ranked_features_gas-N2_keep-N2_post-prestimulus,product,424,val,0.788135593220339,0.7881203763556704
aggregated_ranked_features_gas-N2_keep-N2_post-prestimulus,product,424,test,0.8181818181818182,0.8147368421052632
aggregated_ranked_features_gas-N2_keep-N2_post-prestimulus,product,425,train,1.0,1.0
aggregated_ranked_features_gas-N2_keep-N2_post-prestimulus,product,425,val,0.788135593220339,0.7881203763556704
aggregated_ranked_features_gas-N2_keep-N2_post-prestimulus,product,425,test,0.8181818181818182,0.8147368421052632
aggregated_ranked_features_gas-N2_keep-N2_post-prestimulus,product,426,train,1.0,1.0
aggregated_ranked_features_gas-N2_keep-N2_post-prestimulus,product,426,val,0.788135593220339,0.7881203763556704
aggregated_ranked_features_gas-N2_keep-N2_post-prestimulus,product,426,test,0.75,0.7390835579514825
aggregated_ranked_features_gas-N2_keep-N2_post-prestimulus,product,427,train,1.0,1.0
aggregated_ranked_features_gas-N2_keep-N2_post-prestimulus,product,427,val,0.788135593220339,0.7881203763556704
aggregated_ranked_features_gas-N2_keep-N2_post-prestimulus,product,427,test,0.75,0.7390835579514825
aggregated_ranked_features_gas-N2_keep-N2_post-prestimulus,product,428,train,1.0,1.0
aggregated_ranked_features_gas-N2_keep-N2_post-prestimulus,product,428,val,0.7796610169491526,0.7796610169491526
aggregated_ranked_features_gas-N2_keep-N2_post-prestimulus,product,428,test,0.7954545454545454,0.7901430842607313
aggregated_ranked_features_gas-N2_keep-N2_post-prestimulus,product,429,train,1.0,1.0
aggregated_ranked_features_gas-N2_keep-N2_post-prestimulus,product,429,val,0.788135593220339,0.78799856270212
aggregated_ranked_features_gas-N2_keep-N2_post-prestimulus,product,429,test,0.8181818181818182,0.8147368421052632
aggregated_ranked_features_gas-N2_keep-N2_post-prestimulus,product,430,train,1.0,1.0
aggregated_ranked_features_gas-N2_keep-N2_post-prestimulus,product,430,val,0.7966101694915254,0.7965517241379311
aggregated_ranked_features_gas-N2_keep-N2_post-prestimulus,product,430,test,0.8181818181818182,0.8147368421052632
aggregated_ranked_features_gas-N2_keep-N2_post-prestimulus,product,431,train,1.0,1.0
aggregated_ranked_features_gas-N2_keep-N2_post-prestimulus,product,431,val,0.7711864406779662,0.7710384477182897
aggregated_ranked_features_gas-N2_keep-N2_post-prestimulus,product,431,test,0.7727272727272727,0.7649572649572649
aggregated_ranked_features_gas-N2_keep-N2_post-prestimulus,product,432,train,1.0,1.0
aggregated_ranked_features_gas-N2_keep-N2_post-prestimulus,product,432,val,0.7796610169491526,0.7795977011494253
aggregated_ranked_features_gas-N2_keep-N2_post-prestimulus,product,432,test,0.8409090909090909,0.8388278388278387
aggregated_ranked_features_gas-N2_keep-N2_post-prestimulus,product,433,train,1.0,1.0
aggregated_ranked_features_gas-N2_keep-N2_post-prestimulus,product,433,val,0.7966101694915254,0.7965517241379311
aggregated_ranked_features_gas-N2_keep-N2_post-prestimulus,product,433,test,0.8181818181818182,0.8147368421052632
aggregated_ranked_features_gas-N2_keep-N2_post-prestimulus,product,434,train,1.0,1.0
aggregated_ranked_features_gas-N2_keep-N2_post-prestimulus,product,434,val,0.788135593220339,0.78799856270212
aggregated_ranked_features_gas-N2_keep-N2_post-prestimulus,product,434,test,0.8181818181818182,0.8147368421052632
aggregated_ranked_features_gas-N2_keep-N2_post-prestimulus,product,435,train,1.0,1.0
aggregated_ranked_features_gas-N2_keep-N2_post-prestimulus,product,435,val,0.7711864406779662,0.7710384477182897
aggregated_ranked_features_gas-N2_keep-N2_post-prestimulus,product,435,test,0.7954545454545454,0.7901430842607313
aggregated_ranked_features_gas-N2_keep-N2_post-prestimulus,product,436,train,1.0,1.0
aggregated_ranked_features_gas-N2_keep-N2_post-prestimulus,product,436,val,0.7627118644067796,0.7624388840954845
aggregated_ranked_features_gas-N2_keep-N2_post-prestimulus,product,436,test,0.7954545454545454,0.7901430842607313
aggregated_ranked_features_gas-N2_keep-N2_post-prestimulus,product,437,train,1.0,1.0
aggregated_ranked_features_gas-N2_keep-N2_post-prestimulus,product,437,val,0.7796610169491526,0.7795977011494253
aggregated_ranked_features_gas-N2_keep-N2_post-prestimulus,product,437,test,0.8409090909090909,0.8388278388278387
aggregated_ranked_features_gas-N2_keep-N2_post-prestimulus,product,438,train,1.0,1.0
aggregated_ranked_features_gas-N2_keep-N2_post-prestimulus,product,438,val,0.8050847457627118,0.8050707462472169
aggregated_ranked_features_gas-N2_keep-N2_post-prestimulus,product,438,test,0.7954545454545454,0.7901430842607313
aggregated_ranked_features_gas-N2_keep-N2_post-prestimulus,product,439,train,1.0,1.0
aggregated_ranked_features_gas-N2_keep-N2_post-prestimulus,product,439,val,0.8050847457627118,0.8050707462472169
aggregated_ranked_features_gas-N2_keep-N2_post-prestimulus,product,439,test,0.7954545454545454,0.7901430842607313
aggregated_ranked_features_gas-N2_keep-N2_post-prestimulus,product,440,train,1.0,1.0
aggregated_ranked_features_gas-N2_keep-N2_post-prestimulus,product,440,val,0.8050847457627118,0.8050707462472169
aggregated_ranked_features_gas-N2_keep-N2_post-prestimulus,product,440,test,0.7954545454545454,0.7901430842607313
aggregated_ranked_features_gas-N2_keep-N2_post-prestimulus,product,441,train,1.0,1.0
aggregated_ranked_features_gas-N2_keep-N2_post-prestimulus,product,441,val,0.7796610169491526,0.7795977011494253
aggregated_ranked_features_gas-N2_keep-N2_post-prestimulus,product,441,test,0.8181818181818182,0.8147368421052632
aggregated_ranked_features_gas-N2_keep-N2_post-prestimulus,product,442,train,1.0,1.0
aggregated_ranked_features_gas-N2_keep-N2_post-prestimulus,product,442,val,0.788135593220339,0.7881203763556704
aggregated_ranked_features_gas-N2_keep-N2_post-prestimulus,product,442,test,0.8181818181818182,0.8147368421052632
aggregated_ranked_features_gas-N2_keep-N2_post-prestimulus,product,443,train,1.0,1.0
aggregated_ranked_features_gas-N2_keep-N2_post-prestimulus,product,443,val,0.788135593220339,0.7881203763556704
aggregated_ranked_features_gas-N2_keep-N2_post-prestimulus,product,443,test,0.8181818181818182,0.8147368421052632
aggregated_ranked_features_gas-N2_keep-N2_post-prestimulus,product,444,train,1.0,1.0
aggregated_ranked_features_gas-N2_keep-N2_post-prestimulus,product,444,val,0.7372881355932204,0.7372692666810314
aggregated_ranked_features_gas-N2_keep-N2_post-prestimulus,product,444,test,0.8181818181818182,0.8147368421052632
aggregated_ranked_features_gas-N2_keep-N2_post-prestimulus,product,445,train,1.0,1.0
aggregated_ranked_features_gas-N2_keep-N2_post-prestimulus,product,445,val,0.788135593220339,0.7881203763556704
aggregated_ranked_features_gas-N2_keep-N2_post-prestimulus,product,445,test,0.8181818181818182,0.8147368421052632
aggregated_ranked_features_gas-N2_keep-N2_post-prestimulus,product,446,train,1.0,1.0
aggregated_ranked_features_gas-N2_keep-N2_post-prestimulus,product,446,val,0.788135593220339,0.7881203763556704
aggregated_ranked_features_gas-N2_keep-N2_post-prestimulus,product,446,test,0.7954545454545454,0.7901430842607313
aggregated_ranked_features_gas-N2_keep-N2_post-prestimulus,product,447,train,1.0,1.0
aggregated_ranked_features_gas-N2_keep-N2_post-prestimulus,product,447,val,0.7796610169491526,0.7794075352315214
aggregated_ranked_features_gas-N2_keep-N2_post-prestimulus,product,447,test,0.7727272727272727,0.7649572649572649
aggregated_ranked_features_gas-N2_keep-N2_post-prestimulus,product,448,train,1.0,1.0
aggregated_ranked_features_gas-N2_keep-N2_post-prestimulus,product,448,val,0.7966101694915254,0.7966101694915254
aggregated_ranked_features_gas-N2_keep-N2_post-prestimulus,product,448,test,0.7954545454545454,0.7901430842607313
aggregated_ranked_features_gas-N2_keep-N2_post-prestimulus,product,449,train,1.0,1.0
aggregated_ranked_features_gas-N2_keep-N2_post-prestimulus,product,449,val,0.8050847457627118,0.8050707462472169
aggregated_ranked_features_gas-N2_keep-N2_post-prestimulus,product,449,test,0.8181818181818182,0.8147368421052632
aggregated_ranked_features_gas-N2_keep-N2_post-prestimulus,product,450,train,1.0,1.0
aggregated_ranked_features_gas-N2_keep-N2_post-prestimulus,product,450,val,0.7796610169491526,0.7796610169491526
aggregated_ranked_features_gas-N2_keep-N2_post-prestimulus,product,450,test,0.8181818181818182,0.8147368421052632
aggregated_ranked_features_gas-N2_keep-N2_post-prestimulus,product,451,train,1.0,1.0
aggregated_ranked_features_gas-N2_keep-N2_post-prestimulus,product,451,val,0.7627118644067796,0.7627118644067796
aggregated_ranked_features_gas-N2_keep-N2_post-prestimulus,product,451,test,0.8409090909090909,0.8388278388278387
aggregated_ranked_features_gas-N2_keep-N2_post-prestimulus,product,452,train,1.0,1.0
aggregated_ranked_features_gas-N2_keep-N2_post-prestimulus,product,452,val,0.7627118644067796,0.7626436781609196
aggregated_ranked_features_gas-N2_keep-N2_post-prestimulus,product,452,test,0.8181818181818182,0.8147368421052632
aggregated_ranked_features_gas-N2_keep-N2_post-prestimulus,product,453,train,1.0,1.0
aggregated_ranked_features_gas-N2_keep-N2_post-prestimulus,product,453,val,0.7796610169491526,0.7795977011494253
aggregated_ranked_features_gas-N2_keep-N2_post-prestimulus,product,453,test,0.7727272727272727,0.7649572649572649
aggregated_ranked_features_gas-N2_keep-N2_post-prestimulus,product,454,train,1.0,1.0
aggregated_ranked_features_gas-N2_keep-N2_post-prestimulus,product,454,val,0.7711864406779662,0.7711700064641241
aggregated_ranked_features_gas-N2_keep-N2_post-prestimulus,product,454,test,0.8409090909090909,0.8388278388278387
aggregated_ranked_features_gas-N2_keep-N2_post-prestimulus,product,455,train,1.0,1.0
aggregated_ranked_features_gas-N2_keep-N2_post-prestimulus,product,455,val,0.7711864406779662,0.7711700064641241
aggregated_ranked_features_gas-N2_keep-N2_post-prestimulus,product,455,test,0.7954545454545454,0.7901430842607313
aggregated_ranked_features_gas-N2_keep-N2_post-prestimulus,product,456,train,1.0,1.0
aggregated_ranked_features_gas-N2_keep-N2_post-prestimulus,product,456,val,0.7711864406779662,0.7711700064641241
aggregated_ranked_features_gas-N2_keep-N2_post-prestimulus,product,456,test,0.8181818181818182,0.8147368421052632
aggregated_ranked_features_gas-N2_keep-N2_post-prestimulus,product,457,train,1.0,1.0
aggregated_ranked_features_gas-N2_keep-N2_post-prestimulus,product,457,val,0.788135593220339,0.7881203763556704
aggregated_ranked_features_gas-N2_keep-N2_post-prestimulus,product,457,test,0.8636363636363636,0.8625
aggregated_ranked_features_gas-N2_keep-N2_post-prestimulus,product,458,train,1.0,1.0
aggregated_ranked_features_gas-N2_keep-N2_post-prestimulus,product,458,val,0.7711864406779662,0.7710384477182897
aggregated_ranked_features_gas-N2_keep-N2_post-prestimulus,product,458,test,0.8181818181818182,0.8147368421052632
aggregated_ranked_features_gas-N2_keep-N2_post-prestimulus,product,459,train,1.0,1.0
aggregated_ranked_features_gas-N2_keep-N2_post-prestimulus,product,459,val,0.7796610169491526,0.7796610169491526
aggregated_ranked_features_gas-N2_keep-N2_post-prestimulus,product,459,test,0.8181818181818182,0.8147368421052632
aggregated_ranked_features_gas-N2_keep-N2_post-prestimulus,product,460,train,1.0,1.0
aggregated_ranked_features_gas-N2_keep-N2_post-prestimulus,product,460,val,0.7796610169491526,0.7796610169491526
aggregated_ranked_features_gas-N2_keep-N2_post-prestimulus,product,460,test,0.8409090909090909,0.8388278388278387
aggregated_ranked_features_gas-N2_keep-N2_post-prestimulus,product,461,train,1.0,1.0
aggregated_ranked_features_gas-N2_keep-N2_post-prestimulus,product,461,val,0.7711864406779662,0.7711700064641241
aggregated_ranked_features_gas-N2_keep-N2_post-prestimulus,product,461,test,0.8181818181818182,0.8147368421052632
aggregated_ranked_features_gas-N2_keep-N2_post-prestimulus,product,462,train,1.0,1.0
aggregated_ranked_features_gas-N2_keep-N2_post-prestimulus,product,462,val,0.7796610169491526,0.7796610169491526
aggregated_ranked_features_gas-N2_keep-N2_post-prestimulus,product,462,test,0.8409090909090909,0.8388278388278387
aggregated_ranked_features_gas-N2_keep-N2_post-prestimulus,product,463,train,1.0,1.0
aggregated_ranked_features_gas-N2_keep-N2_post-prestimulus,product,463,val,0.7627118644067796,0.7627118644067796
aggregated_ranked_features_gas-N2_keep-N2_post-prestimulus,product,463,test,0.8409090909090909,0.8388278388278387
aggregated_ranked_features_gas-N2_keep-N2_post-prestimulus,product,464,train,1.0,1.0
aggregated_ranked_features_gas-N2_keep-N2_post-prestimulus,product,464,val,0.7711864406779662,0.7711700064641241
aggregated_ranked_features_gas-N2_keep-N2_post-prestimulus,product,464,test,0.8181818181818182,0.8147368421052632
aggregated_ranked_features_gas-N2_keep-N2_post-prestimulus,product,465,train,1.0,1.0
aggregated_ranked_features_gas-N2_keep-N2_post-prestimulus,product,465,val,0.7627118644067796,0.7627118644067796
aggregated_ranked_features_gas-N2_keep-N2_post-prestimulus,product,465,test,0.7954545454545454,0.7901430842607313
aggregated_ranked_features_gas-N2_keep-N2_post-prestimulus,product,466,train,1.0,1.0
aggregated_ranked_features_gas-N2_keep-N2_post-prestimulus,product,466,val,0.7966101694915254,0.7963761863675582
aggregated_ranked_features_gas-N2_keep-N2_post-prestimulus,product,466,test,0.8409090909090909,0.8388278388278387
aggregated_ranked_features_gas-N2_keep-N2_post-prestimulus,product,467,train,1.0,1.0
aggregated_ranked_features_gas-N2_keep-N2_post-prestimulus,product,467,val,0.7711864406779662,0.7710384477182897
aggregated_ranked_features_gas-N2_keep-N2_post-prestimulus,product,467,test,0.8181818181818182,0.8147368421052632
aggregated_ranked_features_gas-N2_keep-N2_post-prestimulus,product,468,train,1.0,1.0
aggregated_ranked_features_gas-N2_keep-N2_post-prestimulus,product,468,val,0.788135593220339,0.7881203763556704
aggregated_ranked_features_gas-N2_keep-N2_post-prestimulus,product,468,test,0.8181818181818182,0.8147368421052632
aggregated_ranked_features_gas-N2_keep-N2_post-prestimulus,product,469,train,1.0,1.0
aggregated_ranked_features_gas-N2_keep-N2_post-prestimulus,product,469,val,0.7966101694915254,0.7966101694915254
aggregated_ranked_features_gas-N2_keep-N2_post-prestimulus,product,469,test,0.8409090909090909,0.8388278388278387
aggregated_ranked_features_gas-N2_keep-N2_post-prestimulus,product,470,train,1.0,1.0
aggregated_ranked_features_gas-N2_keep-N2_post-prestimulus,product,470,val,0.7711864406779662,0.7707748758903519
aggregated_ranked_features_gas-N2_keep-N2_post-prestimulus,product,470,test,0.8181818181818182,0.8147368421052632
aggregated_ranked_features_gas-N2_keep-N2_post-prestimulus,product,471,train,1.0,1.0
aggregated_ranked_features_gas-N2_keep-N2_post-prestimulus,product,471,val,0.7457627118644068,0.7456896551724138
aggregated_ranked_features_gas-N2_keep-N2_post-prestimulus,product,471,test,0.8181818181818182,0.8147368421052632
aggregated_ranked_features_gas-N2_keep-N2_post-prestimulus,product,472,train,1.0,1.0
aggregated_ranked_features_gas-N2_keep-N2_post-prestimulus,product,472,val,0.7711864406779662,0.7711700064641241
aggregated_ranked_features_gas-N2_keep-N2_post-prestimulus,product,472,test,0.8181818181818182,0.8147368421052632
aggregated_ranked_features_gas-N2_keep-N2_post-prestimulus,product,473,train,1.0,1.0
aggregated_ranked_features_gas-N2_keep-N2_post-prestimulus,product,473,val,0.7627118644067796,0.7626436781609196
aggregated_ranked_features_gas-N2_keep-N2_post-prestimulus,product,473,test,0.8181818181818182,0.8147368421052632
aggregated_ranked_features_gas-N2_keep-N2_post-prestimulus,product,474,train,1.0,1.0
aggregated_ranked_features_gas-N2_keep-N2_post-prestimulus,product,474,val,0.7627118644067796,0.7626436781609196
aggregated_ranked_features_gas-N2_keep-N2_post-prestimulus,product,474,test,0.8181818181818182,0.8147368421052632
aggregated_ranked_features_gas-N2_keep-N2_post-prestimulus,product,475,train,1.0,1.0
aggregated_ranked_features_gas-N2_keep-N2_post-prestimulus,product,475,val,0.7796610169491526,0.7796610169491526
aggregated_ranked_features_gas-N2_keep-N2_post-prestimulus,product,475,test,0.8181818181818182,0.8147368421052632
aggregated_ranked_features_gas-N2_keep-N2_post-prestimulus,product,476,train,1.0,1.0
aggregated_ranked_features_gas-N2_keep-N2_post-prestimulus,product,476,val,0.8050847457627118,0.8050707462472169
aggregated_ranked_features_gas-N2_keep-N2_post-prestimulus,product,476,test,0.8409090909090909,0.8388278388278387
aggregated_ranked_features_gas-N2_keep-N2_post-prestimulus,product,477,train,1.0,1.0
aggregated_ranked_features_gas-N2_keep-N2_post-prestimulus,product,477,val,0.7966101694915254,0.7963761863675582
aggregated_ranked_features_gas-N2_keep-N2_post-prestimulus,product,477,test,0.8409090909090909,0.8388278388278387
aggregated_ranked_features_gas-N2_keep-N2_post-prestimulus,product,478,train,1.0,1.0
aggregated_ranked_features_gas-N2_keep-N2_post-prestimulus,product,478,val,0.7966101694915254,0.7963761863675582
aggregated_ranked_features_gas-N2_keep-N2_post-prestimulus,product,478,test,0.8409090909090909,0.8388278388278387
aggregated_ranked_features_gas-N2_keep-N2_post-prestimulus,product,479,train,1.0,1.0
aggregated_ranked_features_gas-N2_keep-N2_post-prestimulus,product,479,val,0.7796610169491526,0.7795977011494253
aggregated_ranked_features_gas-N2_keep-N2_post-prestimulus,product,479,test,0.7954545454545454,0.7901430842607313
aggregated_ranked_features_gas-N2_keep-N2_post-prestimulus,product,480,train,1.0,1.0
aggregated_ranked_features_gas-N2_keep-N2_post-prestimulus,product,480,val,0.7796610169491526,0.7796610169491526
aggregated_ranked_features_gas-N2_keep-N2_post-prestimulus,product,480,test,0.8181818181818182,0.8147368421052632
aggregated_ranked_features_gas-N2_keep-N2_post-prestimulus,product,481,train,1.0,1.0
aggregated_ranked_features_gas-N2_keep-N2_post-prestimulus,product,481,val,0.7711864406779662,0.7711700064641241
aggregated_ranked_features_gas-N2_keep-N2_post-prestimulus,product,481,test,0.8409090909090909,0.8388278388278387
aggregated_ranked_features_gas-N2_keep-N2_post-prestimulus,product,482,train,1.0,1.0
aggregated_ranked_features_gas-N2_keep-N2_post-prestimulus,product,482,val,0.7711864406779662,0.7711700064641241
aggregated_ranked_features_gas-N2_keep-N2_post-prestimulus,product,482,test,0.8409090909090909,0.8388278388278387
aggregated_ranked_features_gas-N2_keep-N2_post-prestimulus,product,483,train,1.0,1.0
aggregated_ranked_features_gas-N2_keep-N2_post-prestimulus,product,483,val,0.8135593220338984,0.8135057471264368
aggregated_ranked_features_gas-N2_keep-N2_post-prestimulus,product,483,test,0.8181818181818182,0.8147368421052632
aggregated_ranked_features_gas-N2_keep-N2_post-prestimulus,product,484,train,1.0,1.0
aggregated_ranked_features_gas-N2_keep-N2_post-prestimulus,product,484,val,0.7711864406779662,0.7710384477182897
aggregated_ranked_features_gas-N2_keep-N2_post-prestimulus,product,484,test,0.7954545454545454,0.7901430842607313
aggregated_ranked_features_gas-N2_keep-N2_post-prestimulus,product,485,train,1.0,1.0
aggregated_ranked_features_gas-N2_keep-N2_post-prestimulus,product,485,val,0.8050847457627118,0.8050707462472169
aggregated_ranked_features_gas-N2_keep-N2_post-prestimulus,product,485,test,0.8181818181818182,0.8147368421052632
aggregated_ranked_features_gas-N2_keep-N2_post-prestimulus,product,486,train,1.0,1.0
aggregated_ranked_features_gas-N2_keep-N2_post-prestimulus,product,486,val,0.8050847457627118,0.8050707462472169
aggregated_ranked_features_gas-N2_keep-N2_post-prestimulus,product,486,test,0.8181818181818182,0.8147368421052632
aggregated_ranked_features_gas-N2_keep-N2_post-prestimulus,product,487,train,1.0,1.0
aggregated_ranked_features_gas-N2_keep-N2_post-prestimulus,product,487,val,0.8050847457627118,0.8050707462472169
aggregated_ranked_features_gas-N2_keep-N2_post-prestimulus,product,487,test,0.8181818181818182,0.8147368421052632
aggregated_ranked_features_gas-N2_keep-N2_post-prestimulus,product,488,train,1.0,1.0
aggregated_ranked_features_gas-N2_keep-N2_post-prestimulus,product,488,val,0.8050847457627118,0.8050707462472169
aggregated_ranked_features_gas-N2_keep-N2_post-prestimulus,product,488,test,0.8181818181818182,0.8147368421052632
aggregated_ranked_features_gas-N2_keep-N2_post-prestimulus,product,489,train,1.0,1.0
aggregated_ranked_features_gas-N2_keep-N2_post-prestimulus,product,489,val,0.8050847457627118,0.8049586776859504
aggregated_ranked_features_gas-N2_keep-N2_post-prestimulus,product,489,test,0.8181818181818182,0.8147368421052632
aggregated_ranked_features_gas-N2_keep-N2_post-prestimulus,product,490,train,1.0,1.0
aggregated_ranked_features_gas-N2_keep-N2_post-prestimulus,product,490,val,0.7796610169491526,0.7796610169491526
aggregated_ranked_features_gas-N2_keep-N2_post-prestimulus,product,490,test,0.7954545454545454,0.7901430842607313
aggregated_ranked_features_gas-N2_keep-N2_post-prestimulus,product,491,train,1.0,1.0
aggregated_ranked_features_gas-N2_keep-N2_post-prestimulus,product,491,val,0.7711864406779662,0.7710384477182897
aggregated_ranked_features_gas-N2_keep-N2_post-prestimulus,product,491,test,0.7954545454545454,0.7901430842607313
aggregated_ranked_features_gas-N2_keep-N2_post-prestimulus,product,492,train,1.0,1.0
aggregated_ranked_features_gas-N2_keep-N2_post-prestimulus,product,492,val,0.7711864406779662,0.7711700064641241
aggregated_ranked_features_gas-N2_keep-N2_post-prestimulus,product,492,test,0.7954545454545454,0.7901430842607313
aggregated_ranked_features_gas-N2_keep-N2_post-prestimulus,product,493,train,1.0,1.0
aggregated_ranked_features_gas-N2_keep-N2_post-prestimulus,product,493,val,0.788135593220339,0.7881203763556704
aggregated_ranked_features_gas-N2_keep-N2_post-prestimulus,product,493,test,0.8181818181818182,0.8147368421052632
aggregated_ranked_features_gas-N2_keep-N2_post-prestimulus,product,494,train,1.0,1.0
aggregated_ranked_features_gas-N2_keep-N2_post-prestimulus,product,494,val,0.7796610169491526,0.7796610169491526
aggregated_ranked_features_gas-N2_keep-N2_post-prestimulus,product,494,test,0.7954545454545454,0.7901430842607313
aggregated_ranked_features_gas-N2_keep-N2_post-prestimulus,product,495,train,1.0,1.0
aggregated_ranked_features_gas-N2_keep-N2_post-prestimulus,product,495,val,0.788135593220339,0.7881203763556704
aggregated_ranked_features_gas-N2_keep-N2_post-prestimulus,product,495,test,0.7954545454545454,0.7901430842607313
aggregated_ranked_features_gas-N2_keep-N2_post-prestimulus,product,496,train,1.0,1.0
aggregated_ranked_features_gas-N2_keep-N2_post-prestimulus,product,496,val,0.788135593220339,0.78799856270212
aggregated_ranked_features_gas-N2_keep-N2_post-prestimulus,product,496,test,0.8181818181818182,0.8147368421052632
aggregated_ranked_features_gas-N2_keep-N2_post-prestimulus,product,497,train,1.0,1.0
aggregated_ranked_features_gas-N2_keep-N2_post-prestimulus,product,497,val,0.7966101694915254,0.7965517241379311
aggregated_ranked_features_gas-N2_keep-N2_post-prestimulus,product,497,test,0.8181818181818182,0.8147368421052632
aggregated_ranked_features_gas-N2_keep-N2_post-prestimulus,product,498,train,1.0,1.0
aggregated_ranked_features_gas-N2_keep-N2_post-prestimulus,product,498,val,0.7796610169491526,0.7794075352315214
aggregated_ranked_features_gas-N2_keep-N2_post-prestimulus,product,498,test,0.7954545454545454,0.7901430842607313
aggregated_ranked_features_gas-N2_keep-N2_post-prestimulus,product,499,train,1.0,1.0
aggregated_ranked_features_gas-N2_keep-N2_post-prestimulus,product,499,val,0.7796610169491526,0.7794075352315214
aggregated_ranked_features_gas-N2_keep-N2_post-prestimulus,product,499,test,0.7954545454545454,0.7901430842607313
aggregated_ranked_features_gas-N2_keep-N2_post-prestimulus,product,500,train,1.0,1.0
aggregated_ranked_features_gas-N2_keep-N2_post-prestimulus,product,500,val,0.7796610169491526,0.7795977011494253
aggregated_ranked_features_gas-N2_keep-N2_post-prestimulus,product,500,test,0.8181818181818182,0.8147368421052632
aggregated_ranked_features_gas-N2_keep-N2_post-prestimulus,product,501,train,1.0,1.0
aggregated_ranked_features_gas-N2_keep-N2_post-prestimulus,product,501,val,0.7966101694915254,0.7965517241379311
aggregated_ranked_features_gas-N2_keep-N2_post-prestimulus,product,501,test,0.8181818181818182,0.8147368421052632
aggregated_ranked_features_gas-N2_keep-N2_post-prestimulus,product,502,train,1.0,1.0
aggregated_ranked_features_gas-N2_keep-N2_post-prestimulus,product,502,val,0.8135593220338984,0.8135057471264368
aggregated_ranked_features_gas-N2_keep-N2_post-prestimulus,product,502,test,0.7954545454545454,0.7901430842607313
aggregated_ranked_features_gas-N2_keep-N2_post-prestimulus,product,503,train,1.0,1.0
aggregated_ranked_features_gas-N2_keep-N2_post-prestimulus,product,503,val,0.7796610169491526,0.7795977011494253
aggregated_ranked_features_gas-N2_keep-N2_post-prestimulus,product,503,test,0.8409090909090909,0.8388278388278387
aggregated_ranked_features_gas-N2_keep-N2_post-prestimulus,product,504,train,1.0,1.0
aggregated_ranked_features_gas-N2_keep-N2_post-prestimulus,product,504,val,0.7711864406779662,0.7710384477182897
aggregated_ranked_features_gas-N2_keep-N2_post-prestimulus,product,504,test,0.8409090909090909,0.8388278388278387
aggregated_ranked_features_gas-N2_keep-N2_post-prestimulus,product,505,train,1.0,1.0
aggregated_ranked_features_gas-N2_keep-N2_post-prestimulus,product,505,val,0.8135593220338984,0.8135057471264368
aggregated_ranked_features_gas-N2_keep-N2_post-prestimulus,product,505,test,0.8181818181818182,0.8147368421052632
aggregated_ranked_features_gas-N2_keep-N2_post-prestimulus,product,506,train,1.0,1.0
aggregated_ranked_features_gas-N2_keep-N2_post-prestimulus,product,506,val,0.7796610169491526,0.7796610169491526
aggregated_ranked_features_gas-N2_keep-N2_post-prestimulus,product,506,test,0.7727272727272727,0.7649572649572649
aggregated_ranked_features_gas-N2_keep-N2_post-prestimulus,product,507,train,1.0,1.0
aggregated_ranked_features_gas-N2_keep-N2_post-prestimulus,product,507,val,0.7796610169491526,0.7796610169491526
aggregated_ranked_features_gas-N2_keep-N2_post-prestimulus,product,507,test,0.7727272727272727,0.7649572649572649
aggregated_ranked_features_gas-N2_keep-N2_post-prestimulus,product,508,train,1.0,1.0
aggregated_ranked_features_gas-N2_keep-N2_post-prestimulus,product,508,val,0.8050847457627118,0.8050707462472169
aggregated_ranked_features_gas-N2_keep-N2_post-prestimulus,product,508,test,0.7727272727272727,0.7649572649572649
aggregated_ranked_features_gas-N2_keep-N2_post-prestimulus,product,509,train,1.0,1.0
aggregated_ranked_features_gas-N2_keep-N2_post-prestimulus,product,509,val,0.8050847457627118,0.8050707462472169
aggregated_ranked_features_gas-N2_keep-N2_post-prestimulus,product,509,test,0.7727272727272727,0.7649572649572649
aggregated_ranked_features_gas-N2_keep-N2_post-prestimulus,product,510,train,1.0,1.0
aggregated_ranked_features_gas-N2_keep-N2_post-prestimulus,product,510,val,0.7966101694915254,0.7966101694915254
aggregated_ranked_features_gas-N2_keep-N2_post-prestimulus,product,510,test,0.7954545454545454,0.7901430842607313
aggregated_ranked_features_gas-N2_keep-N2_post-prestimulus,product,511,train,1.0,1.0
aggregated_ranked_features_gas-N2_keep-N2_post-prestimulus,product,511,val,0.7796610169491526,0.7795977011494253
aggregated_ranked_features_gas-N2_keep-N2_post-prestimulus,product,511,test,0.8409090909090909,0.8388278388278387
aggregated_ranked_features_gas-N2_keep-N2_post-prestimulus,product,512,train,1.0,1.0
aggregated_ranked_features_gas-N2_keep-N2_post-prestimulus,product,512,val,0.788135593220339,0.7881203763556704
aggregated_ranked_features_gas-N2_keep-N2_post-prestimulus,product,512,test,0.8181818181818182,0.8147368421052632
aggregated_ranked_features_gas-N2_keep-N2_post-prestimulus,product,513,train,1.0,1.0
aggregated_ranked_features_gas-N2_keep-N2_post-prestimulus,product,513,val,0.7796610169491526,0.7796610169491526
aggregated_ranked_features_gas-N2_keep-N2_post-prestimulus,product,513,test,0.8409090909090909,0.8388278388278387
aggregated_ranked_features_gas-N2_keep-N2_post-prestimulus,product,514,train,1.0,1.0
aggregated_ranked_features_gas-N2_keep-N2_post-prestimulus,product,514,val,0.788135593220339,0.7881203763556704
aggregated_ranked_features_gas-N2_keep-N2_post-prestimulus,product,514,test,0.7954545454545454,0.7901430842607313
aggregated_ranked_features_gas-N2_keep-N2_post-prestimulus,product,515,train,1.0,1.0
aggregated_ranked_features_gas-N2_keep-N2_post-prestimulus,product,515,val,0.788135593220339,0.7881203763556704
aggregated_ranked_features_gas-N2_keep-N2_post-prestimulus,product,515,test,0.7954545454545454,0.7901430842607313
aggregated_ranked_features_gas-N2_keep-N2_post-prestimulus,product,516,train,1.0,1.0
aggregated_ranked_features_gas-N2_keep-N2_post-prestimulus,product,516,val,0.7796610169491526,0.7794075352315214
aggregated_ranked_features_gas-N2_keep-N2_post-prestimulus,product,516,test,0.7954545454545454,0.7901430842607313
aggregated_ranked_features_gas-N2_keep-N2_post-prestimulus,product,517,train,1.0,1.0
aggregated_ranked_features_gas-N2_keep-N2_post-prestimulus,product,517,val,0.8050847457627118,0.8050707462472169
aggregated_ranked_features_gas-N2_keep-N2_post-prestimulus,product,517,test,0.7954545454545454,0.7901430842607313
aggregated_ranked_features_gas-N2_keep-N2_post-prestimulus,product,518,train,1.0,1.0
aggregated_ranked_features_gas-N2_keep-N2_post-prestimulus,product,518,val,0.7796610169491526,0.7796610169491526
aggregated_ranked_features_gas-N2_keep-N2_post-prestimulus,product,518,test,0.7954545454545454,0.7901430842607313
aggregated_ranked_features_gas-N2_keep-N2_post-prestimulus,product,519,train,1.0,1.0
aggregated_ranked_features_gas-N2_keep-N2_post-prestimulus,product,519,val,0.7966101694915254,0.7966101694915254
aggregated_ranked_features_gas-N2_keep-N2_post-prestimulus,product,519,test,0.7954545454545454,0.7901430842607313
aggregated_ranked_features_gas-N2_keep-N2_post-prestimulus,product,520,train,1.0,1.0
aggregated_ranked_features_gas-N2_keep-N2_post-prestimulus,product,520,val,0.8050847457627118,0.8050707462472169
aggregated_ranked_features_gas-N2_keep-N2_post-prestimulus,product,520,test,0.7954545454545454,0.7901430842607313
aggregated_ranked_features_gas-N2_keep-N2_post-prestimulus,product,521,train,1.0,1.0
aggregated_ranked_features_gas-N2_keep-N2_post-prestimulus,product,521,val,0.8050847457627118,0.8050707462472169
aggregated_ranked_features_gas-N2_keep-N2_post-prestimulus,product,521,test,0.7954545454545454,0.7901430842607313
aggregated_ranked_features_gas-N2_keep-N2_post-prestimulus,product,522,train,1.0,1.0
aggregated_ranked_features_gas-N2_keep-N2_post-prestimulus,product,522,val,0.8135593220338984,0.8135057471264368
aggregated_ranked_features_gas-N2_keep-N2_post-prestimulus,product,522,test,0.7727272727272727,0.7649572649572649
aggregated_ranked_features_gas-N2_keep-N2_post-prestimulus,product,523,train,1.0,1.0
aggregated_ranked_features_gas-N2_keep-N2_post-prestimulus,product,523,val,0.788135593220339,0.7881203763556704
aggregated_ranked_features_gas-N2_keep-N2_post-prestimulus,product,523,test,0.8181818181818182,0.8147368421052632
aggregated_ranked_features_gas-N2_keep-N2_post-prestimulus,product,524,train,1.0,1.0
aggregated_ranked_features_gas-N2_keep-N2_post-prestimulus,product,524,val,0.7966101694915254,0.7966101694915254
aggregated_ranked_features_gas-N2_keep-N2_post-prestimulus,product,524,test,0.8181818181818182,0.8147368421052632
aggregated_ranked_features_gas-N2_keep-N2_post-prestimulus,product,525,train,1.0,1.0
aggregated_ranked_features_gas-N2_keep-N2_post-prestimulus,product,525,val,0.7966101694915254,0.7966101694915254
aggregated_ranked_features_gas-N2_keep-N2_post-prestimulus,product,525,test,0.8181818181818182,0.8147368421052632
aggregated_ranked_features_gas-N2_keep-N2_post-prestimulus,product,526,train,1.0,1.0
aggregated_ranked_features_gas-N2_keep-N2_post-prestimulus,product,526,val,0.8135593220338984,0.8135057471264368
aggregated_ranked_features_gas-N2_keep-N2_post-prestimulus,product,526,test,0.8181818181818182,0.8147368421052632
aggregated_ranked_features_gas-N2_keep-N2_post-prestimulus,product,527,train,1.0,1.0
aggregated_ranked_features_gas-N2_keep-N2_post-prestimulus,product,527,val,0.7796610169491526,0.7796610169491526
aggregated_ranked_features_gas-N2_keep-N2_post-prestimulus,product,527,test,0.7954545454545454,0.7901430842607313
aggregated_ranked_features_gas-N2_keep-N2_post-prestimulus,product,528,train,1.0,1.0
aggregated_ranked_features_gas-N2_keep-N2_post-prestimulus,product,528,val,0.7711864406779662,0.7710384477182897
aggregated_ranked_features_gas-N2_keep-N2_post-prestimulus,product,528,test,0.7954545454545454,0.7901430842607313
aggregated_ranked_features_gas-N2_keep-N2_post-prestimulus,product,529,train,1.0,1.0
aggregated_ranked_features_gas-N2_keep-N2_post-prestimulus,product,529,val,0.7627118644067796,0.7626436781609196
aggregated_ranked_features_gas-N2_keep-N2_post-prestimulus,product,529,test,0.7954545454545454,0.7901430842607313
aggregated_ranked_features_gas-N2_keep-N2_post-prestimulus,product,530,train,1.0,1.0
aggregated_ranked_features_gas-N2_keep-N2_post-prestimulus,product,530,val,0.7627118644067796,0.7626436781609196
aggregated_ranked_features_gas-N2_keep-N2_post-prestimulus,product,530,test,0.7954545454545454,0.7901430842607313
aggregated_ranked_features_gas-N2_keep-N2_post-prestimulus,product,531,train,1.0,1.0
aggregated_ranked_features_gas-N2_keep-N2_post-prestimulus,product,531,val,0.7966101694915254,0.7965517241379311
aggregated_ranked_features_gas-N2_keep-N2_post-prestimulus,product,531,test,0.8181818181818182,0.8147368421052632
aggregated_ranked_features_gas-N2_keep-N2_post-prestimulus,product,532,train,1.0,1.0
aggregated_ranked_features_gas-N2_keep-N2_post-prestimulus,product,532,val,0.7966101694915254,0.7966101694915254
aggregated_ranked_features_gas-N2_keep-N2_post-prestimulus,product,532,test,0.7954545454545454,0.7901430842607313
aggregated_ranked_features_gas-N2_keep-N2_post-prestimulus,product,533,train,1.0,1.0
aggregated_ranked_features_gas-N2_keep-N2_post-prestimulus,product,533,val,0.7966101694915254,0.7966101694915254
aggregated_ranked_features_gas-N2_keep-N2_post-prestimulus,product,533,test,0.7954545454545454,0.7901430842607313
aggregated_ranked_features_gas-N2_keep-N2_post-prestimulus,product,534,train,1.0,1.0
aggregated_ranked_features_gas-N2_keep-N2_post-prestimulus,product,534,val,0.7711864406779662,0.7711700064641241
aggregated_ranked_features_gas-N2_keep-N2_post-prestimulus,product,534,test,0.7954545454545454,0.7901430842607313
aggregated_ranked_features_gas-N2_keep-N2_post-prestimulus,product,535,train,1.0,1.0
aggregated_ranked_features_gas-N2_keep-N2_post-prestimulus,product,535,val,0.7627118644067796,0.7627118644067796
aggregated_ranked_features_gas-N2_keep-N2_post-prestimulus,product,535,test,0.8181818181818182,0.8147368421052632
aggregated_ranked_features_gas-N2_keep-N2_post-prestimulus,product,536,train,1.0,1.0
aggregated_ranked_features_gas-N2_keep-N2_post-prestimulus,product,536,val,0.7796610169491526,0.7796610169491526
aggregated_ranked_features_gas-N2_keep-N2_post-prestimulus,product,536,test,0.7954545454545454,0.7901430842607313
aggregated_ranked_features_gas-N2_keep-N2_post-prestimulus,product,537,train,1.0,1.0
aggregated_ranked_features_gas-N2_keep-N2_post-prestimulus,product,537,val,0.7966101694915254,0.7966101694915254
aggregated_ranked_features_gas-N2_keep-N2_post-prestimulus,product,537,test,0.8409090909090909,0.8388278388278387
aggregated_ranked_features_gas-N2_keep-N2_post-prestimulus,product,538,train,1.0,1.0
aggregated_ranked_features_gas-N2_keep-N2_post-prestimulus,product,538,val,0.7457627118644068,0.7457627118644068
aggregated_ranked_features_gas-N2_keep-N2_post-prestimulus,product,538,test,0.7954545454545454,0.7901430842607313
aggregated_ranked_features_gas-N2_keep-N2_post-prestimulus,product,539,train,1.0,1.0
aggregated_ranked_features_gas-N2_keep-N2_post-prestimulus,product,539,val,0.7796610169491526,0.7796610169491526
aggregated_ranked_features_gas-N2_keep-N2_post-prestimulus,product,539,test,0.8181818181818182,0.8147368421052632
aggregated_ranked_features_gas-N2_keep-N2_post-prestimulus,product,540,train,1.0,1.0
aggregated_ranked_features_gas-N2_keep-N2_post-prestimulus,product,540,val,0.7627118644067796,0.7626436781609196
aggregated_ranked_features_gas-N2_keep-N2_post-prestimulus,product,540,test,0.7954545454545454,0.7901430842607313
aggregated_ranked_features_gas-N2_keep-N2_post-prestimulus,product,541,train,1.0,1.0
aggregated_ranked_features_gas-N2_keep-N2_post-prestimulus,product,541,val,0.7711864406779662,0.7710384477182897
aggregated_ranked_features_gas-N2_keep-N2_post-prestimulus,product,541,test,0.7954545454545454,0.7901430842607313
aggregated_ranked_features_gas-N2_keep-N2_post-prestimulus,product,542,train,1.0,1.0
aggregated_ranked_features_gas-N2_keep-N2_post-prestimulus,product,542,val,0.788135593220339,0.7881203763556704
aggregated_ranked_features_gas-N2_keep-N2_post-prestimulus,product,542,test,0.7954545454545454,0.7901430842607313
aggregated_ranked_features_gas-N2_keep-N2_post-prestimulus,product,543,train,1.0,1.0
aggregated_ranked_features_gas-N2_keep-N2_post-prestimulus,product,543,val,0.788135593220339,0.7881203763556704
aggregated_ranked_features_gas-N2_keep-N2_post-prestimulus,product,543,test,0.7954545454545454,0.7901430842607313
aggregated_ranked_features_gas-N2_keep-N2_post-prestimulus,product,544,train,1.0,1.0
aggregated_ranked_features_gas-N2_keep-N2_post-prestimulus,product,544,val,0.788135593220339,0.7881203763556704
aggregated_ranked_features_gas-N2_keep-N2_post-prestimulus,product,544,test,0.7954545454545454,0.7901430842607313
aggregated_ranked_features_gas-N2_keep-N2_post-prestimulus,product,545,train,1.0,1.0
aggregated_ranked_features_gas-N2_keep-N2_post-prestimulus,product,545,val,0.788135593220339,0.7881203763556704
aggregated_ranked_features_gas-N2_keep-N2_post-prestimulus,product,545,test,0.8181818181818182,0.8147368421052632
aggregated_ranked_features_gas-N2_keep-N2_post-prestimulus,product,546,train,1.0,1.0
aggregated_ranked_features_gas-N2_keep-N2_post-prestimulus,product,546,val,0.7542372881355932,0.7540783327344592
aggregated_ranked_features_gas-N2_keep-N2_post-prestimulus,product,546,test,0.8181818181818182,0.8147368421052632
aggregated_ranked_features_gas-N2_keep-N2_post-prestimulus,product,547,train,1.0,1.0
aggregated_ranked_features_gas-N2_keep-N2_post-prestimulus,product,547,val,0.7711864406779662,0.7711700064641241
aggregated_ranked_features_gas-N2_keep-N2_post-prestimulus,product,547,test,0.8181818181818182,0.8147368421052632
aggregated_ranked_features_gas-N2_keep-N2_post-prestimulus,product,548,train,1.0,1.0
aggregated_ranked_features_gas-N2_keep-N2_post-prestimulus,product,548,val,0.8135593220338984,0.8135593220338984
aggregated_ranked_features_gas-N2_keep-N2_post-prestimulus,product,548,test,0.8181818181818182,0.8147368421052632
aggregated_ranked_features_gas-N2_keep-N2_post-prestimulus,product,549,train,1.0,1.0
aggregated_ranked_features_gas-N2_keep-N2_post-prestimulus,product,549,val,0.788135593220339,0.7881203763556704
aggregated_ranked_features_gas-N2_keep-N2_post-prestimulus,product,549,test,0.8181818181818182,0.8147368421052632
aggregated_ranked_features_gas-N2_keep-N2_post-prestimulus,product,550,train,1.0,1.0
aggregated_ranked_features_gas-N2_keep-N2_post-prestimulus,product,550,val,0.7796610169491526,0.7796610169491526
aggregated_ranked_features_gas-N2_keep-N2_post-prestimulus,product,550,test,0.8181818181818182,0.8147368421052632
aggregated_ranked_features_gas-N2_keep-N2_post-prestimulus,product,551,train,1.0,1.0
aggregated_ranked_features_gas-N2_keep-N2_post-prestimulus,product,551,val,0.8220338983050848,0.8220211161387632
aggregated_ranked_features_gas-N2_keep-N2_post-prestimulus,product,551,test,0.7954545454545454,0.7901430842607313
aggregated_ranked_features_gas-N2_keep-N2_post-prestimulus,product,552,train,1.0,1.0
aggregated_ranked_features_gas-N2_keep-N2_post-prestimulus,product,552,val,0.788135593220339,0.7881203763556704
aggregated_ranked_features_gas-N2_keep-N2_post-prestimulus,product,552,test,0.7727272727272727,0.7649572649572649
aggregated_ranked_features_gas-N2_keep-N2_post-prestimulus,product,553,train,1.0,1.0
aggregated_ranked_features_gas-N2_keep-N2_post-prestimulus,product,553,val,0.788135593220339,0.7881203763556704
aggregated_ranked_features_gas-N2_keep-N2_post-prestimulus,product,553,test,0.8181818181818182,0.8147368421052632
aggregated_ranked_features_gas-N2_keep-N2_post-prestimulus,product,554,train,1.0,1.0
aggregated_ranked_features_gas-N2_keep-N2_post-prestimulus,product,554,val,0.788135593220339,0.7881203763556704
aggregated_ranked_features_gas-N2_keep-N2_post-prestimulus,product,554,test,0.7954545454545454,0.7901430842607313
aggregated_ranked_features_gas-N2_keep-N2_post-prestimulus,product,555,train,1.0,1.0
aggregated_ranked_features_gas-N2_keep-N2_post-prestimulus,product,555,val,0.7796610169491526,0.7795977011494253
aggregated_ranked_features_gas-N2_keep-N2_post-prestimulus,product,555,test,0.8181818181818182,0.8147368421052632
aggregated_ranked_features_gas-N2_keep-N2_post-prestimulus,product,556,train,1.0,1.0
aggregated_ranked_features_gas-N2_keep-N2_post-prestimulus,product,556,val,0.7542372881355932,0.7540783327344592
aggregated_ranked_features_gas-N2_keep-N2_post-prestimulus,product,556,test,0.8181818181818182,0.8147368421052632
aggregated_ranked_features_gas-N2_keep-N2_post-prestimulus,product,557,train,1.0,1.0
aggregated_ranked_features_gas-N2_keep-N2_post-prestimulus,product,557,val,0.8050847457627118,0.8049586776859504
aggregated_ranked_features_gas-N2_keep-N2_post-prestimulus,product,557,test,0.8181818181818182,0.8147368421052632
aggregated_ranked_features_gas-N2_keep-N2_post-prestimulus,product,558,train,1.0,1.0
aggregated_ranked_features_gas-N2_keep-N2_post-prestimulus,product,558,val,0.788135593220339,0.78799856270212
aggregated_ranked_features_gas-N2_keep-N2_post-prestimulus,product,558,test,0.8409090909090909,0.8388278388278387
aggregated_ranked_features_gas-N2_keep-N2_post-prestimulus,product,559,train,1.0,1.0
aggregated_ranked_features_gas-N2_keep-N2_post-prestimulus,product,559,val,0.788135593220339,0.7877545147132887
aggregated_ranked_features_gas-N2_keep-N2_post-prestimulus,product,559,test,0.8181818181818182,0.8147368421052632
aggregated_ranked_features_gas-N2_keep-N2_post-prestimulus,product,560,train,1.0,1.0
aggregated_ranked_features_gas-N2_keep-N2_post-prestimulus,product,560,val,0.788135593220339,0.7881203763556704
aggregated_ranked_features_gas-N2_keep-N2_post-prestimulus,product,560,test,0.7954545454545454,0.7901430842607313
aggregated_ranked_features_gas-N2_keep-N2_post-prestimulus,product,561,train,1.0,1.0
aggregated_ranked_features_gas-N2_keep-N2_post-prestimulus,product,561,val,0.788135593220339,0.7881203763556704
aggregated_ranked_features_gas-N2_keep-N2_post-prestimulus,product,561,test,0.7954545454545454,0.7901430842607313
aggregated_ranked_features_gas-N2_keep-N2_post-prestimulus,product,562,train,1.0,1.0
aggregated_ranked_features_gas-N2_keep-N2_post-prestimulus,product,562,val,0.8050847457627118,0.8050707462472169
aggregated_ranked_features_gas-N2_keep-N2_post-prestimulus,product,562,test,0.8181818181818182,0.8147368421052632
aggregated_ranked_features_gas-N2_keep-N2_post-prestimulus,product,563,train,1.0,1.0
aggregated_ranked_features_gas-N2_keep-N2_post-prestimulus,product,563,val,0.788135593220339,0.7881203763556704
aggregated_ranked_features_gas-N2_keep-N2_post-prestimulus,product,563,test,0.8181818181818182,0.8147368421052632
aggregated_ranked_features_gas-N2_keep-N2_post-prestimulus,product,564,train,1.0,1.0
aggregated_ranked_features_gas-N2_keep-N2_post-prestimulus,product,564,val,0.7966101694915254,0.7966101694915254
aggregated_ranked_features_gas-N2_keep-N2_post-prestimulus,product,564,test,0.7954545454545454,0.7901430842607313
aggregated_ranked_features_gas-N2_keep-N2_post-prestimulus,product,565,train,1.0,1.0
aggregated_ranked_features_gas-N2_keep-N2_post-prestimulus,product,565,val,0.788135593220339,0.7881203763556704
aggregated_ranked_features_gas-N2_keep-N2_post-prestimulus,product,565,test,0.8181818181818182,0.8147368421052632
aggregated_ranked_features_gas-N2_keep-N2_post-prestimulus,product,566,train,1.0,1.0
aggregated_ranked_features_gas-N2_keep-N2_post-prestimulus,product,566,val,0.8135593220338984,0.8135057471264368
aggregated_ranked_features_gas-N2_keep-N2_post-prestimulus,product,566,test,0.7954545454545454,0.7901430842607313
aggregated_ranked_features_gas-N2_keep-N2_post-prestimulus,product,567,train,1.0,1.0
aggregated_ranked_features_gas-N2_keep-N2_post-prestimulus,product,567,val,0.788135593220339,0.7881203763556704
aggregated_ranked_features_gas-N2_keep-N2_post-prestimulus,product,567,test,0.7954545454545454,0.7901430842607313
aggregated_ranked_features_gas-N2_keep-N2_post-prestimulus,product,568,train,1.0,1.0
aggregated_ranked_features_gas-N2_keep-N2_post-prestimulus,product,568,val,0.7711864406779662,0.7711700064641241
aggregated_ranked_features_gas-N2_keep-N2_post-prestimulus,product,568,test,0.8181818181818182,0.8147368421052632
aggregated_ranked_features_gas-N2_keep-N2_post-prestimulus,product,569,train,1.0,1.0
aggregated_ranked_features_gas-N2_keep-N2_post-prestimulus,product,569,val,0.7627118644067796,0.7627118644067796
aggregated_ranked_features_gas-N2_keep-N2_post-prestimulus,product,569,test,0.8181818181818182,0.8147368421052632
aggregated_ranked_features_gas-N2_keep-N2_post-prestimulus,product,570,train,1.0,1.0
aggregated_ranked_features_gas-N2_keep-N2_post-prestimulus,product,570,val,0.788135593220339,0.7877545147132887
aggregated_ranked_features_gas-N2_keep-N2_post-prestimulus,product,570,test,0.7954545454545454,0.7901430842607313
aggregated_ranked_features_gas-N2_keep-N2_post-prestimulus,product,571,train,1.0,1.0
aggregated_ranked_features_gas-N2_keep-N2_post-prestimulus,product,571,val,0.7542372881355932,0.7542196365725777
aggregated_ranked_features_gas-N2_keep-N2_post-prestimulus,product,571,test,0.7727272727272727,0.7649572649572649
aggregated_ranked_features_gas-N2_keep-N2_post-prestimulus,product,572,train,1.0,1.0
aggregated_ranked_features_gas-N2_keep-N2_post-prestimulus,product,572,val,0.7966101694915254,0.7965517241379311
aggregated_ranked_features_gas-N2_keep-N2_post-prestimulus,product,572,test,0.8181818181818182,0.8147368421052632
aggregated_ranked_features_gas-N2_keep-N2_post-prestimulus,product,573,train,1.0,1.0
aggregated_ranked_features_gas-N2_keep-N2_post-prestimulus,product,573,val,0.788135593220339,0.7881203763556704
aggregated_ranked_features_gas-N2_keep-N2_post-prestimulus,product,573,test,0.8181818181818182,0.8147368421052632
aggregated_ranked_features_gas-N2_keep-N2_post-prestimulus,product,574,train,1.0,1.0
aggregated_ranked_features_gas-N2_keep-N2_post-prestimulus,product,574,val,0.788135593220339,0.78799856270212
aggregated_ranked_features_gas-N2_keep-N2_post-prestimulus,product,574,test,0.8181818181818182,0.8147368421052632
aggregated_ranked_features_gas-N2_keep-N2_post-prestimulus,product,575,train,1.0,1.0
aggregated_ranked_features_gas-N2_keep-N2_post-prestimulus,product,575,val,0.788135593220339,0.78799856270212
aggregated_ranked_features_gas-N2_keep-N2_post-prestimulus,product,575,test,0.8181818181818182,0.8147368421052632
aggregated_ranked_features_gas-N2_keep-N2_post-prestimulus,product,576,train,1.0,1.0
aggregated_ranked_features_gas-N2_keep-N2_post-prestimulus,product,576,val,0.788135593220339,0.7881203763556704
aggregated_ranked_features_gas-N2_keep-N2_post-prestimulus,product,576,test,0.8181818181818182,0.8147368421052632
aggregated_ranked_features_gas-N2_keep-N2_post-prestimulus,product,577,train,1.0,1.0
aggregated_ranked_features_gas-N2_keep-N2_post-prestimulus,product,577,val,0.7966101694915254,0.7966101694915254
aggregated_ranked_features_gas-N2_keep-N2_post-prestimulus,product,577,test,0.8181818181818182,0.8147368421052632
aggregated_ranked_features_gas-N2_keep-N2_post-prestimulus,product,578,train,1.0,1.0
aggregated_ranked_features_gas-N2_keep-N2_post-prestimulus,product,578,val,0.8050847457627118,0.8050707462472169
aggregated_ranked_features_gas-N2_keep-N2_post-prestimulus,product,578,test,0.8181818181818182,0.8147368421052632
aggregated_ranked_features_gas-N2_keep-N2_post-prestimulus,product,579,train,1.0,1.0
aggregated_ranked_features_gas-N2_keep-N2_post-prestimulus,product,579,val,0.7542372881355932,0.7540783327344592
aggregated_ranked_features_gas-N2_keep-N2_post-prestimulus,product,579,test,0.8181818181818182,0.8147368421052632
aggregated_ranked_features_gas-N2_keep-N2_post-prestimulus,product,580,train,1.0,1.0
aggregated_ranked_features_gas-N2_keep-N2_post-prestimulus,product,580,val,0.7542372881355932,0.7540783327344592
aggregated_ranked_features_gas-N2_keep-N2_post-prestimulus,product,580,test,0.8181818181818182,0.8147368421052632
aggregated_ranked_features_gas-N2_keep-N2_post-prestimulus,product,581,train,1.0,1.0
aggregated_ranked_features_gas-N2_keep-N2_post-prestimulus,product,581,val,0.7711864406779662,0.7710384477182897
aggregated_ranked_features_gas-N2_keep-N2_post-prestimulus,product,581,test,0.8181818181818182,0.8147368421052632
aggregated_ranked_features_gas-N2_keep-N2_post-prestimulus,product,582,train,1.0,1.0
aggregated_ranked_features_gas-N2_keep-N2_post-prestimulus,product,582,val,0.7796610169491526,0.7795977011494253
aggregated_ranked_features_gas-N2_keep-N2_post-prestimulus,product,582,test,0.7954545454545454,0.7901430842607313
aggregated_ranked_features_gas-N2_keep-N2_post-prestimulus,product,583,train,1.0,1.0
aggregated_ranked_features_gas-N2_keep-N2_post-prestimulus,product,583,val,0.8135593220338984,0.8135057471264368
aggregated_ranked_features_gas-N2_keep-N2_post-prestimulus,product,583,test,0.8181818181818182,0.8147368421052632
aggregated_ranked_features_gas-N2_keep-N2_post-prestimulus,product,584,train,1.0,1.0
aggregated_ranked_features_gas-N2_keep-N2_post-prestimulus,product,584,val,0.7711864406779662,0.7710384477182897
aggregated_ranked_features_gas-N2_keep-N2_post-prestimulus,product,584,test,0.8181818181818182,0.8147368421052632
aggregated_ranked_features_gas-N2_keep-N2_post-prestimulus,product,585,train,1.0,1.0
aggregated_ranked_features_gas-N2_keep-N2_post-prestimulus,product,585,val,0.7627118644067796,0.7627118644067796
aggregated_ranked_features_gas-N2_keep-N2_post-prestimulus,product,585,test,0.7954545454545454,0.7901430842607313
aggregated_ranked_features_gas-N2_keep-N2_post-prestimulus,product,586,train,1.0,1.0
aggregated_ranked_features_gas-N2_keep-N2_post-prestimulus,product,586,val,0.7711864406779662,0.7710384477182897
aggregated_ranked_features_gas-N2_keep-N2_post-prestimulus,product,586,test,0.7954545454545454,0.7901430842607313
aggregated_ranked_features_gas-N2_keep-N2_post-prestimulus,product,587,train,1.0,1.0
aggregated_ranked_features_gas-N2_keep-N2_post-prestimulus,product,587,val,0.7796610169491526,0.7796610169491526
aggregated_ranked_features_gas-N2_keep-N2_post-prestimulus,product,587,test,0.7954545454545454,0.7901430842607313
aggregated_ranked_features_gas-N2_keep-N2_post-prestimulus,product,588,train,1.0,1.0
aggregated_ranked_features_gas-N2_keep-N2_post-prestimulus,product,588,val,0.7966101694915254,0.7966101694915254
aggregated_ranked_features_gas-N2_keep-N2_post-prestimulus,product,588,test,0.8181818181818182,0.8147368421052632
aggregated_ranked_features_gas-N2_keep-N2_post-prestimulus,product,589,train,1.0,1.0
aggregated_ranked_features_gas-N2_keep-N2_post-prestimulus,product,589,val,0.7966101694915254,0.7966101694915254
aggregated_ranked_features_gas-N2_keep-N2_post-prestimulus,product,589,test,0.7954545454545454,0.7901430842607313
aggregated_ranked_features_gas-N2_keep-N2_post-prestimulus,product,590,train,1.0,1.0
aggregated_ranked_features_gas-N2_keep-N2_post-prestimulus,product,590,val,0.8135593220338984,0.8135057471264368
aggregated_ranked_features_gas-N2_keep-N2_post-prestimulus,product,590,test,0.8409090909090909,0.8388278388278387
aggregated_ranked_features_gas-N2_keep-N2_post-prestimulus,product,591,train,1.0,1.0
aggregated_ranked_features_gas-N2_keep-N2_post-prestimulus,product,591,val,0.8135593220338984,0.8135057471264368
aggregated_ranked_features_gas-N2_keep-N2_post-prestimulus,product,591,test,0.8409090909090909,0.8388278388278387
aggregated_ranked_features_gas-N2_keep-N2_post-prestimulus,product,592,train,1.0,1.0
aggregated_ranked_features_gas-N2_keep-N2_post-prestimulus,product,592,val,0.7627118644067796,0.7624388840954845
aggregated_ranked_features_gas-N2_keep-N2_post-prestimulus,product,592,test,0.7954545454545454,0.7901430842607313
aggregated_ranked_features_gas-N2_keep-N2_post-prestimulus,product,593,train,1.0,1.0
aggregated_ranked_features_gas-N2_keep-N2_post-prestimulus,product,593,val,0.7711864406779662,0.7707748758903519
aggregated_ranked_features_gas-N2_keep-N2_post-prestimulus,product,593,test,0.7954545454545454,0.7901430842607313
aggregated_ranked_features_gas-N2_keep-N2_post-prestimulus,product,594,train,1.0,1.0
aggregated_ranked_features_gas-N2_keep-N2_post-prestimulus,product,594,val,0.8135593220338984,0.8135057471264368
aggregated_ranked_features_gas-N2_keep-N2_post-prestimulus,product,594,test,0.8181818181818182,0.8147368421052632
aggregated_ranked_features_gas-N2_keep-N2_post-prestimulus,product,595,train,1.0,1.0
aggregated_ranked_features_gas-N2_keep-N2_post-prestimulus,product,595,val,0.7711864406779662,0.7711700064641241
aggregated_ranked_features_gas-N2_keep-N2_post-prestimulus,product,595,test,0.8181818181818182,0.8147368421052632
aggregated_ranked_features_gas-N2_keep-N2_post-prestimulus,product,596,train,1.0,1.0
aggregated_ranked_features_gas-N2_keep-N2_post-prestimulus,product,596,val,0.7711864406779662,0.7711700064641241
aggregated_ranked_features_gas-N2_keep-N2_post-prestimulus,product,596,test,0.8181818181818182,0.8147368421052632
aggregated_ranked_features_gas-N2_keep-N2_post-prestimulus,product,597,train,1.0,1.0
aggregated_ranked_features_gas-N2_keep-N2_post-prestimulus,product,597,val,0.7711864406779662,0.7710384477182897
aggregated_ranked_features_gas-N2_keep-N2_post-prestimulus,product,597,test,0.8181818181818182,0.8147368421052632
aggregated_ranked_features_gas-N2_keep-N2_post-prestimulus,product,598,train,1.0,1.0
aggregated_ranked_features_gas-N2_keep-N2_post-prestimulus,product,598,val,0.8050847457627118,0.8050707462472169
aggregated_ranked_features_gas-N2_keep-N2_post-prestimulus,product,598,test,0.8181818181818182,0.8147368421052632
aggregated_ranked_features_gas-N2_keep-N2_post-prestimulus,product,599,train,1.0,1.0
aggregated_ranked_features_gas-N2_keep-N2_post-prestimulus,product,599,val,0.8050847457627118,0.8050707462472169
aggregated_ranked_features_gas-N2_keep-N2_post-prestimulus,product,599,test,0.8181818181818182,0.8147368421052632
aggregated_ranked_features_gas-N2_keep-N2_post-prestimulus,product,600,train,1.0,1.0
aggregated_ranked_features_gas-N2_keep-N2_post-prestimulus,product,600,val,0.788135593220339,0.7881203763556704
aggregated_ranked_features_gas-N2_keep-N2_post-prestimulus,product,600,test,0.8181818181818182,0.8147368421052632
aggregated_ranked_features_gas-N2_keep-N2_post-prestimulus,product,601,train,1.0,1.0
aggregated_ranked_features_gas-N2_keep-N2_post-prestimulus,product,601,val,0.7542372881355932,0.7540783327344592
aggregated_ranked_features_gas-N2_keep-N2_post-prestimulus,product,601,test,0.8181818181818182,0.8147368421052632
aggregated_ranked_features_gas-N2_keep-N2_post-prestimulus,product,602,train,1.0,1.0
aggregated_ranked_features_gas-N2_keep-N2_post-prestimulus,product,602,val,0.7796610169491526,0.7796610169491526
aggregated_ranked_features_gas-N2_keep-N2_post-prestimulus,product,602,test,0.8181818181818182,0.8147368421052632
aggregated_ranked_features_gas-N2_keep-N2_post-prestimulus,product,603,train,1.0,1.0
aggregated_ranked_features_gas-N2_keep-N2_post-prestimulus,product,603,val,0.7627118644067796,0.7626436781609196
aggregated_ranked_features_gas-N2_keep-N2_post-prestimulus,product,603,test,0.7954545454545454,0.7901430842607313
aggregated_ranked_features_gas-N2_keep-N2_post-prestimulus,product,604,train,1.0,1.0
aggregated_ranked_features_gas-N2_keep-N2_post-prestimulus,product,604,val,0.7796610169491526,0.7796610169491526
aggregated_ranked_features_gas-N2_keep-N2_post-prestimulus,product,604,test,0.7954545454545454,0.7901430842607313
aggregated_ranked_features_gas-N2_keep-N2_post-prestimulus,product,605,train,1.0,1.0
aggregated_ranked_features_gas-N2_keep-N2_post-prestimulus,product,605,val,0.788135593220339,0.7881203763556704
aggregated_ranked_features_gas-N2_keep-N2_post-prestimulus,product,605,test,0.7954545454545454,0.7901430842607313
aggregated_ranked_features_gas-N2_keep-N2_post-prestimulus,product,606,train,1.0,1.0
aggregated_ranked_features_gas-N2_keep-N2_post-prestimulus,product,606,val,0.8135593220338984,0.8135057471264368
aggregated_ranked_features_gas-N2_keep-N2_post-prestimulus,product,606,test,0.8181818181818182,0.8147368421052632
aggregated_ranked_features_gas-N2_keep-N2_post-prestimulus,product,607,train,1.0,1.0
aggregated_ranked_features_gas-N2_keep-N2_post-prestimulus,product,607,val,0.7796610169491526,0.7795977011494253
aggregated_ranked_features_gas-N2_keep-N2_post-prestimulus,product,607,test,0.8409090909090909,0.8388278388278387
aggregated_ranked_features_gas-N2_keep-N2_post-prestimulus,product,608,train,1.0,1.0
aggregated_ranked_features_gas-N2_keep-N2_post-prestimulus,product,608,val,0.7542372881355932,0.7540783327344592
aggregated_ranked_features_gas-N2_keep-N2_post-prestimulus,product,608,test,0.8181818181818182,0.8147368421052632
aggregated_ranked_features_gas-N2_keep-N2_post-prestimulus,product,609,train,1.0,1.0
aggregated_ranked_features_gas-N2_keep-N2_post-prestimulus,product,609,val,0.7711864406779662,0.7710384477182897
aggregated_ranked_features_gas-N2_keep-N2_post-prestimulus,product,609,test,0.8409090909090909,0.8388278388278387
aggregated_ranked_features_gas-N2_keep-N2_post-prestimulus,product,610,train,1.0,1.0
aggregated_ranked_features_gas-N2_keep-N2_post-prestimulus,product,610,val,0.7711864406779662,0.7710384477182897
aggregated_ranked_features_gas-N2_keep-N2_post-prestimulus,product,610,test,0.8409090909090909,0.8388278388278387
aggregated_ranked_features_gas-N2_keep-N2_post-prestimulus,product,611,train,1.0,1.0
aggregated_ranked_features_gas-N2_keep-N2_post-prestimulus,product,611,val,0.8050847457627118,0.8049586776859504
aggregated_ranked_features_gas-N2_keep-N2_post-prestimulus,product,611,test,0.8181818181818182,0.8147368421052632
aggregated_ranked_features_gas-N2_keep-N2_post-prestimulus,product,612,train,1.0,1.0
aggregated_ranked_features_gas-N2_keep-N2_post-prestimulus,product,612,val,0.7457627118644068,0.7456896551724138
aggregated_ranked_features_gas-N2_keep-N2_post-prestimulus,product,612,test,0.8181818181818182,0.8147368421052632
aggregated_ranked_features_gas-N2_keep-N2_post-prestimulus,product,613,train,1.0,1.0
aggregated_ranked_features_gas-N2_keep-N2_post-prestimulus,product,613,val,0.7627118644067796,0.7627118644067796
aggregated_ranked_features_gas-N2_keep-N2_post-prestimulus,product,613,test,0.8181818181818182,0.8147368421052632
aggregated_ranked_features_gas-N2_keep-N2_post-prestimulus,product,614,train,1.0,1.0
aggregated_ranked_features_gas-N2_keep-N2_post-prestimulus,product,614,val,0.7966101694915254,0.7965517241379311
aggregated_ranked_features_gas-N2_keep-N2_post-prestimulus,product,614,test,0.8181818181818182,0.8147368421052632
aggregated_ranked_features_gas-N2_keep-N2_post-prestimulus,product,615,train,1.0,1.0
aggregated_ranked_features_gas-N2_keep-N2_post-prestimulus,product,615,val,0.7711864406779662,0.7710384477182897
aggregated_ranked_features_gas-N2_keep-N2_post-prestimulus,product,615,test,0.8181818181818182,0.8147368421052632
aggregated_ranked_features_gas-N2_keep-N2_post-prestimulus,product,616,train,1.0,1.0
aggregated_ranked_features_gas-N2_keep-N2_post-prestimulus,product,616,val,0.7711864406779662,0.7710384477182897
aggregated_ranked_features_gas-N2_keep-N2_post-prestimulus,product,616,test,0.8181818181818182,0.8147368421052632
aggregated_ranked_features_gas-N2_keep-N2_post-prestimulus,product,617,train,1.0,1.0
aggregated_ranked_features_gas-N2_keep-N2_post-prestimulus,product,617,val,0.788135593220339,0.78799856270212
aggregated_ranked_features_gas-N2_keep-N2_post-prestimulus,product,617,test,0.8181818181818182,0.8147368421052632
aggregated_ranked_features_gas-N2_keep-N2_post-prestimulus,product,618,train,1.0,1.0
aggregated_ranked_features_gas-N2_keep-N2_post-prestimulus,product,618,val,0.788135593220339,0.7881203763556704
aggregated_ranked_features_gas-N2_keep-N2_post-prestimulus,product,618,test,0.8181818181818182,0.8147368421052632
aggregated_ranked_features_gas-N2_keep-N2_post-prestimulus,product,619,train,1.0,1.0
aggregated_ranked_features_gas-N2_keep-N2_post-prestimulus,product,619,val,0.788135593220339,0.7881203763556704
aggregated_ranked_features_gas-N2_keep-N2_post-prestimulus,product,619,test,0.8181818181818182,0.8147368421052632
aggregated_ranked_features_gas-N2_keep-N2_post-prestimulus,product,620,train,1.0,1.0
aggregated_ranked_features_gas-N2_keep-N2_post-prestimulus,product,620,val,0.7796610169491526,0.7796610169491526
aggregated_ranked_features_gas-N2_keep-N2_post-prestimulus,product,620,test,0.8181818181818182,0.8147368421052632
aggregated_ranked_features_gas-N2_keep-N2_post-prestimulus,product,621,train,1.0,1.0
aggregated_ranked_features_gas-N2_keep-N2_post-prestimulus,product,621,val,0.7627118644067796,0.7626436781609196
aggregated_ranked_features_gas-N2_keep-N2_post-prestimulus,product,621,test,0.7954545454545454,0.7901430842607313
aggregated_ranked_features_gas-N2_keep-N2_post-prestimulus,product,622,train,1.0,1.0
aggregated_ranked_features_gas-N2_keep-N2_post-prestimulus,product,622,val,0.7542372881355932,0.7542196365725777
aggregated_ranked_features_gas-N2_keep-N2_post-prestimulus,product,622,test,0.7954545454545454,0.7901430842607313
aggregated_ranked_features_gas-N2_keep-N2_post-prestimulus,product,623,train,1.0,1.0
aggregated_ranked_features_gas-N2_keep-N2_post-prestimulus,product,623,val,0.7627118644067796,0.7627118644067796
aggregated_ranked_features_gas-N2_keep-N2_post-prestimulus,product,623,test,0.7727272727272727,0.7649572649572649
aggregated_ranked_features_gas-N2_keep-N2_post-prestimulus,product,624,train,1.0,1.0
aggregated_ranked_features_gas-N2_keep-N2_post-prestimulus,product,624,val,0.788135593220339,0.78799856270212
aggregated_ranked_features_gas-N2_keep-N2_post-prestimulus,product,624,test,0.7954545454545454,0.7901430842607313
aggregated_ranked_features_gas-N2_keep-N2_post-prestimulus,product,625,train,1.0,1.0
aggregated_ranked_features_gas-N2_keep-N2_post-prestimulus,product,625,val,0.788135593220339,0.7881203763556704
aggregated_ranked_features_gas-N2_keep-N2_post-prestimulus,product,625,test,0.8181818181818182,0.8147368421052632
aggregated_ranked_features_gas-N2_keep-N2_post-prestimulus,product,626,train,1.0,1.0
aggregated_ranked_features_gas-N2_keep-N2_post-prestimulus,product,626,val,0.7627118644067796,0.7627118644067796
aggregated_ranked_features_gas-N2_keep-N2_post-prestimulus,product,626,test,0.7954545454545454,0.7901430842607313
aggregated_ranked_features_gas-N2_keep-N2_post-prestimulus,product,627,train,1.0,1.0
aggregated_ranked_features_gas-N2_keep-N2_post-prestimulus,product,627,val,0.7542372881355932,0.7542196365725777
aggregated_ranked_features_gas-N2_keep-N2_post-prestimulus,product,627,test,0.8181818181818182,0.8147368421052632
aggregated_ranked_features_gas-N2_keep-N2_post-prestimulus,product,628,train,1.0,1.0
aggregated_ranked_features_gas-N2_keep-N2_post-prestimulus,product,628,val,0.8220338983050848,0.8220211161387632
aggregated_ranked_features_gas-N2_keep-N2_post-prestimulus,product,628,test,0.7954545454545454,0.7901430842607313
aggregated_ranked_features_gas-N2_keep-N2_post-prestimulus,product,629,train,1.0,1.0
aggregated_ranked_features_gas-N2_keep-N2_post-prestimulus,product,629,val,0.788135593220339,0.7881203763556704
aggregated_ranked_features_gas-N2_keep-N2_post-prestimulus,product,629,test,0.8181818181818182,0.8147368421052632
aggregated_ranked_features_gas-N2_keep-N2_post-prestimulus,product,630,train,1.0,1.0
aggregated_ranked_features_gas-N2_keep-N2_post-prestimulus,product,630,val,0.7796610169491526,0.7796610169491526
aggregated_ranked_features_gas-N2_keep-N2_post-prestimulus,product,630,test,0.8409090909090909,0.8388278388278387
aggregated_ranked_features_gas-N2_keep-N2_post-prestimulus,product,631,train,1.0,1.0
aggregated_ranked_features_gas-N2_keep-N2_post-prestimulus,product,631,val,0.7796610169491526,0.7795977011494253
aggregated_ranked_features_gas-N2_keep-N2_post-prestimulus,product,631,test,0.7954545454545454,0.7901430842607313
aggregated_ranked_features_gas-N2_keep-N2_post-prestimulus,product,632,train,1.0,1.0
aggregated_ranked_features_gas-N2_keep-N2_post-prestimulus,product,632,val,0.7796610169491526,0.7796610169491526
aggregated_ranked_features_gas-N2_keep-N2_post-prestimulus,product,632,test,0.8181818181818182,0.8147368421052632
aggregated_ranked_features_gas-N2_keep-N2_post-prestimulus,product,633,train,1.0,1.0
aggregated_ranked_features_gas-N2_keep-N2_post-prestimulus,product,633,val,0.788135593220339,0.7881203763556704
aggregated_ranked_features_gas-N2_keep-N2_post-prestimulus,product,633,test,0.8181818181818182,0.8147368421052632
aggregated_ranked_features_gas-N2_keep-N2_post-prestimulus,product,634,train,1.0,1.0
aggregated_ranked_features_gas-N2_keep-N2_post-prestimulus,product,634,val,0.788135593220339,0.7881203763556704
aggregated_ranked_features_gas-N2_keep-N2_post-prestimulus,product,634,test,0.8181818181818182,0.8147368421052632
aggregated_ranked_features_gas-N2_keep-N2_post-prestimulus,product,635,train,1.0,1.0
aggregated_ranked_features_gas-N2_keep-N2_post-prestimulus,product,635,val,0.788135593220339,0.7881203763556704
aggregated_ranked_features_gas-N2_keep-N2_post-prestimulus,product,635,test,0.8181818181818182,0.8147368421052632
aggregated_ranked_features_gas-N2_keep-N2_post-prestimulus,product,636,train,1.0,1.0
aggregated_ranked_features_gas-N2_keep-N2_post-prestimulus,product,636,val,0.788135593220339,0.7881203763556704
aggregated_ranked_features_gas-N2_keep-N2_post-prestimulus,product,636,test,0.8181818181818182,0.8147368421052632
aggregated_ranked_features_gas-N2_keep-N2_post-prestimulus,product,637,train,1.0,1.0
aggregated_ranked_features_gas-N2_keep-N2_post-prestimulus,product,637,val,0.7966101694915254,0.7966101694915254
aggregated_ranked_features_gas-N2_keep-N2_post-prestimulus,product,637,test,0.8181818181818182,0.8147368421052632
aggregated_ranked_features_gas-N2_keep-N2_post-prestimulus,product,638,train,1.0,1.0
aggregated_ranked_features_gas-N2_keep-N2_post-prestimulus,product,638,val,0.788135593220339,0.7881203763556704
aggregated_ranked_features_gas-N2_keep-N2_post-prestimulus,product,638,test,0.8181818181818182,0.8147368421052632
aggregated_ranked_features_gas-N2_keep-N2_post-prestimulus,product,639,train,1.0,1.0
aggregated_ranked_features_gas-N2_keep-N2_post-prestimulus,product,639,val,0.788135593220339,0.7881203763556704
aggregated_ranked_features_gas-N2_keep-N2_post-prestimulus,product,639,test,0.8181818181818182,0.8147368421052632
aggregated_ranked_features_gas-N2_keep-N2_post-prestimulus,product,640,train,1.0,1.0
aggregated_ranked_features_gas-N2_keep-N2_post-prestimulus,product,640,val,0.7711864406779662,0.7711700064641241
aggregated_ranked_features_gas-N2_keep-N2_post-prestimulus,product,640,test,0.8181818181818182,0.8147368421052632
aggregated_ranked_features_gas-N2_keep-N2_post-prestimulus,product,641,train,1.0,1.0
aggregated_ranked_features_gas-N2_keep-N2_post-prestimulus,product,641,val,0.7796610169491526,0.7795977011494253
aggregated_ranked_features_gas-N2_keep-N2_post-prestimulus,product,641,test,0.8409090909090909,0.8388278388278387
aggregated_ranked_features_gas-N2_keep-N2_post-prestimulus,product,642,train,1.0,1.0
aggregated_ranked_features_gas-N2_keep-N2_post-prestimulus,product,642,val,0.7796610169491526,0.7795977011494253
aggregated_ranked_features_gas-N2_keep-N2_post-prestimulus,product,642,test,0.8409090909090909,0.8388278388278387
aggregated_ranked_features_gas-N2_keep-N2_post-prestimulus,product,643,train,1.0,1.0
aggregated_ranked_features_gas-N2_keep-N2_post-prestimulus,product,643,val,0.7796610169491526,0.7795977011494253
aggregated_ranked_features_gas-N2_keep-N2_post-prestimulus,product,643,test,0.8409090909090909,0.8388278388278387
aggregated_ranked_features_gas-N2_keep-N2_post-prestimulus,product,644,train,1.0,1.0
aggregated_ranked_features_gas-N2_keep-N2_post-prestimulus,product,644,val,0.7796610169491526,0.7795977011494253
aggregated_ranked_features_gas-N2_keep-N2_post-prestimulus,product,644,test,0.8409090909090909,0.8388278388278387
aggregated_ranked_features_gas-N2_keep-N2_post-prestimulus,product,645,train,1.0,1.0
aggregated_ranked_features_gas-N2_keep-N2_post-prestimulus,product,645,val,0.7796610169491526,0.7795977011494253
aggregated_ranked_features_gas-N2_keep-N2_post-prestimulus,product,645,test,0.8409090909090909,0.8388278388278387
aggregated_ranked_features_gas-N2_keep-N2_post-prestimulus,product,646,train,1.0,1.0
aggregated_ranked_features_gas-N2_keep-N2_post-prestimulus,product,646,val,0.7796610169491526,0.7796610169491526
aggregated_ranked_features_gas-N2_keep-N2_post-prestimulus,product,646,test,0.8181818181818182,0.8147368421052632
aggregated_ranked_features_gas-N2_keep-N2_post-prestimulus,product,647,train,1.0,1.0
aggregated_ranked_features_gas-N2_keep-N2_post-prestimulus,product,647,val,0.7796610169491526,0.7796610169491526
aggregated_ranked_features_gas-N2_keep-N2_post-prestimulus,product,647,test,0.8181818181818182,0.8147368421052632
aggregated_ranked_features_gas-N2_keep-N2_post-prestimulus,product,648,train,1.0,1.0
aggregated_ranked_features_gas-N2_keep-N2_post-prestimulus,product,648,val,0.7711864406779662,0.7711700064641241
aggregated_ranked_features_gas-N2_keep-N2_post-prestimulus,product,648,test,0.8181818181818182,0.8147368421052632
aggregated_ranked_features_gas-N2_keep-N2_post-prestimulus,product,649,train,1.0,1.0
aggregated_ranked_features_gas-N2_keep-N2_post-prestimulus,product,649,val,0.7627118644067796,0.7626436781609196
aggregated_ranked_features_gas-N2_keep-N2_post-prestimulus,product,649,test,0.8409090909090909,0.8388278388278387
aggregated_ranked_features_gas-N2_keep-N2_post-prestimulus,product,650,train,1.0,1.0
aggregated_ranked_features_gas-N2_keep-N2_post-prestimulus,product,650,val,0.7796610169491526,0.7796610169491526
aggregated_ranked_features_gas-N2_keep-N2_post-prestimulus,product,650,test,0.8181818181818182,0.8147368421052632
aggregated_ranked_features_gas-N2_keep-N2_post-prestimulus,product,651,train,1.0,1.0
aggregated_ranked_features_gas-N2_keep-N2_post-prestimulus,product,651,val,0.7796610169491526,0.7795977011494253
aggregated_ranked_features_gas-N2_keep-N2_post-prestimulus,product,651,test,0.8409090909090909,0.8388278388278387
aggregated_ranked_features_gas-N2_keep-N2_post-prestimulus,product,652,train,1.0,1.0
aggregated_ranked_features_gas-N2_keep-N2_post-prestimulus,product,652,val,0.8220338983050848,0.8220211161387632
aggregated_ranked_features_gas-N2_keep-N2_post-prestimulus,product,652,test,0.8181818181818182,0.8147368421052632
aggregated_ranked_features_gas-N2_keep-N2_post-prestimulus,product,653,train,1.0,1.0
aggregated_ranked_features_gas-N2_keep-N2_post-prestimulus,product,653,val,0.8220338983050848,0.8220211161387632
aggregated_ranked_features_gas-N2_keep-N2_post-prestimulus,product,653,test,0.8181818181818182,0.8147368421052632
aggregated_ranked_features_gas-N2_keep-N2_post-prestimulus,product,654,train,1.0,1.0
aggregated_ranked_features_gas-N2_keep-N2_post-prestimulus,product,654,val,0.7711864406779662,0.7711700064641241
aggregated_ranked_features_gas-N2_keep-N2_post-prestimulus,product,654,test,0.8181818181818182,0.8147368421052632
aggregated_ranked_features_gas-N2_keep-N2_post-prestimulus,product,655,train,1.0,1.0
aggregated_ranked_features_gas-N2_keep-N2_post-prestimulus,product,655,val,0.788135593220339,0.7881203763556704
aggregated_ranked_features_gas-N2_keep-N2_post-prestimulus,product,655,test,0.8181818181818182,0.8147368421052632
aggregated_ranked_features_gas-N2_keep-N2_post-prestimulus,product,656,train,1.0,1.0
aggregated_ranked_features_gas-N2_keep-N2_post-prestimulus,product,656,val,0.788135593220339,0.78799856270212
aggregated_ranked_features_gas-N2_keep-N2_post-prestimulus,product,656,test,0.8181818181818182,0.8147368421052632
aggregated_ranked_features_gas-N2_keep-N2_post-prestimulus,product,657,train,1.0,1.0
aggregated_ranked_features_gas-N2_keep-N2_post-prestimulus,product,657,val,0.7711864406779662,0.7711700064641241
aggregated_ranked_features_gas-N2_keep-N2_post-prestimulus,product,657,test,0.8181818181818182,0.8147368421052632
aggregated_ranked_features_gas-N2_keep-N2_post-prestimulus,product,658,train,1.0,1.0
aggregated_ranked_features_gas-N2_keep-N2_post-prestimulus,product,658,val,0.7711864406779662,0.7711700064641241
aggregated_ranked_features_gas-N2_keep-N2_post-prestimulus,product,658,test,0.8181818181818182,0.8147368421052632
aggregated_ranked_features_gas-N2_keep-N2_post-prestimulus,product,659,train,1.0,1.0
aggregated_ranked_features_gas-N2_keep-N2_post-prestimulus,product,659,val,0.7711864406779662,0.7711700064641241
aggregated_ranked_features_gas-N2_keep-N2_post-prestimulus,product,659,test,0.8181818181818182,0.8147368421052632
aggregated_ranked_features_gas-N2_keep-N2_post-prestimulus,product,660,train,1.0,1.0
aggregated_ranked_features_gas-N2_keep-N2_post-prestimulus,product,660,val,0.7711864406779662,0.7711700064641241
aggregated_ranked_features_gas-N2_keep-N2_post-prestimulus,product,660,test,0.8181818181818182,0.8147368421052632
aggregated_ranked_features_gas-N2_keep-N2_post-prestimulus,product,661,train,1.0,1.0
aggregated_ranked_features_gas-N2_keep-N2_post-prestimulus,product,661,val,0.7796610169491526,0.7796610169491526
aggregated_ranked_features_gas-N2_keep-N2_post-prestimulus,product,661,test,0.7954545454545454,0.7901430842607313
aggregated_ranked_features_gas-N2_keep-N2_post-prestimulus,product,662,train,1.0,1.0
aggregated_ranked_features_gas-N2_keep-N2_post-prestimulus,product,662,val,0.788135593220339,0.78799856270212
aggregated_ranked_features_gas-N2_keep-N2_post-prestimulus,product,662,test,0.7954545454545454,0.7901430842607313
aggregated_ranked_features_gas-N2_keep-N2_post-prestimulus,product,663,train,1.0,1.0
aggregated_ranked_features_gas-N2_keep-N2_post-prestimulus,product,663,val,0.788135593220339,0.7881203763556704
aggregated_ranked_features_gas-N2_keep-N2_post-prestimulus,product,663,test,0.8181818181818182,0.8147368421052632
aggregated_ranked_features_gas-N2_keep-N2_post-prestimulus,product,664,train,1.0,1.0
aggregated_ranked_features_gas-N2_keep-N2_post-prestimulus,product,664,val,0.788135593220339,0.7881203763556704
aggregated_ranked_features_gas-N2_keep-N2_post-prestimulus,product,664,test,0.8181818181818182,0.8147368421052632
aggregated_ranked_features_gas-N2_keep-N2_post-prestimulus,product,665,train,1.0,1.0
aggregated_ranked_features_gas-N2_keep-N2_post-prestimulus,product,665,val,0.7796610169491526,0.7795977011494253
aggregated_ranked_features_gas-N2_keep-N2_post-prestimulus,product,665,test,0.8181818181818182,0.8147368421052632
aggregated_ranked_features_gas-N2_keep-N2_post-prestimulus,product,666,train,1.0,1.0
aggregated_ranked_features_gas-N2_keep-N2_post-prestimulus,product,666,val,0.8050847457627118,0.8050707462472169
aggregated_ranked_features_gas-N2_keep-N2_post-prestimulus,product,666,test,0.8636363636363636,0.8625
aggregated_ranked_features_gas-N2_keep-N2_post-prestimulus,product,667,train,1.0,1.0
aggregated_ranked_features_gas-N2_keep-N2_post-prestimulus,product,667,val,0.788135593220339,0.7881203763556704
aggregated_ranked_features_gas-N2_keep-N2_post-prestimulus,product,667,test,0.8409090909090909,0.8388278388278387
aggregated_ranked_features_gas-N2_keep-N2_post-prestimulus,product,668,train,1.0,1.0
aggregated_ranked_features_gas-N2_keep-N2_post-prestimulus,product,668,val,0.8135593220338984,0.8135057471264368
aggregated_ranked_features_gas-N2_keep-N2_post-prestimulus,product,668,test,0.7954545454545454,0.7901430842607313
aggregated_ranked_features_gas-N2_keep-N2_post-prestimulus,product,669,train,1.0,1.0
aggregated_ranked_features_gas-N2_keep-N2_post-prestimulus,product,669,val,0.8135593220338984,0.8135057471264368
aggregated_ranked_features_gas-N2_keep-N2_post-prestimulus,product,669,test,0.7954545454545454,0.7901430842607313
aggregated_ranked_features_gas-N2_keep-N2_post-prestimulus,product,670,train,1.0,1.0
aggregated_ranked_features_gas-N2_keep-N2_post-prestimulus,product,670,val,0.8135593220338984,0.8135057471264368
aggregated_ranked_features_gas-N2_keep-N2_post-prestimulus,product,670,test,0.7954545454545454,0.7901430842607313
aggregated_ranked_features_gas-N2_keep-N2_post-prestimulus,product,671,train,1.0,1.0
aggregated_ranked_features_gas-N2_keep-N2_post-prestimulus,product,671,val,0.7966101694915254,0.7966101694915254
aggregated_ranked_features_gas-N2_keep-N2_post-prestimulus,product,671,test,0.7954545454545454,0.7901430842607313
aggregated_ranked_features_gas-N2_keep-N2_post-prestimulus,product,672,train,1.0,1.0
aggregated_ranked_features_gas-N2_keep-N2_post-prestimulus,product,672,val,0.7966101694915254,0.7966101694915254
aggregated_ranked_features_gas-N2_keep-N2_post-prestimulus,product,672,test,0.7954545454545454,0.7901430842607313
aggregated_ranked_features_gas-N2_keep-N2_post-prestimulus,product,673,train,1.0,1.0
aggregated_ranked_features_gas-N2_keep-N2_post-prestimulus,product,673,val,0.7966101694915254,0.7966101694915254
aggregated_ranked_features_gas-N2_keep-N2_post-prestimulus,product,673,test,0.7954545454545454,0.7901430842607313
aggregated_ranked_features_gas-N2_keep-N2_post-prestimulus,product,674,train,1.0,1.0
aggregated_ranked_features_gas-N2_keep-N2_post-prestimulus,product,674,val,0.7966101694915254,0.7966101694915254
aggregated_ranked_features_gas-N2_keep-N2_post-prestimulus,product,674,test,0.7954545454545454,0.7901430842607313
aggregated_ranked_features_gas-N2_keep-N2_post-prestimulus,product,675,train,1.0,1.0
aggregated_ranked_features_gas-N2_keep-N2_post-prestimulus,product,675,val,0.788135593220339,0.7881203763556704
aggregated_ranked_features_gas-N2_keep-N2_post-prestimulus,product,675,test,0.8181818181818182,0.8147368421052632
aggregated_ranked_features_gas-N2_keep-N2_post-prestimulus,product,676,train,1.0,1.0
aggregated_ranked_features_gas-N2_keep-N2_post-prestimulus,product,676,val,0.788135593220339,0.7881203763556704
aggregated_ranked_features_gas-N2_keep-N2_post-prestimulus,product,676,test,0.8181818181818182,0.8147368421052632
aggregated_ranked_features_gas-N2_keep-N2_post-prestimulus,product,677,train,1.0,1.0
aggregated_ranked_features_gas-N2_keep-N2_post-prestimulus,product,677,val,0.788135593220339,0.7881203763556704
aggregated_ranked_features_gas-N2_keep-N2_post-prestimulus,product,677,test,0.8181818181818182,0.8147368421052632
aggregated_ranked_features_gas-N2_keep-N2_post-prestimulus,product,678,train,1.0,1.0
aggregated_ranked_features_gas-N2_keep-N2_post-prestimulus,product,678,val,0.788135593220339,0.7881203763556704
aggregated_ranked_features_gas-N2_keep-N2_post-prestimulus,product,678,test,0.8181818181818182,0.8147368421052632
aggregated_ranked_features_gas-N2_keep-N2_post-prestimulus,product,679,train,1.0,1.0
aggregated_ranked_features_gas-N2_keep-N2_post-prestimulus,product,679,val,0.7966101694915254,0.7965517241379311
aggregated_ranked_features_gas-N2_keep-N2_post-prestimulus,product,679,test,0.8181818181818182,0.8147368421052632
aggregated_ranked_features_gas-N2_keep-N2_post-prestimulus,product,680,train,1.0,1.0
aggregated_ranked_features_gas-N2_keep-N2_post-prestimulus,product,680,val,0.7966101694915254,0.7965517241379311
aggregated_ranked_features_gas-N2_keep-N2_post-prestimulus,product,680,test,0.8181818181818182,0.8147368421052632
aggregated_ranked_features_gas-N2_keep-N2_post-prestimulus,product,681,train,1.0,1.0
aggregated_ranked_features_gas-N2_keep-N2_post-prestimulus,product,681,val,0.7966101694915254,0.7965517241379311
aggregated_ranked_features_gas-N2_keep-N2_post-prestimulus,product,681,test,0.8181818181818182,0.8147368421052632
aggregated_ranked_features_gas-N2_keep-N2_post-prestimulus,product,682,train,1.0,1.0
aggregated_ranked_features_gas-N2_keep-N2_post-prestimulus,product,682,val,0.7796610169491526,0.7795977011494253
aggregated_ranked_features_gas-N2_keep-N2_post-prestimulus,product,682,test,0.8181818181818182,0.8147368421052632
aggregated_ranked_features_gas-N2_keep-N2_post-prestimulus,product,683,train,1.0,1.0
aggregated_ranked_features_gas-N2_keep-N2_post-prestimulus,product,683,val,0.7796610169491526,0.7796610169491526
aggregated_ranked_features_gas-N2_keep-N2_post-prestimulus,product,683,test,0.8181818181818182,0.8147368421052632
aggregated_ranked_features_gas-N2_keep-N2_post-prestimulus,product,684,train,1.0,1.0
aggregated_ranked_features_gas-N2_keep-N2_post-prestimulus,product,684,val,0.7966101694915254,0.7966101694915254
aggregated_ranked_features_gas-N2_keep-N2_post-prestimulus,product,684,test,0.8181818181818182,0.8147368421052632
aggregated_ranked_features_gas-N2_keep-N2_post-prestimulus,product,685,train,1.0,1.0
aggregated_ranked_features_gas-N2_keep-N2_post-prestimulus,product,685,val,0.788135593220339,0.7881203763556704
aggregated_ranked_features_gas-N2_keep-N2_post-prestimulus,product,685,test,0.8181818181818182,0.8147368421052632
aggregated_ranked_features_gas-N2_keep-N2_post-prestimulus,product,686,train,1.0,1.0
aggregated_ranked_features_gas-N2_keep-N2_post-prestimulus,product,686,val,0.788135593220339,0.7881203763556704
aggregated_ranked_features_gas-N2_keep-N2_post-prestimulus,product,686,test,0.8181818181818182,0.8147368421052632
aggregated_ranked_features_gas-N2_keep-N2_post-prestimulus,product,687,train,1.0,1.0
aggregated_ranked_features_gas-N2_keep-N2_post-prestimulus,product,687,val,0.7796610169491526,0.7795977011494253
aggregated_ranked_features_gas-N2_keep-N2_post-prestimulus,product,687,test,0.7954545454545454,0.7901430842607313
aggregated_ranked_features_gas-N2_keep-N2_post-prestimulus,product,688,train,1.0,1.0
aggregated_ranked_features_gas-N2_keep-N2_post-prestimulus,product,688,val,0.7796610169491526,0.7795977011494253
aggregated_ranked_features_gas-N2_keep-N2_post-prestimulus,product,688,test,0.7954545454545454,0.7901430842607313
aggregated_ranked_features_gas-N2_keep-N2_post-prestimulus,product,689,train,1.0,1.0
aggregated_ranked_features_gas-N2_keep-N2_post-prestimulus,product,689,val,0.7796610169491526,0.7795977011494253
aggregated_ranked_features_gas-N2_keep-N2_post-prestimulus,product,689,test,0.7954545454545454,0.7901430842607313
aggregated_ranked_features_gas-N2_keep-N2_post-prestimulus,product,690,train,1.0,1.0
aggregated_ranked_features_gas-N2_keep-N2_post-prestimulus,product,690,val,0.7627118644067796,0.7627118644067796
aggregated_ranked_features_gas-N2_keep-N2_post-prestimulus,product,690,test,0.8181818181818182,0.8147368421052632
aggregated_ranked_features_gas-N2_keep-N2_post-prestimulus,product,691,train,1.0,1.0
aggregated_ranked_features_gas-N2_keep-N2_post-prestimulus,product,691,val,0.788135593220339,0.7881203763556704
aggregated_ranked_features_gas-N2_keep-N2_post-prestimulus,product,691,test,0.8181818181818182,0.8147368421052632
aggregated_ranked_features_gas-N2_keep-N2_post-prestimulus,product,692,train,1.0,1.0
aggregated_ranked_features_gas-N2_keep-N2_post-prestimulus,product,692,val,0.7711864406779662,0.7707748758903519
aggregated_ranked_features_gas-N2_keep-N2_post-prestimulus,product,692,test,0.8181818181818182,0.8147368421052632
aggregated_ranked_features_gas-N2_keep-N2_post-prestimulus,product,693,train,1.0,1.0
aggregated_ranked_features_gas-N2_keep-N2_post-prestimulus,product,693,val,0.7711864406779662,0.7707748758903519
aggregated_ranked_features_gas-N2_keep-N2_post-prestimulus,product,693,test,0.8181818181818182,0.8147368421052632
aggregated_ranked_features_gas-N2_keep-N2_post-prestimulus,product,694,train,1.0,1.0
aggregated_ranked_features_gas-N2_keep-N2_post-prestimulus,product,694,val,0.7711864406779662,0.7707748758903519
aggregated_ranked_features_gas-N2_keep-N2_post-prestimulus,product,694,test,0.8181818181818182,0.8147368421052632
aggregated_ranked_features_gas-N2_keep-N2_post-prestimulus,product,695,train,1.0,1.0
aggregated_ranked_features_gas-N2_keep-N2_post-prestimulus,product,695,val,0.7711864406779662,0.7707748758903519
aggregated_ranked_features_gas-N2_keep-N2_post-prestimulus,product,695,test,0.8181818181818182,0.8147368421052632
aggregated_ranked_features_gas-N2_keep-N2_post-prestimulus,product,696,train,1.0,1.0
aggregated_ranked_features_gas-N2_keep-N2_post-prestimulus,product,696,val,0.7711864406779662,0.7707748758903519
aggregated_ranked_features_gas-N2_keep-N2_post-prestimulus,product,696,test,0.8181818181818182,0.8147368421052632
aggregated_ranked_features_gas-N2_keep-N2_post-prestimulus,product,697,train,1.0,1.0
aggregated_ranked_features_gas-N2_keep-N2_post-prestimulus,product,697,val,0.7711864406779662,0.7707748758903519
aggregated_ranked_features_gas-N2_keep-N2_post-prestimulus,product,697,test,0.8181818181818182,0.8147368421052632
aggregated_ranked_features_gas-N2_keep-N2_post-prestimulus,product,698,train,1.0,1.0
aggregated_ranked_features_gas-N2_keep-N2_post-prestimulus,product,698,val,0.7711864406779662,0.7707748758903519
aggregated_ranked_features_gas-N2_keep-N2_post-prestimulus,product,698,test,0.8181818181818182,0.8147368421052632
aggregated_ranked_features_gas-N2_keep-N2_post-prestimulus,product,699,train,1.0,1.0
aggregated_ranked_features_gas-N2_keep-N2_post-prestimulus,product,699,val,0.7966101694915254,0.7965517241379311
aggregated_ranked_features_gas-N2_keep-N2_post-prestimulus,product,699,test,0.7954545454545454,0.7901430842607313
aggregated_ranked_features_gas-N2_keep-N2_post-prestimulus,product,700,train,1.0,1.0
aggregated_ranked_features_gas-N2_keep-N2_post-prestimulus,product,700,val,0.7966101694915254,0.7965517241379311
aggregated_ranked_features_gas-N2_keep-N2_post-prestimulus,product,700,test,0.7954545454545454,0.7901430842607313
aggregated_ranked_features_gas-N2_keep-N2_post-prestimulus,product,701,train,1.0,1.0
aggregated_ranked_features_gas-N2_keep-N2_post-prestimulus,product,701,val,0.7542372881355932,0.7542196365725777
aggregated_ranked_features_gas-N2_keep-N2_post-prestimulus,product,701,test,0.7727272727272727,0.7649572649572649
aggregated_ranked_features_gas-N2_keep-N2_post-prestimulus,product,702,train,1.0,1.0
aggregated_ranked_features_gas-N2_keep-N2_post-prestimulus,product,702,val,0.7627118644067796,0.7626436781609196
aggregated_ranked_features_gas-N2_keep-N2_post-prestimulus,product,702,test,0.7954545454545454,0.7901430842607313
aggregated_ranked_features_gas-N2_keep-N2_post-prestimulus,product,703,train,1.0,1.0
aggregated_ranked_features_gas-N2_keep-N2_post-prestimulus,product,703,val,0.7627118644067796,0.7626436781609196
aggregated_ranked_features_gas-N2_keep-N2_post-prestimulus,product,703,test,0.7954545454545454,0.7901430842607313
aggregated_ranked_features_gas-N2_keep-N2_post-prestimulus,product,704,train,1.0,1.0
aggregated_ranked_features_gas-N2_keep-N2_post-prestimulus,product,704,val,0.7627118644067796,0.7626436781609196
aggregated_ranked_features_gas-N2_keep-N2_post-prestimulus,product,704,test,0.7954545454545454,0.7901430842607313
aggregated_ranked_features_gas-N2_keep-N2_post-prestimulus,product,705,train,1.0,1.0
aggregated_ranked_features_gas-N2_keep-N2_post-prestimulus,product,705,val,0.7627118644067796,0.7626436781609196
aggregated_ranked_features_gas-N2_keep-N2_post-prestimulus,product,705,test,0.7954545454545454,0.7901430842607313
aggregated_ranked_features_gas-N2_keep-N2_post-prestimulus,product,706,train,1.0,1.0
aggregated_ranked_features_gas-N2_keep-N2_post-prestimulus,product,706,val,0.7627118644067796,0.7626436781609196
aggregated_ranked_features_gas-N2_keep-N2_post-prestimulus,product,706,test,0.7954545454545454,0.7901430842607313
aggregated_ranked_features_gas-N2_keep-N2_post-prestimulus,product,707,train,1.0,1.0
aggregated_ranked_features_gas-N2_keep-N2_post-prestimulus,product,707,val,0.7627118644067796,0.7626436781609196
aggregated_ranked_features_gas-N2_keep-N2_post-prestimulus,product,707,test,0.7954545454545454,0.7901430842607313
aggregated_ranked_features_gas-N2_keep-N2_post-prestimulus,product,708,train,1.0,1.0
aggregated_ranked_features_gas-N2_keep-N2_post-prestimulus,product,708,val,0.7627118644067796,0.7626436781609196
aggregated_ranked_features_gas-N2_keep-N2_post-prestimulus,product,708,test,0.7954545454545454,0.7901430842607313
aggregated_ranked_features_gas-N2_keep-N2_post-prestimulus,product,709,train,1.0,1.0
aggregated_ranked_features_gas-N2_keep-N2_post-prestimulus,product,709,val,0.7627118644067796,0.7626436781609196
aggregated_ranked_features_gas-N2_keep-N2_post-prestimulus,product,709,test,0.8181818181818182,0.8147368421052632
aggregated_ranked_features_gas-N2_keep-N2_post-prestimulus,product,710,train,1.0,1.0
aggregated_ranked_features_gas-N2_keep-N2_post-prestimulus,product,710,val,0.7627118644067796,0.7626436781609196
aggregated_ranked_features_gas-N2_keep-N2_post-prestimulus,product,710,test,0.8181818181818182,0.8147368421052632
aggregated_ranked_features_gas-N2_keep-N2_post-prestimulus,product,711,train,1.0,1.0
aggregated_ranked_features_gas-N2_keep-N2_post-prestimulus,product,711,val,0.7627118644067796,0.7626436781609196
aggregated_ranked_features_gas-N2_keep-N2_post-prestimulus,product,711,test,0.8181818181818182,0.8147368421052632
aggregated_ranked_features_gas-N2_keep-N2_post-prestimulus,product,712,train,1.0,1.0
aggregated_ranked_features_gas-N2_keep-N2_post-prestimulus,product,712,val,0.7627118644067796,0.7626436781609196
aggregated_ranked_features_gas-N2_keep-N2_post-prestimulus,product,712,test,0.8181818181818182,0.8147368421052632
aggregated_ranked_features_gas-N2_keep-N2_post-prestimulus,product,713,train,1.0,1.0
aggregated_ranked_features_gas-N2_keep-N2_post-prestimulus,product,713,val,0.7627118644067796,0.7626436781609196
aggregated_ranked_features_gas-N2_keep-N2_post-prestimulus,product,713,test,0.8181818181818182,0.8147368421052632
aggregated_ranked_features_gas-N2_keep-N2_post-prestimulus,product,714,train,1.0,1.0
aggregated_ranked_features_gas-N2_keep-N2_post-prestimulus,product,714,val,0.7627118644067796,0.7626436781609196
aggregated_ranked_features_gas-N2_keep-N2_post-prestimulus,product,714,test,0.8181818181818182,0.8147368421052632
aggregated_ranked_features_gas-N2_keep-N2_post-prestimulus,product,715,train,1.0,1.0
aggregated_ranked_features_gas-N2_keep-N2_post-prestimulus,product,715,val,0.7796610169491526,0.7796610169491526
aggregated_ranked_features_gas-N2_keep-N2_post-prestimulus,product,715,test,0.7954545454545454,0.7901430842607313
aggregated_ranked_features_gas-N2_keep-N2_post-prestimulus,product,716,train,1.0,1.0
aggregated_ranked_features_gas-N2_keep-N2_post-prestimulus,product,716,val,0.7796610169491526,0.7796610169491526
aggregated_ranked_features_gas-N2_keep-N2_post-prestimulus,product,716,test,0.7954545454545454,0.7901430842607313
aggregated_ranked_features_gas-N2_keep-N2_post-prestimulus,product,717,train,1.0,1.0
aggregated_ranked_features_gas-N2_keep-N2_post-prestimulus,product,717,val,0.7796610169491526,0.7796610169491526
aggregated_ranked_features_gas-N2_keep-N2_post-prestimulus,product,717,test,0.7954545454545454,0.7901430842607313
aggregated_ranked_features_gas-N2_keep-N2_post-prestimulus,product,718,train,1.0,1.0
aggregated_ranked_features_gas-N2_keep-N2_post-prestimulus,product,718,val,0.7796610169491526,0.7796610169491526
aggregated_ranked_features_gas-N2_keep-N2_post-prestimulus,product,718,test,0.7954545454545454,0.7901430842607313
aggregated_ranked_features_gas-N2_keep-N2_post-prestimulus,product,719,train,1.0,1.0
aggregated_ranked_features_gas-N2_keep-N2_post-prestimulus,product,719,val,0.7796610169491526,0.7796610169491526
aggregated_ranked_features_gas-N2_keep-N2_post-prestimulus,product,719,test,0.7954545454545454,0.7901430842607313
aggregated_ranked_features_gas-N2_keep-N2_post-prestimulus,product,720,train,1.0,1.0
aggregated_ranked_features_gas-N2_keep-N2_post-prestimulus,product,720,val,0.7796610169491526,0.7796610169491526
aggregated_ranked_features_gas-N2_keep-N2_post-prestimulus,product,720,test,0.7954545454545454,0.7901430842607313
aggregated_ranked_features_gas-N2_keep-N2_post-prestimulus,product,721,train,1.0,1.0
aggregated_ranked_features_gas-N2_keep-N2_post-prestimulus,product,721,val,0.7627118644067796,0.7626436781609196
aggregated_ranked_features_gas-N2_keep-N2_post-prestimulus,product,721,test,0.8181818181818182,0.8147368421052632
aggregated_ranked_features_gas-N2_keep-N2_post-prestimulus,product,722,train,1.0,1.0
aggregated_ranked_features_gas-N2_keep-N2_post-prestimulus,product,722,val,0.7627118644067796,0.7626436781609196
aggregated_ranked_features_gas-N2_keep-N2_post-prestimulus,product,722,test,0.8181818181818182,0.8147368421052632
aggregated_ranked_features_gas-N2_keep-N2_post-prestimulus,product,723,train,1.0,1.0
aggregated_ranked_features_gas-N2_keep-N2_post-prestimulus,product,723,val,0.7457627118644068,0.7456896551724138
aggregated_ranked_features_gas-N2_keep-N2_post-prestimulus,product,723,test,0.8181818181818182,0.8147368421052632
aggregated_ranked_features_gas-N2_keep-N2_post-prestimulus,product,724,train,1.0,1.0
aggregated_ranked_features_gas-N2_keep-N2_post-prestimulus,product,724,val,0.7457627118644068,0.7456896551724138
aggregated_ranked_features_gas-N2_keep-N2_post-prestimulus,product,724,test,0.8181818181818182,0.8147368421052632
aggregated_ranked_features_gas-N2_keep-N2_post-prestimulus,product,725,train,1.0,1.0
aggregated_ranked_features_gas-N2_keep-N2_post-prestimulus,product,725,val,0.7627118644067796,0.7624388840954845
aggregated_ranked_features_gas-N2_keep-N2_post-prestimulus,product,725,test,0.7954545454545454,0.7901430842607313
aggregated_ranked_features_gas-N2_keep-N2_post-prestimulus,product,726,train,1.0,1.0
aggregated_ranked_features_gas-N2_keep-N2_post-prestimulus,product,726,val,0.7627118644067796,0.7624388840954845
aggregated_ranked_features_gas-N2_keep-N2_post-prestimulus,product,726,test,0.7954545454545454,0.7901430842607313
aggregated_ranked_features_gas-N2_keep-N2_post-prestimulus,product,727,train,1.0,1.0
aggregated_ranked_features_gas-N2_keep-N2_post-prestimulus,product,727,val,0.8050847457627118,0.8049586776859504
aggregated_ranked_features_gas-N2_keep-N2_post-prestimulus,product,727,test,0.8181818181818182,0.8147368421052632
aggregated_ranked_features_gas-N2_keep-N2_post-prestimulus,product,728,train,1.0,1.0
aggregated_ranked_features_gas-N2_keep-N2_post-prestimulus,product,728,val,0.8050847457627118,0.8049586776859504
aggregated_ranked_features_gas-N2_keep-N2_post-prestimulus,product,728,test,0.8181818181818182,0.8147368421052632
aggregated_ranked_features_gas-N2_keep-N2_post-prestimulus,product,729,train,1.0,1.0
aggregated_ranked_features_gas-N2_keep-N2_post-prestimulus,product,729,val,0.8050847457627118,0.8049586776859504
aggregated_ranked_features_gas-N2_keep-N2_post-prestimulus,product,729,test,0.8181818181818182,0.8147368421052632
aggregated_ranked_features_gas-N2_keep-N2_post-prestimulus,product,730,train,1.0,1.0
aggregated_ranked_features_gas-N2_keep-N2_post-prestimulus,product,730,val,0.8050847457627118,0.8049586776859504
aggregated_ranked_features_gas-N2_keep-N2_post-prestimulus,product,730,test,0.8181818181818182,0.8147368421052632
aggregated_ranked_features_gas-N2_keep-N2_post-prestimulus,product,731,train,1.0,1.0
aggregated_ranked_features_gas-N2_keep-N2_post-prestimulus,product,731,val,0.7627118644067796,0.7627118644067796
aggregated_ranked_features_gas-N2_keep-N2_post-prestimulus,product,731,test,0.8409090909090909,0.8388278388278387
aggregated_ranked_features_gas-N2_keep-N2_post-prestimulus,product,732,train,1.0,1.0
aggregated_ranked_features_gas-N2_keep-N2_post-prestimulus,product,732,val,0.7627118644067796,0.7627118644067796
aggregated_ranked_features_gas-N2_keep-N2_post-prestimulus,product,732,test,0.8409090909090909,0.8388278388278387
aggregated_ranked_features_gas-N2_keep-N2_post-prestimulus,product,733,train,1.0,1.0
aggregated_ranked_features_gas-N2_keep-N2_post-prestimulus,product,733,val,0.7627118644067796,0.7627118644067796
aggregated_ranked_features_gas-N2_keep-N2_post-prestimulus,product,733,test,0.8409090909090909,0.8388278388278387
aggregated_ranked_features_gas-N2_keep-N2_post-prestimulus,product,734,train,1.0,1.0
aggregated_ranked_features_gas-N2_keep-N2_post-prestimulus,product,734,val,0.7796610169491526,0.7794075352315214
aggregated_ranked_features_gas-N2_keep-N2_post-prestimulus,product,734,test,0.7954545454545454,0.7901430842607313
aggregated_ranked_features_gas-N2_keep-N2_post-prestimulus,product,735,train,1.0,1.0
aggregated_ranked_features_gas-N2_keep-N2_post-prestimulus,product,735,val,0.7796610169491526,0.7794075352315214
aggregated_ranked_features_gas-N2_keep-N2_post-prestimulus,product,735,test,0.7954545454545454,0.7901430842607313
aggregated_ranked_features_gas-N2_keep-N2_post-prestimulus,product,736,train,1.0,1.0
aggregated_ranked_features_gas-N2_keep-N2_post-prestimulus,product,736,val,0.7796610169491526,0.7794075352315214
aggregated_ranked_features_gas-N2_keep-N2_post-prestimulus,product,736,test,0.7954545454545454,0.7901430842607313
aggregated_ranked_features_gas-N2_keep-N2_post-prestimulus,product,737,train,1.0,1.0
aggregated_ranked_features_gas-N2_keep-N2_post-prestimulus,product,737,val,0.7796610169491526,0.7794075352315214
aggregated_ranked_features_gas-N2_keep-N2_post-prestimulus,product,737,test,0.7954545454545454,0.7901430842607313
aggregated_ranked_features_gas-N2_keep-N2_post-prestimulus,product,738,train,1.0,1.0
aggregated_ranked_features_gas-N2_keep-N2_post-prestimulus,product,738,val,0.7796610169491526,0.7794075352315214
aggregated_ranked_features_gas-N2_keep-N2_post-prestimulus,product,738,test,0.7954545454545454,0.7901430842607313
aggregated_ranked_features_gas-N2_keep-N2_post-prestimulus,product,739,train,1.0,1.0
aggregated_ranked_features_gas-N2_keep-N2_post-prestimulus,product,739,val,0.7796610169491526,0.7794075352315214
aggregated_ranked_features_gas-N2_keep-N2_post-prestimulus,product,739,test,0.7954545454545454,0.7901430842607313
aggregated_ranked_features_gas-N2_keep-N2_post-prestimulus,product,740,train,1.0,1.0
aggregated_ranked_features_gas-N2_keep-N2_post-prestimulus,product,740,val,0.7796610169491526,0.7796610169491526
aggregated_ranked_features_gas-N2_keep-N2_post-prestimulus,product,740,test,0.7954545454545454,0.7901430842607313
aggregated_ranked_features_gas-N2_keep-N2_post-prestimulus,product,741,train,1.0,1.0
aggregated_ranked_features_gas-N2_keep-N2_post-prestimulus,product,741,val,0.7796610169491526,0.7796610169491526
aggregated_ranked_features_gas-N2_keep-N2_post-prestimulus,product,741,test,0.7954545454545454,0.7901430842607313
aggregated_ranked_features_gas-N2_keep-N2_post-prestimulus,product,742,train,1.0,1.0
aggregated_ranked_features_gas-N2_keep-N2_post-prestimulus,product,742,val,0.8050847457627118,0.8050707462472169
aggregated_ranked_features_gas-N2_keep-N2_post-prestimulus,product,742,test,0.8181818181818182,0.8147368421052632
aggregated_ranked_features_gas-N2_keep-N2_post-prestimulus,product,743,train,1.0,1.0
aggregated_ranked_features_gas-N2_keep-N2_post-prestimulus,product,743,val,0.8050847457627118,0.8050707462472169
aggregated_ranked_features_gas-N2_keep-N2_post-prestimulus,product,743,test,0.8181818181818182,0.8147368421052632
aggregated_ranked_features_gas-N2_keep-N2_post-prestimulus,product,744,train,1.0,1.0
aggregated_ranked_features_gas-N2_keep-N2_post-prestimulus,product,744,val,0.8050847457627118,0.8050707462472169
aggregated_ranked_features_gas-N2_keep-N2_post-prestimulus,product,744,test,0.8181818181818182,0.8147368421052632
aggregated_ranked_features_gas-N2_keep-N2_post-prestimulus,product,745,train,1.0,1.0
aggregated_ranked_features_gas-N2_keep-N2_post-prestimulus,product,745,val,0.8050847457627118,0.8050707462472169
aggregated_ranked_features_gas-N2_keep-N2_post-prestimulus,product,745,test,0.8181818181818182,0.8147368421052632
aggregated_ranked_features_gas-N2_keep-N2_post-prestimulus,product,746,train,1.0,1.0
aggregated_ranked_features_gas-N2_keep-N2_post-prestimulus,product,746,val,0.7966101694915254,0.7966101694915254
aggregated_ranked_features_gas-N2_keep-N2_post-prestimulus,product,746,test,0.7954545454545454,0.7901430842607313
aggregated_ranked_features_gas-N2_keep-N2_post-prestimulus,product,747,train,1.0,1.0
aggregated_ranked_features_gas-N2_keep-N2_post-prestimulus,product,747,val,0.7966101694915254,0.7966101694915254
aggregated_ranked_features_gas-N2_keep-N2_post-prestimulus,product,747,test,0.7954545454545454,0.7901430842607313
aggregated_ranked_features_gas-N2_keep-N2_post-prestimulus,product,748,train,1.0,1.0
aggregated_ranked_features_gas-N2_keep-N2_post-prestimulus,product,748,val,0.7966101694915254,0.7966101694915254
aggregated_ranked_features_gas-N2_keep-N2_post-prestimulus,product,748,test,0.7954545454545454,0.7901430842607313
aggregated_ranked_features_gas-N2_keep-N2_post-prestimulus,product,749,train,1.0,1.0
aggregated_ranked_features_gas-N2_keep-N2_post-prestimulus,product,749,val,0.7966101694915254,0.7966101694915254
aggregated_ranked_features_gas-N2_keep-N2_post-prestimulus,product,749,test,0.7954545454545454,0.7901430842607313
aggregated_ranked_features_gas-N2_keep-N2_post-prestimulus,product,750,train,1.0,1.0
aggregated_ranked_features_gas-N2_keep-N2_post-prestimulus,product,750,val,0.7966101694915254,0.7966101694915254
aggregated_ranked_features_gas-N2_keep-N2_post-prestimulus,product,750,test,0.7954545454545454,0.7901430842607313
aggregated_ranked_features_gas-N2_keep-N2_post-prestimulus,product,751,train,1.0,1.0
aggregated_ranked_features_gas-N2_keep-N2_post-prestimulus,product,751,val,0.7966101694915254,0.7966101694915254
aggregated_ranked_features_gas-N2_keep-N2_post-prestimulus,product,751,test,0.7954545454545454,0.7901430842607313
aggregated_ranked_features_gas-N2_keep-N2_post-prestimulus,product,752,train,1.0,1.0
aggregated_ranked_features_gas-N2_keep-N2_post-prestimulus,product,752,val,0.7966101694915254,0.7966101694915254
aggregated_ranked_features_gas-N2_keep-N2_post-prestimulus,product,752,test,0.7954545454545454,0.7901430842607313
aggregated_ranked_features_gas-N2_keep-N2_post-prestimulus,product,753,train,1.0,1.0
aggregated_ranked_features_gas-N2_keep-N2_post-prestimulus,product,753,val,0.7966101694915254,0.7966101694915254
aggregated_ranked_features_gas-N2_keep-N2_post-prestimulus,product,753,test,0.7954545454545454,0.7901430842607313
aggregated_ranked_features_gas-N2_keep-N2_post-prestimulus,product,754,train,1.0,1.0
aggregated_ranked_features_gas-N2_keep-N2_post-prestimulus,product,754,val,0.7966101694915254,0.7966101694915254
aggregated_ranked_features_gas-N2_keep-N2_post-prestimulus,product,754,test,0.7954545454545454,0.7901430842607313
aggregated_ranked_features_gas-N2_keep-N2_post-prestimulus,product,755,train,1.0,1.0
aggregated_ranked_features_gas-N2_keep-N2_post-prestimulus,product,755,val,0.7966101694915254,0.7966101694915254
aggregated_ranked_features_gas-N2_keep-N2_post-prestimulus,product,755,test,0.7954545454545454,0.7901430842607313
aggregated_ranked_features_gas-N2_keep-N2_post-prestimulus,product,756,train,1.0,1.0
aggregated_ranked_features_gas-N2_keep-N2_post-prestimulus,product,756,val,0.7966101694915254,0.7966101694915254
aggregated_ranked_features_gas-N2_keep-N2_post-prestimulus,product,756,test,0.7954545454545454,0.7901430842607313
aggregated_ranked_features_gas-N2_keep-N2_post-prestimulus,product,757,train,1.0,1.0
aggregated_ranked_features_gas-N2_keep-N2_post-prestimulus,product,757,val,0.7966101694915254,0.7966101694915254
aggregated_ranked_features_gas-N2_keep-N2_post-prestimulus,product,757,test,0.7954545454545454,0.7901430842607313
aggregated_ranked_features_gas-N2_keep-N2_post-prestimulus,product,758,train,1.0,1.0
aggregated_ranked_features_gas-N2_keep-N2_post-prestimulus,product,758,val,0.7966101694915254,0.7966101694915254
aggregated_ranked_features_gas-N2_keep-N2_post-prestimulus,product,758,test,0.7954545454545454,0.7901430842607313
aggregated_ranked_features_gas-N2_keep-N2_post-prestimulus,product,759,train,1.0,1.0
aggregated_ranked_features_gas-N2_keep-N2_post-prestimulus,product,759,val,0.7966101694915254,0.7966101694915254
aggregated_ranked_features_gas-N2_keep-N2_post-prestimulus,product,759,test,0.7954545454545454,0.7901430842607313
aggregated_ranked_features_gas-N2_keep-N2_post-prestimulus,product,760,train,1.0,1.0
aggregated_ranked_features_gas-N2_keep-N2_post-prestimulus,product,760,val,0.7966101694915254,0.7966101694915254
aggregated_ranked_features_gas-N2_keep-N2_post-prestimulus,product,760,test,0.7954545454545454,0.7901430842607313
aggregated_ranked_features_gas-N2_keep-N2_post-prestimulus,product,761,train,1.0,1.0
aggregated_ranked_features_gas-N2_keep-N2_post-prestimulus,product,761,val,0.7966101694915254,0.7966101694915254
aggregated_ranked_features_gas-N2_keep-N2_post-prestimulus,product,761,test,0.7954545454545454,0.7901430842607313
aggregated_ranked_features_gas-N2_keep-N2_post-prestimulus,product,762,train,1.0,1.0
aggregated_ranked_features_gas-N2_keep-N2_post-prestimulus,product,762,val,0.7966101694915254,0.7966101694915254
aggregated_ranked_features_gas-N2_keep-N2_post-prestimulus,product,762,test,0.7954545454545454,0.7901430842607313
aggregated_ranked_features_gas-N2_keep-N2_post-prestimulus,product,763,train,1.0,1.0
aggregated_ranked_features_gas-N2_keep-N2_post-prestimulus,product,763,val,0.7966101694915254,0.7966101694915254
aggregated_ranked_features_gas-N2_keep-N2_post-prestimulus,product,763,test,0.7954545454545454,0.7901430842607313
aggregated_ranked_features_gas-N2_keep-N2_post-prestimulus,product,764,train,1.0,1.0
aggregated_ranked_features_gas-N2_keep-N2_post-prestimulus,product,764,val,0.7966101694915254,0.7966101694915254
aggregated_ranked_features_gas-N2_keep-N2_post-prestimulus,product,764,test,0.7954545454545454,0.7901430842607313
aggregated_ranked_features_gas-N2_keep-N2_post-prestimulus,product,765,train,1.0,1.0
aggregated_ranked_features_gas-N2_keep-N2_post-prestimulus,product,765,val,0.8050847457627118,0.8049586776859504
aggregated_ranked_features_gas-N2_keep-N2_post-prestimulus,product,765,test,0.8181818181818182,0.8147368421052632
aggregated_ranked_features_gas-N2_keep-N2_post-prestimulus,product,766,train,1.0,1.0
aggregated_ranked_features_gas-N2_keep-N2_post-prestimulus,product,766,val,0.8050847457627118,0.8049586776859504
aggregated_ranked_features_gas-N2_keep-N2_post-prestimulus,product,766,test,0.8181818181818182,0.8147368421052632
aggregated_ranked_features_gas-N2_keep-N2_post-prestimulus,product,767,train,1.0,1.0
aggregated_ranked_features_gas-N2_keep-N2_post-prestimulus,product,767,val,0.8050847457627118,0.8049586776859504
aggregated_ranked_features_gas-N2_keep-N2_post-prestimulus,product,767,test,0.8181818181818182,0.8147368421052632
aggregated_ranked_features_gas-N2_keep-N2_post-prestimulus,product,768,train,1.0,1.0
aggregated_ranked_features_gas-N2_keep-N2_post-prestimulus,product,768,val,0.8050847457627118,0.8049586776859504
aggregated_ranked_features_gas-N2_keep-N2_post-prestimulus,product,768,test,0.8181818181818182,0.8147368421052632
aggregated_ranked_features_gas-N2_keep-N2_post-prestimulus,product,769,train,1.0,1.0
aggregated_ranked_features_gas-N2_keep-N2_post-prestimulus,product,769,val,0.8050847457627118,0.8049586776859504
aggregated_ranked_features_gas-N2_keep-N2_post-prestimulus,product,769,test,0.8181818181818182,0.8147368421052632
aggregated_ranked_features_gas-N2_keep-N2_post-prestimulus,product,770,train,1.0,1.0
aggregated_ranked_features_gas-N2_keep-N2_post-prestimulus,product,770,val,0.7796610169491526,0.7795977011494253
aggregated_ranked_features_gas-N2_keep-N2_post-prestimulus,product,770,test,0.7954545454545454,0.7901430842607313
aggregated_ranked_features_gas-N2_keep-N2_post-prestimulus,product,771,train,1.0,1.0
aggregated_ranked_features_gas-N2_keep-N2_post-prestimulus,product,771,val,0.7542372881355932,0.7540783327344592
aggregated_ranked_features_gas-N2_keep-N2_post-prestimulus,product,771,test,0.8181818181818182,0.8147368421052632
aggregated_ranked_features_gas-N2_keep-N2_post-prestimulus,product,772,train,1.0,1.0
aggregated_ranked_features_gas-N2_keep-N2_post-prestimulus,product,772,val,0.7796610169491526,0.7794075352315214
aggregated_ranked_features_gas-N2_keep-N2_post-prestimulus,product,772,test,0.8181818181818182,0.8147368421052632
aggregated_ranked_features_gas-N2_keep-N2_post-prestimulus,product,773,train,1.0,1.0
aggregated_ranked_features_gas-N2_keep-N2_post-prestimulus,product,773,val,0.7796610169491526,0.7794075352315214
aggregated_ranked_features_gas-N2_keep-N2_post-prestimulus,product,773,test,0.8181818181818182,0.8147368421052632
aggregated_ranked_features_gas-N2_keep-N2_post-prestimulus,product,774,train,1.0,1.0
aggregated_ranked_features_gas-N2_keep-N2_post-prestimulus,product,774,val,0.7966101694915254,0.7965517241379311
aggregated_ranked_features_gas-N2_keep-N2_post-prestimulus,product,774,test,0.8181818181818182,0.8147368421052632
aggregated_ranked_features_gas-N2_keep-N2_post-prestimulus,product,775,train,1.0,1.0
aggregated_ranked_features_gas-N2_keep-N2_post-prestimulus,product,775,val,0.7966101694915254,0.7966101694915254
aggregated_ranked_features_gas-N2_keep-N2_post-prestimulus,product,775,test,0.8409090909090909,0.8388278388278387
aggregated_ranked_features_gas-N2_keep-N2_post-prestimulus,product,776,train,1.0,1.0
aggregated_ranked_features_gas-N2_keep-N2_post-prestimulus,product,776,val,0.7796610169491526,0.7796610169491526
aggregated_ranked_features_gas-N2_keep-N2_post-prestimulus,product,776,test,0.7954545454545454,0.7901430842607313
aggregated_ranked_features_gas-N2_keep-N2_post-prestimulus,product,777,train,1.0,1.0
aggregated_ranked_features_gas-N2_keep-N2_post-prestimulus,product,777,val,0.7796610169491526,0.7796610169491526
aggregated_ranked_features_gas-N2_keep-N2_post-prestimulus,product,777,test,0.7954545454545454,0.7901430842607313
aggregated_ranked_features_gas-N2_keep-N2_post-prestimulus,product,778,train,1.0,1.0
aggregated_ranked_features_gas-N2_keep-N2_post-prestimulus,product,778,val,0.788135593220339,0.7881203763556704
aggregated_ranked_features_gas-N2_keep-N2_post-prestimulus,product,778,test,0.7954545454545454,0.7901430842607313
aggregated_ranked_features_gas-N2_keep-N2_post-prestimulus,product,779,train,1.0,1.0
aggregated_ranked_features_gas-N2_keep-N2_post-prestimulus,product,779,val,0.8050847457627118,0.8049586776859504
aggregated_ranked_features_gas-N2_keep-N2_post-prestimulus,product,779,test,0.7954545454545454,0.7901430842607313
aggregated_ranked_features_gas-N2_keep-N2_post-prestimulus,product,780,train,1.0,1.0
aggregated_ranked_features_gas-N2_keep-N2_post-prestimulus,product,780,val,0.8220338983050848,0.8219187926697809
aggregated_ranked_features_gas-N2_keep-N2_post-prestimulus,product,780,test,0.8181818181818182,0.8147368421052632
aggregated_ranked_features_gas-N2_keep-N2_post-prestimulus,product,781,train,1.0,1.0
aggregated_ranked_features_gas-N2_keep-N2_post-prestimulus,product,781,val,0.8050847457627118,0.8049586776859504
aggregated_ranked_features_gas-N2_keep-N2_post-prestimulus,product,781,test,0.8409090909090909,0.8388278388278387
aggregated_ranked_features_gas-N2_keep-N2_post-prestimulus,product,782,train,1.0,1.0
aggregated_ranked_features_gas-N2_keep-N2_post-prestimulus,product,782,val,0.8050847457627118,0.8050707462472169
aggregated_ranked_features_gas-N2_keep-N2_post-prestimulus,product,782,test,0.8181818181818182,0.8147368421052632
aggregated_ranked_features_gas-N2_keep-N2_post-prestimulus,all_features,782,train,1.0,1.0
aggregated_ranked_features_gas-N2_keep-N2_post-prestimulus,all_features,782,val,0.8050847457627118,0.8050707462472169
aggregated_ranked_features_gas-N2_keep-N2_post-prestimulus,all_features,782,test,0.7954545454545454,0.7901430842607313
